planet_name,host_name,disc_method,disc_year,pl_orbper_days,pl_rad_rearth,pl_mass_mearth,st_teff_k,st_rad_rsun,st_mass_msun,pl_mass_mjup,pl_rad_rjup,habitable_zone_flag,esi,has_mass,has_radius,has_stellar_data
11 Com b,11 Com,radial velocity,2007,323.21,12.2,,4874.0,13.76,2.09,,1.0884110982246409,inner,,False,True,True
11 UMi b,11 UMi,radial velocity,2009,516.21997,12.3,,4213.0,29.79,2.78,,1.0973325006691053,inner,,False,True,True
14 And b,14 And,radial velocity,2008,186.76,13.1,,4888.0,11.55,1.78,,1.1687037202248194,inner,,False,True,True
14 Her b,14 Her,radial velocity,2002,1765.0389,12.6,2559.472161571,5338.0,0.93,0.91,8.053010312404824,1.124096708002498,outer,0.0,True,True,True
16 Cyg B b,16 Cyg B,radial velocity,1996,798.5,13.5,,5750.0,1.13,1.08,,1.2043893300026765,habitable,,False,True,True
17 Sco b,17 Sco,radial velocity,2020,578.38,12.9,,4157.0,25.92,1.22,,1.1508609153358909,inner,,False,True,True
18 Del b,18 Del,radial velocity,2008,982.85,12.5,,4980.0,8.8,2.1,,1.1151753055580338,inner,,False,True,True
1RXS J160929.1-210524 b,1RXS J160929.1-210524,imaging,2008,,18.647,3000.0,4060.0,1.31316,0.85,9.439067671822496,1.6635739138192522,unknown,0.0,True,True,True
24 Boo b,24 Boo,radial velocity,2018,30.33,13.9,,4816.0,12.19,1.05,,1.2400749397805335,inner,,False,True,True
24 Sex b,24 Sex,radial velocity,2010,452.8,13.4,,5098.0,4.9,1.54,,1.1954679275582123,inner,,False,True,True
24 Sex c,24 Sex,radial velocity,2010,883.0,13.9,,5098.0,4.9,1.54,,1.2400749397805335,inner,,False,True,True
2M0437 b,2MASS J04372171+2651014,imaging,2021,,13.0,1271.313628,3100.0,0.84,0.17,4.000005122267391,1.159782317780355,unknown,0.0,True,True,True
2MASS J01033563-5515561 AB b,2MASS J01033563-5515561 A,imaging,2013,,12.3,4131.79,,,0.19,13.000081805253156,1.0973325006691053,unknown,0.0,True,True,False
2MASS J01225093-2439505 b,2MASS J01225093-2439505,imaging,2013,,11.209,7786.5,3530.0,0.36645,0.4,24.499100142215287,1.0,unknown,0.0,True,True,True
2MASS J02192210-3925225 b,2MASS J02192210-3925225,imaging,2015,,16.14096,4417.837,3064.0,0.281,0.108,13.900087468693762,1.44,unknown,0.0,True,True,True
2MASS J0249-0557 c,2MASS J0249-0557 A,imaging,2018,,12.4,3686.8095212,2859.0,0.315959,0.046,11.60001485457543,1.1062539031135694,unknown,0.0,True,True,True
2MASS J03590986+2009361 b,2MASS J03590986+2009361,imaging,2024,,12.2,5720.911326,2943.0,0.289776,0.264996,18.000023050203257,1.0884110982246409,unknown,0.0,True,True,True
2MASS J04414489+2301513 b,2MASS J04414489+2301513,imaging,2010,,12.6,2383.6,2936.0,0.231916,0.019,7.499653900852033,1.124096708002498,unknown,0.0,True,True,True
2MASS J11011926-7732383 b,2MASS J11011926-7732383,imaging,2024,,11.9,8899.195396,,,,28.00003585587173,1.0616468908912482,unknown,0.0,True,True,False
2MASS J11550485-7919108 b,2MASS J11550485-7919108,imaging,2024,,12.1,6356.56814,3021.0,0.600455,0.58846,20.00002561133695,1.0794896957801767,unknown,0.0,True,True,True
2MASS J12073346-3932539 b,2MASS J12073346-3932539,imaging,2004,,12.9,1589.15,2825.0,0.21887,0.024,5.000031463558907,1.1508609153358909,unknown,0.0,True,True,True
2MASS J19383260+4603591 b,2MASS J19383260+4603591,eclipse timing variations,2015,406.0,13.4,603.877,29564.0,0.203,0.48,1.9000119561523843,1.1954679275582123,outer,0.0,True,True,True
2MASS J21252752-8138278 b,2MASS J21252752-8138278,imaging,2024,,12.4,3813.940884,3592.0,0.672832,0.643977,12.00001536680217,1.1062539031135694,unknown,0.0,True,True,True
2MASS J22362452+4751425 b,2MASS J22362452+4751425,imaging,2016,,12.3,3972.875,4045.0,0.641152,0.6,12.500078658897266,1.0973325006691053,unknown,0.0,True,True,True
30 Ari B b,30 Ari B,radial velocity,2009,335.10001,12.3,,6331.0,1.41,1.93,,1.0973325006691053,inner,,False,True,True
4 UMa b,4 UMa,radial velocity,2006,270.27,12.6,,4415.0,18.11,1.234,,1.124096708002498,inner,,False,True,True
47 UMa b,47 UMa,radial velocity,1996,1078.0,13.2,,5872.0,1.21334,1.06,,1.1776251226692835,outer,,False,True,True
47 UMa c,47 UMa,radial velocity,2001,2391.0,14.2,,5872.0,1.21334,1.06,,1.2668391471139262,outer,,False,True,True
47 UMa d,47 UMa,radial velocity,2009,14002.0,13.5,,5872.0,1.21334,1.06,,1.2043893300026765,outer,,False,True,True
51 Eri b,51 Eri,imaging,2015,11688.0,13.4,635.66,7295.0,1.48726,1.75,2.0000125854235624,1.1954679275582123,outer,0.0,True,True,True
51 Peg b,51 Peg,radial velocity,1995,4.230785,14.3,146.2018,5758.0,1.17561,1.03,0.4600028946474194,1.2757605495583906,inner,0.0,True,True,True
55 Cnc b,55 Cnc,radial velocity,1996,14.6516,13.9,263.9785,5172.0,0.943,0.905,0.8305703084687316,1.2400749397805335,inner,0.0,True,True,True
55 Cnc c,55 Cnc,radial velocity,2004,44.3989,8.51,54.4738,5172.0,0.943,0.905,0.17139396151377476,0.7592113480239093,inner,0.0,True,True,True
55 Cnc d,55 Cnc,radial velocity,2002,5574.2,13.0,1232.493,5172.0,0.943,0.905,3.8778616106825075,1.159782317780355,outer,0.0,True,True,True
55 Cnc e,55 Cnc,radial velocity,2004,0.7365474,1.875,7.99,5172.0,0.943,0.905,0.025139383565953913,0.16727629583370507,inner,0.0,True,True,True
55 Cnc f,55 Cnc,radial velocity,2007,259.88,7.59,44.812,5172.0,0.943,0.905,0.14099450016990323,0.677134445534838,habitable,0.0,True,True,True
6 Lyn b,6 Lyn,radial velocity,2008,919.86,13.4,,4941.0,4.94,1.32,,1.1954679275582123,inner,,False,True,True
61 Vir b,61 Vir,radial velocity,2009,4.215,2.11,,5577.0,0.963,0.942,,0.1882415915781961,inner,,False,True,True
61 Vir c,61 Vir,radial velocity,2009,38.021,4.46,,5577.0,0.963,0.942,,0.39789454902310645,inner,,False,True,True
61 Vir d,61 Vir,radial velocity,2009,123.01,5.11,,5577.0,0.963,0.942,,0.45588366491212423,inner,,False,True,True
7 CMa b,7 CMa,radial velocity,2011,735.1,13.4,,4826.0,4.87,1.34,,1.1954679275582123,inner,,False,True,True
7 CMa c,7 CMa,radial velocity,2019,996.0,13.9,,4826.0,4.87,1.34,,1.2400749397805335,inner,,False,True,True
70 Vir b,70 Vir,radial velocity,1996,116.688,12.6,2380.45,5495.0,1.89,1.09,7.489742879796619,1.124096708002498,inner,0.0,True,True,True
75 Cet b,75 Cet,radial velocity,2012,696.62,13.3,,4809.0,10.38,1.92,,1.186546525113748,inner,,False,True,True
75 Cet c,75 Cet,radial velocity,2023,2051.62,13.9,,4809.0,10.38,1.92,,1.2400749397805335,inner,,False,True,True
8 UMi b,8 UMi,radial velocity,2015,93.4,13.6,,4847.0,10.3,1.44,,1.2133107324471406,inner,,False,True,True
81 Cet b,81 Cet,radial velocity,2008,1005.57,13.1,,4734.0,11.21,1.23,,1.1687037202248194,inner,,False,True,True
91 Aqr b,91 Aqr,radial velocity,2013,181.4,13.1,,4665.0,11.0,1.4,,1.1687037202248194,inner,,False,True,True
AB Aur b,AB Aur,imaging,2022,,12.5,2860.455663,9770.0,2.95887,2.4,9.000011525101629,1.1151753055580338,unknown,0.0,True,True,True
AB Pic b,AB Pic,imaging,2005,,12.3,4290.5,5285.0,0.999394,0.9,13.499439948651473,1.0973325006691053,unknown,0.0,True,True,True
AF Lep b,AF Lep,imaging,2023,8030.0,13.1,1017.0509024,6130.0,1.25,1.2,3.2000040978139124,1.1687037202248194,outer,0.0,True,True,True
AT2021ueyL b,AT2021ueyL,microlensing,2025,4168.69,13.6,425.89006538,3680.0,,0.49,1.3400017159595758,1.2133107324471406,unknown,0.0,True,True,False
AU Mic b,AU Mic,transit,2020,8.46308,3.95677019,20.12,3678.0,0.744,0.51,0.06330468051902288,0.3529993924524935,inner,0.0,True,True,True
AU Mic c,AU Mic,transit,2021,18.85969,2.52202066,9.6,3678.0,0.744,0.51,0.030205016549831987,0.2249996128111339,inner,0.0,True,True,True
AU Mic d,AU Mic,transit timing variations,2023,12.73596,1.02,1.053,3678.0,0.744,0.51,0.0033131127528096957,0.09099830493353556,inner,0.9599437894952606,True,True,True
BD+03 2562 b,BD+03 2562,radial velocity,2017,481.9,12.7,,4095.0,32.35,1.14,,1.1330181104469623,inner,,False,True,True
BD+05 4868 A b,BD+05 4868 A,transit,2025,1.271869,,6.2,4596.0,0.69,0.7,0.019507406521766493,,inner,,True,False,True
BD+14 4559 b,BD+14 4559,radial velocity,2009,268.94,13.8,,4864.0,0.86,0.49,,1.2311535373360694,outer,,False,True,True
BD+15 2375 b,BD+15 2375,radial velocity,2016,153.22,13.8,,4649.0,8.95,1.08,,1.2311535373360694,inner,,False,True,True
BD+15 2940 b,BD+15 2940,radial velocity,2013,137.48,13.7,,4796.0,14.7,1.1,,1.222232134891605,inner,,False,True,True
BD+20 2457 b,BD+20 2457,radial velocity,2009,379.63,12.1,,4137.0,49.0,2.8,,1.0794896957801767,inner,,False,True,True
BD+20 2457 c,BD+20 2457,radial velocity,2009,621.99,12.4,,4137.0,49.0,2.8,,1.1062539031135694,inner,,False,True,True
BD+20 274 b,BD+20 274,radial velocity,2012,578.2,13.0,,4296.0,17.3,0.8,,1.159782317780355,inner,,False,True,True
BD+20 594 b,BD+20 594,transit,2016,41.6855,2.57807,22.2481,5766.0,1.08,1.67,0.07000044048982469,0.22999999999999998,inner,0.0,True,True,True
BD+45 564 b,BD+45 564,radial velocity,2021,307.88,13.6,,5004.0,0.813064,0.81,,1.2133107324471406,outer,,False,True,True
BD+48 738 b,BD+48 738,radial velocity,2011,392.6,13.9,,4414.0,11.0,0.74,,1.2400749397805335,inner,,False,True,True
BD+48 740 b,BD+48 740,radial velocity,2018,733.0,13.5,,4534.0,10.33,1.09,,1.2043893300026765,inner,,False,True,True
BD+49 828 b,BD+49 828,radial velocity,2015,2590.0,13.5,,4943.0,7.6,1.52,,1.2043893300026765,inner,,False,True,True
BD+55 362 b,BD+55 362,radial velocity,2021,265.59,14.0,,5012.0,0.896193,0.909,,1.248996342224998,habitable,,False,True,True
BD+60 1417 b,BD+60 1417,imaging,2021,,14.68376472,4767.426105,4993.0,0.797,1.0,15.000019208502712,1.309997744669462,unknown,0.0,True,True,True
BD+63 1405 b,BD+63 1405,radial velocity,2021,1198.48,12.4,3305.4154328,5000.0,0.804724,0.816,10.400013317895214,1.1062539031135694,outer,0.0,True,True,True
BD-06 1339 b,BD-06 1339,radial velocity,2013,3.8728,2.85,,4324.0,0.686355,0.7,,0.2542599696672317,inner,,False,True,True
BD-06 1339 c,BD-06 1339,radial velocity,2013,125.94,8.38,,4324.0,0.686355,0.7,,0.7476135248461059,habitable,,False,True,True
BD-08 2823 b,BD-08 2823,radial velocity,2009,5.6,3.61,,4816.0,0.71,0.5,,0.32206262824516013,inner,,False,True,True
BD-08 2823 c,BD-08 2823,radial velocity,2009,237.6,12.5,,4746.0,0.71,0.74,,1.1151753055580338,outer,,False,True,True
BD-10 3166 b,BD-10 3166,radial velocity,2000,3.48777,14.1,,5393.0,0.91,1.47,,1.257917744669462,inner,,False,True,True
BD-11 4672 b,BD-11 4672,radial velocity,2014,1634.0,14.1,,4550.0,0.639,0.651,,1.257917744669462,outer,,False,True,True
BD-11 4672 c,BD-11 4672,radial velocity,2020,74.2,4.04,,4550.0,0.639,0.651,,0.36042465875635654,habitable,,False,True,True
BD-13 2130 b,BD-13 2130,radial velocity,2007,714.29999,12.5,,4545.0,19.17,2.12,,1.1151753055580338,inner,,False,True,True
BD-14 3065 b,BD-14 3065 A,transit,2024,4.2889731,21.59,3932.0,6935.0,2.35,1.41,12.371471361868684,1.926130787759836,inner,0.0,True,True,True
BD-17 63 b,BD-17 63,radial velocity,2008,655.57,12.8,1639.99458012,4714.0,0.74,0.741,5.160006607724933,1.1419395128914267,outer,0.0,True,True,True
BD-210397 b,BD-210397,radial velocity,2023,1891.0,14.0,,4051.0,0.747,0.679,,1.248996342224998,outer,,False,True,True
BD-210397 c,BD-210397,radial velocity,2023,6240.0,12.9,1525.5763536,4051.0,0.747,0.69,4.800006146720868,1.1508609153358909,outer,0.0,True,True,True
BEBOP-3 b,BEBOP-3,radial velocity,2025,547.0,14.2,,6033.0,1.414,1.083,,1.2668391471139262,inner,,False,True,True
Barnard b,Barnard's star,radial velocity,2024,3.1542,0.72,,3195.0,0.185,0.162,,0.06423409760014274,outer,,False,True,True
Barnard c,Barnard's star,radial velocity,2025,4.1244,0.743,,3195.0,0.185,0.162,,0.06628602016236952,outer,,False,True,True
Barnard d,Barnard's star,radial velocity,2025,2.3402,0.694,,3195.0,0.185,0.162,,0.06191453296458203,outer,,False,True,True
Barnard e,Barnard's star,radial velocity,2025,6.7392,0.637,,3195.0,0.185,0.162,,0.0568293335712374,outer,,False,True,True
CD Cet b,CD Cet,radial velocity,2020,2.2907,1.82,,3130.0,0.175,0.161,,0.1623695244892497,outer,,False,True,True
CFBDSIR J145829+101343 b,CFBDSIR J145829+101343,imaging,2011,10037.5,12.4,3337.1,580.5,,0.021,10.499704242546283,1.1062539031135694,unknown,0.0,True,True,False
CFHTWIR-Oph 98 b,CFHTWIR-Oph 98 A,imaging,2021,8040000.0,20.8487041,2479.0615746,2320.0,0.245,0.0147,7.800009988421411,1.8599967972165223,outer,0.0,True,True,True
CHXR 73 b,CHXR 73,imaging,2006,,12.3,3994.486,3099.0,,0.35,12.568074556049185,1.0973325006691053,unknown,0.0,True,True,False
CI Tau c,CI Tau,radial velocity,2024,25.2,13.0,,3807.0,1.880857,0.9,,1.159782317780355,inner,,False,True,True
COCONUTS-2 b,COCONUTS-2 A,imaging,2021,402000000.0,12.44196858,2542.627256,3406.0,0.388,0.37,8.000010244534781,1.1099980890355963,outer,0.0,True,True,True
CT Cha b,CT Cha,imaging,2007,,24.66,5403.0,4403.0,1.679694,,16.999760876952315,2.200017842804889,unknown,0.0,True,True,False
CoRoT-1 b,CoRoT-1,transit,2008,1.5089557,16.7,327.35,5950.0,1.11,0.95,1.0299596007903649,1.489874208225533,inner,0.0,True,True,True
CoRoT-10 b,CoRoT-10,transit,2010,13.2406,10.87,874.0,5075.0,0.79,0.89,2.749915048390954,0.9697564457132661,inner,0.0,True,True,True
CoRoT-11 b,CoRoT-11,transit,2010,2.99433,16.03,740.51,6440.0,1.37,1.27,2.329908000553759,1.4301008118476226,inner,0.0,True,True,True
CoRoT-12 b,CoRoT-12,transit,2010,2.828042,16.14,291.438,5675.0,1.116,1.078,0.9169676680468681,1.4399143545365332,inner,0.0,True,True,True
CoRoT-13 b,CoRoT-13,transit,2010,4.03519,9.92,415.704,5945.0,1.01,1.09,1.3079527291490995,0.8850031224908556,inner,0.0,True,True,True
CoRoT-14 b,CoRoT-14,transit,2010,1.51214,12.22,2415.4,6035.0,1.21,1.13,7.599708018173352,1.090195378713534,inner,0.0,True,True,True
CoRoT-16 b,CoRoT-16,transit,2011,5.35227,13.11,170.032,5650.0,1.19,1.098,0.5349811847917743,1.1695958604692658,inner,0.0,True,True,True
CoRoT-17 b,CoRoT-17,transit,2011,3.7681,11.43,772.29,5740.0,1.59,1.04,2.429899190757265,1.019716299402266,inner,0.0,True,True,True
CoRoT-18 b,CoRoT-18,transit,2011,1.9000693,14.68,1102.82,5440.0,1.0,0.95,3.4698642032797613,1.3096618788473549,inner,0.0,True,True,True
CoRoT-19 b,CoRoT-19,transit,2011,3.89713,14.46,352.78,6090.0,1.65,1.21,1.1099714310885134,1.2900347934695335,inner,0.0,True,True,True
CoRoT-2 b,CoRoT-2,transit,2008,1.7429935,16.432,1102.82,5625.0,0.906,0.96,3.4698642032797613,1.4659648496743687,inner,0.0,True,True,True
CoRoT-20 b,CoRoT-20,transit,2011,9.24285,9.41556,1366.669,5880.0,1.02,1.14,4.3000270586606595,0.84,inner,0.0,True,True,True
CoRoT-20 c,CoRoT-20,radial velocity,2018,1675.0,12.2,,5880.0,1.02,1.14,,1.0884110982246409,outer,,False,True,True
CoRoT-21 b,CoRoT-21,transit,2012,2.72474,14.5717,718.2958,6200.0,1.95,1.29,2.2600142215286256,1.3,inner,0.0,True,True,True
CoRoT-22 b,CoRoT-22,transit,2014,9.75598,4.88,12.2,5939.0,1.136,1.099,0.03838554186541148,0.43536443928985635,inner,0.0,True,True,True
CoRoT-23 b,CoRoT-23,transit,2011,3.6313,11.77,889.9,5900.0,1.61,1.14,2.799942107051613,1.0500490677134446,inner,0.0,True,True,True
CoRoT-24 b,CoRoT-24,transit,2014,5.1134,3.7,5.7,4950.0,0.86,0.91,0.017934228576462742,0.330091890445178,inner,0.0,True,True,True
CoRoT-24 c,CoRoT-24,transit,2014,11.759,5.0,28.0,4950.0,0.86,0.91,0.08809796493700996,0.4460701222232135,inner,0.0,True,True,True
CoRoT-25 b,CoRoT-25,transit,2013,4.86069,12.11,85.81,6040.0,1.19,1.09,0.26998879897302946,1.0803818360246231,inner,0.0,True,True,True
CoRoT-26 b,CoRoT-26,transit,2013,4.20474,14.12,165.26,5590.0,1.79,1.09,0.5199667744817952,1.2597020251583548,inner,0.0,True,True,True
CoRoT-27 b,CoRoT-27,transit,2014,3.57532,11.287,3302.11,5900.0,1.08,1.05,10.389613249933928,1.0069586939066821,inner,0.0,True,True,True
CoRoT-28 b,CoRoT-28,transit,2015,5.20851,10.704595,153.82972,5150.0,1.78,1.01,0.4840030456725022,0.955,inner,0.0,True,True,True
CoRoT-29 b,CoRoT-29,transit,2015,2.85057,10.0881,270.1555,5260.0,0.9,0.97,0.8500053488050141,0.9000000000000001,inner,0.0,True,True,True
CoRoT-3 b,CoRoT-3,transit,2008,4.2568,11.32,6883.91,6740.0,1.56,1.37,21.659230778911866,1.0099027567133554,inner,0.0,True,True,True
CoRoT-30 b,CoRoT-30,transit,2020,9.06005,11.309881,921.707,5650.0,0.91,0.98,2.900018248864166,1.0090000000000001,inner,0.0,True,True,True
CoRoT-31 b,CoRoT-31,transit,2020,4.62941,16.36514,266.9772,5700.0,2.15,1.25,0.8400052858778962,1.46,inner,0.0,True,True,True
CoRoT-32 b,CoRoT-32,transit,2018,6.71837,6.38913,47.6745,5970.0,0.79,1.08,0.1500009439067672,0.57,inner,0.0,True,True,True
CoRoT-35 b,CoRoT-35,transit,2022,3.22748,18.83108758,349.6112477,6390.0,1.65,1.01,1.1000014086235324,1.6799971076813274,inner,0.0,True,True,True
CoRoT-36 b,CoRoT-36,transit,2022,5.616531,15.80466279,216.12331676,6730.0,1.52,1.32,0.6800008707854563,1.409997572486395,inner,0.0,True,True,True
CoRoT-4 b,CoRoT-4,transit,2008,9.20205,13.34,228.83,6190.0,1.17,1.16,0.719980618447714,1.1901150860915337,inner,0.0,True,True,True
CoRoT-5 b,CoRoT-5,transit,2009,4.0378962,15.558,148.42,6100.0,1.186,1.0,0.4669821412839649,1.3879917923097511,inner,0.0,True,True,True
CoRoT-6 b,CoRoT-6,transit,2009,8.886593,13.068,940.74,6090.0,1.025,1.05,2.9599028405300984,1.1658488714425908,inner,0.0,True,True,True
CoRoT-7 b,CoRoT-7,transit,2009,0.85359163,1.68135,4.0766051771,5275.0,0.83,0.82,0.01282645071264961,0.15,inner,0.0,True,True,True
CoRoT-7 c,CoRoT-7,radial velocity,2009,3.698,2.83,8.4,5256.0,0.864273,0.899,0.02642938948110299,0.25247568917833885,inner,0.0,True,True,True
CoRoT-7 d,CoRoT-7,radial velocity,2022,8.966,4.31,17.142,5250.0,0.8389,0.915,0.05393483267679374,0.38451244535641,inner,0.0,True,True,True
CoRoT-8 b,CoRoT-8,transit,2010,6.21229,6.39,69.92,5080.0,0.77,0.88,0.2199932038712763,0.5700776162012668,inner,0.0,True,True,True
CoRoT-9 b,CoRoT-9,transit,2009,95.272656,11.948794,266.9772,5625.0,0.96,0.96,0.8400052858778962,1.066,inner,0.0,True,True,True
DE CVn b,DE CVn,eclipse timing variations,2018,4098.1,12.4,,3579.0,0.424754,0.51,,1.1062539031135694,outer,,False,True,True
DENIS-P J082303.1-491201 b,DENIS-P J082303.1-491201,astrometry,2013,246.36,11.9,9057.77,,,0.075,28.498967995267883,1.0616468908912482,unknown,0.0,True,True,False
DH Tau b,DH Tau,imaging,2004,,30.2643,3496.0,4371.0,0.27,0.33,10.999660193563816,2.7,unknown,0.0,True,True,True
DMPP-1 b,DMPP-1,radial velocity,2019,18.57,5.29,,6196.0,1.26,1.21,,0.47194218931215987,inner,,False,True,True
DMPP-1 c,DMPP-1,radial velocity,2019,6.584,3.06,,6196.0,1.26,1.21,,0.27299491480060667,inner,,False,True,True
DMPP-1 d,DMPP-1,radial velocity,2019,2.882,1.65,,6196.0,1.26,1.21,,0.14720314033366044,inner,,False,True,True
DMPP-1 e,DMPP-1,radial velocity,2019,5.516,1.86,,6196.0,1.26,1.21,,0.16593808546703542,inner,,False,True,True
DMPP-2 b,DMPP-2,radial velocity,2019,5.2072,14.3,,6500.0,1.78,1.44,,1.2757605495583906,inner,,False,True,True
DMPP-3 A b,DMPP-3 A,radial velocity,2019,6.6732,1.41,,5138.0,0.91,0.87,,0.1257917744669462,inner,,False,True,True
DMPP-4 b,DMPP-4,radial velocity,2023,3.4982,3.53,,6400.0,1.38,1.25,,0.3149255062895887,inner,,False,True,True
DP Leo b,DP Leo,eclipse timing variations,2009,10220.0,12.7,1995.88832,13500.0,0.0115,0.69,6.279774972626704,1.1330181104469623,outer,0.0,True,True,True
DS Tuc A b,DS Tuc A,transit,2019,8.138268,5.7,413.179,5428.0,0.964,1.01,1.3000081805253156,0.5085199393344634,inner,0.0,True,True,True
EPIC 201170410.02,EPIC 201170410,transit,2020,6.7987,1.047,,3648.0,0.282,0.287,,0.0934070835935409,outer,,False,True,True
EPIC 201238110 b,EPIC 201238110,transit,2019,28.1656,1.87,,3587.0,0.374,0.41,,0.16683022571148187,outer,,False,True,True
EPIC 201427007 b,EPIC 201427007,transit,2021,0.72091,1.5,,5633.0,0.94,0.93,,0.13382103666696404,inner,,False,True,True
EPIC 201497682 b,EPIC 201497682,transit,2019,2.13174,0.692,,4991.0,0.554,0.78,,0.061736104915692744,inner,,False,True,True
EPIC 201595106 b,EPIC 201595106,transit,2021,0.87724,1.565,7.67,5679.0,0.98,0.958,0.024132549680959514,0.13961994825586582,inner,0.0,True,True,True
EPIC 201615463 c,K2-166,transit,2019,3.80464,1.22,,5960.0,1.61,1.073,,0.10884110982246409,inner,,False,True,True
EPIC 201754305 d,K2-16,transit,2019,2.71578,1.03,,4761.0,0.544,0.67,,0.09189044517798198,inner,,False,True,True
EPIC 201757695.02,EPIC 201757695,transit,2020,2.0478,0.90819,,4520.0,0.655,0.727,,0.08102328486038006,inner,,False,True,True
EPIC 201833600 c,K2-50,transit,2019,3.96151,1.0,,4326.0,0.634,0.611,,0.0892140244446427,inner,,False,True,True
EPIC 201841433 b,EPIC 201841433,transit,2019,4.1698,1.04,,5053.0,0.628461,0.802,,0.09278258542242841,inner,,False,True,True
EPIC 205950854 c,K2-168,transit,2019,8.050722,1.31,,5502.7,0.83,0.877,,0.11687037202248195,inner,,False,True,True
EPIC 206024342 b,EPIC 206024342,transit,2019,4.50756,1.7,,5724.0,0.823,0.928,,0.15166384155589258,inner,,False,True,True
EPIC 206024342 c,EPIC 206024342,transit,2021,0.911724,1.4,,5724.0,1.1,0.928,,0.12489963422249978,inner,,False,True,True
EPIC 206024342 d,EPIC 206024342,transit,2021,14.647531,2.6,,5724.0,1.1,0.928,,0.23195646355607102,inner,,False,True,True
EPIC 206032309 b,EPIC 206032309,transit,2019,2.87814,1.01,,3489.0,0.37344,0.221,,0.09010616468908914,inner,,False,True,True
EPIC 206042996 b,EPIC 206042996,transit,2019,5.2986,1.7,,4114.0,0.5,0.565,,0.15166384155589258,inner,,False,True,True
EPIC 206042996 c,EPIC 206042996,transit,2021,0.354884,1.2,,4114.0,0.5,0.565,,0.10705682933357123,inner,,False,True,True
EPIC 206215704 b,EPIC 206215704,transit,2019,2.255436,1.0,,3297.0,0.25,0.407,,0.0892140244446427,inner,,False,True,True
EPIC 206317286 b,EPIC 206317286,transit,2019,1.58252,0.96,,4752.0,0.669,0.711,,0.08564546346685699,inner,,False,True,True
EPIC 206317286 c,EPIC 206317286,transit,2022,17.515472,2.094,,4752.0,0.758,0.832,,0.1868141671870818,inner,,False,True,True
EPIC 211822797 b,EPIC 211822797,transit,2016,21.1701963,1.92,,4057.0,0.58,0.62,,0.17129092693371398,inner,,False,True,True
EPIC 211945201 b,EPIC 211945201,transit,2018,19.49221,5.76,27.0,6069.0,1.39,1.17,0.08495160904640246,0.513872780801142,inner,0.0,True,True,True
EPIC 212297394 b,EPIC 212297394,transit,2019,2.289363,1.48,,5171.0,0.8,0.83,,0.1320367561780712,inner,,False,True,True
EPIC 212297394 c,EPIC 212297394,transit,2021,5.213965,2.27,,5171.0,0.8,0.83,,0.20251583548933894,inner,,False,True,True
EPIC 212424622 b,EPIC 212424622,transit,2019,18.0983,2.17,,5782.33,1.2247,1.106,,0.19359443304487464,inner,,False,True,True
EPIC 212499991 b,EPIC 212499991,transit,2019,34.885,1.6,,4982.79,0.757541,0.912,,0.14274243911142834,inner,,False,True,True
EPIC 212587672 b,EPIC 212587672,transit,2019,15.28078,1.26,,6004.0,0.98,0.99,,0.1124096708002498,inner,,False,True,True
EPIC 212587672 c,EPIC 212587672,transit,2021,23.228555,2.32,,6004.0,0.98,0.99,,0.20697653671157104,inner,,False,True,True
EPIC 212624936 b,EPIC 212624936,transit,2021,0.578657,1.2,,5765.0,0.93,1.0,,0.10705682933357123,inner,,False,True,True
EPIC 212624936 c,EPIC 212624936,transit,2021,11.811437,2.3,,5765.0,0.93,1.0,,0.2051922562226782,inner,,False,True,True
EPIC 212737443 b,EPIC 212737443,transit,2019,13.603,2.586,,4684.0,0.673,0.69,,0.23070746721384602,inner,,False,True,True
EPIC 212737443 c,EPIC 212737443,transit,2019,65.55,2.69,,4684.0,0.673,0.69,,0.23998572575608887,inner,,False,True,True
EPIC 220492298 b,EPIC 220492298,transit,2021,0.762406,0.99,,5620.0,0.89,0.95,,0.08832188420019628,inner,,False,True,True
EPIC 220554210 c,K2-282,transit,2019,0.70531,1.6,,5499.0,1.0,0.94,,0.14274243911142834,inner,,False,True,True
EPIC 220674823 b,EPIC 220674823,transit,2016,0.5713127,1.676,7.8,5578.0,0.99,0.913,0.02454157594673849,0.14952270496922115,inner,0.0,True,True,True
EPIC 220674823 c,EPIC 220674823,transit,2016,13.33989,2.84,7.32,5578.0,0.99,0.913,0.023031325119246892,0.25336782942278524,inner,0.0,True,True,True
EPIC 228836835 b,EPIC 228836835,transit,2021,0.728113,1.1,,3782.0,0.32,0.418179,,0.09813542688910698,inner,,False,True,True
EPIC 229004835 b,EPIC 229004835,transit,2023,16.141132,2.332,10.4,5868.0,0.999,0.97,0.03272210126231799,0.20804710500490675,inner,0.0,True,True,True
EPIC 246851721 b,EPIC 246851721,transit,2018,6.180235,11.780659,953.49,6202.0,1.586,1.317,3.000018878135344,1.051,inner,0.0,True,True,True
EPIC 248847494 b,EPIC 248847494,transit,2018,3650.0,12.44199,4131.79,4898.0,2.7,0.9,13.000081805253156,1.11,outer,0.0,True,True,True
EPIC 249893012 b,EPIC 249893012,transit,2020,3.5951,1.95,8.75,5430.0,1.71,1.05,0.027530614042815614,0.17396734766705327,inner,0.0,True,True,True
EPIC 249893012 c,EPIC 249893012,transit,2020,15.624,3.67,14.67,5430.0,1.71,1.05,0.04615704091521201,0.3274154697118387,inner,0.0,True,True,True
EPIC 249893012 d,EPIC 249893012,transit,2020,35.747,3.94,10.18,5430.0,1.71,1.05,0.03202990296638433,0.3515032563118922,inner,0.0,True,True,True
FU Tau b,FU Tau,imaging,2008,,12.2,5085.28,2838.0,,0.05,16.0001006833885,1.0884110982246409,unknown,0.0,True,True,False
G 192-15 b,G 192-15,radial velocity,2025,2.27476,1.02,,2999.0,0.170718,0.132,,0.09099830493353556,outer,,False,True,True
G 192-15 c,G 192-15,radial velocity,2025,1219.0,3.87,,2999.0,0.170718,0.132,,0.34525827460076725,outer,,False,True,True
G 196-3 b,G 196-3,imaging,2024,,12.0,8263.538582,3517.0,0.522432,0.519782,26.000033294738035,1.0705682933357124,unknown,0.0,True,True,True
G 261-6 b,G 261-6,radial velocity,2025,5.4536,1.1,,2907.0,0.153162,0.118,,0.09813542688910698,outer,,False,True,True
G 264-012 b,G 264-012,radial velocity,2021,2.30538,1.39,,3326.0,0.305,0.297,,0.12400749397805334,inner,,False,True,True
G 264-012 c,G 264-012,radial velocity,2021,8.0518,1.76,,3326.0,0.305,0.297,,0.15701668302257116,outer,,False,True,True
G 268-110 b,G 268-110,radial velocity,2025,1.43263,1.13,,,0.177,0.137,,0.10081184762244624,outer,,False,True,False
G 9-40 b,G 9-40,transit,2019,5.7459982,1.9,4.0,3395.0,0.3026,0.2952,0.012585423562429995,0.16950664644482114,habitable,0.0,True,True,True
GJ 1002 b,GJ 1002,radial velocity,2022,10.3465,1.03,,3024.0,0.137,0.12,,0.09189044517798198,outer,,False,True,True
GJ 1002 c,GJ 1002,radial velocity,2022,21.202,1.1,,3024.0,0.137,0.12,,0.09813542688910698,outer,,False,True,True
GJ 1061 b,GJ 1061,radial velocity,2020,3.204,1.1,,2953.0,0.156,0.12,,0.09813542688910698,outer,,False,True,True
GJ 1061 c,GJ 1061,radial velocity,2020,6.689,1.18,,2953.0,0.156,0.12,,0.10527254884467838,outer,,False,True,True
GJ 1061 d,GJ 1061,radial velocity,2020,13.031,1.16,,2953.0,0.156,0.12,,0.10348826835578552,outer,,False,True,True
GJ 1132 b,GJ 1132,transit,2015,1.62892911,1.19151465,1.83704819246,3229.0,0.2211,0.1945,0.005780007401676379,0.10629981711124989,habitable,0.39282311569643247,True,True,True
GJ 1132 c,GJ 1132,radial velocity,2018,8.929,1.43,,3270.0,0.2105,0.181,,0.12757605495583907,outer,,False,True,True
GJ 1148 b,GJ 1148,radial velocity,2010,41.38,11.9,,3287.0,0.358519,0.344045,,1.0616468908912482,outer,,False,True,True
GJ 1148 c,GJ 1148,radial velocity,2017,532.58,9.71,,3287.0,0.358519,0.344045,,0.8662681773574807,outer,,False,True,True
GJ 1151 c,GJ 1151,radial velocity,2023,389.7,3.25,,3280.0,0.1781,0.1639,,0.28994557944508875,outer,,False,True,True
GJ 1214 b,GJ 1214,transit,2009,1.580404531,2.733,8.41,3101.0,0.2162,0.182,0.026460853040009065,0.24382192880720852,outer,0.0,True,True,True
GJ 1252 b,GJ 1252,transit,2020,0.5182331,1.193,1.32,3458.0,0.391,0.381,0.0041531897756018985,0.10643233116245875,inner,0.7357567408617581,True,True,True
GJ 1265 b,GJ 1265,radial velocity,2018,3.6511,2.63,,3236.0,0.192,0.178,,0.2346328842894103,outer,,False,True,True
GJ 1289 b,GJ 1289,radial velocity,2024,111.74,2.38,,3296.0,0.245012,0.21,,0.21232937817824962,outer,,False,True,True
GJ 143 b,GJ 143,transit,2019,35.61253,2.61,22.7,4640.0,0.695,0.73,0.07142227871679022,0.23284860380051745,inner,0.0,True,True,True
GJ 15 A b,GJ 15 A,radial velocity,2014,11.4407,1.55,,3607.0,0.38,0.38,,0.13828173788919618,habitable,,False,True,True
GJ 15 A c,GJ 15 A,radial velocity,2018,7600.0,6.67,,3607.0,0.38,0.38,,0.5950575430457669,outer,,False,True,True
GJ 160.2 b,GJ 160.2,radial velocity,2014,5.2354,3.17,,4347.0,0.655173,0.69,,0.28280845748951733,inner,,False,True,True
GJ 163 b,GJ 163,radial velocity,2013,8.63182,3.25,,3500.0,0.409738,0.4,,0.28994557944508875,inner,,False,True,True
GJ 163 c,GJ 163,radial velocity,2013,25.63058,2.5,,3500.0,0.409738,0.4,,0.22303506111160676,outer,,False,True,True
GJ 163 d,GJ 163,radial velocity,2013,603.95116,5.92,,3500.0,0.409738,0.4,,0.5281470247122848,outer,,False,True,True
GJ 179 b,GJ 179,radial velocity,2009,2288.0,13.8,301.93698665,3370.0,0.38,0.357,0.9500012165385051,1.2311535373360694,outer,0.0,True,True,True
GJ 180 b,GJ 180,radial velocity,2014,17.133,2.43,,3371.0,0.413049,0.43,,0.21679007940048178,habitable,,False,True,True
GJ 180 c,GJ 180,radial velocity,2014,24.329,2.41,,3371.0,0.413049,0.43,,0.2150057989115889,habitable,,False,True,True
GJ 180 d,GJ 180,radial velocity,2020,106.3,2.66,,3371.0,0.413049,0.43,,0.2373093050227496,outer,,False,True,True
GJ 2030 b,GJ 2030,radial velocity,2022,2.38129,2.03,,5485.0,2.24104,0.96,,0.18110446962262466,inner,,False,True,True
GJ 2030 c,GJ 2030,radial velocity,2022,25533.11353,12.3,4069.157094821,5485.0,2.24104,0.96,12.80301639509735,1.0973325006691053,outer,0.0,True,True,True
GJ 2056 b,GJ 2056,radial velocity,2020,69.971,4.17,,4069.95,0.709495,0.62,,0.37202248193416004,inner,,False,True,True
GJ 2126 b,GJ 2126,radial velocity,2025,272.7,13.6,,4159.0,0.728,0.65,,1.2133107324471406,outer,,False,True,True
GJ 229 A c,GJ 229,radial velocity,2020,121.93268,2.87,,3564.0,0.46,0.509,,0.2560442501561246,outer,,False,True,True
GJ 229 b,GJ 229,radial velocity,2014,579.47495,3.97,,3564.0,0.46,0.509,,0.35417967704523157,outer,,False,True,True
GJ 238 b,GJ 238,transit,2024,1.7446999,0.566,,3485.0,0.4314,0.4193,,0.05049513783566777,inner,,False,True,True
GJ 251 b,GJ 251,radial velocity,2020,14.238,1.83,,3451.0,0.364,0.36,,0.16326166473369616,habitable,,False,True,True
GJ 27.1 b,GJ 27.1,radial velocity,2014,15.819,3.66,,3542.0,0.518887,0.53,,0.3265233294673923,inner,,False,True,True
GJ 273 b,GJ 273,radial velocity,2017,18.6498,1.51,,3382.0,0.293,0.29,,0.1347131769114105,outer,,False,True,True
GJ 273 c,GJ 273,radial velocity,2017,4.7234,1.06,,3382.0,0.293,0.29,,0.09456686591132127,habitable,,False,True,True
GJ 3021 b,GJ 3021,radial velocity,2000,133.71,13.1,,5540.0,0.9,0.9,,1.1687037202248194,inner,,False,True,True
GJ 3082 b,GJ 3082,radial velocity,2020,11.949,2.79,,3910.0,0.465216,0.47,,0.24890712820055313,inner,,False,True,True
GJ 3090 b,GJ 3090,transit,2022,2.8531054,2.13,3.34,3556.0,0.516,0.519,0.010508828674629045,0.19002587206708893,inner,0.0,True,True,True
GJ 3138 b,GJ 3138,radial velocity,2017,1.22003,1.18,,3717.0,0.5,0.681,,0.10527254884467838,inner,,False,True,True
GJ 3138 c,GJ 3138,radial velocity,2017,5.974,1.88,,3717.0,0.5,0.681,,0.16772236595592827,inner,,False,True,True
GJ 3138 d,GJ 3138,radial velocity,2017,257.8,3.23,,3717.0,0.5,0.681,,0.2881612989561959,outer,,False,True,True
GJ 317 b,GJ 317,radial velocity,2007,695.66,13.3,794.5,3492.73,0.431834,0.42,2.4997797550876575,1.186546525113748,outer,0.0,True,True,True
GJ 317 c,GJ 317,radial velocity,2018,6739.323,13.5,,3492.73,0.431834,0.42,,1.2043893300026765,outer,,False,True,True
GJ 3222 b,GJ 3222,radial velocity,2022,10.66669,3.4,,5257.46,0.931389,0.89,,0.30332768311178515,inner,,False,True,True
GJ 328 b,GJ 328,radial velocity,2013,3771.0,13.3,,3897.0,0.63,0.65,,1.186546525113748,outer,,False,True,True
GJ 328 c,GJ 328,radial velocity,2023,241.8,4.91,,3897.0,0.63,0.65,,0.4380408600231957,outer,,False,True,True
GJ 3293 b,GJ 3293,radial velocity,2015,30.5987,5.19,,3466.0,0.404,0.42,,0.46302078686769566,outer,,False,True,True
GJ 3293 c,GJ 3293,radial velocity,2015,122.6196,4.87,,3466.0,0.404,0.42,,0.43447229904540996,outer,,False,True,True
GJ 3293 d,GJ 3293,radial velocity,2017,48.1345,2.67,,3466.0,0.404,0.42,,0.238201445267196,outer,,False,True,True
GJ 3293 e,GJ 3293,radial velocity,2017,13.2543,1.63,,3466.0,0.404,0.42,,0.1454188598447676,inner,,False,True,True
GJ 3323 b,GJ 3323,radial velocity,2017,5.3636,1.23,,3159.0,0.119,0.164,,0.10973325006691052,outer,,False,True,True
GJ 3323 c,GJ 3323,radial velocity,2017,40.54,1.32,,3159.0,0.119,0.164,,0.11776251226692837,outer,,False,True,True
GJ 3341 b,GJ 3341,radial velocity,2015,14.207,2.46,,3526.0,0.439,0.47,,0.21946650013382105,inner,,False,True,True
GJ 338 B b,GJ 338 B,radial velocity,2020,24.422,3.25,,4014.0,0.58,0.64,,0.28994557944508875,inner,,False,True,True
GJ 341 b,GJ 341,transit,2025,7.57686,0.88,4.0,3770.0,0.5066,0.48,0.012585423562429995,0.07850834151128558,inner,0.0,True,True,True
GJ 3470 b,GJ 3470,radial velocity,2012,3.3366496,4.57,13.9,3600.0,0.547,0.539,0.04373434687944423,0.40770809171201716,inner,0.0,True,True,True
GJ 3473 b,GJ 3473,transit,2020,1.1980035,1.264,1.86,3347.0,0.364,0.36,0.005852221956529948,0.11276652689802838,inner,0.36388051436856605,True,True,True
GJ 3473 c,GJ 3473,radial velocity,2020,15.509,2.63,,3347.0,0.364,0.36,,0.2346328842894103,outer,,False,True,True
GJ 3512 b,GJ 3512,radial velocity,2019,203.69,14.3,,3081.0,0.139,0.123,,1.2757605495583906,outer,,False,True,True
GJ 3512 c,GJ 3512,radial velocity,2020,1599.6,9.32,,3081.0,0.139,0.123,,0.83147470782407,outer,,False,True,True
GJ 357 b,GJ 357,transit,2019,3.9306,1.2,1.84,3505.0,0.337,0.342,0.005789294838717798,0.10705682933357123,inner,0.3894264991010501,True,True,True
GJ 357 c,GJ 357,radial velocity,2019,9.1247,1.66,,3505.0,0.337,0.342,,0.14809528057810686,habitable,,False,True,True
GJ 357 d,GJ 357,radial velocity,2019,55.661,2.34,,3505.0,0.337,0.342,,0.2087608172004639,outer,,False,True,True
GJ 3634 b,GJ 3634,radial velocity,2010,2.64561,2.83,8.4,3517.0,0.43,0.45,0.02642938948110299,0.25247568917833885,inner,0.0,True,True,True
GJ 367 b,GJ 367,transit,2021,0.3219225,0.699,0.633,3522.0,0.458,0.455,0.0019916432787545468,0.062360603086805244,inner,0.6643737197417341,True,True,True
GJ 367 c,GJ 367,radial velocity,2023,11.5301,1.86,,3522.0,0.458,0.455,,0.16593808546703542,inner,,False,True,True
GJ 367 d,GJ 367,radial velocity,2023,34.369,2.33,,3522.0,0.458,0.455,,0.2078686769560175,outer,,False,True,True
GJ 3779 b,GJ 3779,radial velocity,2018,3.0232,2.75,,3324.0,0.281,0.27,,0.24533856722276742,inner,,False,True,True
GJ 3929 b,GJ 3929,transit,2022,2.616235,1.09,1.75,3384.0,0.32,0.313,0.005506122808563122,0.09724328664466055,inner,0.46586518555705436,True,True,True
GJ 3929 c,GJ 3929,radial velocity,2022,15.04,2.26,,3384.0,0.32,0.313,,0.2016236952448925,outer,,False,True,True
GJ 393 b,GJ 393,radial velocity,2021,7.02679,1.17,,3579.0,0.426,0.426,,0.10438040860023196,inner,,False,True,True
GJ 3942 b,GJ 3942,radial velocity,2017,6.905,2.57,,3867.0,0.61,0.63,,0.22928004282273173,inner,,False,True,True
GJ 3988 b,GJ 3988,radial velocity,2023,6.9442,1.74,,3273.0,0.19734,0.1842,,0.1552324025336783,outer,,False,True,True
GJ 3998 b,GJ 3998,radial velocity,2016,2.65033,1.39,,3726.0,0.5,0.52,,0.12400749397805334,inner,,False,True,True
GJ 3998 c,GJ 3998,radial velocity,2016,13.727,2.5,,3726.0,0.5,0.52,,0.22303506111160676,inner,,False,True,True
GJ 3998 d,GJ 3998,radial velocity,2025,41.78,2.34,,3726.0,0.5,0.52,,0.2087608172004639,habitable,,False,True,True
GJ 411 b,GJ 411,radial velocity,2019,12.9394,1.45,,3719.0,0.3685,0.3899,,0.1293603354447319,habitable,,False,True,True
GJ 414 A b,GJ 414 A,radial velocity,2021,50.8,2.63,,4120.0,0.68,0.65,,0.2346328842894103,inner,,False,True,True
GJ 414 A c,GJ 414 A,radial velocity,2021,749.83,8.4,,4120.0,0.68,0.65,,0.7493978053349987,outer,,False,True,True
GJ 422 b,GJ 422,radial velocity,2014,20.129,3.33,,3323.0,0.370328,0.35,,0.2970827014006602,outer,,False,True,True
GJ 4276 b,GJ 4276,radial velocity,2019,13.352,4.22,,3387.0,0.407,0.406,,0.3764831831563922,habitable,,False,True,True
GJ 433 b,GJ 433,radial velocity,2011,7.3705,2.33,,3461.0,0.5,0.48,,0.2078686769560175,inner,,False,True,True
GJ 433 c,GJ 433,radial velocity,2014,5094.105,6.27,,3461.0,0.5,0.48,,0.5593719332679097,outer,,False,True,True
GJ 433 d,GJ 433,radial velocity,2020,36.059,2.14,,3461.0,0.5,0.48,,0.19091801231153538,habitable,,False,True,True
GJ 436 b,GJ 436,radial velocity,2004,2.64388312,4.17,22.1,3586.11,0.455,0.47,0.06953446518242573,0.37202248193416004,inner,0.0,True,True,True
GJ 463 b,GJ 463,radial velocity,2022,3448.0,13.0,1144.1822652,3540.0,0.49,0.49,3.6000046100406515,1.159782317780355,outer,0.0,True,True,True
GJ 480 b,GJ 480,radial velocity,2020,9.567,3.69,,3381.0,0.455815,0.45,,0.32919975020073156,inner,,False,True,True
GJ 486 b,GJ 486,radial velocity,2021,1.46712127,1.289,2.77,3317.0,0.3243,0.312,0.008715405816982772,0.11499687750914443,inner,0.0,True,True,True
GJ 504 b,GJ 504,imaging,2013,,12.10569916,1271.3,6234.0,1.26,1.22,3.9999622437293127,1.0799981407797306,unknown,0.0,True,True,True
GJ 514 b,GJ 514,radial velocity,2022,140.43,2.13,,3728.0,0.5,0.51,,0.19002587206708893,outer,,False,True,True
GJ 536 b,GJ 536,radial velocity,2016,8.7076,2.17,,3685.0,0.5,0.52,,0.19359443304487464,inner,,False,True,True
GJ 581 b,GJ 581,radial velocity,2005,5.3686,4.79,20.5,3500.0,0.302,0.295,0.06450029575745372,0.42733517708983854,habitable,0.0,True,True,True
GJ 581 c,GJ 581,radial velocity,2007,12.9211,2.5,6.81,3500.0,0.302,0.295,0.021426683615037065,0.22303506111160676,outer,0.0,True,True,True
GJ 581 e,GJ 581,radial velocity,2009,3.1481,1.38,2.48,3500.0,0.302,0.295,0.0078029626087065965,0.12311535373360692,inner,0.0,True,True,True
GJ 625 b,GJ 625,radial velocity,2017,14.628,1.49,,3499.0,0.31,0.3,,0.13292889642251762,outer,,False,True,True
GJ 649 b,GJ 649,radial velocity,2009,600.1,10.8,,3734.0,0.5,0.51,,0.9635114640021413,outer,,False,True,True
GJ 667 C b,GJ 667 C,radial velocity,2012,7.203,2.25,,3350.0,,0.33,,0.20073155500044607,unknown,,False,True,False
GJ 667 C c,GJ 667 C,radial velocity,2013,28.14,1.77,,3350.0,,0.33,,0.15790882326701758,unknown,,False,True,False
GJ 667 C e,GJ 667 C,radial velocity,2013,62.24,1.45,,3350.0,,0.33,,0.1293603354447319,unknown,,False,True,False
GJ 667 C f,GJ 667 C,radial velocity,2013,39.026,1.45,,3350.0,,0.33,,0.1293603354447319,unknown,,False,True,False
GJ 667 C g,GJ 667 C,radial velocity,2013,256.2,1.99,,3350.0,,0.33,,0.17753590864483898,unknown,,False,True,False
GJ 674 b,GJ 674,radial velocity,2007,4.6938,3.33,,3600.0,0.36463,0.35,,0.2970827014006602,inner,,False,True,True
GJ 676 A b,GJ 676 A,radial velocity,2010,1051.44521,12.8,1840.862133344,3734.0,0.69,0.626,5.792007417043181,1.1419395128914267,outer,0.0,True,True,True
GJ 676 A c,GJ 676 A,radial velocity,2016,13921.42302,12.3,4288.140867244,3734.0,0.69,0.626,13.492017277407909,1.0973325006691053,outer,0.0,True,True,True
GJ 676 A d,GJ 676 A,radial velocity,2012,3.60076,1.78,,3734.0,0.69,0.626,,0.158800963511464,inner,,False,True,True
GJ 676 A e,GJ 676 A,radial velocity,2012,35.47358,2.47,,3734.0,0.69,0.626,,0.2203586403782675,inner,,False,True,True
GJ 680 b,GJ 680,radial velocity,2022,17281.66514,12.0,7977.4930157,3563.0,0.45933,0.456,25.100032142227874,1.0705682933357124,outer,0.0,True,True,True
GJ 682 b,GJ 682,radial velocity,2014,17.478,1.93,,3028.0,0.298255,0.27,,0.1721830671781604,outer,,False,True,True
GJ 682 c,GJ 682,radial velocity,2014,57.32,2.89,,3028.0,0.298255,0.27,,0.25782853064501743,outer,,False,True,True
GJ 685 b,GJ 685,radial velocity,2019,24.16,2.95,,3816.0,0.54,0.55,,0.263181372111696,inner,,False,True,True
GJ 687 b,GJ 687,radial velocity,2014,38.142,4.32,,3413.0,0.4183,0.4,,0.3854045856008565,outer,,False,True,True
GJ 687 c,GJ 687,radial velocity,2020,727.562,4.14,,3413.0,0.4183,0.4,,0.36934606120082075,outer,,False,True,True
GJ 720 A b,GJ 720 A,radial velocity,2021,19.466,3.77,,3837.0,0.56,0.57,,0.336336872156303,inner,,False,True,True
GJ 724 b,GJ 724,radial velocity,2023,5.101284,3.27,,3799.0,0.52226,0.5271,,0.29172985993398165,inner,,False,True,True
GJ 740 b,GJ 740,radial velocity,2021,2.37756,1.53,,3913.0,0.56,0.58,,0.13649745740030333,inner,,False,True,True
GJ 806 b,GJ 806,transit,2023,0.9263237,1.331,1.9,3600.0,0.4144,0.413,0.005978076192154247,0.11874386653581943,inner,0.32192883854273824,True,True,True
GJ 806 c,GJ 806,radial velocity,2023,6.64064,2.28,,3600.0,0.4144,0.413,,0.20340797573378533,inner,,False,True,True
GJ 832 b,GJ 832,radial velocity,2008,3853.0,13.8,314.65012293,3472.0,0.441557,0.45,0.9900012677611791,1.2311535373360694,outer,0.0,True,True,True
GJ 849 b,GJ 849,radial velocity,2006,1925.31,13.9,,3467.0,0.45,0.45,,1.2400749397805335,outer,,False,True,True
GJ 849 c,GJ 849,radial velocity,2014,5990.0,13.8,,3467.0,0.45,0.45,,1.2311535373360694,outer,,False,True,True
GJ 86 b,GJ 86,radial velocity,1999,15.76491,12.9,,5182.0,0.77,0.93,,1.1508609153358909,inner,,False,True,True
GJ 876 b,GJ 876,radial velocity,1998,61.1166,13.3,723.2235,3293.74,0.3,0.32,2.275518519450772,1.186546525113748,outer,0.0,True,True,True
GJ 876 c,GJ 876,radial velocity,2000,30.0881,14.0,226.9846,3293.74,0.3,0.32,0.7141743332871868,1.248996342224998,outer,0.0,True,True,True
GJ 876 d,GJ 876,radial velocity,2005,1.93778,2.51,6.83,3293.74,0.3,0.32,0.021489610732849215,0.22392720135605315,inner,0.0,True,True,True
GJ 876 e,GJ 876,radial velocity,2010,124.26,3.92,14.6,3293.74,0.3,0.32,0.04593679600286948,0.3497189758229994,outer,0.0,True,True,True
GJ 887 b,GJ 887,radial velocity,2020,9.262,1.88,,3688.0,0.4712,0.489,,0.16772236595592827,inner,,False,True,True
GJ 887 c,GJ 887,radial velocity,2020,21.789,2.67,,3688.0,0.4712,0.489,,0.238201445267196,inner,,False,True,True
GJ 896 A b,GJ 896 A,astrometry,2022,284.39,13.3,718.29219982,3345.0,0.394682,0.43599,2.2600028940810755,1.186546525113748,outer,0.0,True,True,True
GJ 900 b,GJ 900 A,imaging,2024,,12.4,3496.112477,3976.0,0.716187,1.08,11.000014086235323,1.1062539031135694,unknown,0.0,True,True,True
GJ 9066 c,GJ 9066,radial velocity,2020,771.36,9.6,,3154.0,0.164,0.15,,0.8564546346685699,outer,,False,True,True
GJ 9404 b,GJ 9404,radial velocity,2023,13.4586,3.48,,3811.0,0.626041,0.62,,0.3104648050673566,inner,,False,True,True
GJ 96 b,GJ 96,radial velocity,2018,73.94,4.67,,3785.0,0.580612,0.6,,0.41662949415648143,habitable,,False,True,True
GJ 9689 b,GJ 9689,radial velocity,2020,18.27,3.07,,3836.0,0.57,0.59,,0.27388705504505306,inner,,False,True,True
GJ 9714 b,GJ 9714,radial velocity,2022,19240.75467,12.5,2988.540511021,4263.0,0.662662,0.67,9.403012041170067,1.1151753055580338,outer,0.0,True,True,True
GJ 9827 b,GJ 9827,transit,2017,1.208974,1.44,4.28,4236.0,0.58,0.62,0.013466403211800095,0.1284681952002855,inner,0.0,True,True,True
GJ 9827 c,GJ 9827,transit,2017,3.648103,1.13,1.86,4236.0,0.58,0.62,0.005852221956529948,0.10081184762244624,inner,0.3849796751326018,True,True,True
GJ 9827 d,GJ 9827,transit,2017,6.20183,1.98,3.02,4236.0,0.58,0.62,0.009501994789634646,0.17664376840039256,inner,0.0,True,True,True
GPX-1 b,GPX-1,transit,2021,1.744579,16.47720163,6261.2196179,7000.0,1.56,1.68,19.700025227166897,1.4699974689981266,inner,0.0,True,True,True
GQ Lup b,GQ Lup,imaging,2004,,33.6,6356.0,4360.0,1.94153,0.7,19.99823804070126,2.9975912213399947,unknown,0.0,True,True,True
GSC 06214-00210 b,GSC 06214-00210,imaging,2010,,20.1762,5000.0,4200.0,0.90484,0.9,15.731779453037493,1.8000000000000003,unknown,0.0,True,True,True
GU Psc b,GU Psc,imaging,2014,,14.179,3591.3,4031.81,0.450458,0.325,11.299507909938711,1.2649656526005888,unknown,0.0,True,True,True
Gaia-1 b,Gaia-1,transit,2022,3.052524,13.77583728,533.95172376,5470.0,0.952,0.949,1.680002151352304,1.2289978838433402,inner,0.0,True,True,True
Gaia-2 b,Gaia-2,transit,2022,3.6915224,14.81827249,259.665808519,5720.0,1.064,1.0,0.8170010462231144,1.3219977241502365,inner,0.0,True,True,True
Gaia-4 b,Gaia-4,astrometry,2025,571.3,12.4,3750.3752026,4034.0,0.624,0.644,11.800015110688802,1.1062539031135694,outer,0.0,True,True,True
Gaia-5 b,Gaia-5,astrometry,2025,358.62,12.1,6633.07885409,3447.0,0.345,0.339,20.870026725430108,1.0794896957801767,outer,0.0,True,True,True
Gaia22dkvL b,Gaia22dkvL,microlensing,2024,,14.1,187.836588537,,,1.145,0.591000756815007,1.257917744669462,unknown,0.0,True,True,False
Gl 378 b,Gl 378,radial velocity,2019,3.822,3.66,,3879.0,0.56,0.56,,0.3265233294673923,inner,,False,True,True
Gl 410 b,Gl 410,radial velocity,2025,6.02,2.83,,3842.0,0.543,0.55,,0.25247568917833885,inner,,False,True,True
Gl 49 b,Gl 49,radial velocity,2019,13.8508,2.24,,3805.0,0.511,0.515,,0.19983941475599967,inner,,False,True,True
Gl 686 b,Gl 686,radial velocity,2018,15.53,2.46,,3656.0,0.427,0.426,,0.21946650013382105,habitable,,False,True,True
Gl 725 A b,Gl 725 A,radial velocity,2025,11.2201,1.48,,3433.0,0.351,0.33,,0.1320367561780712,habitable,,False,True,True
Gliese 12 b,Gliese 12,transit,2024,12.761408,0.958,3.87,3296.0,0.2617,0.2414,0.01217639729665102,0.0854670354179677,outer,0.0,True,True,True
HAT-P-1 b,HAT-P-1,transit,2006,4.46529976,14.784671,166.86075,5980.0,1.174,1.151,0.5250033036736852,1.319,inner,0.0,True,True,True
HAT-P-11 b,HAT-P-11,transit,2008,4.888,4.36,25.0,4653.0,0.683,0.811,0.07865889726518746,0.3889731465786422,inner,0.0,True,True,True
HAT-P-11 c,HAT-P-11,radial velocity,2018,3361.0,13.2,851.78013076,4653.0,0.683,0.811,2.6800034319191517,1.1776251226692835,outer,0.0,True,True,True
HAT-P-12 b,HAT-P-12,transit,2009,3.2130598,10.749,67.059,4650.0,0.701,0.733,0.21099147966824824,0.9589615487554645,inner,0.0,True,True,True
HAT-P-13 b,HAT-P-13,transit,2009,2.91625,14.258,270.462,5653.0,1.756,1.32,0.8509697068854852,1.2720135605317155,inner,0.0,True,True,True
HAT-P-13 c,HAT-P-13,radial velocity,2009,446.27,12.3,,5653.0,1.756,1.32,,1.0973325006691053,inner,,False,True,True
HAT-P-14 b,HAT-P-14,transit,2010,4.62767,15.91678,1093.3352,6600.0,1.82,2.65,3.4400216469285274,1.42,inner,0.0,True,True,True
HAT-P-15 b,HAT-P-15,transit,2010,10.8635,11.88154,616.5902,5568.0,1.07,1.0,1.9400122078608557,1.06,inner,0.0,True,True,True
HAT-P-16 b,HAT-P-16,transit,2010,2.77596,14.448,1332.605,6158.0,1.237,1.218,4.1928495916030055,1.2889642251761977,inner,0.0,True,True,True
HAT-P-17 b,HAT-P-17,transit,2010,10.33852,11.76945,184.3414,5246.0,0.87,0.99,0.5800036497728331,1.05,inner,0.0,True,True,True
HAT-P-17 c,HAT-P-17,radial velocity,2010,5584.0,13.1,,5336.96,0.838682,0.92,,1.1687037202248194,outer,,False,True,True
HAT-P-18 b,HAT-P-18,transit,2010,5.508023,11.153,62.61,4803.0,0.749,0.77,0.1969933423109355,0.9950040146311001,inner,0.0,True,True,True
HAT-P-19 b,HAT-P-19,transit,2010,4.00878322,11.29865255,88.038468739,4962.0,0.773,0.807,0.2770003547170168,1.0079982647872245,inner,0.0,True,True,True
HAT-P-2 b,HAT-P-2,transit,2007,5.6335158,10.659759,2866.81223114,6380.0,1.39,1.33,9.020011550712965,0.951,inner,0.0,True,True,True
HAT-P-2 c,HAT-P-2,radial velocity,2023,8500.0,12.4,3400.7639549,6412.0,1.416,1.33,10.700013702065268,1.1062539031135694,outer,0.0,True,True,True
HAT-P-20 b,HAT-P-20,transit,2010,2.875317,9.718,2302.899,4595.0,0.694,0.756,7.245739834124118,0.8669818895530378,inner,0.0,True,True,True
HAT-P-21 b,HAT-P-21,transit,2010,4.12448,12.44199,1547.8321,5588.0,1.21,1.24,4.870030645506375,1.11,inner,0.0,True,True,True
HAT-P-22 b,HAT-P-22,transit,2010,3.21222,12.89035,785.0401,5302.0,1.11,1.13,2.4700155429981,1.15,inner,0.0,True,True,True
HAT-P-23 b,HAT-P-23,transit,2010,1.212884,15.334,664.237,5905.0,1.203,1.13,2.089925997709453,1.368007850834151,inner,0.0,True,True,True
HAT-P-24 b,HAT-P-24,transit,2010,3.35524,14.5717,238.3725,6373.0,1.38,1.37,0.750004719533836,1.3,inner,0.0,True,True,True
HAT-P-25 b,HAT-P-25,transit,2010,3.65281514,12.722215,180.84527,5519.0,0.919,1.012,0.5690035805530036,1.135,inner,0.0,True,True,True
HAT-P-26 b,HAT-P-26,transit,2010,4.23452,7.06167,22.2481,5079.0,0.87,1.12,0.07000044048982469,0.63,inner,0.0,True,True,True
HAT-P-27 b,HAT-P-27,transit,2011,3.039577,11.43,197.05,5316.0,0.864673,0.916,0.6199894282442077,1.019716299402266,inner,0.0,True,True,True
HAT-P-28 b,HAT-P-28,transit,2011,3.257215,13.585,198.953,5680.0,1.103,1.025,0.6259769435040337,1.2119725220804711,inner,0.0,True,True,True
HAT-P-29 b,HAT-P-29,transit,2011,5.72319,13.11453,279.6904,6087.0,1.3,1.45,0.8800055375863676,1.1700000000000002,inner,0.0,True,True,True
HAT-P-3 b,HAT-P-3,transit,2007,2.8997,10.53646,206.5895,5185.0,0.87,1.06,0.6500040902626578,0.9400000000000001,inner,0.0,True,True,True
HAT-P-30 b,HAT-P-30,transit,2011,2.8106,16.14096,263.7989,6304.0,1.31,1.55,0.8300052229507785,1.44,inner,0.0,True,True,True
HAT-P-31 b,HAT-P-31,transit,2011,5.00542,12.21781,721.4741,6065.0,1.39,1.31,2.2700142844557436,1.09,inner,0.0,True,True,True
HAT-P-32 b,HAT-P-32,transit,2011,2.1500082,22.19382,216.1244,6001.0,1.367,1.132,0.6800042790440113,1.98,inner,0.0,True,True,True
HAT-P-33 b,HAT-P-33,transit,2011,3.47447,20.73665,292.4036,6446.0,1.79,1.82,0.9200057892948388,1.85,inner,0.0,True,True,True
HAT-P-34 b,HAT-P-34,transit,2011,5.452654,13.417173,1058.3739,6442.0,1.53,1.392,3.330020954730232,1.197,inner,0.0,True,True,True
HAT-P-35 b,HAT-P-35,transit,2011,3.646706,14.930388,335.62848,6096.0,1.435,1.236,1.0560066451036412,1.332,inner,0.0,True,True,True
HAT-P-36 b,HAT-P-36,transit,2011,1.32734683,14.313893,587.413406,5620.0,1.041,1.03,1.8482116301899143,1.2770000000000001,inner,0.0,True,True,True
HAT-P-37 b,HAT-P-37,transit,2011,2.797436,13.204,371.528,5500.0,0.877,0.929,1.168959311325623,1.1779819787670622,inner,0.0,True,True,True
HAT-P-38 b,HAT-P-38,transit,2012,4.640382,9.247,84.857,5330.0,0.923,0.886,0.2669903218092805,0.824962084039611,inner,0.0,True,True,True
HAT-P-39 b,HAT-P-39,transit,2012,3.54387,17.609,190.372,6430.0,1.625,1.404,0.5989780636067308,1.5709697564457135,inner,0.0,True,True,True
HAT-P-4 b,HAT-P-4,transit,2007,3.056536,14.28,213.255,5860.0,1.596,1.248,0.6709761254515021,1.2739762690694978,inner,0.0,True,True,True
HAT-P-40 b,HAT-P-40,transit,2012,4.45724,17.03768,152.5584,6080.0,1.94,1.03,0.48000302050165505,1.5200000000000002,inner,0.0,True,True,True
HAT-P-41 b,HAT-P-41,transit,2012,2.69405,22.97845,378.2177,6390.0,2.05,2.56,1.1900074883270197,2.05,inner,0.0,True,True,True
HAT-P-42 b,HAT-P-42,transit,2012,4.641878,14.348,331.801,5743.0,1.53,1.178,1.0439640308594587,1.2800428227317335,inner,0.0,True,True,True
HAT-P-43 b,HAT-P-43,transit,2012,3.3326414,13.63,210.395,5693.0,1.08,1.03,0.6619775476043647,1.21598715318048,inner,0.0,True,True,True
HAT-P-44 b,HAT-P-44,transit,2014,4.301219,13.922,111.871,5295.0,0.949,0.942,0.35198597983815144,1.2420376483183158,inner,0.0,True,True,True
HAT-P-44 c,HAT-P-44,radial velocity,2014,872.2,13.0,,5295.0,0.949,0.942,,1.159782317780355,outer,,False,True,True
HAT-P-45 b,HAT-P-45,transit,2014,3.128992,15.984,283.492,6330.0,1.319,1.259,0.891966724140101,1.425996966723169,inner,0.0,True,True,True
HAT-P-46 b,HAT-P-46,transit,2014,4.463129,14.392,156.684,6120.0,1.396,1.284,0.4929836263639453,1.2839682398072978,inner,0.0,True,True,True
HAT-P-49 b,HAT-P-49,transit,2014,2.69155,17.82231,699.226,6820.0,2.06,2.22,2.2000138439659187,1.5900000000000003,inner,0.0,True,True,True
HAT-P-5 b,HAT-P-5,transit,2007,2.78849,13.56289,311.4734,5960.0,1.12,1.04,0.9800061668575457,1.21,inner,0.0,True,True,True
HAT-P-50 b,HAT-P-50,transit,2015,3.1220109,14.437192,429.0705,6280.0,1.698,1.273,1.3500084951609046,1.288,inner,0.0,True,True,True
HAT-P-51 b,HAT-P-51,transit,2015,4.21802091,13.50682174,97.573320949,5453.0,0.995,0.961,0.3070003931340222,1.2049979248817915,inner,0.0,True,True,True
HAT-P-52 b,HAT-P-52,transit,2015,2.7535953,11.309881,259.98494,5131.0,0.893,0.887,0.818005147438237,1.0090000000000001,inner,0.0,True,True,True
HAT-P-53 b,HAT-P-53,transit,2015,1.9616241,14.773462,471.65972,5956.0,1.209,1.093,1.4840093383842834,1.318,inner,0.0,True,True,True
HAT-P-54 b,HAT-P-54,transit,2015,3.799847,10.581296,241.5508,4390.0,0.617,0.645,0.7600047824609538,0.9440000000000001,inner,0.0,True,True,True
HAT-P-55 b,HAT-P-55,transit,2015,3.5852313,14.84069045,189.425730572,5804.0,1.105,1.028,0.5960007632178411,1.3239977205816755,inner,0.0,True,True,True
HAT-P-56 b,HAT-P-56,transit,2015,2.79083,16.92559,734.1873,6566.0,1.47,1.42,2.310014536164215,1.51,inner,0.0,True,True,True
HAT-P-57 b,HAT-P-57,transit,2015,2.4653,19.50366,448.1403,6330.0,1.85,2.77,1.4100088727236118,1.74,inner,0.0,True,True,True
HAT-P-58 b,HAT-P-58,transit,2021,4.0138379,14.93036229,118.232167404,6078.0,1.53,1.031,0.37200047637086725,1.3319977063074315,inner,0.0,True,True,True
HAT-P-59 b,HAT-P-59,transit,2021,4.1419771,12.58768533,489.45574678,5678.0,1.1038,1.008,1.5400019720729454,1.1229980667320902,inner,0.0,True,True,True
HAT-P-6 b,HAT-P-6,transit,2007,3.85298,16.58932,419.5356,6570.0,1.62,1.79,1.3200083063795514,1.4800000000000002,inner,0.0,True,True,True
HAT-P-60 b,HAT-P-60,transit,2021,4.7947813,18.28184752,182.433505618,6212.0,2.197,1.435,0.5740007350453705,1.6309971915425105,inner,0.0,True,True,True
HAT-P-61 b,HAT-P-61,transit,2021,1.90231289,10.07687365,335.944626199,5587.0,0.938,1.004,1.057001353559158,0.8989984521366758,inner,0.0,True,True,True
HAT-P-62 b,HAT-P-62,transit,2021,2.6453235,12.02723629,241.867417727,5629.0,1.17,1.023,0.761000974511371,1.0729981523775538,inner,0.0,True,True,True
HAT-P-63 b,HAT-P-63,transit,2021,3.377728,12.5428494,195.146641898,5400.0,0.9661,0.925,0.6140007862680444,1.118998072977072,inner,0.0,True,True,True
HAT-P-64 b,HAT-P-64,transit,2021,4.007232,19.08889413,184.34047606,6457.0,1.735,1.298,0.5800007427287716,1.7029970675350166,inner,0.0,True,True,True
HAT-P-65 b,HAT-P-65,transit,2016,2.60544751,18.05766791,176.076937478,5872.0,1.666,1.297,0.5540007094340336,1.61099722633598,inner,0.0,True,True,True
HAT-P-66 b,HAT-P-66,transit,2016,2.972086,17.82231,248.86089,6002.0,1.881,1.255,0.7830049271933248,1.5900000000000003,inner,0.0,True,True,True
HAT-P-67 b,HAT-P-67,transit,2017,4.8101025,23.370765,108.0622,6406.0,2.546,1.642,0.34000213952200564,2.085,inner,0.0,True,True,True
HAT-P-68 b,HAT-P-68,transit,2020,2.29840551,12.016048,230.10892,4508.0,0.6701,0.6785,0.7240045559233297,1.072,inner,0.0,True,True,True
HAT-P-69 b,HAT-P-69,transit,2019,4.7869491,18.786284,1137.8314,7394.0,1.926,1.648,3.580022527908177,1.676,inner,0.0,True,True,True
HAT-P-7 b,HAT-P-7,transit,2008,2.20474,16.92559,584.8072,6389.0,2.0,1.56,1.8400115785896776,1.51,inner,0.0,True,True,True
HAT-P-70 b,HAT-P-70,transit,2019,2.74432452,20.96083,2154.8874,8450.0,1.858,1.89,6.780042664585878,1.87,inner,0.0,True,True,True
HAT-P-8 b,HAT-P-8,transit,2008,3.07634,15.6926,406.8224,6200.0,1.57,1.27,1.2800080546710801,1.4000000000000001,inner,0.0,True,True,True
HAT-P-9 b,HAT-P-9,transit,2008,3.92281072,15.614137,238.05467,6350.0,1.338,1.281,0.7490047132411242,1.393,inner,0.0,True,True,True
HATS-1 b,HATS-1,transit,2012,3.446459,14.594,589.55,5870.0,1.038,0.986,1.8549341153076506,1.3019894727451156,inner,0.0,True,True,True
HATS-10 b,HATS-10,transit,2015,3.312846,10.861521,167.17858,5880.0,1.105,1.101,0.526003309966397,0.969,inner,0.0,True,True,True
HATS-11 b,HATS-11,transit,2016,3.619188,18.03,263.7989,6563.0,1.54,1.33,0.8300052229507785,1.608528860736908,inner,0.0,True,True,True
HATS-12 b,HATS-12,transit,2016,3.142702,7.76,759.6137,6357.0,1.17,1.16,2.3900150395811575,0.6923008296904274,inner,0.0,True,True,True
HATS-13 b,HATS-13,transit,2015,3.0440499,13.585308,172.58169,5523.0,0.887,0.962,0.5430034169424973,1.212,inner,0.0,True,True,True
HATS-14 b,HATS-14,transit,2015,2.7667641,11.646151,340.39593,5346.0,0.933,0.967,1.071006739494318,1.039,inner,0.0,True,True,True
HATS-15 b,HATS-15,transit,2016,1.74748753,12.385945,689.6911,5311.0,0.922,0.871,2.1700136551845652,1.105,inner,0.0,True,True,True
HATS-16 b,HATS-16,transit,2016,2.686502,14.5717,1039.3041,5738.0,1.238,0.97,3.270020577167525,1.3,inner,0.0,True,True,True
HATS-17 b,HATS-17,transit,2016,16.254611,8.709393,425.25654,5846.0,1.091,1.131,1.3380084196483633,0.777,inner,0.0,True,True,True
HATS-18 b,HATS-18,transit,2016,0.83784,14.896761,629.144485,5600.0,1.02,1.037,1.9795124564229711,1.329,inner,0.0,True,True,True
HATS-2 b,HATS-2,transit,2013,1.35413379,12.57647635,435.42491759,5227.0,0.876,0.904,1.3700017543765812,1.1219980685163709,inner,0.0,True,True,True
HATS-22 b,HATS-22,transit,2017,4.7228124,10.682177,870.8542,4803.0,0.689,0.759,2.7400172420302806,0.953,inner,0.0,True,True,True
HATS-23 b,HATS-23,transit,2017,2.1605156,20.84874,467.2101,5780.0,1.199,1.121,1.4700092502863185,1.86,inner,0.0,True,True,True
HATS-24 b,HATS-24,transit,2017,1.3484978,15.636555,718.2958,6125.0,1.12,1.07,2.2600142215286256,1.395,inner,0.0,True,True,True
HATS-25 b,HATS-25,transit,2016,4.2986432,14.12334,194.82979,5715.0,1.107,0.994,0.613003857432322,1.26,inner,0.0,True,True,True
HATS-26 b,HATS-26,transit,2016,3.3023881,19.61575,206.5895,6071.0,2.04,1.299,0.6500040902626578,1.75,inner,0.0,True,True,True
HATS-27 b,HATS-27,transit,2016,4.637038,16.8135,168.4499,6438.0,1.74,1.415,0.5300033351372442,1.5000000000000002,inner,0.0,True,True,True
HATS-28 b,HATS-28,transit,2016,3.1810781,13.383546,213.58176,5498.0,0.922,0.929,0.672004228702317,1.1940000000000002,inner,0.0,True,True,True
HATS-29 b,HATS-29,transit,2016,4.6058749,14.022459,207.54299,5670.0,1.073,1.032,0.6530041091407932,1.2510000000000001,inner,0.0,True,True,True
HATS-3 b,HATS-3,transit,2013,3.547851,15.48,340.382,6351.0,1.404,1.209,1.0709629107567615,1.381033098403069,inner,0.0,True,True,True
HATS-30 b,HATS-30,transit,2016,3.1743516,13.170575,224.38798,5943.0,1.061,1.093,0.7060044426545176,1.175,inner,0.0,True,True,True
HATS-31 b,HATS-31,transit,2016,3.37796,18.38276,279.6904,6050.0,1.87,1.275,0.8800055375863676,1.6400000000000001,inner,0.0,True,True,True
HATS-32 b,HATS-32,transit,2016,2.8126548,14.000041,292.4036,5700.0,1.097,1.099,0.9200057892948388,1.2489999999999999,inner,0.0,True,True,True
HATS-33 b,HATS-33,transit,2016,2.5495551,13.78707,378.85336,5659.0,1.022,1.062,1.1920075009124433,1.23,inner,0.0,True,True,True
HATS-34 b,HATS-34,transit,2016,2.1061607,16.02887,299.07803,5380.0,0.98,0.955,0.9410059214417862,1.4300000000000002,inner,0.0,True,True,True
HATS-35 b,HATS-35,transit,2016,1.8209993,16.409976,388.38826,6300.0,1.433,1.317,1.2220076896937968,1.464,inner,0.0,True,True,True
HATS-36 b,HATS-36,transit,2018,4.175186,12.92,1022.14128,5950.0,1.1,1.1,3.216020237361089,1.1526451958247836,inner,0.0,True,True,True
HATS-37 A b,HATS-37 A,transit,2020,4.3315366,6.792654,31.46517,5326.0,0.877,0.843,0.09900062297846635,0.606,inner,0.0,True,True,True
HATS-38 b,HATS-38,transit,2020,4.375021,6.882326,23.51942,5732.0,1.105,0.89,0.07400046566067181,0.614,inner,0.0,True,True,True
HATS-39 b,HATS-39,transit,2018,4.5776348,17.59813,200.2329,6572.0,1.621,1.379,0.6300039644084222,1.57,inner,0.0,True,True,True
HATS-4 b,HATS-4,transit,2014,2.516729,11.433,420.471,5403.0,0.925,1.001,1.3229514076796256,1.0199839414756,inner,0.0,True,True,True
HATS-40 b,HATS-40,transit,2018,3.2642736,17.71022,505.3497,6460.0,2.26,1.561,1.5900100054117323,1.58,inner,0.0,True,True,True
HATS-41 b,HATS-41,transit,2018,4.193649,14.90797,3082.951,6424.0,1.71,1.496,9.700061039304279,1.33,inner,0.0,True,True,True
HATS-42 b,HATS-42,transit,2018,2.292102,15.6926,597.5204,6060.0,1.48,1.273,1.8800118302981488,1.4000000000000001,inner,0.0,True,True,True
HATS-43 b,HATS-43,transit,2018,4.3888497,13.22662,82.95363,5099.0,0.812,0.837,0.26100164239777496,1.1800000000000002,inner,0.0,True,True,True
HATS-44 b,HATS-44,transit,2018,2.7439004,11.960003,177.9848,5080.0,0.847,0.86,0.5600035239185975,1.0670000000000002,inner,0.0,True,True,True
HATS-45 b,HATS-45,transit,2018,4.1876244,14.414774,222.481,6450.0,1.315,1.272,0.7000044048982469,1.286,inner,0.0,True,True,True
HATS-46 b,HATS-46,transit,2018,4.7423729,10.121727,54.98459,5495.0,0.853,0.917,0.17300108863913816,0.903,inner,0.0,True,True,True
HATS-47 b,HATS-47,transit,2020,3.9228038,12.520453,117.27927,4512.0,0.6564,0.674,0.3690023220106473,1.117,inner,0.0,True,True,True
HATS-48 A b,HATS-48 A,transit,2020,3.1316666,8.9672,77.23269,4546.0,0.7152,0.7279,0.24300152912896286,0.8,inner,0.0,True,True,True
HATS-49 b,HATS-49,transit,2020,4.1480467,8.574885,112.19399,4405.0,0.6977,0.7133,0.3530022213272588,0.765,inner,0.0,True,True,True
HATS-5 b,HATS-5,transit,2014,4.763387,10.223,75.323,5304.0,0.871,0.936,0.2369929647482286,0.9120349718975824,inner,0.0,True,True,True
HATS-50 b,HATS-50,transit,2017,3.8297015,12.66617,123.9537,5990.0,1.117,1.168,0.3900024541575947,1.13,inner,0.0,True,True,True
HATS-51 b,HATS-51,transit,2017,3.3488702,15.80469,244.09344,5758.0,1.44,1.187,0.768004832802648,1.4100000000000001,inner,0.0,True,True,True
HATS-52 b,HATS-52,transit,2017,1.36665436,15.490838,711.9392,6010.0,1.046,1.111,2.24001409567439,1.3820000000000001,inner,0.0,True,True,True
HATS-53 b,HATS-53,transit,2017,3.8537768,15.02006,189.10885,5644.0,1.101,0.964,0.5950037441635099,1.34,inner,0.0,True,True,True
HATS-54 b,HATS-54,transit,2019,2.5441765,11.37711541,239.324790471,5621.0,1.23,1.05,0.7530009642668362,1.0149982522972611,inner,0.0,True,True,True
HATS-55 b,HATS-55,transit,2019,4.2042001,14.022459,292.72143,6214.0,1.126,1.1955,0.9210057955875506,1.2510000000000001,inner,0.0,True,True,True
HATS-56 b,HATS-56,transit,2019,4.324799,18.920792,191.33366,6536.0,2.201,1.573,0.6020037882124923,1.688,inner,0.0,True,True,True
HATS-57 b,HATS-57,transit,2019,2.350621,12.767051,1000.21101,5587.0,0.96,1.026,3.1470198031639756,1.139,inner,0.0,True,True,True
HATS-58 A b,HATS-58 A,transit,2019,4.2180896,12.273855,327.3649,7175.0,1.433,1.461,1.0300064814931347,1.095,inner,0.0,True,True,True
HATS-59 b,HATS-59,transit,2018,5.416081,12.621334,256.17098,5670.0,1.036,1.038,0.8060050719256957,1.126,inner,0.0,True,True,True
HATS-59 c,HATS-59,radial velocity,2018,1422.0,12.3,,5670.0,1.036,1.038,,1.0973325006691053,outer,,False,True,True
HATS-6 b,HATS-6,transit,2015,3.3252725,11.186582,101.38777,3724.0,0.57,0.574,0.31900200737505824,0.998,inner,0.0,True,True,True
HATS-60 b,HATS-60,transit,2018,3.560829,12.923977,210.40346,5688.0,1.46,1.097,0.6620041657751992,1.153,inner,0.0,True,True,True
HATS-61 b,HATS-61,transit,2018,7.817953,13.394755,1080.622,5542.0,1.664,1.076,3.4000213952200564,1.195,inner,0.0,True,True,True
HATS-62 b,HATS-62,transit,2018,3.2768837,11.825495,56.89157,5416.0,0.933,0.896,0.17900112639540885,1.055,inner,0.0,True,True,True
HATS-63 b,HATS-63,transit,2018,3.0566527,13.529263,305.1168,5627.0,1.07,0.931,0.9600060410033101,1.207,inner,0.0,True,True,True
HATS-64 b,HATS-64,transit,2018,4.908897,18.819911,305.1168,6554.0,2.113,1.564,0.9600060410033101,1.6790000000000003,inner,0.0,True,True,True
HATS-65 b,HATS-65,transit,2018,3.105161,16.824709,260.93843,6277.0,1.31,1.257,0.8210051663163724,1.501,inner,0.0,True,True,True
HATS-66 b,HATS-66,transit,2018,3.1414391,15.815899,1694.0339,6626.0,1.841,1.411,5.330033540153794,1.411,inner,0.0,True,True,True
HATS-67 b,HATS-67,transit,2018,1.6091788,18.887165,460.8535,6594.0,1.441,1.435,1.450009124432083,1.685,inner,0.0,True,True,True
HATS-68 b,HATS-68,transit,2018,3.5862202,13.809488,410.0007,6147.0,1.748,1.351,1.290008117598198,1.232,inner,0.0,True,True,True
HATS-69 b,HATS-69,transit,2018,2.2252577,10.592505,183.38791,5137.0,0.8785,0.892,0.5770036308946979,0.945,inner,0.0,True,True,True
HATS-7 b,HATS-7,transit,2015,3.185315,6.310667,38.1396,4985.0,0.815,0.849,0.12000075512541376,0.563,inner,0.0,True,True,True
HATS-70 b,HATS-70,transit,2019,1.8882378,15.513256,4100.007,7930.0,1.881,1.78,12.900081175981978,1.3840000000000001,inner,0.0,True,True,True
HATS-71 b,HATS-71,transit,2020,3.7955202,11.478016,117.5971,3405.0,0.4783,0.4861,0.37000232830335905,1.024,inner,0.0,True,True,True
HATS-72 b,HATS-72,transit,2020,7.3279474,8.0973816,39.855882,4656.1,0.7214,0.7311,0.12540078910605737,0.7224,inner,0.0,True,True,True
HATS-74 A b,HATS-74 A,transit,2021,1.73185606,11.56766808,464.02947422,3776.9,0.5758,0.601,1.4600018696275974,1.0319982228566331,inner,0.0,True,True,True
HATS-75 b,HATS-75,transit,2021,2.7886556,9.90873894,156.053747837,3790.4,0.5848,0.6017,0.4910006287583222,0.883998478008743,inner,0.0,True,True,True
HATS-76 b,HATS-76,transit,2021,1.9416423,12.09449018,835.570882003,4016.0,0.6259,0.662,2.629003366610242,1.078998142564011,inner,0.0,True,True,True
HATS-77 b,HATS-77,transit,2021,3.0876262,13.05846252,436.696231218,4071.0,0.6428,0.655,1.3740017594988485,1.1649979944687305,inner,0.0,True,True,True
HATS-8 b,HATS-8,transit,2015,3.583893,9.785457,43.86054,5679.0,1.086,1.056,0.13800086839422582,0.873,inner,0.0,True,True,True
HATS-9 b,HATS-9,transit,2015,1.915291,13.85,266.02371,5599.0,1.56,1.1,0.837005266999761,1.2356142385583013,inner,0.0,True,True,True
HD 100546 b,HD 100546,imaging,2014,,77.3421,2701.5414595,10500.0,1.85288,2.4,8.500010884818204,6.9,unknown,0.0,True,True,True
HD 100655 b,HD 100655,radial velocity,2011,157.57001,13.5,,4891.0,10.06,2.28,,1.2043893300026765,inner,,False,True,True
HD 100777 b,HD 100777,radial velocity,2007,383.0,13.7,390.92894061,5533.0,1.04,1.08,1.2300015750972224,1.222232134891605,inner,0.0,True,True,True
HD 101581 b,HIP 56998,transit,2025,4.46569,0.956,,4675.0,0.63,0.653,,0.08528860736907842,inner,,False,True,True
HD 101581 c,HIP 56998,transit,2025,6.20401,0.99,,4675.0,0.63,0.653,,0.08832188420019628,inner,,False,True,True
HD 10180 c,HD 10180,radial velocity,2010,5.75969,3.68,,5911.0,1.109,1.06,,0.32830760995628516,inner,,False,True,True
HD 10180 d,HD 10180,radial velocity,2010,16.357,3.45,,5911.0,1.109,1.06,,0.30778838433401734,inner,,False,True,True
HD 10180 e,HD 10180,radial velocity,2010,49.748,5.39,,5911.0,1.109,1.06,,0.48086359175662413,inner,,False,True,True
HD 10180 f,HD 10180,radial velocity,2010,122.744,5.24,,5911.0,1.109,1.06,,0.4674814880899278,inner,,False,True,True
HD 10180 g,HD 10180,radial velocity,2010,604.67,4.91,,5911.0,1.109,1.06,,0.4380408600231957,habitable,,False,True,True
HD 10180 h,HD 10180,radial velocity,2010,2205.0,9.4,,5911.0,1.109,1.06,,0.8386118297796414,outer,,False,True,True
HD 101930 b,HD 101930,radial velocity,2005,70.46,10.6,,5108.0,0.86,0.57,,0.9456686591132126,inner,,False,True,True
HD 102117 b,HD 102117,radial velocity,2005,20.8133,8.47,,5655.0,1.23,1.06,,0.7556427870461238,inner,,False,True,True
HD 102195 b,HD 102195,radial velocity,2006,4.11377,14.2,,5301.0,0.82,0.76,,1.2668391471139262,inner,,False,True,True
HD 102272 b,HD 102272,radial velocity,2008,127.58,12.9,,4790.0,10.3,1.45,,1.1508609153358909,inner,,False,True,True
HD 102329 b,HD 102329,radial velocity,2011,778.09998,12.6,,4745.0,9.82,3.21,,1.124096708002498,inner,,False,True,True
HD 102329 c,HD 102329,radial velocity,2018,1123.0,13.5,,4830.0,6.3,1.3,,1.2043893300026765,inner,,False,True,True
HD 102365 b,HD 102365,radial velocity,2010,122.1,4.14,,5630.0,0.95138,0.85,,0.36934606120082075,inner,,False,True,True
HD 102843 b,HD 102843,radial velocity,2019,3090.942,13.1,,5436.0,0.961488,0.95,,1.1687037202248194,outer,,False,True,True
HD 102888 b,HD 102888,radial velocity,2025,252.06,12.8,,4990.0,8.6,2.42,,1.1419395128914267,inner,,False,True,True
HD 102956 b,HD 102956,radial velocity,2010,6.4947,13.8,,4985.0,4.55,1.66,,1.2311535373360694,inner,,False,True,True
HD 103197 b,HD 103197,radial velocity,2009,47.84,5.83,,5250.0,0.88,0.8,,0.5201177625122669,inner,,False,True,True
HD 103720 b,HD 103720,radial velocity,2014,4.5557,14.1,,5017.0,0.73,0.794,,1.257917744669462,inner,,False,True,True
HD 103774 b,HD 103774,radial velocity,2013,5.8881,13.3,,6489.0,1.581047,1.335,,1.186546525113748,inner,,False,True,True
HD 103891 b,HD 103891,radial velocity,2022,1919.0,13.2,918.52409623,6072.0,2.22,1.28,2.89000370083819,1.1776251226692835,habitable,0.0,True,True,True
HD 103949 b,HD 103949,radial velocity,2019,120.878,3.35,,4792.0,0.753113,0.77,,0.2988669818895531,inner,,False,True,True
HD 104067 b,HD 104067,radial velocity,2009,55.851,9.2,,4952.0,0.78,0.82,,0.8207690248907128,inner,,False,True,True
HD 104067 c,HD 104067,radial velocity,2024,13.8992,3.69,,4952.0,0.78,0.82,,0.32919975020073156,inner,,False,True,True
HD 10442 b,HD 10442,radial velocity,2014,1032.3,13.6,,4912.0,1.97,1.01,,1.2133107324471406,habitable,,False,True,True
HD 104985 b,HD 104985,radial velocity,2003,199.68,12.8,,4738.0,11.12,1.22,,1.1419395128914267,inner,,False,True,True
HD 105618 b,HD 105618,radial velocity,2022,10.02245,5.44,,5671.0,1.27399,1.01,,0.4853242929788563,inner,,False,True,True
HD 105618 c,HD 105618,radial velocity,2022,77114.07158,11.9,8419.592329837,5671.0,1.27399,1.01,26.491033923496357,1.0616468908912482,outer,0.0,True,True,True
HD 105779 b,HD 105779,radial velocity,2022,2412.0,14.1,,5792.0,0.94,0.89,,1.257917744669462,outer,,False,True,True
HD 106252 b,HD 106252,radial velocity,2002,1531.0,12.5,3178.28407,5874.0,1.1,1.01,10.000012805668476,1.1151753055580338,outer,0.0,True,True,True
HD 106270 b,HD 106270,radial velocity,2011,1888.0,12.4,3623.2438398,5509.0,2.66,1.39,11.400014598462063,1.1062539031135694,inner,0.0,True,True,True
HD 106315 b,HD 106315,transit,2017,9.55237,2.44,12.6,6327.0,1.296,1.091,0.03964408422165448,0.21768221964492818,inner,0.0,True,True,True
HD 106315 c,HD 106315,transit,2017,21.05704,4.35,15.2,6327.0,1.296,1.091,0.04782460953723398,0.38808100633419573,inner,0.0,True,True,True
HD 10647 b,HD 10647,radial velocity,2006,989.2,13.8,,6218.0,1.1,1.11,,1.2311535373360694,outer,,False,True,True
HD 106515 A b,HD 106515 A,radial velocity,2012,3586.86089,12.5,3025.090777826,5362.0,0.91,0.93,9.518012188435254,1.1151753055580338,outer,0.0,True,True,True
HD 106906 b,HD 106906,imaging,2013,,12.4,3496.0,6516.0,2.12351,1.5,10.999660193563816,1.1062539031135694,unknown,0.0,True,True,True
HD 10697 b,HD 10697,radial velocity,1999,1075.3799,12.8,1825.288541401,5641.0,1.863076,0.99,5.743007354295406,1.1419395128914267,habitable,0.0,True,True,True
HD 107148 b,HD 107148,radial velocity,2005,48.056,9.6,,5797.0,1.169193,1.12,,0.8564546346685699,inner,,False,True,True
HD 107148 c,HD 107148,radial velocity,2021,18.3267,4.7,,5752.92,1.169193,1.105215,,0.4193059148898207,inner,,False,True,True
HD 108147 b,HD 108147,radial velocity,2002,10.8985,10.9,,6255.73,1.20664,1.22,,0.9724328664466054,inner,,False,True,True
HD 108202 b,HD 108202,radial velocity,2023,2990.0,13.1,953.485221,4556.03,0.66355,0.74,3.0000038417005426,1.1687037202248194,outer,0.0,True,True,True
HD 108236 b,HD 108236,transit,2020,3.795963,1.615,,5660.0,0.877,0.869,,0.14408064947809796,inner,,False,True,True
HD 108236 c,HD 108236,transit,2020,6.203449,2.071,,5660.0,0.877,0.869,,0.18476224462485505,inner,,False,True,True
HD 108236 d,HD 108236,transit,2020,14.175685,2.539,,5660.0,0.877,0.869,,0.22651440806494783,inner,,False,True,True
HD 108236 e,HD 108236,transit,2020,19.590025,3.083,,5660.0,0.877,0.869,,0.2750468373628335,inner,,False,True,True
HD 108236 f,HD 108236,transit,2021,29.54115,2.017,,5660.0,0.877,0.869,,0.1799446873048443,inner,,False,True,True
HD 108341 b,HD 108341,radial velocity,2014,1129.0,13.3,715.11391575,5122.0,0.79,0.843,2.250002881275407,1.186546525113748,outer,0.0,True,True,True
HD 108863 b,HD 108863,radial velocity,2011,437.7,13.3,,4878.0,5.74,1.59,,1.186546525113748,inner,,False,True,True
HD 108874 b,HD 108874,radial velocity,2002,394.48123,13.6,,5600.0,1.05,1.1,,1.2133107324471406,inner,,False,True,True
HD 108874 c,HD 108874,radial velocity,2005,1624.0,13.8,,5551.0,1.05,0.95,,1.2311535373360694,outer,,False,True,True
HD 109246 b,HD 109246,radial velocity,2010,68.27,13.9,,5844.0,1.07,1.2,,1.2400749397805335,inner,,False,True,True
HD 109271 b,HD 109271,radial velocity,2013,7.8543,4.31,,5783.0,1.294595,1.047,,0.38451244535641,inner,,False,True,True
HD 109271 c,HD 109271,radial velocity,2013,30.93,5.27,,5783.0,1.294595,1.047,,0.47015790882326697,inner,,False,True,True
HD 109286 b,HD 109286,radial velocity,2021,520.1,13.2,,5694.0,1.089,0.98,,1.1776251226692835,habitable,,False,True,True
HD 109749 b,HD 109749,radial velocity,2005,5.239891,11.1,,5824.0,1.22,1.13,,0.990275671335534,inner,,False,True,True
HD 10975 b,HD 10975,radial velocity,2021,283.8,14.3,,4840.0,11.16,1.41,,1.2757605495583906,inner,,False,True,True
HD 109833 b,HD 109833,transit,2022,9.188526,2.888,,5881.0,1.0,1.08,,0.2576501025961281,inner,,False,True,True
HD 109833 c,HD 109833,transit,2022,13.900148,2.59,,5881.0,1.0,1.08,,0.23106432331162458,inner,,False,True,True
HD 109988 b,HD 109988,radial velocity,2022,17132.15854,12.1,6935.333669147,5185.97,0.869694,0.88,21.82102794324918,1.0794896957801767,outer,0.0,True,True,True
HD 110014 b,HD 110014,radial velocity,2009,835.477,12.4,,4445.0,20.9,2.17,,1.1062539031135694,inner,,False,True,True
HD 110067 b,HD 110067,transit,2023,9.113678,2.2,5.69,5266.0,0.788,0.798,0.01790276501755667,0.19627085377821396,inner,0.0,True,True,True
HD 110067 c,HD 110067,transit,2023,13.673694,2.388,6.3,5266.0,0.788,0.798,0.01982204211082724,0.21304309037380675,inner,0.0,True,True,True
HD 110067 d,HD 110067,transit,2023,20.519617,2.852,8.52,5266.0,0.788,0.798,0.026806952187975887,0.254438397716121,inner,0.0,True,True,True
HD 110067 e,HD 110067,transit,2023,30.793091,1.94,3.9,5266.0,0.788,0.798,0.012270787973369245,0.17307520742260685,inner,0.0,True,True,True
HD 110067 f,HD 110067,transit,2023,41.05854,2.601,5.04,5266.0,0.788,0.798,0.015857633688661794,0.23204567758051567,inner,0.0,True,True,True
HD 110067 g,HD 110067,transit,2023,54.76992,2.607,8.4,5266.0,0.788,0.798,0.02642938948110299,0.23258096172718354,inner,0.0,True,True,True
HD 110082 b,HD 110082,transit,2021,10.18271,3.2,,6200.0,1.19,1.21,,0.2854848782228567,inner,,False,True,True
HD 110113 b,HD 110113,transit,2021,2.541,2.05,4.55,5732.0,0.968,0.997,0.014315919302264118,0.18288875011151753,inner,0.0,True,True,True
HD 110113 c,HD 110113,radial velocity,2021,6.744,2.11384817,,5732.0,0.968,0.997,,0.18858490231064323,inner,,False,True,True
HD 110537 b,HD 110537,radial velocity,2022,24469.67342,11.9,8612.832001293,5718.0,1.16626,1.02,27.099034702081003,1.0616468908912482,outer,0.0,True,True,True
HD 11112 b,HD 11112,radial velocity,2022,17244.90764,12.6,2598.565055632,5905.64,1.47368,1.07,8.176010469914546,1.124096708002498,outer,0.0,True,True,True
HD 111232 b,HD 111232,radial velocity,2003,1169.13202,12.6,2531.503261755,5512.0,0.9,0.96,7.965010199714941,1.124096708002498,outer,0.0,True,True,True
HD 111232 c,HD 111232,radial velocity,2022,26472.44623,12.2,5740.934515641,5512.0,0.9,0.96,18.063023130878967,1.0884110982246409,outer,0.0,True,True,True
HD 111591 b,HD 111591,radial velocity,2017,1056.4,12.9,,4884.0,8.03,1.94,,1.1508609153358909,inner,,False,True,True
HD 111998 b,HD 111998,radial velocity,2016,810.0,12.9,1525.5763536,6557.0,1.45,1.4,4.800006146720868,1.1508609153358909,inner,0.0,True,True,True
HD 112300 b,HD 112300,radial velocity,2023,466.63,12.2,,3657.0,65.8,1.4,,1.0884110982246409,inner,,False,True,True
HD 112570 b,HD 112570,radial velocity,2023,2615.0,13.1,1086.97315194,4750.0,9.85,1.15,3.420004379538619,1.1687037202248194,inner,0.0,True,True,True
HD 112640 b,HD 112640,radial velocity,2020,613.2,12.9,,4155.0,39.0,1.8,,1.1508609153358909,inner,,False,True,True
HD 113337 b,HD 113337,radial velocity,2013,317.58639,13.1,,6774.0,1.5,1.41,,1.1687037202248194,inner,,False,True,True
HD 113337 c,HD 113337,radial velocity,2020,5429.93477,12.1,6299.676855147,6774.0,1.5,1.41,19.821025382115486,1.0794896957801767,outer,0.0,True,True,True
HD 11343 c,HIP 8541,radial velocity,2022,228.53731,13.9,,4670.0,7.83,2.009,,1.2400749397805335,inner,,False,True,True
HD 113538 b,HD 113538,radial velocity,2010,663.2,13.2,,4462.0,0.53,0.585,,1.1776251226692835,outer,,False,True,True
HD 113538 c,HD 113538,radial velocity,2010,1818.0,13.8,,4462.0,0.53,0.585,,1.2311535373360694,outer,,False,True,True
HD 113996 b,HD 113996,radial velocity,2017,610.2,12.7,,4181.0,25.11,1.49,,1.1330181104469623,inner,,False,True,True
HD 114082 b,HD 114082,radial velocity,2022,109.75,11.2089807,2542.627256,6651.0,1.49,1.47,8.000010244534781,0.9999982781693282,inner,0.0,True,True,True
HD 114386 b,HD 114386,radial velocity,2003,937.70001,13.7,,4836.0,0.76,0.6,,1.222232134891605,outer,,False,True,True
HD 114729 b,HD 114729,radial velocity,2002,1121.79,13.9,,5844.0,1.473,0.936,,1.2400749397805335,outer,,False,True,True
HD 114783 b,HD 114783,radial velocity,2001,493.7,13.7,,5135.0,0.840622,0.853,,1.222232134891605,outer,,False,True,True
HD 114783 c,HD 114783,radial velocity,2018,4352.0,13.4,603.8739733,5135.0,0.840622,0.9,1.9000024330770102,1.1954679275582123,outer,0.0,True,True,True
HD 11505 b,HD 11505,radial velocity,2022,32669.22247,12.6,2510.526586893,5757.15,1.19568,1.03,7.899010115197529,1.124096708002498,outer,0.0,True,True,True
HD 11506 b,HD 11506,radial velocity,2007,1617.7,12.9,1551.00262616,6123.0,1.24,1.22,4.880006249166216,1.1508609153358909,outer,0.0,True,True,True
HD 11506 c,HD 11506,radial velocity,2008,223.92,14.0,,6123.0,1.24,1.22,,1.248996342224998,inner,,False,True,True
HD 11506 d,HD 11506,radial velocity,2022,26500.0,12.3,4068.2036096,6123.0,1.24,1.22,12.80001639125565,1.0973325006691053,outer,0.0,True,True,True
HD 115404 A b,HD 115404 A,radial velocity,2022,10.49488,6.09,,5019.17,0.727007,0.83,,0.543313408867874,inner,,False,True,True
HD 115404 A c,HD 115404 A,radial velocity,2022,15319.22517,12.5,3279.671331833,5019.17,0.727007,0.83,10.3190132141693,1.1151753055580338,outer,0.0,True,True,True
HD 115954 b,HD 115954,radial velocity,2021,3700.0,12.6,2685.65003915,5957.0,1.213,1.18,8.450010820789862,1.124096708002498,outer,0.0,True,True,True
HD 116029 b,HD 116029,radial velocity,2011,670.0,13.6,,4819.0,4.89,0.83,,1.2133107324471406,inner,,False,True,True
HD 116029 c,HD 116029,radial velocity,2018,907.0,13.7,,4951.0,4.6,1.33,,1.222232134891605,inner,,False,True,True
HD 117207 b,HD 117207,radial velocity,2004,2621.75,13.4,669.346625142,5732.0,1.074,1.053,2.106002696873781,1.1954679275582123,outer,0.0,True,True,True
HD 11755 b,HD 11755,radial velocity,2015,433.70001,12.8,,4312.0,20.58,0.72,,1.1419395128914267,inner,,False,True,True
HD 117618 b,HD 117618,radial velocity,2004,25.8,8.59,,5990.0,1.2,1.077,,0.7663484699794808,inner,,False,True,True
HD 118203 b,HD 118203,radial velocity,2005,6.1349779,12.778238,680.15279098,5742.0,2.04,1.27,2.1400027404130535,1.1399980372914622,inner,0.0,True,True,True
HD 118203 c,HD 118203,radial velocity,2024,5103.0,12.4,3747.19691853,5742.0,2.04,1.27,11.790015097883133,1.1062539031135694,outer,0.0,True,True,True
HD 11964 b,HD 11964,radial velocity,2005,1945.0,14.1,,5303.0,2.00971,0.91,,1.257917744669462,outer,,False,True,True
HD 11964 c,HD 11964,radial velocity,2008,37.91,5.38,,5303.0,2.00971,0.91,,0.47997145151217774,inner,,False,True,True
HD 11977 b,HD 11977,radial velocity,2005,711.0,12.7,,4970.0,10.09,1.91,,1.1330181104469623,inner,,False,True,True
HD 120084 b,HD 120084,radial velocity,2013,2142.0,12.7,2034.1018048,4879.0,10.37,2.16,6.400008195627825,1.1330181104469623,inner,0.0,True,True,True
HD 121504 b,HD 121504,radial velocity,2003,63.33,13.6,,6027.0,1.07,1.62,,1.2133107324471406,inner,,False,True,True
HD 12235 b,HD 12235,radial velocity,2022,4.36305,3.23,,5986.0,1.80185,1.1,,0.2881612989561959,inner,,False,True,True
HD 12235 c,HD 12235,radial velocity,2022,36336.70679,12.5,3135.695063462,5986.0,1.80185,1.1,9.866012634072517,1.1151753055580338,outer,0.0,True,True,True
HD 122562 c,HD 122562,radial velocity,2022,84.96276,10.1,,4956.0,2.16627,1.241,,0.9010616468908913,inner,,False,True,True
HD 124330 b,HD 124330,radial velocity,2021,270.66,14.0,,5873.0,1.30446,1.15,,1.248996342224998,inner,,False,True,True
HD 12484 b,HD 12484,radial velocity,2016,58.83,13.2,,5920.0,1.001848,1.01,,1.1776251226692835,inner,,False,True,True
HD 125271 b,HD 125271,radial velocity,2022,14901.99295,12.4,3465.600949928,4703.93,0.751364,0.75,10.904013963300905,1.1062539031135694,outer,0.0,True,True,True
HD 125390 b,HD 125390,radial velocity,2019,1757.39151,11.9,8646.203984028,4882.0,6.47,1.82,27.20403483654052,1.0616468908912482,inner,0.0,True,True,True
HD 125595 b,HD 125595,radial velocity,2009,9.6737,2.4,,4691.0,0.74,0.29,,0.21411365866714246,inner,,False,True,True
HD 125612 b,HD 125612,radial velocity,2007,557.69994,13.2,,5900.0,1.07,1.05,,1.1776251226692835,habitable,,False,True,True
HD 125612 c,HD 125612,radial velocity,2009,4.15466,4.07,,5900.0,1.07,1.05,,0.36310107948969583,inner,,False,True,True
HD 125612 d,HD 125612,radial velocity,2009,2822.72698,12.7,2281.372305446,5900.0,1.07,1.05,7.178009191908832,1.1330181104469623,outer,0.0,True,True,True
HD 12648 b,HD 12648,radial velocity,2015,133.60001,13.4,,4835.0,11.02,0.67,,1.1954679275582123,inner,,False,True,True
HD 126525 b,HD 126525,radial velocity,2018,960.41,10.3,,5638.0,0.979,0.897,,0.9189044517798198,outer,,False,True,True
HD 12661 b,HD 12661,radial velocity,2000,262.70862,13.3,,5645.0,1.2,1.2,,1.186546525113748,inner,,False,True,True
HD 12661 c,HD 12661,radial velocity,2002,1708.0,13.4,,5748.0,1.11,1.02,,1.1954679275582123,outer,,False,True,True
HD 126614 b,HD 126614,radial velocity,2009,1257.25303,12.7,107.743829973,5568.0,1.369794,0.96,0.33900043411216135,1.1330181104469623,outer,0.0,True,True,True
HD 127506 b,HD 127506,radial velocity,2022,65.78395,5.67,,4595.32,0.735766,0.73,,0.5058435186011241,inner,,False,True,True
HD 128311 b,HD 128311,radial velocity,2002,453.019,13.5,,4965.0,0.76,0.828,,1.2043893300026765,outer,,False,True,True
HD 128311 c,HD 128311,radial velocity,2005,921.538,13.0,1204.25787,4965.0,0.76,0.828,3.789023843084939,1.159782317780355,outer,0.0,True,True,True
HD 128356 b,HD 128356,radial velocity,2016,298.2,13.9,,4875.0,0.85,0.65,,1.2400749397805335,outer,,False,True,True
HD 129445 b,HD 129445,radial velocity,2009,1840.0,13.3,797.74930157,5646.0,1.175816,0.99,2.5100032142227873,1.186546525113748,outer,0.0,True,True,True
HD 130322 b,HD 130322,radial velocity,1999,10.70871,13.7,,5387.0,0.85,0.92,,1.222232134891605,inner,,False,True,True
HD 131496 b,HD 131496,radial velocity,2011,896.0,13.4,,4846.0,4.44,1.34,,1.1954679275582123,inner,,False,True,True
HD 13167 b,HD 13167,radial velocity,2018,2613.0,13.1,,5671.0,2.39,1.35,,1.1687037202248194,habitable,,False,True,True
HD 13189 b,HD 13189,radial velocity,2005,471.60001,12.4,,4175.0,38.41,2.24,,1.1062539031135694,inner,,False,True,True
HD 132406 b,HD 132406,radial velocity,2007,908.0,12.8,1887.90073758,5766.0,1.34,0.973,5.940007606567074,1.1419395128914267,outer,0.0,True,True,True
HD 132563 b,HD 132563,radial velocity,2011,1544.0,13.6,,6289.0,1.29577,1.231,,1.2133107324471406,outer,,False,True,True
HD 133131 A b,HD 133131 A,radial velocity,2016,649.0,13.6,,5799.0,0.955014,0.95,,1.2133107324471406,outer,,False,True,True
HD 133131 A c,HD 133131 A,radial velocity,2016,3568.0,14.3,,5799.0,0.955014,0.95,,1.2757605495583906,outer,,False,True,True
HD 133131 B b,HD 133131 B,radial velocity,2016,5769.0,13.3,,5805.0,0.989538,0.93,,1.186546525113748,outer,,False,True,True
HD 134060 b,HD 134060,radial velocity,2019,3.2696,3.16,,5966.0,1.164285,1.095,,0.28191631724507094,inner,,False,True,True
HD 134060 c,HD 134060,radial velocity,2019,1291.5646,5.91,,5966.0,1.164285,1.095,,0.5272548844678384,outer,,False,True,True
HD 134606 b,HD 134606,radial velocity,2024,12.089,2.97,,5576.0,1.158,1.046,,0.26496565260058885,inner,,False,True,True
HD 134606 c,HD 134606,radial velocity,2024,58.883,3.37,,5576.0,1.158,1.046,,0.3006512623784459,inner,,False,True,True
HD 134606 d,HD 134606,radial velocity,2024,966.5,7.59,,5576.0,1.158,1.046,,0.677134445534838,outer,,False,True,True
HD 134606 e,HD 134606,radial velocity,2024,4.3203,1.33,,5576.0,1.158,1.046,,0.1186546525113748,inner,,False,True,True
HD 134606 f,HD 134606,radial velocity,2024,26.915,2.24,,5576.0,1.158,1.046,,0.19983941475599967,inner,,False,True,True
HD 134987 b,HD 134987,radial velocity,1999,258.17999,13.5,,5736.0,1.22,1.1,,1.2043893300026765,inner,,False,True,True
HD 134987 c,HD 134987,radial velocity,2009,5000.0,13.9,,5585.0,1.25,1.1,,1.2400749397805335,outer,,False,True,True
HD 135344 A b,HD 135344 A,imaging,2025,,16.25302201,3178.28407,9540.0,1.5,2.32,10.000012805668476,1.4499975028994556,unknown,0.0,True,True,True
HD 135625 b,HD 135625,radial velocity,2023,4055.0,13.3,731.0053361,6040.64,1.35743,1.28,2.3000029453037496,1.186546525113748,outer,0.0,True,True,True
HD 135694 b,HD 135694,transit,2023,15.923475568,2.857,6.1,5712.0,1.08,1.02,0.01919277093270574,0.25488446783834423,inner,0.0,True,True,True
HD 135872 b,HD 135872,radial velocity,2022,2422.32597,12.8,1744.560126023,4992.0,3.93038,1.646,5.489007029031426,1.1419395128914267,inner,0.0,True,True,True
HD 136118 b,HD 136118,radial velocity,2022,1187.59765,12.3,4164.187788514,6097.0,1.67754,1.18,13.102016777986837,1.0973325006691053,habitable,0.0,True,True,True
HD 136352 b,HD 136352,radial velocity,2019,11.57797,1.664,4.72,5664.0,1.058,0.87,0.014850799803667393,0.14845213667588544,inner,0.0,True,True,True
HD 136352 c,HD 136352,radial velocity,2019,27.59221,2.916,11.24,5664.0,1.058,0.87,0.035365040210428286,0.2601480952805781,inner,0.0,True,True,True
HD 136352 d,HD 136352,radial velocity,2019,107.245,2.562,8.82,5664.0,1.058,0.87,0.02775085895515814,0.22856633062717457,inner,0.0,True,True,True
HD 136418 b,HD 136418,radial velocity,2009,464.29999,13.3,,4989.0,3.78,1.48,,1.186546525113748,inner,,False,True,True
HD 136925 b,HD 136925,radial velocity,2021,4540.0,13.9,,5773.19,1.193078,0.875104,,1.2400749397805335,outer,,False,True,True
HD 13724 c,HD 13724,radial velocity,2022,142.22895,8.18,,5835.31,1.04198,1.004,,0.7297707199571772,inner,,False,True,True
HD 137388 b,HD 137388,radial velocity,2011,330.0,9.32,,5181.0,0.88,0.68,,0.83147470782407,outer,,False,True,True
HD 137496 b,HD 137496,transit,2021,1.62116,1.31,4.04,5799.0,1.59,1.04,0.012711277798054295,0.11687037202248195,inner,0.0,True,True,True
HD 137496 c,HD 137496,radial velocity,2021,479.9,12.6,,5799.0,1.59,1.04,,1.124096708002498,inner,,False,True,True
HD 13808 b,HD 13808,radial velocity,2021,14.1815,3.35,,5035.0,0.781,0.771,,0.2988669818895531,inner,,False,True,True
HD 13808 c,HD 13808,radial velocity,2021,53.753,3.13,,5035.0,0.781,0.771,,0.27923989651173164,inner,,False,True,True
HD 13908 b,HD 13908,radial velocity,2013,19.382,13.9,,6255.0,1.67,1.29,,1.2400749397805335,inner,,False,True,True
HD 13908 c,HD 13908,radial velocity,2013,931.0,12.8,,6255.0,1.67,1.29,,1.1419395128914267,inner,,False,True,True
HD 13931 b,HD 13931,radial velocity,2009,4218.0,13.2,889.9195396,5867.0,1.25,1.3,2.800003585587173,1.1776251226692835,outer,0.0,True,True,True
HD 139357 b,HD 139357,radial velocity,2008,1124.79139,12.1,6315.568275497,4700.0,11.47,2.69,19.87102544614383,1.0794896957801767,inner,0.0,True,True,True
HD 1397 b,HD 1397,transit,2018,11.53533,11.500434,131.89945,5521.0,2.336,1.324,0.41500261147538925,1.026,inner,0.0,True,True,True
HD 14067 b,HD 14067,radial velocity,2014,2744.0,12.2,4862.7746271,4815.0,12.4,2.4,15.300019592672767,1.0884110982246409,inner,0.0,True,True,True
HD 140901 b,HD 140901,radial velocity,2022,9.02378,4.07,,5610.0,0.95,0.99,,0.36310107948969583,inner,,False,True,True
HD 140901 c,HD 140901,radial velocity,2022,14386.0,13.4,572.0911326,5610.0,0.95,1.06,1.8000023050203258,1.1954679275582123,outer,0.0,True,True,True
HD 141004 b,HD 141004,radial velocity,2021,15.5083,3.77,,5885.38,1.389372,1.051904,,0.336336872156303,inner,,False,True,True
HD 141399 b,HD 141399,radial velocity,2014,94.44,14.3,,5600.0,1.387236,1.07,,1.2757605495583906,inner,,False,True,True
HD 141399 c,HD 141399,radial velocity,2014,201.99,13.6,,5600.0,1.387236,1.07,,1.2133107324471406,inner,,False,True,True
HD 141399 d,HD 141399,radial velocity,2014,1069.8,13.7,,5600.0,1.387236,1.07,,1.222232134891605,habitable,,False,True,True
HD 141399 e,HD 141399,radial velocity,2014,5000.0,14.1,,5600.0,1.387236,1.07,,1.257917744669462,outer,,False,True,True
HD 141937 b,HD 141937,radial velocity,2002,653.21997,12.5,,5870.0,1.03,1.09,,1.1151753055580338,habitable,,False,True,True
HD 142 A d,HD 142,radial velocity,2022,108.45299,10.9,,6245.0,1.47,1.21,,0.9724328664466054,inner,,False,True,True
HD 142 b,HD 142,radial velocity,2001,351.43394,12.7,2256.5816897,6245.0,1.47,1.21,7.100009092024617,1.1330181104469623,inner,0.0,True,True,True
HD 142 c,HD 142,radial velocity,2012,10159.64279,12.4,3464.647464707,6245.0,1.47,1.21,10.901013959459204,1.1062539031135694,outer,0.0,True,True,True
HD 142022 A b,HD 142022 A,radial velocity,2005,1928.0,12.9,1433.40611557,5421.0,1.04,0.9,4.510005775356483,1.1508609153358909,outer,0.0,True,True,True
HD 142245 b,HD 142245,radial velocity,2011,1299.0,13.1,,4922.0,4.63,3.5,,1.1687037202248194,inner,,False,True,True
HD 142415 b,HD 142415,radial velocity,2003,386.29999,13.5,,5940.0,1.04,1.07,,1.2043893300026765,inner,,False,True,True
HD 143105 b,HD 143105,radial velocity,2016,2.1974,13.7,,6380.0,1.647304,1.51,,1.222232134891605,inner,,False,True,True
HD 143361 b,HD 143361,radial velocity,2008,1039.15,12.9,1382.55357045,5507.0,0.916,0.968,4.350005570465787,1.1508609153358909,outer,0.0,True,True,True
HD 144899 b,HD 144899,radial velocity,2022,40.43914,4.77,,6126.0,1.64802,1.16,,0.42555089660094564,inner,,False,True,True
HD 145377 b,HD 145377,radial velocity,2008,103.95,12.8,,6014.0,1.05,1.2,,1.1419395128914267,inner,,False,True,True
HD 145457 b,HD 145457,radial velocity,2010,176.13,13.2,,4757.0,9.9,1.9,,1.1776251226692835,inner,,False,True,True
HD 145675 c,14 Her,radial velocity,2021,15732.45889,12.9,1597.087745175,5338.0,0.93,0.91,5.025006434848409,1.1508609153358909,outer,0.0,True,True,True
HD 145934 b,HD 145934,radial velocity,2015,2751.53433,13.4,658.540459304,4823.75,6.930587,2.058,2.072002653334508,1.1954679275582123,inner,0.0,True,True,True
HD 1461 b,HD 1461,radial velocity,2010,5.77152,2.42,,5765.0,1.152288,1.02,,0.21589793915603533,inner,,False,True,True
HD 1461 c,HD 1461,radial velocity,2015,13.5052,2.23,,5765.0,1.152288,1.02,,0.19894727451155322,inner,,False,True,True
HD 147018 b,HD 147018,radial velocity,2009,44.236,13.4,,5441.0,0.937948,0.927,,1.1954679275582123,inner,,False,True,True
HD 147018 c,HD 147018,radial velocity,2009,1008.0,12.7,,5441.0,0.937948,0.927,,1.1330181104469623,outer,,False,True,True
HD 147379 b,HD 147379,radial velocity,2017,86.58,4.94,,4090.0,0.628304,0.58,,0.440717280756535,habitable,,False,True,True
HD 147513 b,HD 147513,radial velocity,2003,528.4,13.7,,5883.0,0.98,1.11,,1.222232134891605,habitable,,False,True,True
HD 14787 b,HD 14787,radial velocity,2018,676.6,13.7,,4946.0,5.01,1.43,,1.222232134891605,inner,,False,True,True
HD 147873 b,HD 147873,radial velocity,2016,116.596,12.8,,5972.0,2.29,1.38,,1.1419395128914267,inner,,False,True,True
HD 147873 c,HD 147873,radial velocity,2016,491.54,13.3,,5972.0,2.29,1.38,,1.186546525113748,inner,,False,True,True
HD 148156 b,HD 148156,radial velocity,2009,1027.0,13.9,,6308.0,1.21,1.22,,1.2400749397805335,habitable,,False,True,True
HD 148164 b,HD 148164,radial velocity,2018,328.55,13.7,,6032.0,1.34,1.21,,1.222232134891605,inner,,False,True,True
HD 148164 c,HD 148164,radial velocity,2018,5062.0,12.8,,6032.0,1.34,1.21,,1.1419395128914267,outer,,False,True,True
HD 148427 b,HD 148427,radial velocity,2009,331.5,13.6,,5025.0,3.86,1.64,,1.2133107324471406,inner,,False,True,True
HD 149026 b,HD 149026,radial velocity,2005,2.87589,8.29466,120.7754,6179.0,1.41,1.42,0.3800023912304769,0.7400000000000001,inner,0.0,True,True,True
HD 149143 b,HD 149143,radial velocity,2005,4.07182,13.6,,5856.0,1.44,1.2,,1.2133107324471406,inner,,False,True,True
HD 149806 b,HD 149806,radial velocity,2022,16521.52778,12.3,4003.684442979,5352.05,0.89,0.93,12.597016131300578,1.0973325006691053,outer,0.0,True,True,True
HD 150010 b,HD 150010,radial velocity,2022,562.0,13.3,,4153.0,16.2,1.3,,1.186546525113748,inner,,False,True,True
HD 1502 b,HD 1502,radial velocity,2011,428.5,13.2,,4947.0,4.67,1.46,,1.1776251226692835,inner,,False,True,True
HD 150706 b,HD 150706,radial velocity,2012,5894.0,13.3,772.32302901,5961.0,0.96,1.17,2.4300031117774394,1.186546525113748,outer,0.0,True,True,True
HD 151450 b,HD 151450,radial velocity,2022,21.89288,6.94,,6091.98,1.17184,1.14,,0.6191453296458204,inner,,False,True,True
HD 151450 c,HD 151450,radial velocity,2022,18144.76236,12.8,1636.180639236,6091.98,1.17184,1.14,5.148006592358131,1.1419395128914267,outer,0.0,True,True,True
HD 152079 b,HD 152079,radial velocity,2009,2918.92,13.2,,5907.0,1.128,1.147,,1.1776251226692835,outer,,False,True,True
HD 152581 b,HD 152581,radial velocity,2011,686.5,13.4,,5027.0,5.14,1.3,,1.1954679275582123,inner,,False,True,True
HD 152843 b,HD 152843,transit,2021,11.6264,3.41,11.56,6310.0,1.43,1.15,0.03637187409542269,0.3042198233562316,inner,0.0,True,True,True
HD 152843 c,HD 152843,transit,2021,24.38,5.83,27.5,6310.0,1.43,1.15,0.08652478699170621,0.5201177625122669,inner,0.0,True,True,True
HD 15337 b,HD 15337,transit,2019,4.7559804,1.77,6.519,5131.0,0.855,0.829,0.020511094050870284,0.15790882326701758,inner,0.0,True,True,True
HD 15337 c,HD 15337,transit,2019,17.180546,2.526,6.792,5131.0,0.855,0.829,0.02137004920900613,0.22535462574716744,inner,0.0,True,True,True
HD 153557 b,HD 153557,radial velocity,2022,7.29903,4.77,,4837.0,0.745171,0.79,,0.42555089660094564,inner,,False,True,True
HD 153557 c,HD 153557,radial velocity,2022,15.27018,4.36,,4837.0,0.745171,0.79,,0.3889731465786422,inner,,False,True,True
HD 153557 d,HD 153557,radial velocity,2022,40654.64809,11.9,8725.661085778,4837.0,0.745171,0.79,27.45403515668223,1.0616468908912482,outer,0.0,True,True,True
HD 153950 b,HD 153950,radial velocity,2008,499.39999,13.2,,6124.0,1.28,1.25,,1.1776251226692835,inner,,False,True,True
HD 154088 b,HD 154088,radial velocity,2021,18.56,2.46,,5374.0,0.95,0.91,,0.21946650013382105,inner,,False,True,True
HD 154345 b,HD 154345,radial velocity,2006,3341.55884,13.7,378.21580433,5468.0,0.85,0.71,1.1900015238745487,1.222232134891605,outer,0.0,True,True,True
HD 154391 b,HD 154391,radial velocity,2023,5163.0,12.5,2892.2385037,4909.0,8.56,2.07,9.100011653158312,1.1151753055580338,inner,0.0,True,True,True
HD 154672 b,HD 154672,radial velocity,2008,163.94,12.8,,5743.0,1.32,1.18,,1.1419395128914267,inner,,False,True,True
HD 154857 b,HD 154857,radial velocity,2004,408.60001,13.3,,5589.0,2.3,1.96,,1.186546525113748,inner,,False,True,True
HD 154857 c,HD 154857,radial velocity,2014,3452.0,13.2,,5605.0,1.76,1.718,,1.1776251226692835,habitable,,False,True,True
HD 155193 b,HD 155193,radial velocity,2021,352.65,14.0,,6239.0,1.76439,1.221,,1.248996342224998,inner,,False,True,True
HD 155358 b,HD 155358,radial velocity,2007,194.3,13.8,,5905.0,1.38,1.15,,1.2311535373360694,inner,,False,True,True
HD 155358 c,HD 155358,radial velocity,2007,391.9,13.9,,5900.0,1.38,0.92,,1.2400749397805335,inner,,False,True,True
HD 155918 b,HD 155918,radial velocity,2022,1.87567,2.67,,5771.84,1.01906,1.03,,0.238201445267196,inner,,False,True,True
HD 155918 c,HD 155918,radial velocity,2022,17202.19446,12.8,1878.048056963,5771.84,1.01906,1.03,5.909007566869502,1.1419395128914267,outer,0.0,True,True,True
HD 156098 b,HD 156098,radial velocity,2022,21.85849,4.12,,6419.19,2.75716,1.29,,0.3675617807119279,inner,,False,True,True
HD 156098 c,HD 156098,radial velocity,2022,7841.5839,12.8,1661.606911796,6419.19,2.75716,1.29,5.228006694803479,1.1419395128914267,outer,0.0,True,True,True
HD 156279 b,HD 156279,radial velocity,2011,133.40355,12.5,,5453.0,0.95,0.94,,1.1151753055580338,inner,,False,True,True
HD 156279 c,HD 156279,radial velocity,2018,4818.25358,12.5,3098.82696825,5453.0,0.95,0.94,9.750012485526764,1.1151753055580338,outer,0.0,True,True,True
HD 156411 b,HD 156411,radial velocity,2009,842.2,14.0,,5900.0,2.16,1.25,,1.248996342224998,inner,,False,True,True
HD 156668 b,HD 156668,radial velocity,2010,4.6455,1.87,,4850.0,0.72,0.772,,0.16683022571148187,inner,,False,True,True
HD 156668 c,HD 156668,radial velocity,2021,811.3,6.17,,4903.69,0.774528,0.785167,,0.5504505308234454,outer,,False,True,True
HD 156846 b,HD 156846,radial velocity,2007,359.51001,12.4,,6090.0,1.9,1.38,,1.1062539031135694,inner,,False,True,True
HD 158038 b,HD 158038,radial velocity,2011,521.0,13.5,,4860.0,4.5,1.3,,1.2043893300026765,inner,,False,True,True
HD 158259 b,HD 158259,radial velocity,2020,2.178,1.28228,,5801.89,1.21,1.08,,0.11439735926487644,inner,,False,True,True
HD 158259 c,HD 158259,radial velocity,2020,3.432,2.23,,5801.89,1.21,1.08,,0.19894727451155322,inner,,False,True,True
HD 158259 d,HD 158259,radial velocity,2020,5.1980814,2.18,,5801.89,1.21,1.08,,0.1944865732893211,inner,,False,True,True
HD 158259 e,HD 158259,radial velocity,2020,7.951,2.34,,5801.89,1.21,1.08,,0.2087608172004639,inner,,False,True,True
HD 158259 f,HD 158259,radial velocity,2020,12.028,2.35,,5801.89,1.21,1.08,,0.20965295744491036,inner,,False,True,True
HD 158996 b,HD 158996,radial velocity,2018,820.2,12.3,,4069.0,50.3,1.8,,1.0973325006691053,inner,,False,True,True
HD 15906 b,HD 15906,transit,2023,10.924709,2.24,,4757.0,0.762,0.79,,0.19983941475599967,inner,,False,True,True
HD 15906 c,HD 15906,transit,2023,21.583298,2.93,,4757.0,0.762,0.79,,0.2613970916228031,inner,,False,True,True
HD 159243 b,HD 159243,radial velocity,2013,12.62,13.7,,6123.0,1.12,1.125,,1.222232134891605,inner,,False,True,True
HD 159243 c,HD 159243,radial velocity,2013,248.4,13.4,,6123.0,1.12,1.125,,1.1954679275582123,inner,,False,True,True
HD 159868 b,HD 159868,radial velocity,2006,1184.1,13.3,,5534.0,2.13,1.19,,1.186546525113748,inner,,False,True,True
HD 159868 c,HD 159868,radial velocity,2012,351.0,14.0,,5534.0,2.13,1.19,,1.248996342224998,inner,,False,True,True
HD 1605 b,HD 1605,radial velocity,2015,577.2,13.8,,4915.0,3.49,1.33,,1.2311535373360694,inner,,False,True,True
HD 1605 c,HD 1605,radial velocity,2015,2149.0,13.0,,4915.0,3.49,1.33,,1.159782317780355,inner,,False,True,True
HD 160691 b,HD 160691,radial velocity,2000,645.0,,1366.6621501,5773.0,1.33,1.13,4.3000055064374445,,inner,,True,False,True
HD 160691 c,HD 160691,radial velocity,2004,3947.0,,1398.4449908,5773.0,1.33,1.13,4.400005634494129,,outer,,True,False,True
HD 160691 d,HD 160691,radial velocity,2004,9.6392,3.17,,5773.0,1.33,1.13,,0.28280845748951733,inner,,False,True,True
HD 160691 e,HD 160691,radial velocity,2006,307.9,,2224.798849,5773.0,1.33,1.13,7.000008963967932,,inner,,True,False,True
HD 161178 b,HD 161178,radial velocity,2021,279.3,14.1,,4786.0,10.95,1.06,,1.257917744669462,inner,,False,True,True
HD 16141 b,HD 16141,radial velocity,2000,75.523,10.9,,5757.0,1.48,1.11,,0.9724328664466054,inner,,False,True,True
HD 16175 b,HD 16175,radial velocity,2009,990.0,12.8,1875.1876013,5981.0,1.72,1.63,5.900007555344401,1.1419395128914267,inner,0.0,True,True,True
HD 162020 b,HD 162020,radial velocity,2002,8.4282,12.5,,4723.0,0.75,0.42,,1.1151753055580338,inner,,False,True,True
HD 163607 b,HD 163607,radial velocity,2010,75.2203,13.9,,5522.0,1.76,1.12,,1.2400749397805335,inner,,False,True,True
HD 163607 c,HD 163607,radial velocity,2010,1272.0,13.3,,5522.0,1.76,1.12,,1.186546525113748,habitable,,False,True,True
HD 16417 b,HD 16417,radial velocity,2008,17.24,5.0,,5841.0,1.639984,1.2,,0.4460701222232135,inner,,False,True,True
HD 164509 b,HD 164509,radial velocity,2010,280.17,14.3,,5859.0,1.11,1.12,,1.2757605495583906,inner,,False,True,True
HD 164595 b,HD 164595,radial velocity,2015,40.0,4.16,,5790.0,1.023606,0.99,,0.37113034168971365,inner,,False,True,True
HD 164604 b,HD 164604,radial velocity,2009,641.472,12.3,4544.9462201,4684.0,0.77124,0.77,14.30001831210592,1.0973325006691053,outer,0.0,True,True,True
HD 164922 b,HD 164922,radial velocity,2005,1207.0,13.3,,5390.0,0.946,0.926,,1.186546525113748,outer,,False,True,True
HD 164922 c,HD 164922,radial velocity,2016,75.74,3.66,,5390.0,0.946,0.926,,0.3265233294673923,inner,,False,True,True
HD 164922 d,HD 164922,radial velocity,2020,12.458,1.83,,5390.0,0.946,0.926,,0.16326166473369616,inner,,False,True,True
HD 164922 e,HD 164922,radial velocity,2021,41.763,3.23,,5393.43,1.001813,0.921146,,0.2881612989561959,inner,,False,True,True
HD 165131 b,HD 165131,radial velocity,2023,2342.6,12.1,5943.3912109,5870.0,1.06419,1.06,18.70002394660005,1.0794896957801767,outer,0.0,True,True,True
HD 165155 b,HD 165155,radial velocity,2016,434.5,13.2,,5426.0,0.95,1.02,,1.1776251226692835,habitable,,False,True,True
HD 1666 b,HD 1666,radial velocity,2015,270.0,12.7,,6317.0,1.93,1.5,,1.1330181104469623,inner,,False,True,True
HD 166724 b,HD 166724,radial velocity,2012,5144.0,13.0,1207.7479466,5127.0,0.797485,0.81,3.8000048661540204,1.159782317780355,outer,0.0,True,True,True
HD 167042 b,HD 167042,radial velocity,2007,417.67,13.6,,4919.0,4.63,1.39,,1.2133107324471406,inner,,False,True,True
HD 167677 b,HD 167677,radial velocity,2023,1820.0,13.2,905.81095995,5474.0,0.95271,0.96,2.8500036496155157,1.1776251226692835,outer,0.0,True,True,True
HD 167768 b,HD 167768,radial velocity,2022,20.6532,13.9,,4851.0,9.7,1.08,,1.2400749397805335,inner,,False,True,True
HD 168009 b,HD 168009,radial velocity,2021,15.1479,3.05,,5778.33,1.209505,0.986073,,0.2721027745561602,inner,,False,True,True
HD 168443 b,HD 168443,radial velocity,1998,58.11187,12.6,,5491.0,1.711479,0.98,,1.124096708002498,inner,,False,True,True
HD 168443 c,HD 168443,radial velocity,2000,1753.1096,12.2,5500.338411542,5491.0,1.711479,0.98,17.306022161489864,1.0884110982246409,outer,0.0,True,True,True
HD 168746 b,HD 168746,radial velocity,2002,6.404,11.1,,5570.0,1.09,1.07,,0.990275671335534,inner,,False,True,True
HD 168863 b,HD 168863,radial velocity,2022,14773.93272,12.7,2154.87659946,4905.0,0.777826,0.8,6.780008682243226,1.1330181104469623,outer,0.0,True,True,True
HD 1690 b,HD 1690,radial velocity,2010,533.0,12.5,,4374.0,21.66,1.86,,1.1151753055580338,inner,,False,True,True
HD 16905 b,HD 16905,radial velocity,2022,10256.0,12.4,3591.4609991,4866.12,0.77494,0.85,11.300014470405378,1.1062539031135694,outer,0.0,True,True,True
HD 169142 b,HD 169142,imaging,2023,,13.1,953.485221,7246.0,1.53702,1.85,3.0000038417005426,1.1687037202248194,unknown,0.0,True,True,True
HD 169830 b,HD 169830,radial velocity,2000,225.67372,13.2,,6300.0,1.935709,1.17,,1.1776251226692835,inner,,False,True,True
HD 169830 c,HD 169830,radial velocity,2003,1818.82339,12.6,2437.426053283,6300.0,1.935709,1.17,7.669009820667154,1.124096708002498,habitable,0.0,True,True,True
HD 170469 b,HD 170469,radial velocity,2007,1145.0,14.1,,5842.0,1.24,1.1,,1.257917744669462,outer,,False,True,True
HD 17092 b,HD 17092,radial velocity,2007,359.89999,12.5,,4326.0,13.58,6.73,,1.1151753055580338,inner,,False,True,True
HD 171028 b,HD 171028,radial velocity,2007,550.0,13.2,,5671.0,2.47,1.53,,1.1776251226692835,inner,,False,True,True
HD 171238 b,HD 171238,radial velocity,2009,1532.0,12.5,2796.8899816,5440.0,1.01,0.96,8.800011268988259,1.1151753055580338,outer,0.0,True,True,True
HD 17156 b,HD 17156,radial velocity,2007,21.21663,12.3299,1115.5833,6040.0,1.55,1.41,3.5100220874183523,1.1,inner,0.0,True,True,True
HD 173416 b,HD 173416,radial velocity,2008,322.03,13.4,,4683.0,13.5,2.0,,1.1954679275582123,inner,,False,True,True
HD 174205 b,HD 174205,radial velocity,2022,582.0,13.0,,4308.0,26.6,1.8,,1.159782317780355,inner,,False,True,True
HD 175167 b,HD 175167,radial velocity,2009,1175.0,12.3,4703.8604236,5635.0,1.75,1.09,14.800018952389344,1.0973325006691053,habitable,0.0,True,True,True
HD 175541 b,HD 175541,radial velocity,2007,298.43,14.1,,5013.0,4.19,1.39,,1.257917744669462,inner,,False,True,True
HD 175607 b,HD 175607,radial velocity,2015,29.01,2.94,,5392.0,0.7,0.71,,0.26228923186724956,inner,,False,True,True
HD 17674 b,HD 17674,radial velocity,2017,623.8,13.9,,5904.0,1.18,0.98,,1.2400749397805335,habitable,,False,True,True
HD 176986 b,HD 176986,radial velocity,2017,6.4898,2.26,,4931.0,0.782,0.789,,0.2016236952448925,inner,,False,True,True
HD 176986 c,HD 176986,radial velocity,2017,16.8191,2.98,,4931.0,0.782,0.789,,0.26585779284503525,inner,,False,True,True
HD 177565 b,HD 177565,radial velocity,2017,44.505,4.0,,5627.0,0.971489,1.0,,0.3568560977785708,inner,,False,True,True
HD 177830 b,HD 177830,radial velocity,1999,410.10001,13.5,,4901.0,3.26,1.7,,1.2043893300026765,inner,,False,True,True
HD 177830 c,HD 177830,radial velocity,2010,110.9,7.87,,4949.0,2.62,1.47,,0.702114372379338,inner,,False,True,True
HD 178911 B b,HD 178911 B,radial velocity,2001,71.484,12.6,,5588.0,1.08,1.24,,1.124096708002498,inner,,False,True,True
HD 179079 b,HD 179079,radial velocity,2008,14.479,5.48,,5646.0,1.63,1.14,,0.48889285395664206,inner,,False,True,True
HD 179949 b,HD 179949,radial velocity,2000,3.092514,13.9,,6168.0,1.266865,1.21,,1.2400749397805335,inner,,False,True,True
HD 180053 b,HD 180053,radial velocity,2018,213.72,13.3,,5131.0,4.06,1.75,,1.186546525113748,inner,,False,True,True
HD 18015 b,HD 18015,radial velocity,2018,2278.0,13.1,1048.8337431,5603.0,3.13,1.49,3.300004225870597,1.1687037202248194,inner,0.0,True,True,True
HD 180314 b,HD 180314,radial velocity,2010,394.73,12.0,,4917.0,9.2,2.6,,1.0705682933357124,inner,,False,True,True
HD 180617 b,HD 180617,radial velocity,2018,105.911,3.53,,3534.0,0.481,0.484,,0.3149255062895887,outer,,False,True,True
HD 180902 b,HD 180902,radial velocity,2009,510.9,13.5,,4961.0,4.16,1.41,,1.2043893300026765,inner,,False,True,True
HD 181234 b,HD 181234,radial velocity,2019,7593.40512,12.5,2980.912629253,5386.0,1.059423,0.94,9.379012010436464,1.1151753055580338,outer,0.0,True,True,True
HD 181342 b,HD 181342,radial velocity,2009,564.1,13.2,,4945.0,4.71,1.69,,1.1776251226692835,inner,,False,True,True
HD 18143 b,HD 18143,radial velocity,2022,10.2851,3.28,,5078.0,0.87,0.85,,0.29262200017842804,inner,,False,True,True
HD 18143 c,HD 18143,radial velocity,2022,28982.41764,12.5,3177.648413186,5078.0,0.87,0.85,9.998012803107342,1.1151753055580338,outer,0.0,True,True,True
HD 181433 b,HD 181433,radial velocity,2008,9.3743,2.4,,4918.0,0.79,0.63,,0.21411365866714246,inner,,False,True,True
HD 181433 c,HD 181433,radial velocity,2008,962.0,14.1,,4962.0,0.79,0.78,,1.257917744669462,outer,,False,True,True
HD 181433 d,HD 181433,radial velocity,2008,2172.0,14.2,,4962.0,0.79,0.78,,1.2668391471139262,outer,,False,True,True
HD 181720 b,HD 181720,radial velocity,2009,956.0,14.0,,5736.0,1.5,1.03,,1.248996342224998,habitable,,False,True,True
HD 183263 b,HD 183263,radial velocity,2004,624.87404,13.1,,5948.0,1.23,1.06,,1.1687037202248194,habitable,,False,True,True
HD 183263 c,HD 183263,radial velocity,2008,4667.97841,12.5,2958.98246917,5948.0,1.23,1.06,9.31001192207735,1.1151753055580338,outer,0.0,True,True,True
HD 183579 b,HD 183579,transit,2021,17.471291,3.49,20.4,5784.0,0.96,0.996,0.06418566016839297,0.311356945311803,inner,0.0,True,True,True
HD 184010 b,HD 184010,radial velocity,2022,286.6,12.1,,4971.0,4.86,1.35,,1.0794896957801767,inner,,False,True,True
HD 184010 c,HD 184010,radial velocity,2022,484.3,11.8,,4971.0,4.86,1.35,,1.052725488446784,inner,,False,True,True
HD 184010 d,HD 184010,radial velocity,2022,836.4,14.3,,4971.0,4.86,1.35,,1.2757605495583906,inner,,False,True,True
HD 18438 b,HD 18438,radial velocity,2023,803.0,12.1,,3860.0,88.475,1.84,,1.0794896957801767,inner,,False,True,True
HD 185269 b,HD 185269,radial velocity,2006,6.83776,13.8,,5923.0,2.0,1.3,,1.2311535373360694,inner,,False,True,True
HD 185283 b,HD 185283,radial velocity,2023,4060.0,13.6,413.1769291,4848.0,0.743303,0.8,1.3000016647369017,1.2133107324471406,outer,0.0,True,True,True
HD 18599 b,HD 18599,transit,2022,4.1374354,2.6,24.1,5145.0,0.767,0.863,0.07582717696364072,0.23195646355607102,inner,0.0,True,True,True
HD 187085 b,HD 187085,radial velocity,2006,1019.74,13.9,,6117.0,1.27,1.189,,1.2400749397805335,habitable,,False,True,True
HD 187123 b,HD 187123,radial velocity,1998,3.0965828,14.2,,5790.0,1.15043,1.04,,1.2668391471139262,inner,,False,True,True
HD 187123 c,HD 187123,radial velocity,2008,3810.0,13.4,,5790.0,1.15043,1.04,,1.1954679275582123,outer,,False,True,True
HD 18742 b,HD 18742,radial velocity,2011,766.0,13.1,,4940.0,5.13,1.36,,1.1687037202248194,inner,,False,True,True
HD 188015 b,HD 188015,radial velocity,2004,461.2,13.6,,5746.0,1.125296,1.09,,1.2133107324471406,inner,,False,True,True
HD 188641 b,HD 188641,radial velocity,2022,14583.81038,11.9,9333.031171555,5897.32,1.94492,1.07,29.365037603845476,1.0616468908912482,outer,0.0,True,True,True
HD 189567 b,HD 189567,radial velocity,2021,14.288,2.85,,5726.0,1.04,0.83,,0.2542599696672317,inner,,False,True,True
HD 189567 c,HD 189567,radial velocity,2021,33.688,2.54,,5726.0,1.04,0.83,,0.22660362208939247,inner,,False,True,True
HD 189733 b,HD 189733,radial velocity,2005,2.21857567,12.66617,359.1479,5052.0,0.75,0.79,1.1300071107643128,1.13,inner,0.0,True,True,True
HD 190007 b,HD 190007,radial velocity,2020,11.724128,4.06,,4610.0,0.79,0.77,,0.36220893924524933,inner,,False,True,True
HD 190228 b,HD 190228,radial velocity,2022,1143.59858,12.9,1598.67688721,5360.0,2.58658,1.415,5.030006441251243,1.1508609153358909,inner,0.0,True,True,True
HD 190360 b,HD 190360,radial velocity,2003,2854.0,13.4,572.0911326,5552.0,1.14,1.0,1.8000023050203258,1.1954679275582123,outer,0.0,True,True,True
HD 190360 c,HD 190360,radial velocity,2005,17.111,4.59,,5549.0,1.16804,0.98,,0.40949237220091,inner,,False,True,True
HD 190647 b,HD 190647,radial velocity,2007,1176.45,13.4,,5656.0,1.376,1.069,,1.1954679275582123,outer,,False,True,True
HD 190984 b,HD 190984,radial velocity,2009,4885.0,13.0,1137.82569706,5988.0,1.53,0.91,3.5800045844293145,1.159782317780355,outer,0.0,True,True,True
HD 191806 b,HD 191806,radial velocity,2016,1603.38923,12.5,2966.610350938,6010.0,1.40223,1.07,9.334011952810956,1.1151753055580338,outer,0.0,True,True,True
HD 191939 b,HD 191939,transit,2020,8.8803256,3.41,10.0,5348.0,0.94,0.81,0.03146355890607499,0.3042198233562316,inner,0.0,True,True,True
HD 191939 c,HD 191939,transit,2020,28.579743,3.195,8.0,5348.0,0.94,0.81,0.02517084712485999,0.2850388081006334,inner,0.0,True,True,True
HD 191939 d,HD 191939,transit,2020,38.353037,2.995,2.8,5348.0,0.94,0.81,0.008809796493700995,0.2671960032117049,inner,0.0,True,True,True
HD 191939 e,HD 191939,radial velocity,2022,101.12,13.0,,5348.0,0.94,0.81,,1.159782317780355,inner,,False,True,True
HD 191939 f,HD 191939,radial velocity,2022,2898.0,13.2,,5348.0,0.94,0.81,,1.1776251226692835,outer,,False,True,True
HD 191939 g,HD 191939,radial velocity,2022,284.0,3.74,,5348.0,0.94,0.81,,0.33366045142296374,habitable,,False,True,True
HD 192263 b,HD 192263,radial velocity,1999,24.3556,14.2,,4976.0,0.74,0.66,,1.2668391471139262,inner,,False,True,True
HD 192310 b,HD 192310,radial velocity,2011,74.72,4.27,,5166.0,0.857922,0.8,,0.3809438843786243,inner,,False,True,True
HD 192310 c,HD 192310,radial velocity,2011,525.8,5.25,,5166.0,0.857922,0.8,,0.4683736283343742,outer,,False,True,True
HD 192699 b,HD 192699,radial velocity,2007,340.94,13.4,,5041.0,4.41,1.38,,1.1954679275582123,inner,,False,True,True
HD 194490 b,HD 194490,radial velocity,2022,13092.18348,12.4,3561.902957249,5861.32,1.14911,1.06,11.20701435131266,1.1062539031135694,outer,0.0,True,True,True
HD 195019 b,HD 195019,radial velocity,1998,18.20132,13.0,,5751.0,1.48,1.21,,1.159782317780355,inner,,False,True,True
HD 196050 b,HD 196050,radial velocity,2002,1392.0,12.9,1493.7935129,5879.0,1.42,1.27,4.700006018664183,1.1508609153358909,habitable,0.0,True,True,True
HD 196067 b,HD 196067,radial velocity,2012,3638.0,12.3,3972.8550875,6017.0,1.73,1.29,12.500016007085595,1.0973325006691053,outer,0.0,True,True,True
HD 19615 b,HD 19615,radial velocity,2022,402.0,12.6,,4263.0,32.3,1.1,,1.124096708002498,inner,,False,True,True
HD 196885 A b,HD 196885 A,radial velocity,2007,1333.0,13.2,,6254.0,1.31,1.28,,1.1776251226692835,habitable,,False,True,True
HD 197037 b,HD 197037,radial velocity,2012,1035.7,13.9,,6150.0,1.105,1.11,,1.2400749397805335,outer,,False,True,True
HD 199509 b,HD 199509,radial velocity,2022,99.62167,7.43,,5796.02,0.92,1.04,,0.6628602016236952,inner,,False,True,True
HD 19994 b,HD 19994,radial velocity,2003,466.2,13.6,,6188.0,1.79647,1.365,,1.2133107324471406,inner,,False,True,True
HD 20003 b,HD 20003,radial velocity,2019,11.8482,3.43,,5494.0,0.921637,0.875,,0.3060041038451245,inner,,False,True,True
HD 20003 c,HD 20003,radial velocity,2019,33.9239,3.89,,5494.0,0.921637,0.875,,0.34704255508966014,inner,,False,True,True
HD 200964 b,HD 200964,radial velocity,2010,606.3,13.5,,4982.0,4.92,1.39,,1.2043893300026765,inner,,False,True,True
HD 200964 c,HD 200964,radial velocity,2010,852.5,13.7,,4982.0,4.92,1.39,,1.222232134891605,inner,,False,True,True
HD 202206 c,HD 202206,radial velocity,2004,1260.0,12.2,5689.157,5766.0,1.04,1.07,17.900112639540886,1.0884110982246409,outer,0.0,True,True,True
HD 202696 b,HD 202696,radial velocity,2019,517.8,,634.38868,5040.0,6.43,1.91,1.9960125602527155,,inner,,True,False,True
HD 202696 c,HD 202696,radial velocity,2019,946.6,,592.43512,5040.0,6.43,1.91,1.8640117296147602,,inner,,True,False,True
HD 202772 A b,HD 202772 A,transit,2019,3.308958,17.317905,323.23311,6272.0,2.591,1.72,1.0170063996878815,1.545,inner,0.0,True,True,True
HD 203030 b,HD 203030,imaging,2006,,14.4595851,3496.112477,5603.0,0.856458,0.94,11.000014086235323,1.2899977785707915,unknown,0.0,True,True,True
HD 20329 b,HD 20329,transit,2022,0.926118,1.72,7.42,5596.0,1.13,0.9,0.02334596070830764,0.15344812204478545,inner,0.0,True,True,True
HD 203387 b,HD 203387,radial velocity,2022,512.5352,13.1,,5174.32,10.5852,2.817,,1.1687037202248194,inner,,False,True,True
HD 203387 c,HD 203387,radial velocity,2022,2481.07227,12.6,2378.945626395,5174.32,10.5852,2.817,7.485009585042854,1.124096708002498,inner,0.0,True,True,True
HD 2039 b,HD 2039,radial velocity,2002,1120.0,12.7,,5945.0,1.19,1.23,,1.1330181104469623,habitable,,False,True,True
HD 204313 b,HD 204313,radial velocity,2010,2041.11539,12.9,1466.778098305,5767.0,1.1,1.03,4.615005909816001,1.1508609153358909,outer,0.0,True,True,True
HD 204313 c,HD 204313,radial velocity,2015,34.95875,4.31,,5767.0,1.1,1.03,,0.38451244535641,inner,,False,True,True
HD 204313 e,HD 204313,radial velocity,2022,7325.64666,12.2,4868.177710019,5767.0,1.1,1.03,15.317019614442405,1.0884110982246409,outer,0.0,True,True,True
HD 204941 b,HD 204941,radial velocity,2011,1733.0,10.1,,5026.0,0.78,0.58,,0.9010616468908913,outer,,False,True,True
HD 205158 b,HD 205158,radial velocity,2022,25.33798,13.9,,6133.55,1.87741,1.16,,1.2400749397805335,inner,,False,True,True
HD 205739 b,HD 205739,radial velocity,2008,279.8,13.6,,6176.0,1.33,1.22,,1.2133107324471406,inner,,False,True,True
HD 206255 b,HD 206255,radial velocity,2019,96.045,6.47,,5635.0,2.221489,1.42,,0.5772147381568382,inner,,False,True,True
HD 206610 b,HD 206610,radial velocity,2009,673.2,13.4,,4842.0,6.12,1.55,,1.1954679275582123,inner,,False,True,True
HD 206893 b,HD 206893,imaging,2021,9350.0,14.01122587,8899.195396,6500.0,1.31116,1.32,28.00003585587173,1.2499978472655902,outer,0.0,True,True,True
HD 206893 c,HD 206893,imaging,2022,2090.0,16.36511182,4036.4207689,6500.0,1.31116,1.32,12.700016263198965,1.4599974859487912,outer,0.0,True,True,True
HD 207496 b,HD 207496,transit,2023,6.441008,2.25,6.1,4819.0,0.769,0.8,0.01919277093270574,0.20073155500044607,inner,0.0,True,True,True
HD 20781 b,HD 20781,radial velocity,2019,5.3135,1.21,,5256.0,0.833609,0.7,,0.10794896957801767,inner,,False,True,True
HD 20781 c,HD 20781,radial velocity,2019,13.8905,2.17,,5256.0,0.833609,0.7,,0.19359443304487464,inner,,False,True,True
HD 20781 d,HD 20781,radial velocity,2019,29.158,3.25,,5256.0,0.833609,0.7,,0.28994557944508875,inner,,False,True,True
HD 20781 e,HD 20781,radial velocity,2019,85.5073,3.83,,5256.0,0.833609,0.7,,0.34168971362298156,inner,,False,True,True
HD 20782 b,HD 20782,radial velocity,2006,597.0643,13.6,,5782.13,1.12681,1.04,,1.2133107324471406,habitable,,False,True,True
HD 207832 b,HD 207832,radial velocity,2012,160.07,14.2,,5726.0,0.89,1.05,,1.2668391471139262,inner,,False,True,True
HD 207832 c,HD 207832,radial velocity,2012,1155.7,14.0,,5710.0,0.901,0.94,,1.248996342224998,outer,,False,True,True
HD 207897 b,HD 207897,transit,2021,16.20166,2.34302132,14.8,5106.0,0.7827,0.8208,0.04656606718099098,0.209030361316799,inner,0.0,True,True,True
HD 20794 b,HD 20794,radial velocity,2011,18.314,1.45,,5368.0,0.93,0.79,,0.1293603354447319,inner,,False,True,True
HD 20794 d,HD 20794,radial velocity,2011,89.68,2.04,,5368.0,0.93,0.79,,0.1819966098670711,inner,,False,True,True
HD 20794 e,HD 20794,radial velocity,2017,147.02,2.03,,5401.0,0.93,0.813,,0.18110446962262466,inner,,False,True,True
HD 20794 f,HD 20794,radial velocity,2025,647.6,2.28,,5368.0,0.93,0.79,,0.20340797573378533,outer,,False,True,True
HD 208487 b,HD 208487,radial velocity,2004,130.08,14.2,,6067.0,1.198429,1.13,,1.2668391471139262,inner,,False,True,True
HD 208527 b,HD 208527,radial velocity,2012,875.5,12.5,,4035.0,51.1,1.6,,1.1151753055580338,inner,,False,True,True
HD 20868 b,HD 20868,radial velocity,2008,380.85001,13.7,,4802.0,0.76,0.39,,1.222232134891605,outer,,False,True,True
HD 208897 b,HD 208897,radial velocity,2017,358.27,13.7,,4860.0,4.98,1.25,,1.222232134891605,inner,,False,True,True
HD 209458 b,HD 209458,radial velocity,1999,3.52474859,15.58051,232.0159,6091.0,1.19,1.23,0.7300045936796004,1.3900000000000001,inner,0.0,True,True,True
HD 210193 b,HD 210193,radial velocity,2019,649.918,14.3,,5790.0,1.05971,1.04,,1.2757605495583906,habitable,,False,True,True
HD 210277 b,HD 210277,radial velocity,1998,442.19,13.6,,5538.0,1.07,1.01,,1.2133107324471406,habitable,,False,True,True
HD 210702 b,HD 210702,radial velocity,2007,355.5,13.6,,4912.0,4.54,1.33,,1.2133107324471406,inner,,False,True,True
HD 211403 b,HD 211403,radial velocity,2021,223.8,12.8,,6273.0,1.206,1.2,,1.1419395128914267,inner,,False,True,True
HD 211810 b,HD 211810,radial velocity,2018,1558.0,14.0,,5652.0,1.13,1.03,,1.248996342224998,outer,,False,True,True
HD 211970 b,HD 211970,radial velocity,2019,25.201,3.66,,4127.0,0.574175,0.61,,0.3265233294673923,inner,,False,True,True
HD 212301 b,HD 212301,radial velocity,2005,2.24571,14.2,,6239.0,1.16,1.55,,1.2668391471139262,inner,,False,True,True
HD 212771 b,HD 212771,radial velocity,2009,380.7,13.3,,5003.0,5.27,1.56,,1.186546525113748,inner,,False,True,True
HD 213240 b,HD 213240,radial velocity,2001,882.70001,12.8,1655.88600047,5979.0,1.51,1.57,5.210006671753276,1.1419395128914267,inner,0.0,True,True,True
HD 213472 b,HD 213472,radial velocity,2021,17000.0,13.1,,5729.54,1.433902,1.048132,,1.1687037202248194,outer,,False,True,True
HD 213519 b,HD 213519,radial velocity,2022,11.12214,2.99,,5840.0,1.08287,1.05,,0.2667499330894817,inner,,False,True,True
HD 213885 b,HD 213885,transit,2019,1.008035,1.745,8.83,5978.0,1.1011,1.068,0.027782322514064213,0.1556784726559015,inner,0.0,True,True,True
HD 213885 c,HD 213885,radial velocity,2019,4.78503,4.71,,5978.0,1.1011,1.068,,0.4201980551342671,inner,,False,True,True
HD 21411 b,HD 21411,radial velocity,2019,84.288,9.52,,5605.0,0.825605,0.89,,0.8493175127129985,inner,,False,True,True
HD 214823 b,HD 214823,radial velocity,2016,1854.84424,12.1,5914.78665427,6215.0,2.04,1.115,18.610023831349036,1.0794896957801767,habitable,0.0,True,True,True
HD 215152 b,HD 215152,radial velocity,2018,5.75999,1.19,,4935.0,0.73,0.77,,0.10616468908912481,inner,,False,True,True
HD 215152 c,HD 215152,radial velocity,2018,7.28243,1.17,,4935.0,0.73,0.77,,0.10438040860023196,inner,,False,True,True
HD 215152 d,HD 215152,radial velocity,2018,10.86499,1.48,,4935.0,0.73,0.77,,0.1320367561780712,inner,,False,True,True
HD 215152 e,HD 215152,radial velocity,2018,25.1967,1.51,,4935.0,0.73,0.77,,0.1347131769114105,inner,,False,True,True
HD 21520 b,HD 21520,transit,2024,25.1292,2.697,17.7,5871.0,1.044,1.09,0.055690499263752725,0.24061022392720138,inner,0.0,True,True,True
HD 215497 b,HD 215497,radial velocity,2009,3.93404,2.4,,5110.0,0.85,0.67,,0.21411365866714246,inner,,False,True,True
HD 215497 c,HD 215497,radial velocity,2009,566.0,13.0,111.23994245,5113.0,0.85,0.92,0.35000044819839665,1.159782317780355,outer,0.0,True,True,True
HD 216435 b,HD 216435,radial velocity,2002,1311.0,13.7,,5999.0,1.800029,1.3,,1.222232134891605,inner,,False,True,True
HD 216437 b,HD 216437,radial velocity,2002,1359.0,13.0,1334.8793094,5909.0,1.394,1.22,4.20000537838076,1.159782317780355,habitable,0.0,True,True,True
HD 216520 b,HD 216520,radial velocity,2020,35.45,3.18,,5103.0,0.76,0.82,,0.2837005977339638,inner,,False,True,True
HD 216520 c,HD 216520,radial velocity,2020,154.43,3.03,,5103.0,0.76,0.82,,0.2703184940672674,habitable,,False,True,True
HD 216536 b,HD 216536,radial velocity,2015,148.60001,13.8,,4639.0,9.83,0.81,,1.2311535373360694,inner,,False,True,True
HD 216770 b,HD 216770,radial velocity,2003,118.45,14.1,,5399.0,0.93,0.74,,1.257917744669462,inner,,False,True,True
HD 21693 b,HD 21693,radial velocity,2019,22.6786,2.8,,5430.0,0.914378,0.8,,0.24979926844499956,inner,,False,True,True
HD 21693 c,HD 21693,radial velocity,2019,53.7357,4.34,,5430.0,0.914378,0.8,,0.3871888660897493,inner,,False,True,True
HD 217107 b,HD 217107,radial velocity,1998,7.12682,13.6,,5622.0,1.11,1.0,,1.2133107324471406,inner,,False,True,True
HD 217107 c,HD 217107,radial velocity,2005,4270.0,13.2,,5575.0,1.19931,0.98,,1.1776251226692835,outer,,False,True,True
HD 21749 c,GJ 143,transit,2019,7.78993,0.892,3.7,4640.0,0.695,0.73,0.011641516795247745,0.07957890980462129,inner,0.0,True,True,True
HD 217786 b,HD 217786,radial velocity,2011,1301.36009,12.3,4402.559093764,5966.0,1.27,1.14,13.852017738411972,1.0973325006691053,outer,0.0,True,True,True
HD 217786 c,HD 217786,radial velocity,2022,2.52221,2.61,,5966.0,1.27,1.14,,0.23284860380051745,inner,,False,True,True
HD 217958 b,HD 217958,radial velocity,2022,2560.19774,14.2,166.542085268,5930.64,1.32619,1.08,0.5240006710170281,1.2668391471139262,outer,0.0,True,True,True
HD 218566 b,HD 218566,radial velocity,2010,225.7,9.32,,4730.0,0.85,0.76,,0.83147470782407,habitable,,False,True,True
HD 219077 b,HD 219077,radial velocity,2012,5478.68861,12.5,3057.50927534,5362.0,1.91,0.92,9.620012319053073,1.1151753055580338,outer,0.0,True,True,True
HD 219134 b,HD 219134,radial velocity,2015,3.092926,1.602,4.74,4699.0,0.778,0.81,0.014913726921479544,0.14292086716031763,inner,0.0,True,True,True
HD 219134 c,HD 219134,radial velocity,2015,6.76458,1.511,4.36,4699.0,0.778,0.81,0.013718111683048696,0.1348023909358551,inner,0.0,True,True,True
HD 219134 d,HD 219134,radial velocity,2015,46.859,1.61,16.17,4699.0,0.778,0.81,0.05087657475112326,0.14363457935587476,inner,0.0,True,True,True
HD 219134 f,HD 219134,radial velocity,2015,22.717,1.31,7.3,4699.0,0.778,0.81,0.02296839800143474,0.11687037202248195,inner,0.0,True,True,True
HD 219134 g,HD 219134,radial velocity,2015,94.2,3.28,,4913.0,0.77,0.794,,0.29262200017842804,inner,,False,True,True
HD 219134 h,HD 219134,radial velocity,2015,2247.0,12.7,,4913.0,0.77,0.794,,1.1330181104469623,outer,,False,True,True
HD 219139 b,HD 219139,radial velocity,2021,275.5,14.0,,4831.0,11.22,1.46,,1.248996342224998,inner,,False,True,True
HD 219415 b,HD 219415,radial velocity,2012,2093.3,13.8,,4820.0,2.9,1.0,,1.2311535373360694,habitable,,False,True,True
HD 219666 b,HD 219666,transit,2018,6.034468,4.898,17.6,5540.0,1.059,1.02,0.05537586367469198,0.4369702917298599,inner,0.0,True,True,True
HD 219828 b,HD 219828,radial velocity,2007,3.83483,4.59,,5891.0,1.56,1.04,,0.40949237220091,inner,,False,True,True
HD 219828 c,HD 219828,radial velocity,2016,4789.87297,12.2,5102.417245978,5891.0,1.56,1.04,16.05402055822017,1.0884110982246409,outer,0.0,True,True,True
HD 220074 b,HD 220074,radial velocity,2012,672.09998,12.2,,3787.0,54.92,2.2,,1.0884110982246409,inner,,False,True,True
HD 220197 b,HD 220197,radial velocity,2018,1728.0,9.32,,5683.0,0.98,0.91,,0.83147470782407,outer,,False,True,True
HD 220689 b,HD 220689,radial velocity,2012,2266.4,13.7,381.3940884,5921.0,1.068,1.016,1.200001536680217,1.222232134891605,outer,0.0,True,True,True
HD 220773 b,HD 220773,radial velocity,2011,3724.7,13.6,,5940.0,1.679696,1.16,,1.2133107324471406,outer,,False,True,True
HD 220842 b,HD 220842,radial velocity,2016,218.47,13.1,,5960.0,1.41647,1.13,,1.1687037202248194,inner,,False,True,True
HD 221287 b,HD 221287,radial velocity,2007,456.1,13.1,,6304.0,1.13864,1.25,,1.1687037202248194,inner,,False,True,True
HD 221416 b,HD 221416,transit,2019,14.2767,9.17,60.5,5080.0,2.943,1.212,0.19035453138175368,0.8180926041573736,inner,0.0,True,True,True
HD 221420 b,HD 221420,radial velocity,2019,10066.0,12.0,6992.224954,5847.0,1.947,1.34,22.000028172470646,1.0705682933357124,outer,0.0,True,True,True
HD 221585 b,HD 221585,radial velocity,2016,1173.0,13.5,,5620.0,1.850575,1.19,,1.2043893300026765,inner,,False,True,True
HD 222076 b,HD 222076,radial velocity,2016,871.0,13.5,,4806.0,4.1,1.07,,1.2043893300026765,inner,,False,True,True
HD 222155 b,HD 222155,radial velocity,2011,3999.0,13.4,581.62598481,5701.0,1.85,1.21,1.830002343437331,1.1954679275582123,outer,0.0,True,True,True
HD 222237 b,HD 222237,radial velocity,2024,14892.0,12.8,1649.52943233,4751.0,0.71,0.76,5.1900066461419385,1.1419395128914267,outer,0.0,True,True,True
HD 222582 b,HD 222582,radial velocity,1999,572.38,12.6,,5790.0,1.13,1.12,,1.124096708002498,habitable,,False,True,True
HD 224538 b,HD 224538,radial velocity,2016,1202.05199,12.7,2075.737326117,6097.0,1.54,1.23,6.531008363382082,1.1330181104469623,habitable,0.0,True,True,True
HD 224693 b,HD 224693,radial velocity,2006,26.6904,14.0,,5894.0,1.93,1.31,,1.248996342224998,inner,,False,True,True
HD 22496 b,HD 22496,radial velocity,2021,5.09071,2.22,,4385.0,0.674,0.684,,0.1980551342671068,inner,,False,True,True
HD 22532 b,HD 22532,radial velocity,2022,872.6,13.4,,5038.0,5.69,1.57,,1.1954679275582123,inner,,False,True,True
HD 22781 b,HD 22781,radial velocity,2011,528.07,12.3,,5027.0,0.743475,0.75,,1.0973325006691053,outer,,False,True,True
HD 22946 d,HD 22946,transit,2023,47.42489,2.607,26.57,6169.0,1.117,1.098,0.08359867601344124,0.23258096172718354,inner,0.0,True,True,True
HD 23079 b,HD 23079,radial velocity,2001,730.59998,13.2,,5974.0,1.07,1.12,,1.1776251226692835,habitable,,False,True,True
HD 23127 b,HD 23127,radial velocity,2006,1211.17,13.5,,5843.0,1.49,1.208,,1.2043893300026765,habitable,,False,True,True
HD 231701 b,HD 231701,radial velocity,2007,141.63,13.7,,6101.0,1.53,1.21,,1.222232134891605,inner,,False,True,True
HD 233604 b,HD 233604,radial velocity,2013,192.0,12.7,,4791.0,10.9,1.5,,1.1330181104469623,inner,,False,True,True
HD 233832 b,HD 233832,radial velocity,2018,2058.0,13.5,,4981.0,0.68,0.71,,1.2043893300026765,outer,,False,True,True
HD 23472 b,HD 23472,transit,2019,17.667087,2.0,8.32,4684.0,0.71,0.67,0.02617768100985439,0.1784280488892854,inner,0.0,True,True,True
HD 23472 c,HD 23472,transit,2019,29.79749,1.87,3.41,4684.0,0.71,0.67,0.01072907358697157,0.16683022571148187,inner,0.0,True,True,True
HD 23472 d,HD 23472,transit,2022,3.97664,0.75,0.55,4684.0,0.71,0.67,0.0017304957398341244,0.06691051833348202,inner,0.6359945055359741,True,True,True
HD 23472 e,HD 23472,transit,2022,7.90754,0.818,0.72,4684.0,0.71,0.67,0.002265376241237399,0.07297707199571772,inner,0.7638602108919379,True,True,True
HD 23472 f,HD 23472,transit,2022,12.1621839,1.137,0.77,4684.0,0.71,0.67,0.002422694035767774,0.10143634579355876,inner,0.8106999735869009,True,True,True
HD 235088 b,HD 235088,transit,2023,7.4341325,1.982,4.15,5075.0,0.772,0.849,0.01305737694602112,0.17682219644928182,inner,0.0,True,True,True
HD 23596 b,HD 23596,radial velocity,2003,1535.11912,12.4,3786.607640998,6040.0,1.53,1.1,11.914015256673421,1.1062539031135694,outer,0.0,True,True,True
HD 238090 b,HD 238090,radial velocity,2020,13.671,2.52,,3933.0,0.57,0.578,,0.2248193416004996,inner,,False,True,True
HD 238914 b,HD 238914,radial velocity,2018,4100.0,12.8,,4769.0,12.73,1.47,,1.1419395128914267,inner,,False,True,True
HD 240210 b,HD 240210,radial velocity,2009,501.75,12.8,,4297.0,25.456816,0.82,,1.1419395128914267,inner,,False,True,True
HD 240237 b,HD 240237,radial velocity,2011,745.70001,12.2,,3926.0,71.23,8.76,,1.0884110982246409,inner,,False,True,True
HD 24040 b,HD 24040,radial velocity,2006,3668.0,13.0,,5802.0,1.3,1.11,,1.159782317780355,outer,,False,True,True
HD 24040 c,HD 24040,radial velocity,2021,515.4,9.35,,5776.49,1.387296,1.10394,,0.8341511285574092,inner,,False,True,True
HD 24064 b,HD 24064,radial velocity,2015,535.59998,12.3,,4052.0,40.0,1.61,,1.0973325006691053,inner,,False,True,True
HD 24085 b,HD 24085,radial velocity,2019,2.0455,3.46,,6034.0,1.412551,1.22,,0.30868052457846373,inner,,False,True,True
HD 25015 b,HD 25015,radial velocity,2019,6134.427,12.5,2884.928450339,5160.0,0.83,0.86,9.077011623705275,1.1151753055580338,outer,0.0,True,True,True
HD 25171 b,HD 25171,radial velocity,2010,1802.29,13.9,,6125.0,1.23,1.076,,1.2400749397805335,outer,,False,True,True
HD 25463 b,HD 25463,transit,2023,7.0491423,2.54535814,8.7,6353.0,1.4182,1.251,0.027373296248285234,0.22708164332233027,inner,0.0,True,True,True
HD 25463 c,HD 25463,transit,2023,3.04405,1.36354953,4.3,6353.0,1.4182,1.251,0.013529330329612243,0.12164774110090107,inner,0.0,True,True,True
HD 25723 b,HD 25723,radial velocity,2020,457.01,13.3,,4766.0,13.76,2.12,,1.186546525113748,inner,,False,True,True
HD 25912 b,HD 25912,radial velocity,2022,41.83156,6.9,,5920.58,0.995896,1.08,,0.6155767686680347,inner,,False,True,True
HD 25912 c,HD 25912,radial velocity,2022,26308.65619,12.2,5252.750082489,5920.58,0.995896,1.08,16.52702116392829,1.0884110982246409,outer,0.0,True,True,True
HD 260655 b,HD 260655,transit,2022,2.76953,1.24,2.14,3803.0,0.439,0.439,0.0067332016059000474,0.11062539031135694,inner,0.176228186935241,True,True,True
HD 260655 c,HD 260655,transit,2022,5.70588,1.533,3.09,3803.0,0.439,0.439,0.00972223970197717,0.13676509947363724,inner,0.0,True,True,True
HD 26161 b,HD 26161,radial velocity,2021,10942.29013,11.9,9045.39646322,6057.62,1.455981,1.12,28.460036444932484,1.0616468908912482,outer,0.0,True,True,True
HD 2638 b,HD 2638,radial velocity,2005,3.4442,14.3,,5186.0,0.94,0.77,,1.2757605495583906,inner,,False,True,True
HD 2685 b,HD 2685,transit,2019,4.12688,16.14096,371.8611,6801.0,1.56,1.43,1.1700073624727843,1.44,inner,0.0,True,True,True
HD 27442 b,HD 27442,radial velocity,2000,428.1,13.5,,4846.0,3.18,1.23,,1.2043893300026765,inner,,False,True,True
HD 27631 b,HD 27631,radial velocity,2012,2198.14,13.5,495.81231492,5737.0,0.923,0.944,1.5600019976842823,1.2043893300026765,outer,0.0,True,True,True
HD 27894 b,HD 27894,radial velocity,2005,18.01939,14.1,,4875.0,0.891767,0.81,,1.257917744669462,inner,,False,True,True
HD 27894 c,HD 27894,radial velocity,2017,36.07,8.24,,4875.0,0.891767,0.8,,0.7351235614238558,inner,,False,True,True
HD 27894 d,HD 27894,radial velocity,2017,5019.54244,12.7,2063.659846651,4875.0,0.891767,0.81,6.493008314720541,1.1330181104469623,outer,0.0,True,True,True
HD 27969 b,HD 27969,radial velocity,2021,654.5,12.9,,5966.0,1.27,1.16,,1.1508609153358909,inner,,False,True,True
HD 28109 b,HD 28109,transit,2022,22.89104,2.199,18.496,6120.0,1.446,1.26,0.05819499855267629,0.1961816397537693,inner,0.0,True,True,True
HD 28109 c,HD 28109,transit,2022,56.00819,4.23,7.943,6120.0,1.446,1.26,0.02499150483909536,0.3773753234008387,inner,0.0,True,True,True
HD 28109 d,HD 28109,transit,2022,84.25999,3.25,5.681,6120.0,1.446,1.26,0.0178744478145412,0.28994557944508875,inner,0.0,True,True,True
HD 28185 b,HD 28185,radial velocity,2001,385.52775,12.8,,5662.0,1.03,0.99,,1.1419395128914267,habitable,,False,True,True
HD 28185 c,HD 28185,radial velocity,2022,17417.92079,12.1,6241.832085073,5662.0,1.03,0.99,19.63902514905232,1.0794896957801767,outer,0.0,True,True,True
HD 28192 b,HD 28192,radial velocity,2022,14.23283,12.2,,5919.87,1.07094,1.08,,1.0884110982246409,inner,,False,True,True
HD 28254 b,HD 28254,radial velocity,2010,1333.0,13.0,1207.7479466,5664.0,1.48,1.1,3.8000048661540204,1.159782317780355,outer,0.0,True,True,True
HD 284149 AB b,HD 284149 A,imaging,2017,,12.0,8352.53053596,6035.0,1.36,1.13,26.280033653296755,1.0705682933357124,unknown,0.0,True,True,True
HD 285507 b,HD 285507,radial velocity,2013,6.0881,13.8,,4503.0,0.69,0.82,,1.2311535373360694,inner,,False,True,True
HD 285968 b,HD 285968,radial velocity,2008,8.7836,2.83,,3703.49,0.478214,0.5,,0.25247568917833885,inner,,False,True,True
HD 28678 b,HD 28678,radial velocity,2011,380.2,13.5,,4972.0,6.48,1.53,,1.2043893300026765,inner,,False,True,True
HD 29021 b,HD 29021,radial velocity,2017,1362.3,12.9,1420.69297929,5560.0,0.85,0.85,4.4700057241338085,1.1508609153358909,outer,0.0,True,True,True
HD 290327 b,HD 290327,radial velocity,2009,2443.0,13.3,,5505.0,0.95,0.84,,1.186546525113748,outer,,False,True,True
HD 29399 b,HD 29399,radial velocity,2022,892.7,13.5,,4845.0,4.5,1.17,,1.2043893300026765,inner,,False,True,True
HD 2952 b,HD 2952,radial velocity,2013,312.08,13.9,,4853.0,10.9,1.91,,1.2400749397805335,inner,,False,True,True
HD 29985 b,HD 29985,radial velocity,2022,20608.14049,12.8,1739.474871511,4678.0,0.574666,0.75,5.473007008542356,1.1419395128914267,outer,0.0,True,True,True
HD 30177 b,HD 30177,radial velocity,2002,2514.53422,12.6,2670.712104021,5580.0,1.019,0.98,8.40301076060322,1.124096708002498,outer,0.0,True,True,True
HD 30177 c,HD 30177,radial velocity,2016,12085.45186,12.7,1954.64470305,5580.0,1.019,0.98,6.1500078754861125,1.1330181104469623,outer,0.0,True,True,True
HD 30562 b,HD 30562,radial velocity,2009,1157.0,13.6,467.20775829,5882.0,1.61,1.12,1.470001882433266,1.2133107324471406,habitable,0.0,True,True,True
HD 30669 b,HD 30669,radial velocity,2014,1684.0,14.3,,5400.0,0.91,0.92,,1.2757605495583906,outer,,False,True,True
HD 30856 b,HD 30856,radial velocity,2011,847.0,13.5,,4895.0,4.4,1.17,,1.2043893300026765,inner,,False,True,True
HD 31253 b,HD 31253,radial velocity,2010,466.0,14.1,,6130.0,1.75,1.7,,1.257917744669462,inner,,False,True,True
HD 31527 b,HD 31527,radial velocity,2019,16.5535,3.22,,5898.0,1.073694,0.96,,0.2872691587117495,inner,,False,True,True
HD 31527 c,HD 31527,radial velocity,2019,51.2053,3.85,,5898.0,1.073694,0.96,,0.3434739941118744,inner,,False,True,True
HD 31527 d,HD 31527,radial velocity,2019,271.6737,3.46,,5898.0,1.073694,0.96,,0.30868052457846373,inner,,False,True,True
HD 3167 b,HD 3167,transit,2016,0.959641,1.67,4.97,5261.0,0.88,0.837,0.015637388776319268,0.1489874208225533,inner,0.0,True,True,True
HD 3167 c,HD 3167,transit,2016,29.8454,3.0,11.13,5261.0,0.88,0.837,0.035018941062461464,0.2676420733339281,inner,0.0,True,True,True
HD 3167 d,HD 3167,radial velocity,2017,8.4112,1.92,,5261.0,0.88,0.837,,0.17129092693371398,inner,,False,True,True
HD 3167 e,HD 3167,radial velocity,2022,96.63,2.83,,5261.0,0.88,0.837,,0.25247568917833885,inner,,False,True,True
HD 32518 b,HD 32518,radial velocity,2009,157.35,13.2,,4580.0,10.22,1.13,,1.1776251226692835,inner,,False,True,True
HD 32963 b,HD 32963,radial velocity,2015,2372.0,13.4,657.90480249,5727.0,1.111044,0.94,2.0700026507733744,1.1954679275582123,outer,0.0,True,True,True
HD 330075 b,HD 330075,radial velocity,2004,3.38773,14.3,,5000.0,0.84,0.47,,1.2757605495583906,inner,,False,True,True
HD 331093 b,HD 331093,radial velocity,2021,621.62,13.6,,5544.0,1.1112,1.03,,1.2133107324471406,habitable,,False,True,True
HD 33142 b,HD 33142,radial velocity,2011,330.0,13.7,,5025.4,4.17,1.52,,1.222232134891605,inner,,False,True,True
HD 33142 c,HD 33142,radial velocity,2018,810.2,13.9,,5025.4,4.17,1.52,,1.2400749397805335,inner,,False,True,True
HD 33142 d,HD 33142,radial velocity,2022,89.9,9.32,,5025.4,4.17,1.52,,0.83147470782407,inner,,False,True,True
HD 332231 b,HD 332231,transit,2020,18.712024,9.07303305,74.1,6128.0,1.266,1.1642,0.23314497149401564,0.8094417923097511,inner,0.0,True,True,True
HD 33283 b,HD 33283,radial velocity,2006,18.1991,12.5,,5935.0,1.97,1.38,,1.1151753055580338,inner,,False,True,True
HD 33564 b,HD 33564,radial velocity,2005,388.0,12.5,,6250.0,1.4367,1.25,,1.1151753055580338,inner,,False,True,True
HD 33844 b,HD 33844,radial velocity,2015,551.40002,13.4,,4861.0,5.39,1.84,,1.1954679275582123,inner,,False,True,True
HD 33844 c,HD 33844,radial velocity,2015,916.0,13.5,,4861.0,5.29,1.78,,1.2043893300026765,inner,,False,True,True
HD 34445 b,HD 34445,radial velocity,2009,1049.0,13.9,,5879.0,1.38,1.14,,1.2400749397805335,habitable,,False,True,True
HD 34445 c,HD 34445,radial velocity,2017,214.67,8.42,,5836.0,1.38,1.07,,0.7511820858238916,inner,,False,True,True
HD 34445 d,HD 34445,radial velocity,2017,117.87,6.07,,5836.0,1.38,1.07,,0.5415291283789813,inner,,False,True,True
HD 34445 e,HD 34445,radial velocity,2017,49.175,4.26,,5836.0,1.38,1.07,,0.38005174413417786,inner,,False,True,True
HD 34445 f,HD 34445,radial velocity,2017,676.8,6.88,,5836.0,1.38,1.07,,0.6137924881791418,habitable,,False,True,True
HD 34445 g,HD 34445,radial velocity,2017,5700.0,13.6,,5836.0,1.38,1.07,,1.2133107324471406,outer,,False,True,True
HD 35759 b,HD 35759,radial velocity,2016,82.467,13.0,,6060.0,1.759974,1.15,,1.159782317780355,inner,,False,True,True
HD 35843 b,HD 35843,radial velocity,2025,9.8991,2.29,,5666.0,0.897,0.94,,0.20430011597823178,inner,,False,True,True
HD 35843 c,HD 35843,transit,2025,46.9622,2.54,11.32,5666.0,0.897,0.94,0.035616748681676885,0.22660362208939247,inner,0.0,True,True,True
HD 360 b,HD 360,radial velocity,2021,273.1,14.0,,4770.0,10.86,1.69,,1.248996342224998,inner,,False,True,True
HD 36384 b,HD 36384,radial velocity,2023,490.0,12.7,,3940.0,38.4,1.14,,1.1330181104469623,inner,,False,True,True
HD 3651 b,HD 3651,radial velocity,2003,62.25,10.1,,5221.0,0.871954,0.799,,0.9010616468908913,inner,,False,True,True
HD 37124 b,HD 37124,radial velocity,2002,154.378,14.0,,5698.64,0.949168,0.85,,1.248996342224998,inner,,False,True,True
HD 37124 c,HD 37124,radial velocity,2002,885.5,14.1,,5698.64,0.949168,0.85,,1.257917744669462,outer,,False,True,True
HD 37124 d,HD 37124,radial velocity,2005,1862.0,14.0,,5698.64,0.949168,0.85,,1.248996342224998,outer,,False,True,True
HD 37605 b,HD 37605,radial velocity,2004,55.01292,13.2,,5329.0,0.91,0.94,,1.1776251226692835,inner,,False,True,True
HD 37605 c,HD 37605,radial velocity,2012,2720.0,13.1,,5329.0,0.91,0.94,,1.1687037202248194,outer,,False,True,True
HD 3765 b,HD 3765,radial velocity,2021,1211.0,8.56,,5049.8,0.83061,0.851785,,0.7636720492461415,outer,,False,True,True
HD 38283 b,HD 38283,radial velocity,2010,363.20001,14.0,,5981.0,1.49,1.37,,1.248996342224998,inner,,False,True,True
HD 38529 b,HD 38529,radial velocity,2000,14.3099,14.1,,5697.0,2.857838,0.98,,1.257917744669462,inner,,False,True,True
HD 38529 c,HD 38529,radial velocity,2000,2127.60566,12.5,3299.05886466,5697.0,2.857838,0.98,10.380013292283877,1.1151753055580338,habitable,0.0,True,True,True
HD 38801 b,HD 38801,radial velocity,2009,685.25,12.5,,5338.0,2.029,1.207,,1.1151753055580338,inner,,False,True,True
HD 39091 b,HD 39091,radial velocity,2001,2088.8,12.3,4481.3805387,5998.0,1.17,1.07,14.100018055992551,1.0973325006691053,outer,0.0,True,True,True
HD 39194 b,HD 39194,radial velocity,2021,5.6368,1.83,,5205.0,0.783742,0.67,,0.16326166473369616,inner,,False,True,True
HD 39194 c,HD 39194,radial velocity,2021,14.03,2.39,,5205.0,0.783742,0.67,,0.21322151842269607,inner,,False,True,True
HD 39194 d,HD 39194,radial velocity,2021,33.91,1.83,,5205.0,0.783742,0.67,,0.16326166473369616,inner,,False,True,True
HD 39855 b,HD 39855,radial velocity,2019,3.2498,2.85,,5576.0,0.744665,0.87,,0.2542599696672317,inner,,False,True,True
HD 40307 b,HD 40307,radial velocity,2009,4.3123,1.83,,4956.0,0.716684,0.77,,0.16326166473369616,inner,,False,True,True
HD 40307 c,HD 40307,radial velocity,2009,9.6184,2.46,,4956.0,0.716684,0.77,,0.21946650013382105,inner,,False,True,True
HD 40307 d,HD 40307,radial velocity,2009,20.432,3.04,,4956.0,0.716684,0.77,,0.2712106343117138,inner,,False,True,True
HD 40307 f,HD 40307,radial velocity,2013,51.76,2.13,,4956.0,0.716684,0.77,,0.19002587206708893,inner,,False,True,True
HD 40307 g,HD 40307,radial velocity,2013,197.8,2.56,,4956.0,0.716684,0.77,,0.2283879025782853,habitable,,False,True,True
HD 40956 b,HD 40956,radial velocity,2017,578.6,13.2,,4869.0,8.56,2.0,,1.1776251226692835,inner,,False,True,True
HD 40979 b,HD 40979,radial velocity,2002,264.14999,12.9,,6165.0,1.21,1.45,,1.1508609153358909,inner,,False,True,True
HD 41004 A b,HD 41004 A,radial velocity,2004,963.0,13.2,,5310.0,0.85,0.95,,1.1776251226692835,outer,,False,True,True
HD 41004 B b,HD 41004 B,radial velocity,2003,1.3283,12.1,,5036.0,1.04137,0.4,,1.0794896957801767,inner,,False,True,True
HD 4113 b,HD 4113,radial velocity,2007,526.5239,13.5,,5688.0,1.077514,1.008,,1.2043893300026765,habitable,,False,True,True
HD 42012 b,HD 42012,radial velocity,2017,857.5,13.5,,5405.0,0.82,0.83,,1.2043893300026765,outer,,False,True,True
HD 4203 b,HD 4203,radial velocity,2001,431.88,13.3,,5596.0,1.42,1.25,,1.186546525113748,inner,,False,True,True
HD 4203 c,HD 4203,radial velocity,2014,6700.0,13.3,,5582.0,1.49795,0.99,,1.186546525113748,outer,,False,True,True
HD 4208 b,HD 4208,radial velocity,2001,832.97,13.9,,5717.0,0.846,0.883,,1.2400749397805335,outer,,False,True,True
HD 42618 b,HD 42618,radial velocity,2016,149.61,3.89,,5727.0,0.999,1.015,,0.34704255508966014,inner,,False,True,True
HD 42813 b,HD 42813,transit,2023,13.6308205,3.41,9.1,5289.0,0.98,0.901,0.028631838604528236,0.3042198233562316,inner,0.0,True,True,True
HD 4308 b,HD 4308,radial velocity,2005,15.56,4.12,,5686.0,1.02,0.93,,0.3675617807119279,inner,,False,True,True
HD 4313 b,HD 4313,radial velocity,2009,356.21,13.4,,4943.0,5.14,1.63,,1.1954679275582123,inner,,False,True,True
HD 43197 b,HD 43197,radial velocity,2010,308.92072,14.2,,5508.0,1.0,0.96,,1.2668391471139262,inner,,False,True,True
HD 43197 c,HD 43197,radial velocity,2022,9295.9735,12.6,2500.673906276,5508.0,1.0,0.96,7.868010075499956,1.124096708002498,outer,0.0,True,True,True
HD 43691 b,HD 43691,radial velocity,2007,36.9987,13.2,,6093.0,1.6,1.32,,1.1776251226692835,inner,,False,True,True
HD 44219 b,HD 44219,radial velocity,2010,472.0,14.1,184.34047606,5752.0,1.32,1.2,0.5800007427287716,1.257917744669462,inner,0.0,True,True,True
HD 45184 b,HD 45184,radial velocity,2019,5.8854,3.52,,5869.0,1.075139,1.03,,0.3140333660451423,inner,,False,True,True
HD 45184 c,HD 45184,radial velocity,2019,13.1354,2.91,,5869.0,1.075139,1.03,,0.25961281113391027,inner,,False,True,True
HD 45350 b,HD 45350,radial velocity,2004,963.6,13.5,,5566.0,1.26442,0.98,,1.2043893300026765,outer,,False,True,True
HD 45364 b,HD 45364,radial velocity,2008,225.79,9.03,,5466.0,0.89,0.82,,0.8056026407351236,habitable,,False,True,True
HD 45364 c,HD 45364,radial velocity,2008,345.43,14.2,,5466.0,0.89,0.82,,1.2668391471139262,outer,,False,True,True
HD 45652 b,HD 45652,radial velocity,2008,44.073,14.3,,5294.0,0.94,0.92,,1.2757605495583906,inner,,False,True,True
HD 457 b,HD 457,radial velocity,2022,20324.58153,11.9,8445.336430804,6114.04,1.28194,1.15,26.572034027222273,1.0616468908912482,outer,0.0,True,True,True
HD 46375 b,HD 46375,radial velocity,2000,3.023573,10.0,,5285.0,0.914196,0.92,,0.892140244446427,inner,,False,True,True
HD 47186 b,HD 47186,radial velocity,2008,4.0845,5.02,,5657.0,1.08,0.96,,0.4478544027121063,inner,,False,True,True
HD 47186 c,HD 47186,radial velocity,2008,1353.6,13.0,,5657.0,1.08,0.96,,1.159782317780355,outer,,False,True,True
HD 4732 b,HD 4732,radial velocity,2012,371.74,13.4,,4898.0,5.03,1.39,,1.1954679275582123,inner,,False,True,True
HD 4732 c,HD 4732,radial velocity,2012,3184.2,13.1,,4898.0,5.03,1.39,,1.1687037202248194,inner,,False,True,True
HD 47366 b,HD 47366,radial velocity,2016,360.08,13.4,,4866.0,7.3,1.81,,1.1954679275582123,inner,,False,True,True
HD 47366 c,HD 47366,radial velocity,2016,677.53,13.5,,4866.0,7.3,1.81,,1.2043893300026765,inner,,False,True,True
HD 47536 b,HD 47536,radial velocity,2002,712.13,12.6,,4380.0,23.47,2.1,,1.124096708002498,inner,,False,True,True
HD 4760 b,HD 4760,radial velocity,2021,434.0,12.3,,4076.0,42.4,1.05,,1.0973325006691053,inner,,False,True,True
HD 48265 b,HD 48265,radial velocity,2008,778.51,13.5,,5733.0,1.901,1.312,,1.2043893300026765,inner,,False,True,True
HD 48948 b,HD 48948,radial velocity,2024,7.34013,2.06,,4593.0,0.679,0.686,,0.18378089035596396,inner,,False,True,True
HD 48948 c,HD 48948,radial velocity,2024,38.06,2.6,,4593.0,0.679,0.686,,0.23195646355607102,inner,,False,True,True
HD 48948 d,HD 48948,radial velocity,2024,151.92,3.24,,4593.0,0.679,0.686,,0.28905343920064236,outer,,False,True,True
HD 4917 b,HD 4917,radial velocity,2018,400.5,13.5,,4802.0,5.01,1.32,,1.2043893300026765,inner,,False,True,True
HD 49674 b,HD 49674,radial velocity,2002,4.94737,6.2,,5602.0,1.02,1.03,,0.5531269515567847,inner,,False,True,True
HD 50499 b,HD 50499,radial velocity,2005,2447.1,13.5,,6102.0,1.351,1.253,,1.2043893300026765,outer,,False,True,True
HD 50499 c,HD 50499,radial velocity,2019,8619.9,13.2,,6099.0,1.42,1.31,,1.1776251226692835,outer,,False,True,True
HD 50554 b,HD 50554,radial velocity,2002,1293.0,12.8,1859.29618095,5987.0,1.02,1.04,5.850007491316058,1.1419395128914267,outer,0.0,True,True,True
HD 51608 b,HD 51608,radial velocity,2019,14.0726,3.62,,5358.0,0.916136,0.8,,0.3229547684896066,inner,,False,True,True
HD 51608 c,HD 51608,radial velocity,2019,95.9446,3.87,,5358.0,0.916136,0.8,,0.34525827460076725,inner,,False,True,True
HD 52265 b,HD 52265,radial velocity,2000,119.27,13.7,,6136.0,1.32,1.204,,1.222232134891605,inner,,False,True,True
HD 5278 b,HD 5278,transit,2021,14.339156,2.45,7.8,6203.0,1.194,1.126,0.02454157594673849,0.21857435988937463,inner,0.0,True,True,True
HD 5278 c,HD 5278,radial velocity,2021,40.87,4.49,,6203.0,1.194,1.126,,0.40057096975644574,inner,,False,True,True
HD 5319 b,HD 5319,radial velocity,2007,637.1,13.5,,4871.0,4.06,1.27,,1.2043893300026765,inner,,False,True,True
HD 5319 c,HD 5319,radial velocity,2014,872.2,13.8,,4871.0,4.06,1.27,,1.2311535373360694,inner,,False,True,True
HD 55696 b,HD 55696,radial velocity,2018,1827.0,12.9,1357.12729789,6012.0,1.52,1.29,4.270005468020439,1.1508609153358909,habitable,0.0,True,True,True
HD 5583 b,HD 5583,radial velocity,2016,139.35,12.8,,4830.0,9.09,1.01,,1.1419395128914267,inner,,False,True,True
HD 5608 b,HD 5608,radial velocity,2012,768.7,13.7,,4807.0,5.43,1.29,,1.222232134891605,inner,,False,True,True
HD 564 b,HD 564,radial velocity,2014,492.3,12.5,,5902.0,1.01,0.961,,1.1151753055580338,habitable,,False,True,True
HD 56414 b,HD 56414,transit,2022,29.04992,3.71,,8500.0,1.751,1.89,,0.3309840306896244,inner,,False,True,True
HD 56957 b,HD 56957,radial velocity,2022,5859.08992,12.8,1880.908512626,5743.0,1.77793,1.03,5.918007578394604,1.1419395128914267,outer,0.0,True,True,True
HD 5891 b,HD 5891,radial velocity,2011,177.11,12.6,,4673.0,10.64,1.93,,1.124096708002498,inner,,False,True,True
HD 59686 A b,HD 59686 A,radial velocity,2016,299.36,12.7,,4658.0,13.2,1.9,,1.1330181104469623,inner,,False,True,True
HD 60292 b,HD 60292,radial velocity,2020,495.4,12.7,,4348.0,27.0,1.7,,1.1330181104469623,inner,,False,True,True
HD 60532 b,HD 60532,radial velocity,2008,201.9,13.8,,6245.0,2.57,1.5,,1.2311535373360694,inner,,False,True,True
HD 60532 c,HD 60532,radial velocity,2008,600.1,13.3,,6245.0,2.57,1.5,,1.186546525113748,inner,,False,True,True
HD 6061 b,HD 6061,transit,2023,5.2549,2.42763557,10.0,5934.0,1.0072,1.0269,0.03146355890607499,0.2165791390846641,inner,0.0,True,True,True
HD 62364 b,HD 62364,radial velocity,2022,5138.0,12.1,5965.63919939,6255.0,1.401,1.157,18.77002403623973,1.0794896957801767,outer,0.0,True,True,True
HD 62364 c,HD 62364,radial velocity,2022,74839.94555,12.0,7923.46218651,6255.0,1.401,1.19,24.93003192453151,1.0705682933357124,outer,0.0,True,True,True
HD 62509 b,HD 62509,radial velocity,2006,589.64,13.3,,4892.63,8.9,2.0,,1.186546525113748,inner,,False,True,True
HD 62549 b,HD 62549,radial velocity,2022,14306.88519,12.6,2707.580199233,5930.46,1.23227,1.08,8.519010909148975,1.124096708002498,outer,0.0,True,True,True
HD 63433 b,HD 63433,transit,2020,7.1079384,2.16351593,37.3,5634.0,0.9169,0.9883,0.11735907471965969,0.1930159630653939,inner,0.0,True,True,True
HD 63433 c,HD 63433,transit,2020,20.543847,2.58229101,17.2,5634.0,0.9169,0.9883,0.05411732131844897,0.2303765732893211,inner,0.0,True,True,True
HD 63433 d,HD 63433,transit,2023,4.209075,1.073,,5688.0,0.912,0.99,,0.09572664822910161,inner,,False,True,True
HD 63454 b,HD 63454,radial velocity,2005,2.81805,12.31,,4812.0,0.77,0.42,,1.0982246409135517,inner,,False,True,True
HD 63765 b,HD 63765,radial velocity,2009,358.0,14.2,,5449.0,0.83,0.65,,1.2668391471139262,outer,,False,True,True
HD 63935 b,HD 63935,transit,2021,9.058807,2.91575244,10.5,5513.0,0.9598,0.9406,0.033036736851378735,0.26012600945668657,inner,0.0,True,True,True
HD 63935 c,HD 63935,radial velocity,2021,21.4027,3.06451296,11.1,5513.0,0.9598,0.9406,0.034924550385743235,0.27339753412436435,inner,0.0,True,True,True
HD 64114 b,HD 64114,radial velocity,2019,45.791,4.41,,5676.0,0.882858,0.95,,0.3934338478008743,inner,,False,True,True
HD 64121 b,HD 64121,radial velocity,2022,623.0,13.2,,5078.0,5.44,1.64,,1.1776251226692835,inner,,False,True,True
HD 6434 b,HD 6434,radial velocity,2003,21.998,14.2,,5769.0,1.12,1.1,,1.2668391471139262,inner,,False,True,True
HD 65216 b,HD 65216,radial velocity,2003,577.6,13.6,,5612.0,0.88,0.874,,1.2133107324471406,outer,,False,True,True
HD 65216 c,HD 65216,radial velocity,2013,5370.0,13.4,,5612.0,0.88,0.874,,1.1954679275582123,outer,,False,True,True
HD 66141 b,HD 66141,radial velocity,2012,480.5,12.8,,4323.0,21.4,1.1,,1.1419395128914267,inner,,False,True,True
HD 66428 b,HD 66428,radial velocity,2005,2269.81726,12.4,3478.949743022,5716.0,1.13,1.01,10.946014017084712,1.1062539031135694,outer,0.0,True,True,True
HD 66428 c,HD 66428,radial velocity,2021,10478.84437,13.5,560.649309948,5716.0,1.13,1.01,1.7640022589199191,1.2043893300026765,outer,0.0,True,True,True
HD 67087 b,HD 67087,radial velocity,2015,352.2,13.1,,6330.0,1.55,1.36,,1.1687037202248194,inner,,False,True,True
HD 67087 c,HD 67087,radial velocity,2015,2374.0,12.9,,6330.0,1.55,1.36,,1.1508609153358909,outer,,False,True,True
HD 6718 b,HD 6718,radial velocity,2009,2496.0,13.5,,5801.0,0.95,1.08,,1.2043893300026765,outer,,False,True,True
HD 68402 b,HD 68402,radial velocity,2016,1103.0,12.6,2510.8444153,5950.0,1.02,1.12,7.900010116478096,1.124096708002498,outer,0.0,True,True,True
HD 6860 b,HD 6860,radial velocity,2023,663.87,11.9,,3802.0,86.4,2.49,,1.0616468908912482,inner,,False,True,True
HD 68988 b,HD 68988,radial velocity,2001,6.27711,13.4,,5932.0,1.19,1.28,,1.1954679275582123,inner,,False,True,True
HD 68988 c,HD 68988,radial velocity,2021,16000.0,12.3,,5883.41,1.255733,1.171665,,1.0973325006691053,outer,,False,True,True
HD 69123 b,HD 69123,radial velocity,2022,1193.3,13.1,982.08977763,4842.0,7.72,1.68,3.0900039569515587,1.1687037202248194,inner,0.0,True,True,True
HD 69830 b,HD 69830,radial velocity,2006,8.667,3.17,,5385.0,0.886947,0.86,,0.28280845748951733,inner,,False,True,True
HD 69830 c,HD 69830,radial velocity,2006,31.56,3.46,,5385.0,0.886947,0.86,,0.30868052457846373,inner,,False,True,True
HD 69830 d,HD 69830,radial velocity,2006,197.0,4.45,,5385.0,0.886947,0.86,,0.39700240877866005,inner,,False,True,True
HD 70573 b,HD 70573,radial velocity,2007,851.8,12.8,,5737.0,0.976919,1.0,,1.1419395128914267,outer,,False,True,True
HD 70642 b,HD 70642,radial velocity,2003,2124.54,13.0,1239.5307873,5732.0,0.984,1.078,3.9000049942107053,1.159782317780355,outer,0.0,True,True,True
HD 7199 b,HD 7199,radial velocity,2011,615.0,11.1,,5371.0,0.97,0.77,,0.990275671335534,outer,,False,True,True
HD 72490 b,HD 72490,radial velocity,2018,858.0,13.5,,4934.0,4.96,1.21,,1.2043893300026765,inner,,False,True,True
HD 72659 b,HD 72659,radial velocity,2002,3549.39854,13.2,949.671280116,5932.0,1.46,1.09,2.9880038263337405,1.1776251226692835,outer,0.0,True,True,True
HD 72659 c,HD 72659,radial velocity,2022,18207.72098,12.1,5977.081022042,5932.0,1.46,1.09,18.806024082340134,1.0794896957801767,outer,0.0,True,True,True
HD 72892 b,HD 72892,radial velocity,2016,39.44603,12.8,,5688.0,1.22,1.01,,1.1419395128914267,inner,,False,True,True
HD 73256 c,HD 73256,radial velocity,2023,2690.0,12.2,5085.254512,5570.0,0.944723,1.0,16.000020489069563,1.0884110982246409,outer,0.0,True,True,True
HD 73267 b,HD 73267,radial velocity,2008,1257.99159,13.0,1321.530516306,5387.0,0.909,0.93,4.158005324596952,1.159782317780355,outer,0.0,True,True,True
HD 73267 c,HD 73267,radial velocity,2022,17071.78045,12.8,1630.777556317,5387.0,0.909,0.93,5.131006570588495,1.1419395128914267,outer,0.0,True,True,True
HD 73344 b,HD 73344,transit,2024,15.611,2.884,10.48,6252.6,1.22,1.2,0.03297380973356659,0.25729324649834956,inner,0.0,True,True,True
HD 73344 c,HD 73344,radial velocity,2025,65.94,13.5,,6148.0,1.22,1.19,,1.2043893300026765,inner,,False,True,True
HD 73344 d,HD 73344,radial velocity,2025,5823.0,13.2,810.46243785,6148.0,1.22,1.19,2.5500032654454614,1.1776251226692835,outer,0.0,True,True,True
HD 73526 b,HD 73526,radial velocity,2002,188.3,13.1,,5601.0,1.53,1.14,,1.1687037202248194,inner,,False,True,True
HD 73526 c,HD 73526,radial velocity,2005,379.1,13.3,,5601.0,1.53,1.014,,1.186546525113748,inner,,False,True,True
HD 73534 b,HD 73534,radial velocity,2008,1750.0,13.7,,4917.0,2.58,1.16,,1.222232134891605,inner,,False,True,True
HD 73583 b,HD 73583,transit,2022,6.398042,2.79,10.2,4511.0,0.65,0.73,0.032092830084196486,0.24890712820055313,inner,0.0,True,True,True
HD 73583 c,HD 73583,transit,2022,18.87974,2.39,9.7,4511.0,0.65,0.73,0.030519652138892735,0.21322151842269607,inner,0.0,True,True,True
HD 74156 b,HD 74156,radial velocity,2003,51.63564,13.5,,6068.0,1.510576,1.1,,1.2043893300026765,inner,,False,True,True
HD 74156 c,HD 74156,radial velocity,2003,2448.48726,12.5,2753.983146655,6068.0,1.510576,1.1,8.665011096111733,1.1151753055580338,outer,0.0,True,True,True
HD 7449 b,HD 7449,radial velocity,2011,1270.55195,12.6,2597.929398818,6024.0,0.97,1.196,8.174010467353412,1.124096708002498,outer,0.0,True,True,True
HD 74698 b,HD 74698,radial velocity,2023,15.017,5.12,,5783.0,1.333,1.039,,0.4567758051565706,inner,,False,True,True
HD 74698 c,HD 74698,radial velocity,2023,3449.0,14.0,,5783.0,1.333,1.039,,1.248996342224998,outer,,False,True,True
HD 75289 b,HD 75289,radial velocity,1999,3.50927,14.2,,6117.0,1.23,1.29,,1.2668391471139262,inner,,False,True,True
HD 75302 b,HD 75302,radial velocity,2023,4356.0,12.8,1716.2733978,5697.46,0.940904,1.06,5.4000069150609775,1.1419395128914267,outer,0.0,True,True,True
HD 75784 b,HD 75784,radial velocity,2014,341.2,13.8,,4867.0,3.4,1.26,,1.2311535373360694,inner,,False,True,True
HD 75784 c,HD 75784,radial velocity,2018,7900.0,12.8,,4867.0,3.4,1.26,,1.1419395128914267,outer,,False,True,True
HD 75898 b,HD 75898,radial velocity,2007,422.82,13.2,,6122.0,1.55,1.295,,1.1776251226692835,inner,,False,True,True
HD 75898 c,HD 75898,radial velocity,2024,6717.0,12.6,2698.36317543,6122.0,1.55,1.295,8.490010872012535,1.124096708002498,outer,0.0,True,True,True
HD 76700 b,HD 76700,radial velocity,2002,3.97097,9.6,,5644.0,1.37,0.99,,0.8564546346685699,inner,,False,True,True
HD 76920 b,HD 76920,radial velocity,2017,415.891,13.1,,4664.0,8.33,1.0,,1.1687037202248194,inner,,False,True,True
HD 77338 b,HD 77338,radial velocity,2012,5.7361,4.12,15.9,5341.0,0.97,1.37,0.05002705866065923,0.3675617807119279,inner,0.0,True,True,True
HD 77946 b,HD 77946,transit,2024,6.527363,2.89646124,10.9,6007.0,1.3174,1.1973,0.03429527920762174,0.25840496386832007,inner,0.0,True,True,True
HD 79181 b,HD 79181,radial velocity,2021,273.1,14.1,,4862.0,11.06,1.28,,1.257917744669462,inner,,False,True,True
HD 7924 b,HD 7924,radial velocity,2008,5.39792,2.4,,5131.0,0.78,0.65,,0.21411365866714246,inner,,False,True,True
HD 7924 c,HD 7924,radial velocity,2015,15.299,2.72,,5075.0,0.7821,0.832,,0.24266214648942816,inner,,False,True,True
HD 7924 d,HD 7924,radial velocity,2015,24.451,2.42,,5075.0,0.7821,0.832,,0.21589793915603533,inner,,False,True,True
HD 79498 b,HD 79498,radial velocity,2011,1807.0,13.6,,5748.0,1.05,1.08,,1.2133107324471406,outer,,False,True,True
HD 80606 b,HD 80606,radial velocity,2001,111.4367,11.99363,1392.0954,5561.0,1.04,1.15,4.3800275620776015,1.07,inner,0.0,True,True,True
HD 80653 b,HD 80653,transit,2020,0.719573,1.613,5.72,5959.0,1.22,1.18,0.017997155694274892,0.14390222142920867,inner,0.0,True,True,True
HD 80869 b,HD 80869,radial velocity,2021,1752.92067,12.8,1609.800881455,5837.0,1.062,1.06,5.065006486071083,1.1419395128914267,outer,0.0,True,True,True
HD 80883 b,HD 80883,radial velocity,2022,6383.78352,12.8,1748.0562385,5177.91,0.814842,0.88,5.5000070431176615,1.1419395128914267,outer,0.0,True,True,True
HD 80913 b,HD 80913,radial velocity,2022,10839.83341,12.0,7505.200002898,6013.24,1.6542,1.11,23.61403023930554,1.0705682933357124,outer,0.0,True,True,True
HD 81040 b,HD 81040,radial velocity,2005,1004.7,12.6,2393.24790471,5755.0,0.91,0.962,7.530009642668363,1.124096708002498,outer,0.0,True,True,True
HD 81688 b,HD 81688,radial velocity,2007,183.93,13.5,,4797.0,11.13,1.07,,1.2043893300026765,inner,,False,True,True
HD 81817 b,HD 81817,radial velocity,2020,1021.20159,12.0,7668.563804096,4140.0,83.8,4.3,24.128030897516897,1.0705682933357124,inner,0.0,True,True,True
HD 81817 c,HD 81817,radial velocity,2022,622.97802,12.0,,4140.0,83.8,4.3,,1.0705682933357124,inner,,False,True,True
HD 82886 b,HD 82886,radial velocity,2011,705.0,13.3,,4953.0,5.26,2.53,,1.186546525113748,inner,,False,True,True
HD 82943 b,HD 82943,radial velocity,2003,441.47,13.5,534.25,5935.0,1.1826,1.08,1.6809406345570561,1.2043893300026765,inner,0.0,True,True,True
HD 82943 c,HD 82943,radial velocity,2003,220.078,13.4,622.603,5935.0,1.1826,1.08,1.9589306165599003,1.1954679275582123,inner,0.0,True,True,True
HD 8326 b,HD 8326,radial velocity,2019,158.991,9.58,,4914.0,0.783181,0.8,,0.8546703541796771,habitable,,False,True,True
HD 83443 b,HD 83443,radial velocity,2002,2.985628,14.1,,5442.0,0.94,1.0,,1.257917744669462,inner,,False,True,True
HD 83443 c,HD 83443,radial velocity,2022,8241.0,13.6,476.7426105,5442.0,0.94,1.0,1.5000019208502713,1.2133107324471406,outer,0.0,True,True,True
HD 8535 b,HD 8535,radial velocity,2010,1313.0,14.0,,6136.0,1.19,1.13,,1.248996342224998,outer,,False,True,True
HD 85390 b,HD 85390,radial velocity,2009,799.52,6.16,,5186.0,0.8,0.758,,0.549558390578999,outer,,False,True,True
HD 8574 b,HD 8574,radial velocity,2002,227.0,13.4,,6064.0,1.38,1.34,,1.1954679275582123,inner,,False,True,True
HD 86065 b,HD 86065,radial velocity,2022,25775.78859,12.5,2877.300568571,4927.56,0.780347,0.81,9.053011592971671,1.1151753055580338,outer,0.0,True,True,True
HD 86081 b,HD 86081,radial velocity,2006,2.1378431,13.6,,5939.0,1.46,1.21,,1.2133107324471406,inner,,False,True,True
HD 86226 b,HD 86226,radial velocity,2009,1628.0,14.3,143.0235,5863.0,1.053,1.019,0.45000283172030164,1.2757605495583906,outer,0.0,True,True,True
HD 86226 c,HD 86226,transit,2020,3.98442,2.16,7.25,5863.0,1.053,1.019,0.022811080206904366,0.19270229280042825,inner,0.0,True,True,True
HD 86264 b,HD 86264,radial velocity,2009,1488.79123,12.5,3117.261015856,6210.0,1.88,1.26,9.808012559799641,1.1151753055580338,habitable,0.0,True,True,True
HD 86728 b,HD 86728,radial velocity,2025,31.1515,3.03,,5610.0,1.237,0.967,,0.2703184940672674,inner,,False,True,True
HD 8673 b,HD 8673,radial velocity,2009,1644.69097,12.3,4210.590735936,6389.05,1.50225,1.28,13.248016964949596,1.0973325006691053,habitable,0.0,True,True,True
HD 86950 b,HD 86950,radial velocity,2016,1270.0,13.0,,4805.0,8.8,1.66,,1.159782317780355,inner,,False,True,True
HD 87646 b,HD 87646,radial velocity,2016,13.481,12.4,,5770.0,1.55,1.12,,1.1062539031135694,inner,,False,True,True
HD 87816 b,HD 87816,radial velocity,2025,484.17,12.7,,4989.0,9.0,2.41,,1.1330181104469623,inner,,False,True,True
HD 87816 c,HD 87816,radial velocity,2025,7596.0,12.4,,4989.0,9.0,2.41,,1.1062539031135694,inner,,False,True,True
HD 87883 b,HD 87883,radial velocity,2009,3309.22118,12.8,1719.133853463,4980.0,0.798557,0.81,5.409006926586078,1.1419395128914267,outer,0.0,True,True,True
HD 88072 b,HD 88072,radial velocity,2022,18538.79293,12.6,2511.797900521,5785.33,1.032,1.04,7.903010120319796,1.124096708002498,outer,0.0,True,True,True
HD 88133 b,HD 88133,radial velocity,2004,3.414884,13.8,324.1866,5392.0,2.2,1.26,1.020006418566017,1.2311535373360694,inner,0.0,True,True,True
HD 88986 b,HD 88986,radial velocity,2023,146.05,2.49,17.2,5861.0,1.543,1.25,0.05411732131844897,0.22214292086716034,inner,0.0,True,True,True
HD 89307 b,HD 89307,radial velocity,2009,2166.0,13.4,642.01338214,5955.0,1.1,1.27,2.020002586745032,1.1954679275582123,outer,0.0,True,True,True
HD 89345 b,HD 89345,transit,2018,11.8143,7.39794,34.9613,5576.0,1.747,1.157,0.11000069219829595,0.66,inner,0.0,True,True,True
HD 89744 b,HD 89744,radial velocity,1999,256.78,12.6,,6291.0,2.13257,1.86,,1.124096708002498,inner,,False,True,True
HD 89839 b,HD 89839,radial velocity,2023,3441.0,12.9,1592.32031907,6314.0,1.28588,1.21,5.010006415639906,1.1508609153358909,outer,0.0,True,True,True
HD 90156 b,HD 90156,radial velocity,2009,49.77,4.43,,5599.0,0.920286,0.84,,0.39521812828976716,inner,,False,True,True
HD 9174 b,HD 9174,radial velocity,2016,1179.0,13.7,,5577.0,1.67,1.03,,1.222232134891605,habitable,,False,True,True
HD 92788 b,HD 92788,radial velocity,2000,325.803,13.0,,5744.0,1.14,1.15,,1.159782317780355,inner,,False,True,True
HD 92788 c,HD 92788,radial velocity,2019,11611.2975,13.0,,5744.0,1.14,1.15,,1.159782317780355,outer,,False,True,True
HD 93083 b,HD 93083,radial velocity,2005,143.58,13.4,,4995.0,0.850835,0.7,,1.1954679275582123,habitable,,False,True,True
HD 93351 b,HD 93351,radial velocity,2022,2.45946,1.69,,5408.0,0.911435,0.94,,0.15077170131144615,inner,,False,True,True
HD 93351 c,HD 93351,radial velocity,2022,14010.2941,12.3,4154.01727949,5408.0,0.911435,0.94,13.070016737008697,1.0973325006691053,outer,0.0,True,True,True
HD 93385 b,HD 93385,radial velocity,2021,7.3426,1.88,,5977.0,1.18484,1.04,,0.16772236595592827,inner,,False,True,True
HD 93385 c,HD 93385,radial velocity,2021,13.18,2.56,,5977.0,1.18484,1.04,,0.2283879025782853,inner,,False,True,True
HD 93385 d,HD 93385,radial velocity,2021,45.85,2.89,,5977.0,1.18484,1.04,,0.25782853064501743,inner,,False,True,True
HD 93963 A b,HD 93963 A,transit,2022,1.0376109,1.46954368,2.8,5908.0,1.0311,1.0844,0.008809796493700995,0.13110390578999018,inner,0.0,True,True,True
HD 93963 A c,HD 93963 A,transit,2022,3.6451389,3.11976057,18.4,5908.0,1.0311,1.0844,0.05789294838717797,0.27832639575341245,inner,0.0,True,True,True
HD 9446 b,HD 9446,radial velocity,2009,30.052,14.0,,5793.0,1.0,1.0,,1.248996342224998,inner,,False,True,True
HD 9446 c,HD 9446,radial velocity,2009,192.9,13.4,,5793.0,1.0,1.0,,1.1954679275582123,inner,,False,True,True
HD 94771 b,HD 94771,radial velocity,2023,2164.0,14.2,,5631.0,1.903,1.2,,1.2668391471139262,habitable,,False,True,True
HD 94834 b,HD 94834,radial velocity,2018,1576.0,13.7,,4798.0,4.2,1.11,,1.222232134891605,inner,,False,True,True
HD 94890 b,HD 94890,radial velocity,2025,824.61,13.3,,4867.0,10.71,1.74,,1.186546525113748,inner,,False,True,True
HD 94890 c,HD 94890,radial velocity,2025,2492.19,12.5,,4867.0,10.71,1.74,,1.1151753055580338,inner,,False,True,True
HD 95086 b,HD 95086,imaging,2013,,12.9,1589.0,7595.0,1.48667,1.6,4.999559510175315,1.1508609153358909,unknown,0.0,True,True,True
HD 95089 b,HD 95089,radial velocity,2009,464.4,13.7,,4918.0,5.08,1.54,,1.222232134891605,inner,,False,True,True
HD 95089 c,HD 95089,radial velocity,2018,1785.0,13.1,,4918.0,5.08,1.54,,1.1687037202248194,inner,,False,True,True
HD 95127 b,HD 95127,radial velocity,2015,482.0,12.4,,4218.0,41.01,3.7,,1.1062539031135694,inner,,False,True,True
HD 95338 b,HD 95338,radial velocity,2020,55.087,3.89,42.44,5212.0,0.87,0.83,0.13353134399738223,0.34704255508966014,inner,0.0,True,True,True
HD 95544 b,HD 95544,radial velocity,2021,2041.54152,12.8,1913.644838547,5722.0,1.088,1.01,6.02100771029299,1.1419395128914267,outer,0.0,True,True,True
HD 95735 c,GJ 411,radial velocity,2021,2946.0,3.76,,3719.0,0.3685,0.3899,,0.33544473191185653,outer,,False,True,True
HD 95872 b,HD 95872,radial velocity,2015,4375.0,13.0,,5312.0,0.84,0.7,,1.159782317780355,outer,,False,True,True
HD 96063 b,HD 96063,radial velocity,2011,362.5,13.7,,5020.0,4.75,1.37,,1.222232134891605,inner,,False,True,True
HD 96127 b,HD 96127,radial velocity,2011,647.29999,12.1,,3943.0,51.1,10.94,,1.0794896957801767,inner,,False,True,True
HD 96167 b,HD 96167,radial velocity,2009,498.04,14.0,,5733.0,1.94,1.27,,1.248996342224998,inner,,False,True,True
HD 96700 b,HD 96700,radial velocity,2021,8.1245,2.93,,5845.0,1.16,0.89,,0.2613970916228031,inner,,False,True,True
HD 96700 c,HD 96700,radial velocity,2021,19.88,1.69,,5845.0,1.16,0.89,,0.15077170131144615,inner,,False,True,True
HD 96700 d,HD 96700,radial velocity,2021,103.5,3.61,,5845.0,1.16,0.89,,0.32206262824516013,inner,,False,True,True
HD 96992 b,HD 96992,radial velocity,2021,514.0,13.7,,4725.0,7.43,0.96,,1.222232134891605,inner,,False,True,True
HD 97037 b,HD 97037,radial velocity,2022,6449.08337,12.1,6707.768529735,5874.1,1.26356,1.06,21.105027026363317,1.0794896957801767,outer,0.0,True,True,True
HD 97048 b,HD 97048,disk kinematics,2019,,13.3,794.575,10000.0,2.25,2.4,2.5000157317794534,1.186546525113748,unknown,0.0,True,True,True
HD 97658 b,HD 97658,radial velocity,2010,9.4897116,2.12,8.3,5212.0,0.728,0.85,0.02611475389204224,0.18913373182264254,inner,0.0,True,True,True
HD 98219 b,HD 98219,radial velocity,2011,433.8,13.4,,4925.0,4.6,1.41,,1.1954679275582123,inner,,False,True,True
HD 98649 b,HD 98649,radial velocity,2012,5697.3043,12.6,2665.309021102,5759.0,1.01,1.02,8.386010738833583,1.124096708002498,outer,0.0,True,True,True
HD 98736 b,HD 98736,radial velocity,2018,968.8,13.3,,5271.0,0.93,0.92,,1.186546525113748,outer,,False,True,True
HD 99109 b,HD 99109,radial velocity,2005,439.29999,14.3,,5282.0,0.98,0.76,,1.2757605495583906,outer,,False,True,True
HD 99283 b,HD 99283,radial velocity,2021,310.4,13.8,,4886.0,11.21,1.76,,1.2311535373360694,inner,,False,True,True
HD 99492 b,HD 99492,radial velocity,2004,17.0503,5.44,,4929.0,0.822539,0.85,,0.4853242929788563,inner,,False,True,True
HD 99492 c,HD 99492,radial velocity,2023,95.233,4.42,,4929.0,0.822539,0.85,,0.3943259880453207,inner,,False,True,True
HD 99706 b,HD 99706,radial velocity,2011,841.0,13.7,,4862.0,5.52,1.46,,1.222232134891605,inner,,False,True,True
HD 99706 c,HD 99706,radial velocity,2018,1278.0,12.8,,4891.0,5.4,1.72,,1.1419395128914267,inner,,False,True,True
HIP 105854 b,HIP 105854,radial velocity,2014,184.2,12.6,,4780.0,10.305119,2.1,,1.124096708002498,inner,,False,True,True
HIP 107772 b,HIP 107772,radial velocity,2020,55.199,3.64,,4006.0,0.513922,0.63,,0.3247390489784994,habitable,,False,True,True
HIP 107773 b,HIP 107773,radial velocity,2015,144.3,13.4,,4945.0,11.6,2.42,,1.1954679275582123,inner,,False,True,True
HIP 109384 b,HIP 109384,radial velocity,2016,499.48,13.5,,5180.0,0.831075,0.78,,1.2043893300026765,outer,,False,True,True
HIP 109600 b,HIP 109600,radial velocity,2016,232.08,13.2,,5530.0,0.971958,0.87,,1.1776251226692835,inner,,False,True,True
HIP 113103 b,HIP 113103,transit,2023,7.610303,1.829,,4930.0,0.742,0.761,,0.1631724507092515,inner,,False,True,True
HIP 113103 c,HIP 113103,transit,2023,14.245648,2.4,,4930.0,0.742,0.761,,0.21411365866714246,inner,,False,True,True
HIP 114933 b,HIP 114933,radial velocity,2021,1481.6,13.4,,4823.0,5.27,1.39,,1.1954679275582123,inner,,False,True,True
HIP 116454 b,HIP 116454,transit,2014,9.1004157,2.469,9.7,5048.0,0.758,0.8,0.030519652138892735,0.22026942635382282,inner,0.0,True,True,True
HIP 12961 b,HIP 12961,radial velocity,2010,57.435,13.2,,3901.0,0.65,0.69,,1.1776251226692835,inner,,False,True,True
HIP 14810 b,HIP 14810,radial velocity,2005,6.673892,13.0,,5544.0,1.07,1.01,,1.159782317780355,inner,,False,True,True
HIP 14810 c,HIP 14810,radial velocity,2006,147.747,13.6,,5544.0,1.07,1.01,,1.2133107324471406,inner,,False,True,True
HIP 14810 d,HIP 14810,radial velocity,2009,981.8,14.1,,5544.0,1.07,1.01,,1.257917744669462,outer,,False,True,True
HIP 19976 b,HIP 19976,radial velocity,2022,50.65905,4.94,,4316.0,0.772319,0.67,,0.440717280756535,inner,,False,True,True
HIP 21152 b,HIP 21152,imaging,2022,22000.0,12.0,7627.881768,6655.0,1.59186,1.4,24.00003073360434,1.0705682933357124,outer,0.0,True,True,True
HIP 29442 c,HD 42813,radial velocity,2023,3.5379559,1.551,4.5,5289.0,0.98,0.901,0.014158601507733744,0.13837095191364082,inner,0.0,True,True,True
HIP 29442 d,HD 42813,radial velocity,2023,6.429575,1.538,5.14,5289.0,0.98,0.901,0.016172269277722542,0.13721116959586047,inner,0.0,True,True,True
HIP 34222 b,HIP 34222,radial velocity,2021,159.986,13.9,,4050.0,0.6186,0.62,,1.2400749397805335,outer,,False,True,True
HIP 35173 b,HIP 35173,radial velocity,2019,41.516,3.61,,4881.0,0.773404,0.79,,0.32206262824516013,inner,,False,True,True
HIP 35965 b,HIP 35965,radial velocity,2022,26125.56497,12.6,2589.983688643,4836.0,0.697551,0.78,8.14901043533924,1.124096708002498,outer,0.0,True,True,True
HIP 38594 b,HIP 38594,radial velocity,2020,60.722,2.77,,4086.3,0.626646,0.61,,0.2471228477116603,habitable,,False,True,True
HIP 38594 c,HIP 38594,radial velocity,2020,3477.768,7.94,,4086.3,0.626646,0.61,,0.7083593540904631,outer,,False,True,True
HIP 39017 b,HIP 39017,imaging,2024,31000.0,12.0,7500.7504052,7201.0,1.51987,1.52,23.600030221377605,1.0705682933357124,outer,0.0,True,True,True
HIP 41378 b,HIP 41378,transit,2016,15.572098,2.44317,,6226.0,1.343,1.168,,0.2179650281024177,inner,,False,True,True
HIP 41378 c,HIP 41378,transit,2016,31.70648,2.56,,6226.0,1.343,1.168,,0.2283879025782853,inner,,False,True,True
HIP 41378 d,HIP 41378,transit,2016,1114.0,3.96,,6226.0,1.343,1.168,,0.3532875368007851,habitable,,False,True,True
HIP 41378 e,HIP 41378,transit,2016,131.0,5.51,,6226.0,1.343,1.168,,0.49156927468998124,inner,,False,True,True
HIP 41378 f,HIP 41378,transit,2016,1084.0,10.2,,6226.0,1.343,1.168,,0.9099830493353555,habitable,,False,True,True
HIP 4845 b,HIP 4845,radial velocity,2020,34.15,3.89,,4010.0,0.603999,0.62,,0.34704255508966014,inner,,False,True,True
HIP 48714 b,HIP 48714,radial velocity,2020,17.818,5.11,,4015.5,0.595456,0.58,,0.45588366491212423,inner,,False,True,True
HIP 5158 b,HIP 5158,radial velocity,2009,345.72,13.6,,4962.0,0.75,0.78,,1.2133107324471406,outer,,False,True,True
HIP 5158 c,HIP 5158,radial velocity,2011,9017.76,12.2,,4813.0,0.754089,0.78,,1.0884110982246409,outer,,False,True,True
HIP 54373 b,HIP 54373,radial velocity,2019,7.76,2.87,,4021.0,0.564998,0.57,,0.2560442501561246,inner,,False,True,True
HIP 54373 c,HIP 54373,radial velocity,2019,15.144,3.57,,4021.0,0.564998,0.57,,0.31849406726737445,inner,,False,True,True
HIP 54597 b,HIP 54597,radial velocity,2023,3274.0,13.3,762.7881768,4799.0,0.66,0.8,2.400003073360434,1.186546525113748,outer,0.0,True,True,True
HIP 55507 b,HIP 55507,radial velocity,2022,5138.43727,12.6,2585.534090945,4171.0,0.723643,0.65,8.135010417411305,1.124096708002498,outer,0.0,True,True,True
HIP 56640 b,HIP 56640,radial velocity,2021,2675.57603,12.7,2151.69831539,4769.0,4.93,1.75,6.7700086694375585,1.1330181104469623,inner,0.0,True,True,True
HIP 57274 b,HIP 57274,radial velocity,2011,8.1352,2.4,,4510.0,0.78,0.29,,0.21411365866714246,inner,,False,True,True
HIP 57274 c,HIP 57274,radial velocity,2011,32.03,14.2,,4640.0,0.68,0.73,,1.2668391471139262,inner,,False,True,True
HIP 57274 d,HIP 57274,radial velocity,2011,431.7,14.2,,4640.0,0.68,0.73,,1.2668391471139262,outer,,False,True,True
HIP 5763 b,HIP 5763,radial velocity,2021,30.014,14.2,,4352.0,0.750378,0.72,,1.2668391471139262,inner,,False,True,True
HIP 63242 b,HIP 63242,radial velocity,2013,124.6,12.5,,4830.0,10.275655,1.54,,1.1151753055580338,inner,,False,True,True
HIP 65 A b,HIP 65 A,transit,2020,0.9809734,22.75427,1021.18779,4590.0,0.7242,0.781,3.2130202184829533,2.0300000000000002,inner,0.0,True,True,True
HIP 65407 b,HIP 65407,radial velocity,2016,28.125,14.3,,5460.0,0.952252,0.93,,1.2757605495583906,inner,,False,True,True
HIP 65407 c,HIP 65407,radial velocity,2016,67.3,13.9,,5460.0,0.952252,0.93,,1.2400749397805335,inner,,False,True,True
HIP 65426 b,HIP 65426,imaging,2017,,16.8135,2860.47,8840.0,1.77,1.96,9.00005663440603,1.5000000000000002,unknown,0.0,True,True,True
HIP 65891 b,HIP 65891,radial velocity,2015,1079.55726,12.8,1871.373660416,5000.0,8.93,2.49,5.888007539977598,1.1419395128914267,inner,0.0,True,True,True
HIP 66074 b,HIP 66074,astrometry,2023,310.9,12.9,1589.142035,4300.0,0.69,0.705,5.000006402834238,1.1508609153358909,outer,0.0,True,True,True
HIP 67522 b,HIP 67522,transit,2020,6.9594731,9.9872018,,5675.0,1.38,1.22,,0.8909984655187795,inner,,False,True,True
HIP 67522 c,HIP 67522,transit,2024,14.334892,7.93595834,,5675.0,1.38,1.22,,0.7079987813364261,inner,,False,True,True
HIP 67537 b,HIP 67537,radial velocity,2017,2523.64713,12.3,4309.117542106,4985.0,8.69,2.316,13.558017361925318,1.0973325006691053,inner,0.0,True,True,True
HIP 67851 b,HIP 67851,radial velocity,2015,89.23,13.7,,4840.0,5.45,1.28,,1.222232134891605,inner,,False,True,True
HIP 67851 c,HIP 67851,radial velocity,2015,3128.41,12.7,2204.775659359,4840.0,5.45,1.28,6.937008883292222,1.1330181104469623,inner,0.0,True,True,True
HIP 70849 b,HIP 70849,radial velocity,2009,3649.0,12.9,1430.2278315,4105.0,0.633112,0.65,4.500005762550814,1.1508609153358909,outer,0.0,True,True,True
HIP 71135 b,HIP 71135,radial velocity,2019,87.19,4.55,,4146.0,0.681296,0.66,,0.40592381122312426,habitable,,False,True,True
HIP 74890 b,HIP 74890,radial velocity,2016,822.3,13.3,,4850.0,5.77,1.74,,1.186546525113748,inner,,False,True,True
HIP 75092 b,HIP 75092,radial velocity,2021,926.4,13.5,,4891.0,4.53,1.28,,1.2043893300026765,inner,,False,True,True
HIP 77900 b,HIP 77900,imaging,2024,,12.1,6674.396547,13646.0,,,21.0000268919038,1.0794896957801767,unknown,0.0,True,True,False
HIP 78530 b,HIP 78530,imaging,2010,,12.0,7300.0,10500.0,2.10876,2.5,22.96839800143474,1.0705682933357124,unknown,0.0,True,True,True
HIP 79098 AB b,HIP 79098 AB,imaging,2019,,12.1,6515.515,9193.75,,3.75,20.500129000591517,1.0794896957801767,unknown,0.0,True,True,False
HIP 79431 b,HIP 79431,radial velocity,2009,111.7,13.4,,3191.0,0.478625,0.49,,1.1954679275582123,outer,,False,True,True
HIP 81208 C b,HIP 81208 C,imaging,2023,104100.0,12.3,4703.8604236,,,0.135,14.800018952389344,1.0973325006691053,unknown,0.0,True,True,False
HIP 8152 b,HIP 8152,transit,2023,10.751014,2.53625843,8.9,5618.0,0.9603,0.9373,0.02800256742640674,0.22626982157195114,inner,0.0,True,True,True
HIP 8152 c,HIP 8152,transit,2023,19.60562,2.52442508,10.7,5618.0,0.9603,0.9373,0.03366600802950023,0.2252141207957891,inner,0.0,True,True,True
HIP 8541 b,HIP 8541,radial velocity,2016,1852.14387,12.6,2451.728331598,4670.0,7.83,2.009,7.714009878292662,1.124096708002498,inner,0.0,True,True,True
HIP 86221 b,HIP 86221,radial velocity,2021,2.224,14.0,,,,0.79,,1.248996342224998,unknown,,False,True,False
HIP 90988 b,HIP 90988,radial velocity,2021,455.73816,13.4,,4883.0,3.94,1.613,,1.1954679275582123,inner,,False,True,True
HIP 91258 b,HIP 91258,radial velocity,2013,5.0505,13.7,,5519.0,0.89,0.97,,1.222232134891605,inner,,False,True,True
HIP 94235 b,HIP 94235,transit,2022,7.713057,3.0,379.0,5991.0,1.08,1.094,1.192468882540242,0.2676420733339281,inner,0.0,True,True,True
HIP 948 b,HIP 948,radial velocity,2022,24955.45756,12.1,6547.2651842,4497.0,0.688488,0.71,20.600026379677058,1.0794896957801767,outer,0.0,True,True,True
HIP 9618 b,HIP 9618,transit,2023,20.772858,3.82838127,8.3,5649.0,0.9593,0.942,0.02611475389204224,0.34154530020519225,inner,0.0,True,True,True
HIP 9618 c,HIP 9618,transit,2023,52.56363,3.42855926,7.0,5649.0,0.9593,0.942,0.02202449123425249,0.3058755696315461,inner,0.0,True,True,True
HIP 97166 b,HIP 97166,transit,2021,10.288914,2.4801338,19.1,5216.0,0.8418,0.9342,0.06009539751060323,0.22126271745918458,inner,0.0,True,True,True
HIP 97166 c,HIP 97166,radial velocity,2021,16.432,2.75,,5216.0,0.8418,0.9342,,0.24533856722276742,inner,,False,True,True
HIP 97233 b,HIP 97233,radial velocity,2014,1062.26506,12.1,6098.173645109,5020.0,5.34,1.81,19.187024570236105,1.0794896957801767,inner,0.0,True,True,True
HIP 99770 b,HIP 99770,imaging,2023,18600.0,12.2,5117.0373527,8000.0,1.93986,1.85,16.100020617126248,1.0884110982246409,outer,0.0,True,True,True
HN Lib b,HN Lib,radial velocity,2023,36.116,2.2,,3347.0,0.299,0.291,,0.19627085377821396,outer,,False,True,True
HN Peg b,HN Peg,imaging,2006,,11.7768,6991.57,6186.0,1.006954,1.08,21.997967454094667,1.050655723079668,unknown,0.0,True,True,True
HR 2562 b,HR 2562,imaging,2016,,12.44199,4195.3349724,6597.0,1.334,1.368,13.200016903482387,1.11,unknown,0.0,True,True,True
HR 5183 b,HR 5183,radial velocity,2019,27000.0,13.1,1052.01202717,5794.0,1.53,1.07,3.3100042386762656,1.1687037202248194,outer,0.0,True,True,True
HR 810 b,HR 810,radial velocity,1999,302.79999,12.7,1970.5361234,6167.0,1.13,1.34,6.200007939514455,1.1330181104469623,inner,0.0,True,True,True
HR 858 b,HR 858,transit,2019,3.585287,2.004,3.55,6354.0,1.258,1.204,0.011169563411656619,0.17878490498706398,inner,0.0,True,True,True
HR 858 c,HR 858,transit,2019,5.973865,1.979,3.8,6354.0,1.258,1.204,0.011956152384308494,0.17655455437594791,inner,0.0,True,True,True
HR 858 d,HR 858,transit,2019,11.230511,2.001,7.1,6354.0,1.258,1.204,0.022339126823313238,0.17851726291373005,inner,0.0,True,True,True
HR 8799 b,HR 8799,imaging,2008,170000.0,13.0,2000.0,7204.58,1.49338,1.5,6.292711781214997,1.159782317780355,outer,0.0,True,True,True
HR 8799 c,HR 8799,imaging,2008,69000.0,13.0,3000.0,7204.58,1.49338,1.5,9.439067671822496,1.159782317780355,outer,0.0,True,True,True
HR 8799 d,HR 8799,imaging,2008,37000.0,13.0,3000.0,7204.58,1.49338,1.5,9.439067671822496,1.159782317780355,outer,0.0,True,True,True
HR 8799 e,HR 8799,imaging,2010,20815.6,13.11453,3178.3,7400.0,1.49338,1.51,10.000062927117813,1.1700000000000002,outer,0.0,True,True,True
HS Psc b,HS Psc,radial velocity,2024,3.986,13.6,,4203.0,0.65,0.69,,1.2133107324471406,inner,,False,True,True
HU Aqr AB b,HU Aqr,eclipse timing variations,2011,2390.0,12.8,,5952.0,,0.88,,1.1419395128914267,unknown,,False,True,False
HU Aqr AB c,HU Aqr,eclipse timing variations,2011,4368.0,12.9,,5952.0,,0.88,,1.1508609153358909,unknown,,False,True,False
IC 4651 9122 b,IC 4651 9122,radial velocity,2018,734.0,12.7,,4740.1,10.267424,2.1,,1.1330181104469623,inner,,False,True,True
IRAS 04125+2902 b,IRAS 04125+2902,transit,2024,8.834978,10.73820351,,4080.0,1.45,0.7,,0.957998350432688,inner,,False,True,True
ITG 15 b,ITG 15 A,imaging,2024,,12.1,6674.396547,,,,21.0000268919038,1.0794896957801767,unknown,0.0,True,True,False
K2-10 b,K2-10,transit,2015,19.3044,3.84,27.0,5620.0,0.98,0.92,0.08495160904640246,0.34258185386742795,inner,0.0,True,True,True
K2-100 b,K2-100,transit,2016,1.6739035,3.88,21.8,5945.0,1.24,1.15,0.06859055841524347,0.3461504148452137,inner,0.0,True,True,True
K2-101 b,K2-101,transit,2016,14.6762429,2.0,,4927.0,0.76,0.82,,0.1784280488892854,inner,,False,True,True
K2-102 b,K2-102,transit,2016,9.915615,1.3,,4695.0,0.71,0.77,,0.11597823177803551,inner,,False,True,True
K2-104 b,K2-104,transit,2016,1.9741954,1.79,,3712.0,0.48,0.51,,0.15969310375591045,inner,,False,True,True
K2-105 b,K2-105,transit,2017,8.2669928,3.59,30.0,5636.0,0.97,1.05,0.09439067671822496,0.3202783477562673,inner,0.0,True,True,True
K2-107 b,K2-107,transit,2017,3.313959,15.98,266.9772,6061.0,1.81,1.3,0.8400052858778962,1.4256401106253904,inner,0.0,True,True,True
K2-108 b,K2-108,transit,2017,4.733999,5.33,59.4,5599.0,1.76,1.17,0.1868935399020854,0.4755107502899456,inner,0.0,True,True,True
K2-11 b,K2-11,transit,2015,39.93767,7.55,,5433.0,5.15,1.35,,0.6735658845570524,inner,,False,True,True
K2-110 b,K2-110,transit,2017,13.86375,2.592,15.9,5010.0,0.713,0.738,0.05002705866065923,0.2312427513605139,inner,0.0,True,True,True
K2-111 b,K2-111,transit,2017,5.3518,1.82,5.58,5775.0,1.25,0.84,0.017556665869589844,0.1623695244892497,inner,0.0,True,True,True
K2-111 c,K2-111,radial velocity,2020,15.6805,3.33,,5775.0,1.25,0.84,,0.2970827014006602,inner,,False,True,True
K2-113 b,K2-113,transit,2017,5.817685,12.14,410.0007,5660.0,1.24,1.04,1.290008117598198,1.0830582567579625,inner,0.0,True,True,True
K2-114 b,K2-114,transit,2017,11.390931,10.59248676,638.83509807,4899.0,0.832,0.863,2.0100025739393637,0.9449983727361941,inner,0.0,True,True,True
K2-115 b,K2-115,transit,2017,20.2729914,11.80305668,321.00669107,5870.0,0.855,0.918,1.010001293372516,1.0529981871710232,inner,0.0,True,True,True
K2-116 b,K2-116,transit,2017,4.655411,0.69,,4348.35,0.6694,0.694512,,0.06155767686680346,inner,,False,True,True
K2-117 b,K2-117,transit,2017,1.2916,2.03,,3778.0,0.51,0.54,,0.18110446962262466,inner,,False,True,True
K2-117 c,K2-117,transit,2017,5.444017,2.06,,3778.0,0.51,0.54,,0.18378089035596396,inner,,False,True,True
K2-118 b,K2-118,transit,2017,50.92092,2.54,,4726.29,0.734626,0.756446,,0.22660362208939247,inner,,False,True,True
K2-119 b,K2-119,transit,2017,7.727283,2.53,,4740.0,0.71,0.76,,0.22571148184494602,inner,,False,True,True
K2-12 b,K2-12,transit,2015,8.28246,2.44,5.2,5672.0,1.117,0.965,0.016361050631158995,0.21768221964492818,inner,0.0,True,True,True
K2-121 b,K2-121,transit,2017,5.1857539,7.52,,4690.0,0.67,0.69,,0.6708894638237131,inner,,False,True,True
K2-122 b,K2-122,transit,2017,2.2193023,1.16,,4009.0,0.59,0.63,,0.10348826835578552,inner,,False,True,True
K2-123 b,K2-123,transit,2017,30.951524,2.76,,4035.0,0.59,0.62,,0.24623070746721384,inner,,False,True,True
K2-124 b,K2-124,transit,2017,6.413651,2.9,,3570.0,0.388,0.39,,0.2587206708894638,inner,,False,True,True
K2-125 b,K2-125,transit,2017,21.750264,2.18,,3654.47,0.402049,0.494727,,0.1944865732893211,habitable,,False,True,True
K2-126 b,K2-126,transit,2017,7.385655,1.97,,4339.0,0.65,0.69,,0.1757516281559461,inner,,False,True,True
K2-127 b,K2-127,transit,2017,3.588163,8.37,,4575.0,0.66,0.72,,0.7467213846016594,inner,,False,True,True
K2-128 b,K2-128,transit,2017,5.675819,1.42,,4469.51,0.777569,0.711248,,0.12668391471139262,inner,,False,True,True
K2-129 b,K2-129,transit,2017,8.239493,1.04,,3459.09,0.36001,0.360031,,0.09278258542242841,inner,,False,True,True
K2-13 b,K2-13,transit,2015,39.91488,1.89,,5698.0,0.78,0.8,,0.1686145062003747,inner,,False,True,True
K2-130 b,K2-130,transit,2017,2.49412,1.25,,4356.47,0.744261,0.69563,,0.11151753055580338,inner,,False,True,True
K2-131 b,K2-131,transit,2017,0.3693038,1.69,7.9,5120.0,0.7595,0.803,0.02485621153579924,0.15077170131144615,inner,0.0,True,True,True
K2-132 b,K2-132,transit,2017,9.1751,14.5717,155.7367,4840.0,3.85,1.08,0.49000308342877286,1.3,inner,0.0,True,True,True
K2-133 b,K2-133,transit,2017,3.07133,1.34,,3655.0,0.455,0.461,,0.11954679275582122,inner,,False,True,True
K2-133 c,K2-133,transit,2017,4.86784,1.603,,3655.0,0.455,0.461,,0.14301008118476224,inner,,False,True,True
K2-133 d,K2-133,transit,2017,11.02454,2.003,,3655.0,0.455,0.461,,0.17869569096261934,inner,,False,True,True
K2-133 e,K2-133,transit,2019,26.5841,1.73,,3655.0,0.455,0.461,,0.15434026228923187,habitable,,False,True,True
K2-136 b,K2-136,transit,2017,7.9752,1.014,4.3,4500.0,0.677,0.742,0.013529330329612243,0.0904630207868677,inner,0.0,True,True,True
K2-136 c,K2-136,transit,2017,17.30713,3.0,18.1,4500.0,0.677,0.742,0.05694904161999573,0.2676420733339281,inner,0.0,True,True,True
K2-136 d,K2-136,transit,2017,25.575,1.565,3.0,4500.0,0.677,0.742,0.009439067671822496,0.13961994825586582,inner,0.0,True,True,True
K2-137 b,K2-137,transit,2017,0.179719,0.64,158.915,3697.0,0.29,0.463,0.5000031463558906,0.05709697564457133,inner,0.0,True,True,True
K2-138 b,K2-138,transit,2017,2.35309,1.51,3.1,5356.3,0.863,0.935,0.009753703260883246,0.1347131769114105,inner,0.0,True,True,True
K2-138 c,K2-138,transit,2017,3.56004,2.299,6.31,5356.3,0.863,0.935,0.019853505669733314,0.20510304219823355,inner,0.0,True,True,True
K2-138 d,K2-138,transit,2017,5.40479,2.39,7.92,5356.3,0.863,0.935,0.024919138653611388,0.21322151842269607,inner,0.0,True,True,True
K2-138 e,K2-138,transit,2017,8.26146,3.39,12.97,5356.3,0.863,0.935,0.04080823590117926,0.30243554286733876,inner,0.0,True,True,True
K2-138 f,K2-138,transit,2017,12.75758,2.904,1.63,5356.3,0.863,0.935,0.005128560101690222,0.2590775269872424,inner,0.0,True,True,True
K2-138 g,K2-138,transit,2021,41.96797,3.013,4.32,5356.3,0.863,0.935,0.013592257447424394,0.26880185565170844,inner,0.0,True,True,True
K2-139 b,K2-139,transit,2017,28.380619,9.11,123.00021,5370.0,0.88,0.96,0.3870024352794593,0.8127397626906949,inner,0.0,True,True,True
K2-14 b,K2-14,transit,2015,8.36802,4.81,,3789.0,0.45,0.47,,0.4291194575787314,inner,,False,True,True
K2-140 b,K2-140,transit,2017,6.569188,13.56286665,295.58041851,5585.0,1.06,0.96,0.9300011909271683,1.2099979168525292,inner,0.0,True,True,True
K2-141 b,K2-141,transit,2018,0.2803244,1.51,4.97,4570.0,0.681,0.708,0.015637388776319268,0.1347131769114105,inner,0.0,True,True,True
K2-141 c,K2-141,transit,2018,7.7485,7.0,8.0,4570.0,0.681,0.708,0.02517084712485999,0.624498171112499,inner,0.0,True,True,True
K2-146 b,K2-146,transit,2018,2.6446,2.05,5.77,3385.0,0.33,0.331,0.018154473488805264,0.18288875011151753,inner,0.0,True,True,True
K2-146 c,K2-146,transit,2019,4.00498,2.19,7.49,3385.0,0.33,0.331,0.023566205620650166,0.1953787135337675,inner,0.0,True,True,True
K2-147 b,K2-147,transit,2018,0.961939,1.47286006,,3690.0,0.578,0.563,,0.1313997733963779,inner,,False,True,True
K2-148 b,K2-148,transit,2018,4.38395,1.33,,4079.0,0.632,0.65,,0.1186546525113748,inner,,False,True,True
K2-148 c,K2-148,transit,2018,6.9226,1.73,,4079.0,0.632,0.65,,0.15434026228923187,inner,,False,True,True
K2-148 d,K2-148,transit,2018,9.7579,1.64,,4079.0,0.632,0.65,,0.14631100008921402,inner,,False,True,True
K2-149 b,K2-149,transit,2018,11.332,1.64,,3745.0,0.568,0.595,,0.14631100008921402,inner,,False,True,True
K2-15 b,K2-15,transit,2015,11.8104,2.48,,5131.0,0.68,0.72,,0.2212507806227139,inner,,False,True,True
K2-150 b,K2-150,transit,2018,10.59357,2.0,,3499.0,0.436,0.457,,0.1784280488892854,inner,,False,True,True
K2-151 b,K2-151,transit,2018,3.835476,1.49,,3695.0,0.45,0.47,,0.13292889642251762,inner,,False,True,True
K2-152 b,K2-152,transit,2018,32.6479,2.29,,4044.0,0.61,0.63,,0.20430011597823178,inner,,False,True,True
K2-153 b,K2-153,transit,2018,7.51574,2.0,,3845.0,0.53,0.55,,0.1784280488892854,inner,,False,True,True
K2-154 b,K2-154,transit,2018,3.67626,1.99,,4097.0,0.63,0.65,,0.17753590864483898,inner,,False,True,True
K2-154 c,K2-154,transit,2018,7.95486,2.07,,4097.0,0.63,0.65,,0.18467303060041038,inner,,False,True,True
K2-155 b,K2-155,transit,2018,6.342,1.8,,4258.0,0.58,0.65,,0.16058524400035687,inner,,False,True,True
K2-155 c,K2-155,transit,2018,13.85,2.6,,4258.0,0.58,0.65,,0.23195646355607102,inner,,False,True,True
K2-155 d,K2-155,transit,2018,40.718,1.9,,4258.0,0.58,0.65,,0.16950664644482114,inner,,False,True,True
K2-156 b,K2-156,transit,2018,0.813143,1.1,,4460.0,0.62,0.66,,0.09813542688910698,inner,,False,True,True
K2-157 b,K2-157,transit,2018,0.3652575,0.935,1.14,5334.0,0.86,0.89,0.0035868457152925482,0.08341511285574094,inner,0.8908556002352848,True,True,True
K2-157 c,K2-157,radial velocity,2025,25.942,6.08,,5334.0,0.86,0.89,,0.5424212686234277,inner,,False,True,True
K2-157 d,K2-157,radial velocity,2025,66.5,5.16,,5334.0,0.86,0.89,,0.46034436613435636,inner,,False,True,True
K2-158 b,K2-158,transit,2018,10.06049,2.64,,5503.0,0.95,0.92,,0.23552502453385674,inner,,False,True,True
K2-158 c,K2-158,transit,2018,5.90279,1.28,,5503.0,0.95,0.92,,0.11419395128914266,inner,,False,True,True
K2-159 b,K2-159,transit,2018,12.42205,2.26,,5425.0,0.83,0.9,,0.2016236952448925,inner,,False,True,True
K2-16 b,K2-16,transit,2015,7.6188,2.02,,4742.0,0.66,0.68,,0.18021232937817827,inner,,False,True,True
K2-16 c,K2-16,transit,2015,19.07863,2.54,,4742.0,0.66,0.68,,0.22660362208939247,inner,,False,True,True
K2-160 b,K2-160,transit,2018,3.705871,3.17824034,,5649.0,0.913754,0.982829,,0.28354361138370954,inner,,False,True,True
K2-161 b,K2-161,transit,2018,9.283188,6.11721229,,4972.0,2.568173,0.986876,,0.5457411267731288,inner,,False,True,True
K2-162 b,K2-162,transit,2018,9.45889,1.44,,4842.0,0.69,0.75,,0.1284681952002855,inner,,False,True,True
K2-163 b,K2-163,transit,2018,6.673117,2.46610713,,4937.0,0.762201,0.826112,,0.22001134177892767,inner,,False,True,True
K2-164 b,K2-164,transit,2018,17.355066,3.24925008,,5791.0,2.196069,1.180894,,0.28987867606387724,inner,,False,True,True
K2-165 b,K2-165,transit,2018,2.354992,1.27443657,,5185.0,0.803827,0.834847,,0.1136976153091266,inner,,False,True,True
K2-165 c,K2-165,transit,2018,4.382745,1.55409035,,5185.0,0.803827,0.834847,,0.13864665447408334,inner,,False,True,True
K2-165 d,K2-165,transit,2018,14.101361,2.64809498,,5185.0,0.803827,0.834847,,0.23624721027745565,inner,,False,True,True
K2-166 b,K2-166,transit,2018,8.52695,2.19,,5960.0,1.61,1.16,,0.1953787135337675,inner,,False,True,True
K2-167 b,K2-167,transit,2018,9.978541,2.36509493,6.5,6310.0,1.499,1.084,0.020451313288948742,0.21099963689892054,inner,0.0,True,True,True
K2-168 b,K2-168,transit,2018,15.8523,1.86,,5502.7,0.83,0.877,,0.16593808546703542,inner,,False,True,True
K2-169 b,K2-169,transit,2018,6.380803,1.27328671,,5548.0,0.919053,0.986144,,0.11359503167097869,inner,,False,True,True
K2-17 b,K2-17,transit,2015,17.96753,2.23,,4320.0,0.66,0.71,,0.19894727451155322,inner,,False,True,True
K2-170 b,K2-170,transit,2018,7.576544,1.41817537,,5748.0,0.981614,0.963657,,0.1265211321259702,inner,,False,True,True
K2-170 c,K2-170,transit,2018,12.400047,1.8017647,,5748.0,0.981614,0.963657,,0.16074267998929434,inner,,False,True,True
K2-171 b,K2-171,transit,2018,5.628466,2.68657205,,5250.0,1.717458,0.891587,,0.23967990454099386,inner,,False,True,True
K2-172 b,K2-172,transit,2018,14.316941,1.66608079,,5569.0,0.868889,0.934356,,0.14863777232580963,inner,,False,True,True
K2-172 c,K2-172,transit,2018,29.62682,3.20569097,,5569.0,0.868889,0.934356,,0.2859925925595504,inner,,False,True,True
K2-173 b,K2-173,transit,2018,5.868699,1.60826194,,5580.0,0.843154,0.881538,,0.1434795200285485,inner,,False,True,True
K2-174 b,K2-174,transit,2018,19.562307,2.6,,4455.0,0.676,0.7,,0.23195646355607102,inner,,False,True,True
K2-175 b,K2-175,transit,2018,9.525988,2.03803688,,5909.0,1.420038,1.094693,,0.18182147203140334,inner,,False,True,True
K2-176 b,K2-176,transit,2018,5.329439,1.49090097,,5428.0,0.86416,0.938545,,0.1330092755821215,inner,,False,True,True
K2-177 b,K2-177,transit,2018,14.155185,2.1162048,,6063.0,1.213565,1.210525,,0.18879514675707024,inner,,False,True,True
K2-178 b,K2-178,transit,2018,8.747818,3.55790985,,5525.0,0.887267,0.95109,,0.31741545632973506,inner,,False,True,True
K2-179 b,K2-179,transit,2018,5.172191,2.51267885,,5015.0,0.768067,0.824345,,0.2241661923454367,inner,,False,True,True
K2-18 b,K2-18,transit,2015,32.939623,2.37,8.92,3457.0,0.411,0.359,0.02806549454421889,0.2114372379338032,outer,0.0,True,True,True
K2-18 c,K2-18,radial velocity,2017,8.962,2.65,,3457.0,0.411,0.359,,0.23641716477830316,inner,,False,True,True
K2-180 b,K2-180,transit,2018,8.865663,2.46597575,11.4100398113,5365.0,0.719,0.735,0.03590004597234983,0.21999962084039612,inner,0.0,True,True,True
K2-181 b,K2-181,transit,2018,6.893813,2.83587212,,5520.0,1.04,1.022,,0.2529995646355607,inner,,False,True,True
K2-182 b,K2-182,transit,2018,4.7369696,2.71257333,20.976674862,5128.0,0.789,0.823,0.06600008451741193,0.24199958337050587,inner,0.0,True,True,True
K2-183 b,K2-183,transit,2018,0.469285,1.1,,5482.0,0.87,0.942219,,0.09813542688910698,inner,,False,True,True
K2-183 c,K2-183,transit,2018,10.787992,2.3,,5482.0,0.87,0.942219,,0.2051922562226782,inner,,False,True,True
K2-183 d,K2-183,transit,2018,22.620344,2.3,,5482.0,0.87,0.942219,,0.2051922562226782,inner,,False,True,True
K2-184 b,K2-184,transit,2018,16.9780102,1.47,,5245.0,0.75,0.84,,0.13114461593362478,inner,,False,True,True
K2-185 b,K2-185,transit,2018,10.616384,1.15,,5788.0,0.94,0.96,,0.1025961281113391,inner,,False,True,True
K2-185 c,K2-185,transit,2018,52.713494,2.39,,5788.0,0.94,0.96,,0.21322151842269607,inner,,False,True,True
K2-186 b,K2-186,transit,2018,41.474219,3.17207779,,5784.0,0.98083,1.018617,,0.2829938254973682,inner,,False,True,True
K2-187 b,K2-187,transit,2018,0.77401,1.2,,5438.0,0.83,0.966999,,0.10705682933357123,inner,,False,True,True
K2-187 c,K2-187,transit,2018,2.871512,1.4,,5438.0,0.83,0.966999,,0.12489963422249978,inner,,False,True,True
K2-187 d,K2-187,transit,2018,7.149584,2.4,,5438.0,0.83,0.966999,,0.21411365866714246,inner,,False,True,True
K2-187 e,K2-187,transit,2018,13.606629,1.9,,5438.0,0.83,0.966999,,0.16950664644482114,inner,,False,True,True
K2-188 b,K2-188,transit,2018,1.742169,1.35,,5977.0,1.19,1.06,,0.12043893300026766,inner,,False,True,True
K2-188 c,K2-188,transit,2018,7.810253,2.83,,5977.0,1.19,1.06,,0.25247568917833885,inner,,False,True,True
K2-189 b,K2-189,transit,2018,2.588309,1.52,,5519.0,0.87,0.94,,0.1356053171558569,inner,,False,True,True
K2-189 c,K2-189,transit,2018,6.679195,2.5,,5519.0,0.87,0.94,,0.22303506111160676,inner,,False,True,True
K2-19 b,K2-19,transit,2015,7.9222,7.0,32.4,5322.0,0.82,0.88,0.10194193085568296,0.624498171112499,inner,0.0,True,True,True
K2-19 c,K2-19,transit,2015,11.8993,4.1,10.8,5322.0,0.82,0.88,0.033980643618560985,0.36577750022303507,inner,0.0,True,True,True
K2-19 d,K2-19,transit,2016,2.5081,1.11,10.0,5322.0,0.82,0.88,0.03146355890607499,0.0990275671335534,inner,0.0,True,True,True
K2-190 b,K2-190,transit,2018,10.098858,1.35673729,,5631.0,0.912206,0.904597,,0.1210399937550183,inner,,False,True,True
K2-190 c,K2-190,transit,2018,21.574023,1.09308317,,5631.0,0.912206,0.904597,,0.09751834864840754,inner,,False,True,True
K2-191 b,K2-191,transit,2018,2.858646,1.57889322,,5176.0,0.839696,0.900994,,0.14085941832456064,inner,,False,True,True
K2-192 b,K2-192,transit,2018,4.162817,1.52,,5222.0,0.81,0.9,,0.1356053171558569,inner,,False,True,True
K2-193 b,K2-193,transit,2018,14.786889,3.95,,5817.0,0.98,1.01,,0.35239539655633867,inner,,False,True,True
K2-194 b,K2-194,transit,2018,39.721386,3.64229858,,5979.0,1.281115,1.110086,,0.3249441145508074,inner,,False,True,True
K2-195 b,K2-195,transit,2018,15.852975,3.13,,5713.0,0.99,0.94,,0.27923989651173164,inner,,False,True,True
K2-195 c,K2-195,transit,2018,28.482786,2.57581891,,5712.0,0.906367,0.963364,,0.22979917120171292,inner,,False,True,True
K2-196 b,K2-196,transit,2018,48.324222,3.59970536,,6045.0,1.538801,1.162095,,0.3211442019805514,inner,,False,True,True
K2-197 b,K2-197,transit,2018,8.357881,2.56,,5667.0,0.93,1.0,,0.2283879025782853,inner,,False,True,True
K2-198 b,K2-198,transit,2018,17.0428683,4.189,,5212.9,0.757,0.799,,0.37371754839860827,inner,,False,True,True
K2-198 c,K2-198,transit,2019,3.3596055,1.423,,5212.9,0.757,0.799,,0.12695155678472655,inner,,False,True,True
K2-198 d,K2-198,transit,2019,7.4500177,2.438,,5212.9,0.757,0.799,,0.21750379159603891,inner,,False,True,True
K2-199 b,K2-199,transit,2018,3.2253993,1.73,6.9,4491.0,0.682,0.711,0.02170985564519174,0.15434026228923187,inner,0.0,True,True,True
K2-199 c,K2-199,transit,2018,7.3744897,2.85,12.4,4491.0,0.682,0.711,0.039014813043532985,0.2542599696672317,inner,0.0,True,True,True
K2-200 b,K2-200,transit,2018,2.849883,1.3643987,,5233.0,0.791736,0.860208,,0.12172349897403872,inner,,False,True,True
K2-201 b,K2-201,transit,2018,1.05979,1.40006712,,5507.0,0.878161,0.956055,,0.12490562226782051,inner,,False,True,True
K2-201 c,K2-201,transit,2018,22.779878,3.28568401,,5507.0,0.878161,0.956055,,0.29312909358551165,inner,,False,True,True
K2-2016-BLG-0005L b,K2-2016-BLG-0005L,microlensing,2023,4700.0,13.7,349.6112477,,,0.584,1.1000014086235324,1.222232134891605,unknown,0.0,True,True,False
K2-202 b,K2-202,transit,2018,3.405164,2.30165603,,5491.0,0.910685,0.971461,,0.2053399973235793,inner,,False,True,True
K2-203 b,K2-203,transit,2018,9.6952,1.26549392,,5026.0,0.765,0.793,,0.11289980551342671,inner,,False,True,True
K2-204 b,K2-204,transit,2018,7.055908,3.17214154,,5783.0,1.253,1.076,,0.28299951289142655,inner,,False,True,True
K2-205 b,K2-205,transit,2018,26.672263,1.99552771,,5890.0,1.077574,0.951027,,0.17802905789990187,inner,,False,True,True
K2-206 b,K2-206,transit,2018,18.294549,2.79522879,,5043.0,0.758046,0.789481,,0.24937360959942903,inner,,False,True,True
K2-207 b,K2-207,transit,2018,12.48749,2.60585269,,5522.0,0.928158,0.941851,,0.23247860558479794,inner,,False,True,True
K2-208 b,K2-208,transit,2018,4.19097,1.67462172,,5500.0,0.872,0.881,,0.1493997430636096,inner,,False,True,True
K2-209 b,K2-209,transit,2018,2.080615,0.86850263,,4720.0,0.712365,0.74479,,0.07748261486305648,inner,,False,True,True
K2-21 b,K2-21,transit,2015,9.325038,1.84,,4222.06,0.646783,0.676023,,0.16415380497814258,inner,,False,True,True
K2-21 c,K2-21,transit,2015,15.50192,2.49,,4222.06,0.646783,0.676023,,0.22214292086716034,inner,,False,True,True
K2-210 b,K2-210,transit,2018,0.57023,0.86,,5500.0,0.89,0.911717,,0.07672406102239272,inner,,False,True,True
K2-211 b,K2-211,transit,2018,0.669561,1.33162691,,5117.0,0.818,0.851,,0.11879979569988403,inner,,False,True,True
K2-212 b,K2-212,transit,2018,9.795647,2.65,,4349.0,0.678,0.622,,0.23641716477830316,inner,,False,True,True
K2-213 b,K2-213,transit,2018,8.13087,1.51398464,,5794.0,1.20424,1.069596,,0.1350686626817736,inner,,False,True,True
K2-214 b,K2-214,transit,2018,8.596802,2.43,,5854.0,1.27,1.05,,0.21679007940048178,inner,,False,True,True
K2-215 b,K2-215,transit,2018,8.269648,2.12381238,,5704.0,0.974398,0.999987,,0.18947384958515479,inner,,False,True,True
K2-216 b,K2-216,transit,2018,2.1748,1.75,8.0,4503.0,0.72,0.7,0.02517084712485999,0.15612454277812474,inner,0.0,True,True,True
K2-217 b,K2-217,transit,2018,14.074524,3.57854073,,5967.0,1.333718,1.102661,,0.31925602016236954,inner,,False,True,True
K2-218 b,K2-218,transit,2018,8.679885,2.56948149,,5757.0,1.008231,1.047488,,0.22923378445891693,inner,,False,True,True
K2-219 b,K2-219,transit,2018,3.901287,1.34762583,,5753.0,1.189232,1.021545,,0.12022712373985191,inner,,False,True,True
K2-219 c,K2-219,transit,2018,6.66767,1.43839723,,5753.0,1.189232,1.021545,,0.12832520563832636,inner,,False,True,True
K2-219 d,K2-219,transit,2018,11.137278,2.57634456,,5753.0,1.189232,1.021545,,0.22984606655366224,inner,,False,True,True
K2-22 b,K2-22,transit,2015,0.381073,2.3,444.962,3879.0,0.58,0.595292,1.4000088097964938,0.2051922562226782,inner,0.0,True,True,True
K2-220 b,K2-220,transit,2018,13.683256,2.39,,5660.0,1.02,0.96,,0.21322151842269607,inner,,False,True,True
K2-221 b,K2-221,transit,2018,2.399094,1.67890272,,5716.0,0.947599,1.010842,,0.14978166830225711,inner,,False,True,True
K2-222 b,K2-222,transit,2018,15.38857,2.35,8.7,5942.0,1.115,0.989,0.027373296248285234,0.20965295744491036,inner,0.0,True,True,True
K2-223 b,K2-223,transit,2018,0.50557,0.89,,5859.0,1.0,1.06,,0.079400481755732,inner,,False,True,True
K2-223 c,K2-223,transit,2018,4.562546,1.5,,5859.0,1.0,1.06,,0.13382103666696404,inner,,False,True,True
K2-224 b,K2-224,transit,2018,4.47904,1.56,,5620.0,0.84,0.91,,0.13917387813364263,inner,,False,True,True
K2-224 c,K2-224,transit,2018,10.09489,2.41,,5620.0,0.84,0.91,,0.2150057989115889,inner,,False,True,True
K2-225 b,K2-225,transit,2018,15.8723,3.60929179,,5520.0,1.7,1.482,,0.3219994459809082,inner,,False,True,True
K2-226 b,K2-226,transit,2018,3.27109,1.53899305,,5288.0,0.889,0.856,,0.13729976358283522,inner,,False,True,True
K2-227 b,K2-227,transit,2018,13.621832,1.66551298,,5673.0,0.890666,0.950811,,0.1485871157105897,inner,,False,True,True
K2-228 b,K2-228,transit,2018,2.69828,1.21,,4715.0,0.65,0.71,,0.10794896957801767,inner,,False,True,True
K2-229 b,K2-229,transit,2018,0.584216,1.0,2.49,5315.0,0.79,0.87,0.007834426167612672,0.0892140244446427,inner,0.0,True,True,True
K2-229 c,K2-229,transit,2018,8.32727,2.03,21.3,5315.0,0.79,0.87,0.06701738046993973,0.18110446962262466,inner,0.0,True,True,True
K2-230 b,K2-230,transit,2018,2.86041,1.96,,5945.0,1.39,1.11,,0.1748594879114997,inner,,False,True,True
K2-231 b,K2-231,transit,2018,13.841901,2.5,,5695.0,0.95,1.01,,0.22303506111160676,inner,,False,True,True
K2-232 b,K2-232,transit,2018,11.168454,11.209,126.49634,6154.0,1.161,1.188,0.398002504499289,1.0,inner,0.0,True,True,True
K2-233 b,K2-233,transit,2018,2.4675,1.343,11.26,5033.0,0.71,0.79,0.03542796732824043,0.11981443482915514,inner,0.0,True,True,True
K2-233 c,K2-233,transit,2018,7.06005,1.281,12.81,5033.0,0.71,0.79,0.04030481895868206,0.11428316531358729,inner,0.0,True,True,True
K2-233 d,K2-233,transit,2018,24.3645,2.358,21.14,5033.0,0.71,0.79,0.06651396352744253,0.2103666696404675,inner,0.0,True,True,True
K2-237 b,K2-237,transit,2018,2.18053332,16.06246934,434.153603962,6180.0,1.236,1.256,1.3660017492543137,1.4329975323400839,inner,0.0,True,True,True
K2-238 b,K2-238,transit,2018,3.20466,14.5717,273.3338,5630.0,1.59,1.19,0.8600054117321319,1.3,inner,0.0,True,True,True
K2-239 b,K2-239,transit,2018,5.24,1.1,,3420.0,0.36,0.4,,0.09813542688910698,inner,,False,True,True
K2-239 c,K2-239,transit,2018,7.775,1.0,,3420.0,0.36,0.4,,0.0892140244446427,inner,,False,True,True
K2-239 d,K2-239,transit,2018,10.115,1.1,,3420.0,0.36,0.4,,0.09813542688910698,inner,,False,True,True
K2-24 b,K2-24,transit,2016,20.88977,5.4,19.0,5625.0,1.16,1.07,0.059780761921542476,0.48175573200107064,inner,0.0,True,True,True
K2-24 c,K2-24,transit,2016,42.3391,7.5,15.4,5625.0,1.16,1.07,0.04845388071535548,0.6691051833348203,inner,0.0,True,True,True
K2-240 b,K2-240,transit,2018,6.034,2.0,,3810.0,0.54,0.58,,0.1784280488892854,inner,,False,True,True
K2-240 c,K2-240,transit,2018,20.523,1.8,,3810.0,0.54,0.58,,0.16058524400035687,inner,,False,True,True
K2-241 b,K2-241,transit,2018,26.8199,2.55,,5262.0,0.75,0.71,,0.22749576233383886,inner,,False,True,True
K2-242 b,K2-242,transit,2018,6.51389,2.54,,3459.0,0.37,0.38,,0.22660362208939247,inner,,False,True,True
K2-243 b,K2-243,transit,2018,11.54182,2.17,,6570.0,1.39,1.29,,0.19359443304487464,inner,,False,True,True
K2-243 c,K2-243,transit,2018,24.94598,2.01,,6570.0,1.39,1.29,,0.17932018913373182,inner,,False,True,True
K2-244 b,K2-244,transit,2018,21.06884,1.75,,5677.0,0.92,0.86,,0.15612454277812474,inner,,False,True,True
K2-245 b,K2-245,transit,2018,11.89307,4.34,,5793.0,1.25,0.83,,0.3871888660897493,inner,,False,True,True
K2-246 b,K2-246,transit,2018,5.76918,3.49,,5610.0,0.94,0.87,,0.311356945311803,inner,,False,True,True
K2-247 b,K2-247,transit,2018,2.25021,2.12,,4667.0,0.69,0.74,,0.18913373182264254,inner,,False,True,True
K2-247 c,K2-247,transit,2018,6.49424,2.19,,4667.0,0.69,0.74,,0.1953787135337675,inner,,False,True,True
K2-248 b,K2-248,transit,2018,7.17256,2.57,,5528.0,0.92,0.88,,0.22928004282273173,inner,,False,True,True
K2-249 b,K2-249,transit,2018,12.409,2.79,,6504.0,1.57,1.32,,0.24890712820055313,inner,,False,True,True
K2-25 b,K2-25,transit,2015,3.48456408,3.44,24.5,3207.0,0.2932,0.2634,0.07708571931988371,0.3068962440895709,habitable,0.0,True,True,True
K2-250 b,K2-250,transit,2018,4.01392,2.71257333,,5003.0,0.797,0.809,,0.24199958337050587,inner,,False,True,True
K2-251 b,K2-251,transit,2018,9.30075,2.35,,3717.0,0.49,0.52,,0.20965295744491036,inner,,False,True,True
K2-252 b,K2-252,transit,2018,13.81513,1.74,,5152.0,0.82,0.79,,0.1552324025336783,inner,,False,True,True
K2-253 b,K2-253,transit,2018,4.00167,12.67,,6027.0,1.1,1.08,,1.130341689713623,inner,,False,True,True
K2-254 b,K2-254,transit,2018,4.09639,1.63,,4629.0,0.67,0.71,,0.1454188598447676,inner,,False,True,True
K2-254 c,K2-254,transit,2018,12.11839,2.19,,4629.0,0.67,0.71,,0.1953787135337675,inner,,False,True,True
K2-255 b,K2-255,transit,2018,1.96417,2.9,,4676.0,0.69,0.71,,0.2587206708894638,inner,,False,True,True
K2-257 b,K2-257,transit,2018,1.60588,0.83,,3725.0,0.5,0.52,,0.07404764028905343,inner,,False,True,True
K2-258 b,K2-258,transit,2018,19.0921,3.0,,6351.0,1.31,1.21,,0.2676420733339281,inner,,False,True,True
K2-259 b,K2-259,transit,2018,15.48043,2.32,,6059.0,1.13,1.14,,0.20697653671157104,inner,,False,True,True
K2-26 b,K2-26,transit,2016,14.5665,2.67,,3785.0,0.52,0.56,,0.238201445267196,inner,,False,True,True
K2-260 b,K2-260,transit,2018,2.62669762,18.41635529,546.66486004,6860.0,1.755,1.637,1.7200022025749777,1.6429971710232847,inner,0.0,True,True,True
K2-261 b,K2-261,transit,2018,11.6334681,9.26982704,68.968764319,5490.0,1.663,1.107,0.21700027788300594,0.8269985761441698,inner,0.0,True,True,True
K2-263 b,K2-263,transit,2018,50.818947,2.41,14.9,5368.0,0.85,0.88,0.046880702770051734,0.2150057989115889,inner,0.0,True,True,True
K2-264 b,K2-264,transit,2018,5.840002,2.231,,3660.0,0.473,0.496,,0.19903648853599784,inner,,False,True,True
K2-264 c,K2-264,transit,2018,19.660302,2.668,,3660.0,0.473,0.496,,0.23802301721830674,inner,,False,True,True
K2-265 b,K2-265,transit,2018,2.36902,1.70824866,7.3418362017,5420.0,0.92,0.901,0.023100029581094177,0.15239973771076815,inner,0.0,True,True,True
K2-266 b,K2-266,transit,2018,0.658524,3.3,,4285.0,0.703,0.686,,0.2944062806673209,inner,,False,True,True
K2-266 c,K2-266,transit,2018,7.814,0.705,,4285.0,0.703,0.686,,0.0628958872334731,inner,,False,True,True
K2-266 d,K2-266,transit,2018,14.697,2.93,8.9,4285.0,0.703,0.686,0.02800256742640674,0.2613970916228031,inner,0.0,True,True,True
K2-266 e,K2-266,transit,2018,19.482,2.73,14.3,4285.0,0.703,0.686,0.044992889235687235,0.24355428673387458,inner,0.0,True,True,True
K2-268 b,K2-268,transit,2018,2.151676,1.5,,5106.0,0.78,0.84,,0.13382103666696404,inner,,False,True,True
K2-268 c,K2-268,transit,2018,9.327527,2.69,,5106.0,0.78,0.84,,0.23998572575608887,inner,,False,True,True
K2-268 d,K2-268,transit,2021,4.528598,1.49,,5106.0,0.78,0.84,,0.13292889642251762,inner,,False,True,True
K2-268 e,K2-268,transit,2021,6.131243,1.33,,5106.0,0.78,0.84,,0.1186546525113748,inner,,False,True,True
K2-268 f,K2-268,transit,2021,26.27057,2.23,,5106.0,0.78,0.84,,0.19894727451155322,inner,,False,True,True
K2-269 b,K2-269,transit,2018,4.144965,1.57,,6209.0,1.45,1.16,,0.14006601837808905,inner,,False,True,True
K2-27 b,K2-27,transit,2016,6.771315,4.48,30.9,5248.0,0.885,0.866,0.0972223970197717,0.39967882951199935,inner,0.0,True,True,True
K2-270 b,K2-270,transit,2018,1.543069,1.38,,4877.0,0.77,0.85,,0.12311535373360692,inner,,False,True,True
K2-270 c,K2-270,transit,2018,4.400028,2.95,,4877.0,0.77,0.85,,0.263181372111696,inner,,False,True,True
K2-271 b,K2-271,transit,2018,8.562421,7.28,,5644.0,0.99,0.83,,0.6494780979569988,inner,,False,True,True
K2-272 b,K2-272,transit,2018,14.4536756,3.13,,5397.0,0.83,0.86,,0.27923989651173164,inner,,False,True,True
K2-273 b,K2-273,transit,2018,11.7195663,3.05,,5161.0,0.85,0.89,,0.2721027745561602,inner,,False,True,True
K2-274 b,K2-274,transit,2018,14.1330314,2.08,,5044.0,0.7,0.79,,0.18556517084485682,inner,,False,True,True
K2-275 b,K2-275,transit,2018,3.2809626,2.34,,4841.0,0.69,0.77,,0.2087608172004639,inner,,False,True,True
K2-275 c,K2-275,transit,2018,8.4388385,2.21,,4841.0,0.69,0.77,,0.19716299402266035,inner,,False,True,True
K2-276 b,K2-276,transit,2018,18.718269,3.77,,5139.0,0.85,0.82,,0.336336872156303,inner,,False,True,True
K2-277 b,K2-277,transit,2018,6.326768,2.18575124,,5680.0,0.973,0.974,,0.1949996645552681,inner,,False,True,True
K2-278 b,K2-278,transit,2018,3.334966,2.98,,6747.0,1.61,1.4,,0.26585779284503525,inner,,False,True,True
K2-279 b,K2-279,transit,2018,7.122605,1.21,,5558.0,0.86,0.79,,0.10794896957801767,inner,,False,True,True
K2-28 b,K2-28,transit,2016,2.260455,2.32,,3214.0,0.288,0.257,,0.20697653671157104,inner,,False,True,True
K2-280 b,K2-280,transit,2018,19.89526,7.5,37.1,5500.0,1.28,1.03,0.11672980354153821,0.6691051833348203,inner,0.0,True,True,True
K2-281 b,K2-281,transit,2018,8.687721,8.18,,4812.0,0.76,0.82,,0.7297707199571772,inner,,False,True,True
K2-282 b,K2-282,transit,2018,4.169783,2.5,,5499.0,1.0,0.94,,0.22303506111160676,inner,,False,True,True
K2-283 b,K2-283,transit,2018,1.921036,3.52,,5060.0,0.82,0.89,,0.3140333660451423,inner,,False,True,True
K2-284 b,K2-284,transit,2018,4.795069,2.78,,4140.0,0.607,0.63,,0.2480149879561067,inner,,False,True,True
K2-285 b,K2-285,transit,2018,3.471745,2.59,9.68,4975.0,0.787,0.83,0.030456725021080586,0.23106432331162458,inner,0.0,True,True,True
K2-285 c,K2-285,transit,2018,7.138048,3.53,15.68,4975.0,0.787,0.83,0.04933486036472558,0.3149255062895887,inner,0.0,True,True,True
K2-285 d,K2-285,transit,2018,10.45582,2.48,6.5,4975.0,0.787,0.83,0.020451313288948742,0.2212507806227139,inner,0.0,True,True,True
K2-285 e,K2-285,transit,2018,14.76289,1.95,10.7,4975.0,0.787,0.83,0.03366600802950023,0.17396734766705327,inner,0.0,True,True,True
K2-286 b,K2-286,transit,2018,27.359,2.1,,3926.0,0.62,0.64,,0.18734945133374967,inner,,False,True,True
K2-287 b,K2-287,transit,2018,14.893291,9.494023,100.11645,5695.0,1.07,1.056,0.3150019822042111,0.8470000000000001,inner,0.0,True,True,True
K2-288 B b,K2-288 B,transit,2018,31.393463,1.9,,3341.0,0.32,0.33,,0.16950664644482114,outer,,False,True,True
K2-289 b,K2-289,transit,2019,13.156969,9.1,,5529.0,1.025,0.953,,0.8118476224462485,inner,,False,True,True
K2-29 b,K2-29,transit,2016,3.2588321,13.33871,232.0159,5358.0,0.86,0.94,0.7300045936796004,1.1900000000000002,inner,0.0,True,True,True
K2-290 b,K2-290,transit,2019,9.21165,3.06,10.9,6302.0,1.511,1.194,0.03429527920762174,0.27299491480060667,inner,0.0,True,True,True
K2-290 c,K2-290,transit,2019,48.36685,11.276254,246.00042,6302.0,1.511,1.194,0.7740048705589186,1.006,inner,0.0,True,True,True
K2-291 b,K2-291,transit,2019,2.225177,1.589,6.49,5520.0,0.899,0.934,0.020419849730042666,0.14176108484253724,inner,0.0,True,True,True
K2-292 b,K2-292,transit,2019,16.9841,2.63,24.5,5725.0,1.09,1.0,0.07708571931988371,0.2346328842894103,inner,0.0,True,True,True
K2-293 b,K2-293,transit,2019,13.1225,2.45,,5532.0,0.947,0.958,,0.21857435988937463,inner,,False,True,True
K2-294 b,K2-294,transit,2019,2.50387,1.66,,5612.0,1.2,0.987,,0.14809528057810686,inner,,False,True,True
K2-295 b,K2-295,transit,2018,4.024867,10.054473,106.47305,4444.0,0.7,0.74,0.3350021080584467,0.897,inner,0.0,True,True,True
K2-3 b,K2-3,transit,2015,10.0546535,2.078,5.11,3844.0,0.546,0.549,0.01607787860100432,0.1853867427959675,inner,0.0,True,True,True
K2-3 c,K2-3,transit,2015,24.646729,1.582,2.68,3844.0,0.546,0.549,0.008432233786828097,0.14113658667142476,inner,0.0,True,True,True
K2-3 d,K2-3,transit,2015,44.55603,1.458,2.2,3844.0,0.546,0.549,0.0069219829593364975,0.13007404764028904,habitable,0.0917698529557609,True,True,True
K2-30 b,K2-30,transit,2016,4.098503,11.646151,184.02357,5425.0,0.844,0.9,0.5790036434801213,1.039,inner,0.0,True,True,True
K2-308 b,K2-308,transit,2019,3.38628,9.916,,6100.0,1.24,1.09,,0.8846462663930771,inner,,False,True,True
K2-31 b,K2-31,transit,2016,1.25785,11.88154,563.83042,5280.0,0.78,0.91,1.7740111632707,1.06,inner,0.0,True,True,True
K2-312 c,HD 80653,radial velocity,2023,921.2,12.8,,5959.0,1.22,1.18,,1.1419395128914267,habitable,,False,True,True
K2-315 b,K2-315,transit,2020,3.1443189,0.95,,3300.0,0.196,0.174,,0.08475332322241057,outer,,False,True,True
K2-316 b,K2-316,transit,2020,1.133,1.33,,3436.0,0.379,0.408,,0.1186546525113748,inner,,False,True,True
K2-316 c,K2-316,transit,2020,5.26,1.83,,3436.0,0.379,0.408,,0.16326166473369616,inner,,False,True,True
K2-317 b,K2-317,transit,2020,6.22,2.93,,3387.0,0.379,0.403,,0.2613970916228031,inner,,False,True,True
K2-318 b,K2-318,transit,2020,7.01,1.66,,3851.0,0.552,0.561,,0.14809528057810686,inner,,False,True,True
K2-319 b,K2-319,transit,2020,26.68,2.79,,5440.0,0.898,0.954,,0.24890712820055313,inner,,False,True,True
K2-32 b,K2-32,transit,2016,8.992,5.299,15.0,5271.0,0.86,0.83,0.04719533835911248,0.4727451155321617,inner,0.0,True,True,True
K2-32 c,K2-32,transit,2016,20.66093,3.134,8.1,5271.0,0.86,0.83,0.02548548271392074,0.2795967526095102,inner,0.0,True,True,True
K2-32 d,K2-32,transit,2016,31.71701,3.484,6.7,5271.0,0.86,0.83,0.021080584467070243,0.31082166116513515,inner,0.0,True,True,True
K2-32 e,K2-32,transit,2019,4.34934,1.212,2.1,5271.0,0.86,0.83,0.006607347370275747,0.10812739762690696,inner,0.20786869775270211,True,True,True
K2-320 b,K2-320,transit,2020,1.995,2.62,,3157.0,0.3,0.117,,0.2337407440449639,outer,,False,True,True
K2-321 b,K2-321,transit,2020,2.2979749,2.05124347,,3750.0,0.595,0.578,,0.18299968507449374,inner,,False,True,True
K2-322 b,K2-322,transit,2020,8.205,1.92,,4141.0,0.602,0.63,,0.17129092693371398,inner,,False,True,True
K2-323 b,K2-323,transit,2020,24.93,2.1,,3710.0,0.549,0.478,,0.18734945133374967,inner,,False,True,True
K2-324 b,K2-324,transit,2020,3.262,2.43,,3752.0,0.505,0.517,,0.21679007940048178,inner,,False,True,True
K2-325 b,K2-325,transit,2020,6.93,2.2,,3287.0,0.298,0.274,,0.19627085377821396,outer,,False,True,True
K2-326 b,K2-326,transit,2020,1.256,2.28,,3924.0,0.688,0.507,,0.20340797573378533,inner,,False,True,True
K2-329 b,K2-329,transit,2020,12.4551225,8.675766,82.6358,5282.0,0.822,0.901,0.26000163610506316,0.774,inner,0.0,True,True,True
K2-33 b,K2-33,transit,2016,5.424865,5.04,1175.971,3540.0,1.05,0.56,3.7000232830335906,0.4496386832009992,inner,0.0,True,True,True
K2-330 b,K2-330,transit,2021,13.774798,2.77,,6232.0,1.5,1.23,,0.2471228477116603,inner,,False,True,True
K2-331 b,K2-331,transit,2021,9.398977,1.79,,5994.0,1.06,1.1,,0.15969310375591045,inner,,False,True,True
K2-331 c,K2-331,transit,2021,22.996591,2.72,,5994.0,1.06,1.1,,0.24266214648942816,inner,,False,True,True
K2-332 b,K2-332,transit,2021,17.70632,2.2,,3315.0,0.28,0.27,,0.19627085377821396,outer,,False,True,True
K2-333 b,K2-333,transit,2021,14.759287,6.18,,5880.0,1.22,1.06,,0.5513426710678919,inner,,False,True,True
K2-334 b,K2-334,transit,2021,5.113981,5.65,,6502.0,1.49,1.36,,0.5040592381122313,inner,,False,True,True
K2-335 b,K2-335,transit,2021,12.283211,2.21,,6222.0,1.33,1.23,,0.19716299402266035,inner,,False,True,True
K2-336 b,K2-336,transit,2021,21.194733,1.22,,5424.0,0.8,0.86,,0.10884110982246409,inner,,False,True,True
K2-337 b,K2-337,transit,2021,16.273563,2.62,,5869.0,1.32,0.94,,0.2337407440449639,inner,,False,True,True
K2-338 b,K2-338,transit,2021,3.850614,1.03,,4558.0,0.63,0.66,,0.09189044517798198,inner,,False,True,True
K2-339 b,K2-339,transit,2021,19.507428,1.92,,4857.0,0.72,0.74,,0.17129092693371398,inner,,False,True,True
K2-34 b,K2-34,transit,2016,2.9956348,13.75,539.67534,6168.0,1.42,1.16,1.6980106850246046,1.2266928361138372,inner,0.0,True,True,True
K2-340 b,K2-340,transit,2021,29.740451,3.36,,5532.0,1.13,0.93,,0.29975912213399947,inner,,False,True,True
K2-341 b,K2-341,transit,2021,36.552551,3.21,,5817.0,1.16,0.98,,0.28637701846730307,inner,,False,True,True
K2-342 b,K2-342,transit,2021,11.561052,2.03,,5920.0,1.09,1.01,,0.18110446962262466,inner,,False,True,True
K2-343 b,K2-343,transit,2021,2.787174,1.65,,3804.0,0.46,0.49,,0.14720314033366044,inner,,False,True,True
K2-343 c,K2-343,transit,2021,7.676972,2.02,,3804.0,0.46,0.49,,0.18021232937817827,inner,,False,True,True
K2-344 b,K2-344,transit,2021,3.35585,1.59,,4374.0,0.49,0.51,,0.1418502988669819,inner,,False,True,True
K2-345 b,K2-345,transit,2021,10.367437,2.11,,3779.0,0.52,0.56,,0.1882415915781961,inner,,False,True,True
K2-346 b,K2-346,transit,2021,26.201446,2.26,,4801.0,0.7,0.71,,0.2016236952448925,inner,,False,True,True
K2-347 b,K2-347,transit,2021,7.187257,2.41,,4599.0,0.63,0.66,,0.2150057989115889,inner,,False,True,True
K2-348 b,K2-348,transit,2021,4.688418,3.26,,5077.0,0.85,0.83,,0.2908377196895352,inner,,False,True,True
K2-348 c,K2-348,transit,2021,12.550171,2.67,,5077.0,0.85,0.83,,0.238201445267196,inner,,False,True,True
K2-349 b,K2-349,transit,2021,9.032178,1.38,,4385.0,0.49,0.54,,0.12311535373360692,inner,,False,True,True
K2-35 b,K2-35,transit,2016,2.399964,1.32,,4402.71,0.619575,0.701968,,0.11776251226692837,inner,,False,True,True
K2-35 c,K2-35,transit,2016,5.608352,1.93,,4402.71,0.619575,0.701968,,0.1721830671781604,inner,,False,True,True
K2-350 b,K2-350,transit,2021,4.163873,1.54,,5789.0,1.04,0.98,,0.13738959764474976,inner,,False,True,True
K2-350 c,K2-350,transit,2016,19.991944,2.74,,5789.0,1.04,0.98,,0.24444642697832103,inner,,False,True,True
K2-351 b,K2-351,transit,2021,7.806164,2.54,,5769.0,1.05,1.02,,0.22660362208939247,inner,,False,True,True
K2-352 b,K2-352,transit,2021,3.665912,1.37,,5791.0,0.95,0.98,,0.12222321348916051,inner,,False,True,True
K2-352 c,K2-352,transit,2021,8.234885,1.92,,5791.0,0.95,0.98,,0.17129092693371398,inner,,False,True,True
K2-352 d,K2-352,transit,2021,14.871387,2.23,,5791.0,0.95,0.98,,0.19894727451155322,inner,,False,True,True
K2-353 b,K2-353,transit,2021,15.466805,5.55,,5698.0,0.99,0.87,,0.495137835667767,inner,,False,True,True
K2-354 b,K2-354,transit,2021,3.793306,1.56,,3669.0,0.41,0.43,,0.13917387813364263,inner,,False,True,True
K2-355 b,K2-355,transit,2021,5.7385647,2.25,,5790.0,0.92,0.96,,0.20073155500044607,inner,,False,True,True
K2-356 b,K2-356,transit,2021,21.0267366,2.29,,5568.0,0.86,0.9,,0.20430011597823178,inner,,False,True,True
K2-357 b,K2-357,transit,2021,16.3488637,3.72,,5794.0,1.0,0.98,,0.33187617093407085,inner,,False,True,True
K2-358 b,K2-358,transit,2021,11.2510285,2.68,,5650.0,0.91,0.93,,0.23909358551164245,inner,,False,True,True
K2-36 b,K2-36,transit,2016,1.422614,1.43,4.3,4916.0,0.718,0.79,0.013529330329612243,0.12757605495583907,inner,0.0,True,True,True
K2-36 c,K2-36,transit,2016,5.340888,3.2,7.9,4916.0,0.718,0.79,0.02485621153579924,0.2854848782228567,inner,0.0,True,True,True
K2-360 c,EPIC 201595106,radial velocity,2024,9.79692,4.02,,5679.0,0.98,0.958,,0.35864037826746364,inner,,False,True,True
K2-365 b,K2-365,transit,2022,23.448172,2.906,,5561.0,1.051,0.823,,0.2592559550361317,inner,,False,True,True
K2-366 b,K2-366,transit,2022,15.937039,2.359,,5601.0,0.94,0.825,,0.21045588366491214,inner,,False,True,True
K2-367 b,K2-367,transit,2022,20.645099,2.413,,4348.0,0.625,0.756,,0.21527344098492282,inner,,False,True,True
K2-368 b,K2-368,transit,2022,5.025598,1.332,,4663.0,0.663,0.746,,0.11883308056026408,inner,,False,True,True
K2-368 c,K2-368,transit,2022,9.660186,1.361,,4663.0,0.663,0.746,,0.12142028726915871,inner,,False,True,True
K2-368 d,K2-368,transit,2022,20.201085,1.948,,4663.0,0.663,0.746,,0.17378891961816398,inner,,False,True,True
K2-369 b,K2-369,transit,2022,5.761612,1.313,,5682.0,0.881,0.735,,0.11713801409581587,inner,,False,True,True
K2-37 b,K2-37,transit,2016,4.44117,1.61,,5413.0,0.85,0.9,,0.14363457935587476,inner,,False,True,True
K2-37 c,K2-37,transit,2016,6.42904,2.75,,5413.0,0.85,0.9,,0.24533856722276742,inner,,False,True,True
K2-37 d,K2-37,transit,2016,14.09189,2.73,,5413.0,0.85,0.9,,0.24355428673387458,inner,,False,True,True
K2-370 b,K2-370,transit,2022,2.14084,3.207,,5377.0,0.971,0.984,,0.2861093763939691,inner,,False,True,True
K2-371 b,K2-371,transit,2022,3.114905,13.024,,4925.0,0.736,0.958,,1.1619234543670265,inner,,False,True,True
K2-372 b,K2-372,transit,2022,9.844077,2.945,,5479.0,0.922,0.847,,0.26273530198947276,inner,,False,True,True
K2-373 b,K2-373,transit,2022,11.02066,2.061,,6138.0,1.486,1.158,,0.1838701043804086,inner,,False,True,True
K2-374 b,K2-374,transit,2022,4.521953,1.593,,5789.0,0.907,0.731,,0.14211794094031582,inner,,False,True,True
K2-374 c,K2-374,transit,2022,16.43445,2.213,,5789.0,0.907,0.731,,0.19743063609599432,inner,,False,True,True
K2-375 b,K2-375,transit,2022,14.453895,2.243,,5822.0,1.543,1.119,,0.20010705682933358,inner,,False,True,True
K2-376 b,K2-376,transit,2022,5.776475,1.736,,5937.0,1.149,0.908,,0.15487554643589974,inner,,False,True,True
K2-377 b,K2-377,transit,2022,12.832235,1.693,,4200.0,0.691,0.821,,0.1510393433847801,inner,,False,True,True
K2-378 b,K2-378,transit,2022,2.060438,2.88,,4823.0,0.732,0.923,,0.256936390400571,inner,,False,True,True
K2-379 b,K2-379,transit,2022,8.777247,2.181,,4603.0,0.751,0.856,,0.19457578731376574,inner,,False,True,True
K2-38 b,K2-38,transit,2016,4.01593,1.655,7.7,5705.0,1.141,1.054,0.02422694035767774,0.14764921045588367,inner,0.0,True,True,True
K2-38 c,K2-38,transit,2016,10.56103,2.49,7.4,5705.0,1.141,1.054,0.02328303359049549,0.22214292086716034,inner,0.0,True,True,True
K2-380 b,K2-380,transit,2022,9.401312,2.729,,5911.0,1.32,0.993,,0.24346507270942994,inner,,False,True,True
K2-381 b,K2-381,transit,2022,7.9389334,1.075,,4473.0,0.675,0.754,,0.0959050762779909,inner,,False,True,True
K2-381 c,K2-381,transit,2022,16.034656,2.0,,4473.0,0.675,0.754,,0.1784280488892854,inner,,False,True,True
K2-381 d,K2-381,transit,2022,26.803023,1.689,,4473.0,0.675,0.754,,0.15068248728700154,inner,,False,True,True
K2-382 b,K2-382,transit,2022,21.700156,2.072,,5452.0,0.811,0.922,,0.1848514586492997,inner,,False,True,True
K2-383 b,K2-383,transit,2022,1.865962,1.564,,5129.0,0.804,1.061,,0.13953073423142118,inner,,False,True,True
K2-384 b,K2-384,transit,2022,2.231527,1.076,,3623.0,0.348,0.33,,0.09599429030243556,inner,,False,True,True
K2-384 c,K2-384,transit,2022,4.194766,1.191,,3623.0,0.348,0.33,,0.10625390311356946,inner,,False,True,True
K2-384 d,K2-384,transit,2022,6.679582,1.392,,3623.0,0.348,0.33,,0.12418592202694263,habitable,,False,True,True
K2-384 e,K2-384,transit,2022,9.715043,1.345,,3623.0,0.348,0.33,,0.11999286287804443,habitable,,False,True,True
K2-384 f,K2-384,transit,2022,13.62749,2.222,,3623.0,0.348,0.33,,0.1982335623159961,outer,,False,True,True
K2-385 b,K2-385,transit,2022,2.380867,1.539,,4844.0,0.761,0.927,,0.1373003836203051,inner,,False,True,True
K2-386 b,K2-386,transit,2022,7.473223,2.32,,5749.0,0.97,0.911,,0.20697653671157104,inner,,False,True,True
K2-387 b,K2-387,transit,2022,28.735327,7.322,,3572.0,0.585,0.57,,0.6532250869836739,inner,,False,True,True
K2-388 b,K2-388,transit,2022,6.339069,3.66,,5367.0,0.897,0.842,,0.3265233294673923,inner,,False,True,True
K2-389 b,K2-389,transit,2022,8.584043,2.184,,5782.0,1.084,0.802,,0.19484342938709967,inner,,False,True,True
K2-389 c,K2-389,transit,2022,20.851337,2.04,,5782.0,1.084,0.802,,0.1819966098670711,inner,,False,True,True
K2-39 b,K2-39,transit,2016,4.60543,6.27704,28.6047,4881.0,2.97,0.66,0.09000056634406033,0.56,inner,0.0,True,True,True
K2-390 b,K2-390,transit,2022,3.312792,4.662,,5558.0,0.966,0.789,,0.41591578196092427,inner,,False,True,True
K2-391 b,K2-391,transit,2022,4.622654,1.371,,5543.0,0.566,0.757,,0.12231242751360515,inner,,False,True,True
K2-392 b,K2-392,transit,2022,15.398723,1.85,,5726.0,1.058,0.841,,0.165045945222589,inner,,False,True,True
K2-393 b,K2-393,transit,2022,10.413181,2.352,,5678.0,1.071,0.881,,0.20983138549379962,inner,,False,True,True
K2-394 b,K2-394,transit,2022,5.095717,1.692,,4938.0,0.631,0.478,,0.15095012936033544,inner,,False,True,True
K2-395 b,K2-395,transit,2022,4.803352,2.597,,5007.0,0.783,0.952,,0.2316888214827371,inner,,False,True,True
K2-395 c,K2-395,transit,2022,8.491282,3.395,,5007.0,0.783,0.952,,0.30288161298956195,inner,,False,True,True
K2-396 b,K2-396,transit,2022,0.673862,1.579,,5236.0,0.92,0.954,,0.14086894459809082,inner,,False,True,True
K2-396 c,K2-396,transit,2022,25.76051,3.124,,5236.0,0.92,0.954,,0.27870461236506383,inner,,False,True,True
K2-397 b,K2-397,transit,2022,3.572326,2.417,,5387.0,0.966,0.937,,0.2156302970827014,inner,,False,True,True
K2-398 b,K2-398,transit,2022,6.393025,2.274,,5946.0,1.239,0.945,,0.20287269158711752,inner,,False,True,True
K2-398 c,K2-398,transit,2022,18.787839,5.098,,5946.0,1.239,0.945,,0.4548130966187885,inner,,False,True,True
K2-4 b,K2-4,transit,2015,10.003417,2.1,,4014.73,0.569359,0.635026,,0.18734945133374967,inner,,False,True,True
K2-400 b,K2-400,transit,2022,3.865053,1.163,,3578.0,0.382,0.374,,0.10375591042911947,inner,,False,True,True
K2-401 b,K2-401,transit,2022,6.293099,2.262,,4213.0,0.675,0.87,,0.20180212329378178,inner,,False,True,True
K2-402 b,K2-402,transit,2022,17.27474,2.678,,5716.0,1.28,0.944,,0.23891515746275316,inner,,False,True,True
K2-403 b,K2-403,transit,2022,33.589979,5.333,,5511.0,0.886,0.784,,0.4757783923632795,inner,,False,True,True
K2-404 b,K2-404,transit,2022,13.115365,2.53,,3748.0,0.552,0.552,,0.22571148184494602,inner,,False,True,True
K2-405 b,K2-405,transit,2022,3.435471,4.569,,4927.0,0.765,1.034,,0.4076188776875725,inner,,False,True,True
K2-406 b,K2-406,transit,2022,22.549406,4.602,,5784.0,0.961,0.798,,0.41056294049424574,inner,,False,True,True
K2-407 b,K2-407,transit,2022,4.941907,1.283,,5563.0,0.927,0.881,,0.11446159336247658,inner,,False,True,True
K2-407 c,K2-407,transit,2022,9.22453,1.36,,5563.0,0.927,0.881,,0.12133107324471408,inner,,False,True,True
K2-408 b,K2-408,transit,2022,20.978959,1.677,,5335.0,0.784,0.813,,0.14961191899366583,inner,,False,True,True
K2-409 b,K2-409,transit,2022,1.908084,2.482,,5742.0,1.228,0.886,,0.2214292086716032,inner,,False,True,True
K2-411 b,K2-411,transit,2022,3.2141,0.9898,,5711.0,1.375,1.018,,0.08830404139530734,inner,,False,True,True
K2-412 b,K2-412,transit,2022,5.9382,2.116,,5590.0,0.977,0.893,,0.18877687572486396,inner,,False,True,True
K2-413 b,K2-413,transit,2022,0.8094,0.7599,,4116.0,0.7,0.808,,0.067793737175484,inner,,False,True,True
K2-413 c,K2-413,transit,2022,5.3301,1.2327,,4116.0,0.7,0.808,,0.10997412793291104,inner,,False,True,True
K2-414 b,K2-414,transit,2022,4.3696,1.219,,4343.0,0.732,0.814,,0.10875189579801946,inner,,False,True,True
K2-414 c,K2-414,transit,2022,6.669,1.9287,,4343.0,0.732,0.814,,0.1720670889463824,inner,,False,True,True
K2-415 b,K2-415,transit,2023,4.0179694,1.015,7.5,3173.0,0.1965,0.1635,0.02359766917955624,0.09055223481131233,outer,0.0,True,True,True
K2-416 b,K2-416,transit,2023,13.102,2.66,1652.7077164,3746.0,0.554,0.548,5.200006658947607,0.2373093050227496,inner,0.0,True,True,True
K2-417 b,K2-417,transit,2023,6.535,3.31,699.2224954,3861.0,0.5776,0.569,2.2000028172470647,0.29529842091176733,inner,0.0,True,True,True
K2-419 A b,K2-419 A,transit,2024,20.35847252,10.55,196.0,3711.0,0.541,0.562,0.6166857545590697,0.9412079578909806,inner,0.0,True,True,True
K2-42 b,K2-42,transit,2016,6.68796,2.15,,4613.0,0.643,0.702,,0.1918101525559818,inner,,False,True,True
K2-43 b,K2-43,transit,2016,3.471149,4.51,,3840.6,0.542,0.571,,0.4023552502453386,inner,,False,True,True
K2-43 c,K2-43,transit,2019,2.198884,2.42,,3840.6,0.542,0.571,,0.21589793915603533,inner,,False,True,True
K2-44 b,K2-44,transit,2016,5.657,2.433,,5912.0,1.58,1.15,,0.21705772147381566,inner,,False,True,True
K2-45 b,K2-45,transit,2016,1.7292684,6.71,,4103.0,0.445,0.503,,0.5986261040235525,inner,,False,True,True
K2-46 b,K2-46,transit,2016,19.1541,2.05,,6256.0,1.29,0.96,,0.18288875011151753,inner,,False,True,True
K2-47 b,K2-47,transit,2016,31.6372,1.89,,5054.0,0.76,0.75,,0.1686145062003747,inner,,False,True,True
K2-48 b,K2-48,transit,2016,20.5065,2.24,,4899.0,0.73,0.77,,0.19983941475599967,inner,,False,True,True
K2-49 b,K2-49,transit,2016,2.77065,1.93,,4175.0,0.45,0.51,,0.1721830671781604,inner,,False,True,True
K2-5 b,K2-5,transit,2015,5.73594,1.91,,3930.0,0.57,0.61,,0.17039878668926756,inner,,False,True,True
K2-5 c,K2-5,transit,2015,10.93241,2.26,,3930.0,0.57,0.61,,0.2016236952448925,inner,,False,True,True
K2-50 b,K2-50,transit,2016,8.7529,1.59,,4326.0,0.546,0.611,,0.1418502988669819,inner,,False,True,True
K2-52 b,K2-52,transit,2016,3.535055,18.0,,7147.0,2.192,1.691,,1.6058524400035685,inner,,False,True,True
K2-53 b,K2-53,transit,2016,12.20772,2.6,,5263.0,0.807,0.851,,0.23195646355607102,inner,,False,True,True
K2-54 b,K2-54,transit,2016,9.7833,2.6116925,,3990.0,0.643,0.615,,0.23299959853689003,inner,,False,True,True
K2-55 b,K2-55,transit,2016,2.849258,3.82,,4456.0,0.63,0.696,,0.3407975733785351,inner,,False,True,True
K2-57 b,K2-57,transit,2016,9.0073,2.30905002,,4413.0,0.671,0.699,,0.2059996449281827,inner,,False,True,True
K2-58 b,K2-58,transit,2016,7.05254,2.68,,5413.0,0.86,0.89,,0.23909358551164245,inner,,False,True,True
K2-58 c,K2-58,transit,2016,2.53726,1.62,,5413.0,0.86,0.89,,0.14452671960032118,inner,,False,True,True
K2-58 d,K2-58,transit,2016,22.8827,1.71,,5413.0,0.86,0.89,,0.15255598180033902,inner,,False,True,True
K2-59 b,K2-59,transit,2016,20.6921,2.41,,5055.0,0.731,0.774,,0.2150057989115889,inner,,False,True,True
K2-59 c,K2-59,transit,2016,11.2954,2.3,,5055.0,0.731,0.774,,0.2051922562226782,inner,,False,True,True
K2-6 b,K2-6,transit,2015,30.94191,2.5,,5850.0,0.96,0.97,,0.22303506111160676,inner,,False,True,True
K2-60 b,K2-60,transit,2016,3.00265,7.655747,135.39558,5500.0,1.12,0.97,0.4260026806952188,0.683,inner,0.0,True,True,True
K2-61 b,K2-61,transit,2016,2.57302,2.48,,6293.0,1.36,1.21,,0.2212507806227139,inner,,False,True,True
K2-62 b,K2-62,transit,2016,6.67202,2.14,,4880.0,0.73,0.77,,0.19091801231153538,inner,,False,True,True
K2-62 c,K2-62,transit,2016,16.1966,2.14,,4880.0,0.73,0.77,,0.19091801231153538,inner,,False,True,True
K2-63 b,K2-63,transit,2016,20.257,3.22,,6771.0,1.63,1.4,,0.2872691587117495,inner,,False,True,True
K2-63 c,K2-63,transit,2016,25.4556,3.9,,6771.0,1.63,1.4,,0.34793469533410654,inner,,False,True,True
K2-64 b,K2-64,transit,2016,6.53044,2.07,,5312.0,0.726,0.741,,0.18467303060041038,inner,,False,True,True
K2-65 b,K2-65,transit,2016,12.6475,1.58,,5213.0,0.84,0.87,,0.14095815862253547,inner,,False,True,True
K2-66 b,K2-66,transit,2016,5.06963,2.49,21.3,5887.0,1.67,1.11,0.06701738046993973,0.22214292086716034,inner,0.0,True,True,True
K2-68 b,K2-68,transit,2016,8.05428,1.58,,4746.0,0.675,0.73,,0.14095815862253547,inner,,False,True,True
K2-69 b,K2-69,transit,2016,7.06599,2.32,,4127.0,0.491,0.551,,0.20697653671157104,inner,,False,True,True
K2-7 b,K2-7,transit,2015,28.6781,4.03523305,,5700.0,1.533,1.056,,0.3599993799625302,inner,,False,True,True
K2-70 b,K2-70,transit,2016,13.97896,2.89,,5622.0,0.93,0.94,,0.25782853064501743,inner,,False,True,True
K2-71 b,K2-71,transit,2016,6.98541,2.15,,4006.0,0.426,0.477,,0.1918101525559818,inner,,False,True,True
K2-72 b,K2-72,transit,2016,5.577212,1.08,,3360.47,0.330989,0.271365,,0.09635114640021412,habitable,,False,True,True
K2-72 c,K2-72,transit,2016,15.189034,1.16,,3360.47,0.330989,0.271365,,0.10348826835578552,outer,,False,True,True
K2-72 d,K2-72,transit,2016,7.760178,1.01,,3360.47,0.330989,0.271365,,0.09010616468908914,outer,,False,True,True
K2-72 e,K2-72,transit,2016,24.158868,1.29,,3360.47,0.330989,0.271365,,0.11508609153358909,outer,,False,True,True
K2-73 b,K2-73,transit,2016,7.49543,2.45,,5922.0,1.06,1.05,,0.21857435988937463,inner,,False,True,True
K2-74 b,K2-74,transit,2016,19.5666,2.31,,6060.0,0.98,0.96,,0.20608439646712465,inner,,False,True,True
K2-75 b,K2-75,transit,2016,7.8142,2.67,,5995.0,1.56,1.16,,0.238201445267196,inner,,False,True,True
K2-75 c,K2-75,transit,2016,18.311,2.77,,5995.0,1.56,1.16,,0.2471228477116603,inner,,False,True,True
K2-77 b,K2-77,transit,2016,8.2000844,2.4996027,603.877,5160.0,0.792,0.847,1.9000119561523843,0.2229996163796949,inner,0.0,True,True,True
K2-79 b,K2-79,transit,2016,10.9947,4.09,9.2,5897.0,1.265,1.066,0.028946474193588985,0.3648853599785886,inner,0.0,True,True,True
K2-8 b,K2-8,transit,2015,10.35239,3.58,,4870.0,0.74,0.78,,0.3193862075118209,inner,,False,True,True
K2-8 c,K2-8,transit,2016,5.06416,2.41,,4870.0,0.74,0.78,,0.2150057989115889,inner,,False,True,True
K2-80 b,K2-80,transit,2016,19.0918,2.01,,5441.0,0.87,0.9,,0.17932018913373182,inner,,False,True,True
K2-80 c,K2-80,transit,2016,5.605,1.47,,5441.0,0.87,0.9,,0.13114461593362478,inner,,False,True,True
K2-80 d,K2-80,transit,2018,28.867253,2.55211506,,5377.0,0.841458,0.913111,,0.2276844553483808,inner,,False,True,True
K2-81 b,K2-81,transit,2016,6.102325,1.97,,4674.13,0.634663,0.745273,,0.1757516281559461,inner,,False,True,True
K2-83 b,K2-83,transit,2016,2.74697,1.244,,3910.0,0.424,0.484,,0.11098224640913552,inner,,False,True,True
K2-83 c,K2-83,transit,2016,9.99767,1.483,,3910.0,0.424,0.484,,0.13230439825140514,inner,,False,True,True
K2-84 b,K2-84,transit,2016,6.4215,2.41,,5652.0,0.93,0.95,,0.2150057989115889,inner,,False,True,True
K2-84 c,K2-84,transit,2016,27.86,2.03,,5652.0,0.93,0.95,,0.18110446962262466,inner,,False,True,True
K2-85 b,K2-85,transit,2016,0.684559,1.2,,4427.0,0.68,0.678307,,0.10705682933357123,inner,,False,True,True
K2-86 b,K2-86,transit,2016,8.77683,1.96,,5482.0,0.76,0.79,,0.1748594879114997,inner,,False,True,True
K2-87 b,K2-87,transit,2016,9.726618,7.6,,5747.0,1.401,1.164,,0.6780265857792845,inner,,False,True,True
K2-88 b,K2-88,transit,2016,4.6122,1.23,,3537.0,0.256,0.258,,0.10973325006691052,outer,,False,True,True
K2-89 b,K2-89,transit,2016,1.096026,0.615,,3691.0,0.318,0.347,,0.05486662503345526,inner,,False,True,True
K2-9 b,K2-9,transit,2015,18.4498,2.25,,3390.0,0.31,0.3,,0.20073155500044607,outer,,False,True,True
K2-90 b,K2-90,transit,2016,13.733314,2.6,,4484.0,0.619,0.629,,0.23195646355607102,inner,,False,True,True
K2-90 c,K2-90,transit,2016,2.900706,1.3,,4421.98,0.634754,0.704613,,0.11597823177803551,inner,,False,True,True
K2-91 b,K2-91,transit,2016,1.419549,1.1,,3622.0,0.284,0.292,,0.09813542688910698,inner,,False,True,True
K2-95 b,K2-95,transit,2016,10.1346454,3.31,,3566.0,0.4,0.41,,0.29529842091176733,inner,,False,True,True
K2-97 b,K2-97,transit,2016,8.407115,13.45077684,174.487795443,4673.0,4.14,1.17,0.5490007030311993,1.1999979338031939,inner,0.0,True,True,True
K2-98 b,K2-98,transit,2016,10.1367349,5.06645928,34.007639549,6260.0,1.518,1.246,0.10700013702065268,0.45199922205370685,inner,0.0,True,True,True
K2-99 b,K2-99,transit,2016,18.24783,11.88151954,276.51071409,6069.0,2.55,1.44,0.8700011140931574,1.0599981746810598,inner,0.0,True,True,True
K2-99 c,K2-99,radial velocity,2022,522.2,12.6,,6069.0,2.55,1.44,,1.124096708002498,inner,,False,True,True
KELT-1 b,KELT-1,transit,2012,1.217514,12.442,8654.15,6516.0,1.471,1.335,27.229035830700884,1.1100008921402444,inner,0.0,True,True,True
KELT-10 b,KELT-10,transit,2016,4.1662739,15.681391,215.80657,5948.0,1.209,1.112,0.6790042727512995,1.399,inner,0.0,True,True,True
KELT-11 b,KELT-11,transit,2017,4.73620865,15.13212395,65.154823435,5375.0,2.69,1.44,0.20500026251620374,1.3499976759746632,inner,0.0,True,True,True
KELT-12 b,KELT-12,transit,2017,5.031623,19.95202,301.9385,6279.0,2.37,1.591,0.9500059780761921,1.7800000000000002,inner,0.0,True,True,True
KELT-14 b,KELT-14,transit,2016,1.7100566,19.537287,408.09372,5720.0,1.52,1.239,1.2840080798419273,1.7429999999999999,inner,0.0,True,True,True
KELT-15 b,KELT-15,transit,2016,3.32944,19.50366,416.3573,6003.0,1.78,2.06,1.3100082434524336,1.74,inner,0.0,True,True,True
KELT-16 b,KELT-16,transit,2017,0.9689951,15.860735,874.0325,6236.0,1.36,1.211,2.7500173049573986,1.415,inner,0.0,True,True,True
KELT-17 b,KELT-17,transit,2016,3.0801716,17.093725,416.3573,7454.0,1.645,1.635,1.3100082434524336,1.525,inner,0.0,True,True,True
KELT-18 b,KELT-18,transit,2017,2.8717518,17.59813,375.0394,6670.0,1.908,1.524,1.180007425399902,1.57,inner,0.0,True,True,True
KELT-19 A b,KELT-19 A,transit,2017,4.6117093,21.40919,1293.5681,7500.0,1.83,1.62,4.07002561133695,1.91,inner,0.0,True,True,True
KELT-2 A b,KELT-2 A,transit,2012,4.11379,15.13215,540.311,6327.0,1.93,1.54,1.7000106976100282,1.35,inner,0.0,True,True,True
KELT-20 b,KELT-20,transit,2017,3.4741085,19.514869,1074.90106,8720.0,1.565,1.76,3.382021281951244,1.741,inner,0.0,True,True,True
KELT-21 b,KELT-21,transit,2018,3.6127647,17.777474,1242.7153,7598.0,1.638,1.458,3.910024604503065,1.5860000000000003,inner,0.0,True,True,True
KELT-23 A b,KELT-23 A,transit,2019,2.255251,14.829507,298.12454,5899.0,0.996,0.944,0.9380059025636509,1.323,inner,0.0,True,True,True
KELT-24 b,KELT-24,transit,2019,5.55149296,12.71098411,1458.83238813,6426.0,1.338,1.268,4.59000587780183,1.1339980471050048,inner,0.0,True,True,True
KELT-3 b,KELT-3,transit,2013,2.70339,17.48604,616.5902,6304.0,1.7,1.96,1.9400122078608557,1.56,inner,0.0,True,True,True
KELT-4 A b,KELT-4 A,transit,2016,2.9895932,19.044091,286.68266,6206.0,1.603,1.201,0.9020056760260268,1.6990000000000003,inner,0.0,True,True,True
KELT-6 b,KELT-6,transit,2014,7.8457,14.5717,165.2716,6102.0,1.73,1.42,0.5200032722101263,1.3,inner,0.0,True,True,True
KELT-6 c,KELT-6,radial velocity,2015,1276.0,13.0,,6272.0,1.529,1.126,,1.159782317780355,habitable,,False,True,True
KELT-7 b,KELT-7,transit,2015,2.73477,17.9344,441.7837,6768.0,1.81,1.76,1.390008746869376,1.6,inner,0.0,True,True,True
KELT-8 b,KELT-8,transit,2015,3.24406,18.15858,209.7678,5754.0,1.46,0.81,0.6600041531897757,1.62,inner,0.0,True,True,True
KELT-9 b,KELT-9,transit,2017,1.4811235,21.196219,915.3504,10170.0,2.362,2.52,2.8800181230099304,1.891,inner,0.0,True,True,True
KIC 10001893 b,KIC 10001893,orbital brightness modulation,2014,0.2197,,,27500.0,0.18,0.47,,,inner,,False,False,True
KIC 10001893 c,KIC 10001893,orbital brightness modulation,2014,0.32528,,,27500.0,0.18,0.47,,,inner,,False,False,True
KIC 10001893 d,KIC 10001893,orbital brightness modulation,2014,0.81161,,,27500.0,0.18,0.47,,,inner,,False,False,True
KIC 10068024 b,KIC 10068024,orbital brightness modulation,2021,2.073549,13.4,,6118.4,1.574,1.22,,1.1954679275582123,inner,,False,True,True
KIC 10525077 b,KIC 10525077,transit,2015,854.083,5.5,,6091.0,1.01,1.01,,0.49067713444553485,outer,,False,True,True
KIC 3526061 b,KIC 3526061,radial velocity,2022,3552.0,12.1,,4829.0,5.86,1.42,,1.0794896957801767,inner,,False,True,True
KIC 3558849 b,KIC 3558849,transit,2015,1322.3,6.9,,6175.0,1.01,0.98,,0.6155767686680347,outer,,False,True,True
KIC 5437945 b,KIC 5437945,transit,2015,440.7813,6.4,,6340.0,1.24,1.07,,0.5709697564457134,inner,,False,True,True
KIC 5479689 b,KIC 5479689,orbital brightness modulation,2021,1.701531,14.2,,5459.1,0.894,0.966,,1.2668391471139262,inner,,False,True,True
KIC 7917485 b,KIC 7917485,pulsation timing variations,2016,840.0,12.4,,7067.0,2.009938,1.63,,1.1062539031135694,inner,,False,True,True
KIC 8121913 b,KIC 8121913,orbital brightness modulation,2021,3.294601,13.4,,5975.3,2.233,1.456,,1.1954679275582123,inner,,False,True,True
KIC 8540376 b,KOI-7892,transit,2015,31.8099,4.1,,6474.0,1.26,1.04,,0.36577750022303507,inner,,False,True,True
KIC 8540376 c,KOI-7892,transit,2015,75.2,2.4,,6474.0,1.26,1.04,,0.21411365866714246,inner,,False,True,True
KIC 9663113 b,KIC 9663113,transit,2015,572.3847,4.6,,6065.0,1.03,0.98,,0.4103845124453564,habitable,,False,True,True
KMT-2016-BLG-0212L b,KMT-2016-BLG-0212L,microlensing,2018,,12.2,5700.0,,,0.48,17.934228576462743,1.0884110982246409,unknown,0.0,True,True,False
KMT-2016-BLG-1105L b,KMT-2016-BLG-1105L,microlensing,2023,,1.33,2.32,,,0.41,0.007299545666209396,0.1186546525113748,unknown,0.03789293735052557,True,True,False
KMT-2016-BLG-1107L b,KMT-2016-BLG-1107L,microlensing,2019,,13.1,1043.0,,,0.087,3.281649193903621,1.1687037202248194,unknown,0.0,True,True,False
KMT-2016-BLG-1397L b,KMT-2016-BLG-1397L,microlensing,2018,,12.7,2200.0,,,0.45,6.921982959336497,1.1330181104469623,unknown,0.0,True,True,False
KMT-2016-BLG-1820L b,KMT-2016-BLG-1820L,microlensing,2018,,12.9,1450.0,,,0.039,4.562216041380873,1.1508609153358909,unknown,0.0,True,True,False
KMT-2016-BLG-1836L b,KMT-2016-BLG-1836L,microlensing,2019,,13.3,700.0,,,0.49,2.2024491234252492,1.186546525113748,unknown,0.0,True,True,False
KMT-2016-BLG-2142L b,KMT-2016-BLG-2142L,microlensing,2018,,12.2,4923.0,,,0.073,15.489510049460716,1.0884110982246409,unknown,0.0,True,True,False
KMT-2016-BLG-2321L b,KMT-2016-BLG-2321L,microlensing,2024,,13.8,301.93698665,,,0.73,0.9500012165385051,1.2311535373360694,unknown,0.0,True,True,False
KMT-2016-BLG-2364L b,KMT-2016-BLG-2364L,microlensing,2020,,13.0,1250.0,,,0.5,3.9329448632593733,1.159782317780355,unknown,0.0,True,True,False
KMT-2016-BLG-2397L b,KMT-2016-BLG-2397L,microlensing,2020,,13.2,836.0,,,0.64,2.630353524547869,1.1776251226692835,unknown,0.0,True,True,False
KMT-2016-BLG-2605L b,KMT-2016-BLG-2605L,microlensing,2021,,14.0,245.045701797,,,0.064,0.7710009873170395,1.248996342224998,unknown,0.0,True,True,False
KMT-2017-BLG-0165L b,KMT-2017-BLG-0165L,microlensing,2018,,6.45,34.0,,,0.76,0.10697610028065495,0.5754304576679454,unknown,0.0,True,True,False
KMT-2017-BLG-0428L b,KMT-2017-BLG-0428L,microlensing,2023,,2.23,5.59,,,0.34,0.017588129428495917,0.19894727451155322,unknown,0.0,True,True,False
KMT-2017-BLG-0673L b,KMT-2017-BLG-0673L,microlensing,2022,,13.0,1166.43025369,,,0.63,3.6700046996803306,1.159782317780355,unknown,0.0,True,True,False
KMT-2017-BLG-0849L b,KMT-2017-BLG-0849L,microlensing,2024,,2.41,6.39,,,0.19,0.020105214140981917,0.2150057989115889,unknown,0.0,True,True,False
KMT-2017-BLG-1003L b,KMT-2017-BLG-1003L,microlensing,2023,,2.13,5.19,,,0.32,0.01632958707225292,0.19002587206708893,unknown,0.0,True,True,False
KMT-2017-BLG-1038L b,KMT-2017-BLG-1038L,microlensing,2019,,13.4,640.0,,,0.37,2.0136677699887993,1.1954679275582123,unknown,0.0,True,True,False
KMT-2017-BLG-1057L b,KMT-2017-BLG-1057L,microlensing,2024,,5.19,23.5,,,0.57,0.07393936342927622,0.46302078686769566,unknown,0.0,True,True,False
KMT-2017-BLG-1146L b,KMT-2017-BLG-1146L,microlensing,2019,,14.0,230.0,,,0.33,0.7236618548397247,1.248996342224998,unknown,0.0,True,True,False
KMT-2017-BLG-1194L b,KMT-2017-BLG-1194L,microlensing,2023,,1.7,3.54,,,0.41,0.011138099852750546,0.15166384155589258,unknown,0.0,True,True,False
KMT-2017-BLG-2197L b,KMT-2017-BLG-2197L,microlensing,2025,,12.5,2809.60311788,,,0.36,8.840011320210932,1.1151753055580338,unknown,0.0,True,True,False
KMT-2017-BLG-2331L b,KMT-2017-BLG-2331L,microlensing,2024,,14.2,171.0,,,0.4,0.5380268572938822,1.2668391471139262,unknown,0.0,True,True,False
KMT-2017-BLG-2509L b,KMT-2017-BLG-2509L,microlensing,2021,,13.4,664.26137063,,,0.46,2.0900026763847115,1.1954679275582123,unknown,0.0,True,True,False
KMT-2018-BLG-0029L b,KMT-2018-BLG-0029L,microlensing,2020,,2.67,7.59,,,1.14,0.023880841209710915,0.238201445267196,unknown,0.0,True,True,False
KMT-2018-BLG-0030L b,KMT-2018-BLG-0030L,microlensing,2022,,13.6,460.85119015,,,0.51,1.4500018568219288,1.2133107324471406,unknown,0.0,True,True,False
KMT-2018-BLG-0087L b,KMT-2018-BLG-0087L,microlensing,2022,,10.1,73.10053361,,,0.1,0.23000029453037493,0.9010616468908913,unknown,0.0,True,True,False
KMT-2018-BLG-0247L b,KMT-2018-BLG-0247L,microlensing,2022,,13.4,670.61793877,,,0.29,2.1100027019960486,1.1954679275582123,unknown,0.0,True,True,False
KMT-2018-BLG-0748L b,KMT-2018-BLG-0748L,microlensing,2020,,9.01,60.0,,,0.087,0.18878135343644992,0.8038183602462308,unknown,0.0,True,True,False
KMT-2018-BLG-0885L b,KMT-2018-BLG-0885L,microlensing,2023,,11.9,9217.023803,,,0.29,29.00003713643858,1.0616468908912482,unknown,0.0,True,True,False
KMT-2018-BLG-1025L b,KMT-2018-BLG-1025L,microlensing,2021,,2.34,6.059,,,0.219,0.019063770341190833,0.2087608172004639,unknown,0.0,True,True,False
KMT-2018-BLG-1292L b,KMT-2018-BLG-1292L,microlensing,2020,,12.9,1400.0,,,1.09,4.4048982468504985,1.1508609153358909,unknown,0.0,True,True,False
KMT-2018-BLG-1743L b,KMT-2018-BLG-1743L,microlensing,2021,,10.5,77.867959715,,,0.193,0.24500031373887765,0.9367472566687484,unknown,0.0,True,True,False
KMT-2018-BLG-1976L b,KMT-2018-BLG-1976L,microlensing,2021,,13.3,705.57906354,,,0.65,2.2200028428584018,1.186546525113748,unknown,0.0,True,True,False
KMT-2018-BLG-1988L b,KMT-2018-BLG-1988L,microlensing,2022,,2.22,5.56,,,0.47,0.01749373875177769,0.1980551342671068,unknown,0.0,True,True,False
KMT-2018-BLG-1990L b,KMT-2018-BLG-1990L,microlensing,2019,,12.9,111.0,,,0.094,0.34924550385743236,1.1508609153358909,unknown,0.0,True,True,False
KMT-2018-BLG-1996L b,KMT-2018-BLG-1996L,microlensing,2021,,13.7,346.43296363,,,0.69,1.0900013958178638,1.222232134891605,unknown,0.0,True,True,False
KMT-2018-BLG-2602L b,KMT-2018-BLG-2602L,microlensing,2022,,13.7,365.50266805,,,0.66,1.1500014726518748,1.222232134891605,unknown,0.0,True,True,False
KMT-2019-BLG-0253L b,KMT-2019-BLG-0253L,microlensing,2022,,2.99,9.2,,,0.7,0.028946474193588985,0.2667499330894817,unknown,0.0,True,True,False
KMT-2019-BLG-0297L b,KMT-2019-BLG-0297L,microlensing,2023,,12.1,6038.739733,,,0.21,19.000024330770106,1.0794896957801767,unknown,0.0,True,True,False
KMT-2019-BLG-0298L b,KMT-2019-BLG-0298L,microlensing,2023,,13.4,575.26941667,,,0.7,1.8100023178259943,1.1954679275582123,unknown,0.0,True,True,False
KMT-2019-BLG-0335L b,KMT-2019-BLG-0335L,microlensing,2023,,12.1,6674.396547,,,0.32,21.0000268919038,1.0794896957801767,unknown,0.0,True,True,False
KMT-2019-BLG-0371L b,KMT-2019-BLG-0371L,microlensing,2021,,12.6,2447.2787339,,,0.09,7.700009860364727,1.124096708002498,unknown,0.0,True,True,False
KMT-2019-BLG-0414L b,KMT-2019-BLG-0414L,microlensing,2022,,12.9,1452.47581999,,,0.74,4.570005852190493,1.1508609153358909,unknown,0.0,True,True,False
KMT-2019-BLG-0578L b,KMT-2019-BLG-0578L,microlensing,2025,,13.7,381.3940884,,,0.28,1.200001536680217,1.222232134891605,unknown,0.0,True,True,False
KMT-2019-BLG-0842L b,KMT-2019-BLG-0842L,microlensing,2020,,3.19,10.28,,,0.76,0.032344538555445085,0.2845927379784102,unknown,0.0,True,True,False
KMT-2019-BLG-0953L b,KMT-2019-BLG-0953L,microlensing,2022,,4.06,15.5,,,0.28,0.048768516304416226,0.36220893924524933,unknown,0.0,True,True,False
KMT-2019-BLG-1042L b,KMT-2019-BLG-1042L,microlensing,2022,,9.05,60.38739733,,,0.3,0.19000024330770104,0.8073869212240165,unknown,0.0,True,True,False
KMT-2019-BLG-1216L b,KMT-2019-BLG-1216L,microlensing,2023,,5.98,29.875870258,,,0.39,0.09400012037328367,0.5334998661789634,unknown,0.0,True,True,False
KMT-2019-BLG-1339L b,KMT-2019-BLG-1339L,microlensing,2020,,13.7,397.0,,,0.48,1.249103288571177,1.222232134891605,unknown,0.0,True,True,False
KMT-2019-BLG-1367L b,KMT-2019-BLG-1367L,microlensing,2023,,1.85,4.08,,,0.25,0.012837132033678594,0.165045945222589,unknown,0.0,True,True,False
KMT-2019-BLG-1552L b,KMT-2019-BLG-1552L,microlensing,2022,,13.0,1287.20504835,,,0.79,4.050005186295732,1.159782317780355,unknown,0.0,True,True,False
KMT-2019-BLG-1715L b,KMT-2019-BLG-1715L,microlensing,2021,,13.2,813.64072192,,,0.61,2.5600032782511297,1.1776251226692835,unknown,0.0,True,True,False
KMT-2019-BLG-1806L b,KMT-2019-BLG-1806L,microlensing,2023,,2.0,4.67,,,0.74,0.014693482009137018,0.1784280488892854,unknown,0.0,True,True,False
KMT-2019-BLG-1953L b,KMT-2019-BLG-1953L,microlensing,2020,,14.1,200.0,,,0.31,0.6292711781214997,1.257917744669462,unknown,0.0,True,True,False
KMT-2019-BLG-2783L b,KMT-2019-BLG-2783L,microlensing,2023,,13.7,368.68095212,,,0.34,1.1600014854575431,1.222232134891605,unknown,0.0,True,True,False
KMT-2019-BLG-2974L b,KMT-2019-BLG-2974L,microlensing,2022,,11.4,88.99195396,,,0.47,0.28000035855871735,1.0170398786689268,unknown,0.0,True,True,False
KMT-2020-BLG-0414L b,KMT-2020-BLG-0414L,microlensing,2021,,0.997,0.96,,,0.259,0.0030205016549831984,0.08894638237130877,unknown,0.9716362907926344,True,True,False
KMT-2020-BLG-0414L c,KMT-2020-BLG-0414L,microlensing,2021,,12.2,4894.5574678,,,0.259,15.400019720729453,1.0884110982246409,unknown,0.0,True,True,False
KMT-2021-BLG-0119L b,KMT-2021-BLG-0119L,microlensing,2022,,12.8,1754.41280664,,,0.56,5.520007068728999,1.1419395128914267,unknown,0.0,True,True,False
KMT-2021-BLG-0171L b,KMT-2021-BLG-0171L,microlensing,2022,,3.35,11.2,5200.0,,0.78,0.03523918597480398,0.2988669818895531,unknown,0.0,True,True,False
KMT-2021-BLG-0192L b,KMT-2021-BLG-0192L,microlensing,2022,,6.56,34.96112477,,,0.27,0.11000014086235323,0.5852440003568561,unknown,0.0,True,True,False
KMT-2021-BLG-0240L b,KMT-2021-BLG-0240L,microlensing,2022,,9.6,66.74396547,,,0.56,0.210000268919038,0.8564546346685699,unknown,0.0,True,True,False
KMT-2021-BLG-0320L b,KMT-2021-BLG-0320L,microlensing,2022,,6.2,31.7828407,,,0.32,0.10000012805668476,0.5531269515567847,unknown,0.0,True,True,False
KMT-2021-BLG-0322L b,KMT-2021-BLG-0322L,microlensing,2021,,12.7,2034.1018048,,,0.62,6.400008195627825,1.1330181104469623,unknown,0.0,True,True,False
KMT-2021-BLG-0712L b,KMT-2021-BLG-0712L,microlensing,2023,,6.91,38.19,,,0.22,0.12015933146230037,0.6164689089124811,unknown,0.0,True,True,False
KMT-2021-BLG-0736L b,KMT-2021-BLG-0736L,microlensing,2025,,4.86,21.0,,,0.6,0.06607347370275747,0.43358015880096357,unknown,0.0,True,True,False
KMT-2021-BLG-0748L b,KMT-2021-BLG-0748L,microlensing,2022,,14.3,143.02278315,,,0.36,0.45000057625508144,1.2757605495583906,unknown,0.0,True,True,False
KMT-2021-BLG-0909L b,KMT-2021-BLG-0909L,microlensing,2023,,13.7,400.46379282,,,0.38,1.2600016135142278,1.222232134891605,unknown,0.0,True,True,False
KMT-2021-BLG-0912L b,KMT-2021-BLG-0912L,microlensing,2022,,1.49,2.81,,,0.8,0.008841260052607072,0.13292889642251762,unknown,0.0,True,True,False
KMT-2021-BLG-1077L b,KMT-2021-BLG-1077L,microlensing,2022,,9.86,69.92224954,,,0.14,0.22000028172470645,0.879650281024177,unknown,0.0,True,True,False
KMT-2021-BLG-1077L c,KMT-2021-BLG-1077L,microlensing,2022,,10.6,79.45710175,,,0.14,0.2500003201417119,0.9456686591132126,unknown,0.0,True,True,False
KMT-2021-BLG-1105L b,KMT-2021-BLG-1105L,microlensing,2023,,13.6,413.1769291,,,0.63,1.3000016647369017,1.2133107324471406,unknown,0.0,True,True,False
KMT-2021-BLG-1150L b,KMT-2021-BLG-1150L,microlensing,2023,,13.9,279.68899816,,,0.73,0.8800011268988258,1.2400749397805335,unknown,0.0,True,True,False
KMT-2021-BLG-1253L b,KMT-2021-BLG-1253L,microlensing,2022,,4.59,19.05,,,0.24,0.05993807971607285,0.40949237220091,unknown,0.0,True,True,False
KMT-2021-BLG-1303L b,KMT-2021-BLG-1303L,microlensing,2022,,13.6,120.77479466,,,0.57,0.3800004866154021,1.2133107324471406,unknown,0.0,True,True,False
KMT-2021-BLG-1372L b,KMT-2021-BLG-1372L,microlensing,2022,,9.12,61.27,,,0.42,0.19277722541752146,0.8136319029351413,unknown,0.0,True,True,False
KMT-2021-BLG-1391L b,KMT-2021-BLG-1391L,microlensing,2022,,1.97,4.55,,,0.37,0.014315919302264118,0.1757516281559461,unknown,0.0,True,True,False
KMT-2021-BLG-1547L b,KMT-2021-BLG-1547L,microlensing,2023,,13.6,467.20775829,,,0.72,1.470001882433266,1.2133107324471406,unknown,0.0,True,True,False
KMT-2021-BLG-1554L b,KMT-2021-BLG-1554L,microlensing,2022,,6.9,38.13940884,,,0.08,0.1200001536680217,0.6155767686680347,unknown,0.0,True,True,False
KMT-2021-BLG-1689L b,KMT-2021-BLG-1689L,microlensing,2022,,7.71,46.0,4570.0,,0.58,0.14473237096794495,0.6878401284681952,unknown,0.0,True,True,False
KMT-2021-BLG-1770L b,KMT-2021-BLG-1770L,microlensing,2023,,12.1,6674.396547,,,0.13,21.0000268919038,1.0794896957801767,unknown,0.0,True,True,False
KMT-2021-BLG-1898L b,KMT-2021-BLG-1898L,microlensing,2022,,14.0,232.01473711,,,0.48,0.7300009348137987,1.248996342224998,unknown,0.0,True,True,False
KMT-2021-BLG-2010L b,KMT-2021-BLG-2010L,microlensing,2023,,13.8,340.07639549,,,0.37,1.0700013702065267,1.2311535373360694,unknown,0.0,True,True,False
KMT-2021-BLG-2294L b,KMT-2021-BLG-2294L,microlensing,2022,,5.02,22.24798849,,,0.14,0.07000008963967934,0.4478544027121063,unknown,0.0,True,True,False
KMT-2021-BLG-2478L b,KMT-2021-BLG-2478L,microlensing,2023,,13.9,286.0455663,,,0.2,0.9000011525101629,1.2400749397805335,unknown,0.0,True,True,False
KMT-2021-BLG-2609L b,KMT-2021-BLG-2609L,microlensing,2024,,3.17,10.170509024,,,0.2,0.03200004097813912,0.28280845748951733,unknown,0.0,True,True,False
KMT-2022-BLG-0303L b,KMT-2022-BLG-0303L,microlensing,2024,,14.2,163.045972791,,,0.368,0.5130006569307928,1.2668391471139262,unknown,0.0,True,True,False
KMT-2022-BLG-0371L b,KMT-2022-BLG-0371L,microlensing,2023,,10.9,82.63538582,,,0.63,0.26000033294738034,0.9724328664466054,unknown,0.0,True,True,False
KMT-2022-BLG-0440L b,KMT-2022-BLG-0440L,microlensing,2023,,4.05,15.4,,,0.53,0.04845388071535548,0.36131679900080294,unknown,0.0,True,True,False
KMT-2022-BLG-1013L b,KMT-2022-BLG-1013L,microlensing,2023,,12.1,98.52680617,,,0.18,0.31000039697572274,1.0794896957801767,unknown,0.0,True,True,False
KMT-2022-BLG-1790L b,KMT-2022-BLG-1790L,microlensing,2025,,13.5,549.84314411,,,0.58,1.7300022153806462,1.2043893300026765,unknown,0.0,True,True,False
KMT-2022-BLG-2076L b,KMT-2022-BLG-2076L,microlensing,2025,,13.9,279.68899816,,,0.67,0.8800011268988258,1.2400749397805335,unknown,0.0,True,True,False
KMT-2022-BLG-2286L b,KMT-2022-BLG-2286L,microlensing,2024,,12.1,6038.739733,,,0.2,19.000024330770106,1.0794896957801767,unknown,0.0,True,True,False
KMT-2023-BLG-0416L b,KMT-2023-BLG-0416L,microlensing,2024,,3.67,13.030964687,,,0.63,0.04100005250324075,0.3274154697118387,unknown,0.0,True,True,False
KMT-2023-BLG-0469L b,KMT-2023-BLG-0469L,microlensing,2024,,7.04,39.410722468,,,0.47,0.12400015879028911,0.6280667320902846,unknown,0.0,True,True,False
KMT-2023-BLG-0735L b,KMT-2023-BLG-0735L,microlensing,2024,,6.97,38.775065654,,,0.61,0.12200015622915542,0.6218217503791597,unknown,0.0,True,True,False
KMT-2023-BLG-1431L b,KMT-2023-BLG-1431L,microlensing,2024,,3.76,13.6,,,0.57,0.04279044011226198,0.33544473191185653,unknown,0.0,True,True,False
KMT-2023-BLG-1454L b,KMT-2023-BLG-1454L,microlensing,2024,,14.1,200.23189641,,,0.17,0.6300008067571139,1.257917744669462,unknown,0.0,True,True,False
KMT-2023-BLG-1642L b,KMT-2023-BLG-1642L,microlensing,2024,,13.8,343.25467956,,,0.17,1.0800013830121953,1.2311535373360694,unknown,0.0,True,True,False
KMT-2023-BLG-1743L b,KMT-2023-BLG-1743L,microlensing,2024,,12.1,6356.56814,,,0.11,20.00002561133695,1.0794896957801767,unknown,0.0,True,True,False
KMT-2023-BLG-1866L b,KMT-2023-BLG-1866L,microlensing,2024,,1.43,2.63,,,0.51,0.00827491599229772,0.12757605495583907,unknown,0.0,True,True,False
KMT-2023-BLG-2209L b,KMT-2023-BLG-2209L,microlensing,2025,,13.9,254.2627256,,,0.73,0.8000010244534781,1.2400749397805335,unknown,0.0,True,True,False
KMT-2024-BLG-1044L b,KMT-2024-BLG-1044L,microlensing,2024,,2.7,7.75,,,0.069,0.024384258152208113,0.24087786600053532,unknown,0.0,True,True,False
KMT-2024-BLG-1209L b,KMT-2024-BLG-1209L,microlensing,2025,,13.2,839.06699448,,,0.77,2.6400033806964776,1.1776251226692835,unknown,0.0,True,True,False
KOBE-1 b,KOBE-1,radial velocity,2025,8.5399,2.91,,4135.0,0.619,0.629,,0.25961281113391027,inner,,False,True,True
KOBE-1 c,KOBE-1,radial velocity,2025,29.671,3.56,,4135.0,0.619,0.629,,0.317601927022928,inner,,False,True,True
KOI-12 b,KOI-12,transit,2015,17.855182,13.78707,349.613,6635.0,1.4,1.5,1.1000069219829594,1.23,inner,0.0,True,True,True
KOI-1257 b,KOI-1257,transit,2014,86.647661,10.54,460.83,5520.0,1.13,0.99,1.4499351850686535,0.9403158176465339,inner,0.0,True,True,True
KOI-13 b,KOI-13,transit,2011,1.763588,16.948008,2949.4624,7650.0,1.74,1.72,9.28005839636533,1.5120000000000002,inner,0.0,True,True,True
KOI-134 b,KOI-134,transit,2025,67.1277,12.03844527,346.43296363,6160.0,1.667,1.407,1.0900013958178638,1.0739981505932734,inner,0.0,True,True,True
KOI-134 c,KOI-134,transit timing variations,2025,33.95,9.86,69.92224954,6160.0,1.667,1.407,0.22000028172470645,0.879650281024177,inner,0.0,True,True,True
KOI-142 b,KOI-142,transit,2013,10.91647,3.438,9.5,5466.0,0.897,0.99,0.029890380960771238,0.3067178160406816,inner,0.0,True,True,True
KOI-142 c,KOI-142,transit timing variations,2013,22.26492,14.0,214.1,5466.0,0.897,0.99,0.6736347961790654,1.248996342224998,inner,0.0,True,True,True
KOI-1599.01,KOI-1599,transit,2019,20.4415,1.9,4.6,5833.0,0.972,1.02,0.014473237096794492,0.16950664644482114,inner,0.0,True,True,True
KOI-1599.02,KOI-1599,transit,2019,13.6088,1.9,9.0,5833.0,0.972,1.02,0.028317203015467488,0.16950664644482114,inner,0.0,True,True,True
KOI-1783.01,KOI-1783,transit,2020,134.4628,8.86,71.0,5922.0,1.143,1.076,0.2233912682331324,0.7904362565795343,inner,0.0,True,True,True
KOI-1783.02,KOI-1783,transit,2020,284.215,5.44,15.0,5922.0,1.143,1.076,0.04719533835911248,0.4853242929788563,inner,0.0,True,True,True
KOI-1831 d,Kepler-324,transit,2021,34.169,1.13,2.23,5233.0,0.835,0.901,0.007016373636054722,0.10081184762244624,inner,0.1254143838365509,True,True,True
KOI-1833 d,Kepler-968,transit,2021,7.685,2.58,11.02,4413.0,0.667,0.681,0.034672841914494636,0.23017218306717818,inner,0.0,True,True,True
KOI-1843.03,Kepler-974,transit,2013,0.1768913,0.61,8.0,3584.0,0.45,0.46,0.02517084712485999,0.054420554911232044,inner,0.0,True,True,True
KOI-217 b,KOI-217,transit,2010,3.90512,12.442,,5545.0,0.86,0.95,,1.1100008921402444,inner,,False,True,True
KOI-2513.01,KOI-2513,transit,2023,19.00547,2.80224517,7310.053361,5900.0,1.2,0.91,23.000029453037495,0.24999956909626195,inner,0.0,True,True,True
KOI-3503 b,KOI-3503,transit,2021,21.185,1.19,9.2,6001.0,1.255,0.858,0.028946474193588985,0.10616468908912481,inner,0.0,True,True,True
KOI-3503 c,KOI-3503,transit,2021,31.828,1.21,10.36,6001.0,1.255,0.858,0.032596247026693684,0.10794896957801767,inner,0.0,True,True,True
KOI-351 b,KOI-351,transit,2013,7.008151,1.31,,6080.0,1.2,1.2,,0.11687037202248195,inner,,False,True,True
KOI-351 c,KOI-351,transit,2013,8.719375,1.19,,6080.0,1.2,1.2,,0.10616468908912481,inner,,False,True,True
KOI-351 d,KOI-351,transit,2013,59.73667,2.87,,6080.0,1.2,1.2,,0.2560442501561246,inner,,False,True,True
KOI-351 e,KOI-351,transit,2013,91.93913,2.66,,6080.0,1.2,1.2,,0.2373093050227496,inner,,False,True,True
KOI-351 f,KOI-351,transit,2013,124.9144,2.88,,6080.0,1.2,1.2,,0.256936390400571,inner,,False,True,True
KOI-351 g,KOI-351,transit,2013,210.60697,8.1,15.0,6080.0,1.2,1.2,0.04719533835911248,0.7226335980016059,inner,0.0,True,True,True
KOI-351 h,KOI-351,transit,2013,331.60059,11.3,203.0,6080.0,1.2,1.2,0.6387102457933223,1.0081184762244626,inner,0.0,True,True,True
KOI-3680 b,KOI-3680,transit,2018,141.241671,11.09691,613.4119,5830.0,0.96,1.01,1.9300121449337377,0.99,inner,0.0,True,True,True
KOI-4777.01,KOI-4777,transit,2022,0.412,0.51,99.2,3515.0,0.4,0.41,0.3121185043482639,0.04549915246676778,inner,0.0,True,True,True
KOI-4978 b,KOI-4978,transit,2024,0.941967,0.7,,5050.28,0.966,0.859,,0.06244981711124989,inner,,False,True,True
KOI-55 b,KOI-55,orbital brightness modulation,2011,0.240104,0.759,0.44,27730.0,0.203,0.496,0.0013843965918672995,0.06771344455348381,inner,0.5689077824873198,True,True,True
KOI-55 c,KOI-55,orbital brightness modulation,2011,0.342887,0.867,0.655,27730.0,0.203,0.496,0.002060863108347912,0.07734855919350522,inner,0.7385482836162669,True,True,True
KOI-7368 b,KOI-7368,transit,2022,6.8430344,2.22,,5241.0,0.874,0.879,,0.1980551342671068,inner,,False,True,True
KOI-7913 b,KOI-7913 A,transit,2022,24.278553,2.34,,4324.0,0.788,0.76,,0.2087608172004639,inner,,False,True,True
KOI-94 b,KOI-94,transit,2013,3.743208,1.71,10.5,6182.0,1.52,1.277,0.033036736851378735,0.15255598180033902,inner,0.0,True,True,True
KOI-94 c,KOI-94,transit,2013,10.423648,4.32,15.6,6182.0,1.52,1.277,0.04908315189347698,0.3854045856008565,inner,0.0,True,True,True
KOI-94 d,KOI-94,transit,2013,22.342989,11.27,106.0,6182.0,1.52,1.277,0.33351372440439486,1.0054420554911232,inner,0.0,True,True,True
KOI-94 e,KOI-94,transit,2013,54.32031,6.56,35.0,6182.0,1.52,1.277,0.11012245617126246,0.5852440003568561,inner,0.0,True,True,True
KOI-984 b,KOI-984,transit,2022,4.2881785,4.3,,5295.0,0.818,0.928,,0.3836203051119636,inner,,False,True,True
KOI-984 c,KOI-984,transit timing variations,2022,21.512,14.1,209.8,5295.0,0.818,0.928,0.6601054658494533,1.257917744669462,inner,0.0,True,True,True
KPS-1 b,KPS-1,transit,2018,1.706291,11.54527,346.4347,5165.0,0.907,0.892,1.0900068590558416,1.03,inner,0.0,True,True,True
Kapteyn c,Kapteyn,radial velocity,2014,121.54,2.54,,3550.0,0.291,0.281,,0.22660362208939247,outer,,False,True,True
Kepler-10 b,Kepler-10,transit,2011,0.8374907,1.47,3.24,5708.0,1.065,0.91,0.010194193085568296,0.13114461593362478,inner,0.0,True,True,True
Kepler-10 c,Kepler-10,transit,2011,45.294301,2.355,11.29,5708.0,1.065,0.91,0.035522358004958655,0.21009902756713356,inner,0.0,True,True,True
Kepler-10 d,Kepler-10,radial velocity,2023,151.06,3.49,,5708.0,1.065,0.91,,0.311356945311803,inner,,False,True,True
Kepler-100 b,Kepler-100,transit,2014,6.88734,1.34,4.01,5837.0,1.51,1.13,0.012616887121336068,0.11954679275582122,inner,0.0,True,True,True
Kepler-100 c,Kepler-100,transit,2014,12.8159,2.2,7.05,5825.0,1.49,1.08,0.022181809028782865,0.19627085377821396,inner,0.0,True,True,True
Kepler-100 d,Kepler-100,transit,2014,35.3331,1.61,3.0,5825.0,1.49,1.08,0.009439067671822496,0.14363457935587476,inner,0.0,True,True,True
Kepler-100 e,Kepler-100,radial velocity,2023,60.888588,5.27,,5884.0,1.5,1.097,,0.47015790882326697,inner,,False,True,True
Kepler-1000 b,Kepler-1000,transit,2016,120.0181272,4.76,,6453.0,1.51,1.4,,0.42465875635649925,inner,,False,True,True
Kepler-1001 b,Kepler-1001,transit,2016,14.30511983,3.15,,5491.0,0.88,0.9,,0.2810241770006245,inner,,False,True,True
Kepler-1001 c,Kepler-1001,transit,2020,9.18186,1.57799279,,5376.0,0.836475,0.93,,0.14077908734052993,inner,,False,True,True
Kepler-1002 b,Kepler-1002,transit,2016,4.336429331,1.71,,6144.0,1.57,1.22,,0.15255598180033902,inner,,False,True,True
Kepler-1003 b,Kepler-1003,transit,2016,3.554856915,1.78,,6109.0,1.17,1.11,,0.158800963511464,inner,,False,True,True
Kepler-1004 b,Kepler-1004,transit,2016,5.28789787,6.28,,4972.0,3.39,1.11,,0.5602640735123562,inner,,False,True,True
Kepler-1005 b,Kepler-1005,transit,2016,6.49801525,1.5,,5782.0,1.06,1.0,,0.13382103666696404,inner,,False,True,True
Kepler-1006 b,Kepler-1006,transit,2016,19.76172042,1.54,,5328.0,0.74,0.78,,0.13738959764474976,inner,,False,True,True
Kepler-1007 b,Kepler-1007,transit,2016,5.185002073,1.44,,4587.0,0.7,0.73,,0.1284681952002855,inner,,False,True,True
Kepler-1008 b,Kepler-1008,transit,2016,12.43931193,1.28,,5066.0,0.78,0.81,,0.11419395128914266,inner,,False,True,True
Kepler-1009 b,Kepler-1009,transit,2016,11.35011917,2.17,,4027.0,0.57,0.59,,0.19359443304487464,inner,,False,True,True
Kepler-101 b,Kepler-101,transit,2014,3.4876812,5.77,51.1,5667.0,1.56,1.17,0.1607787860100432,0.5147649210455884,inner,0.0,True,True,True
Kepler-101 c,Kepler-101,transit,2014,6.02976,1.25,3.78,5667.0,1.56,1.17,0.011893225266496344,0.11151753055580338,inner,0.0,True,True,True
Kepler-1010 b,Kepler-1010,transit,2016,34.2685705,2.32,,5253.0,0.82,0.86,,0.20697653671157104,inner,,False,True,True
Kepler-1011 b,Kepler-1011,transit,2016,5.753221974,2.87,,5416.0,0.88,0.91,,0.2560442501561246,inner,,False,True,True
Kepler-1012 b,Kepler-1012,transit,2016,5.50860439,1.29,,5556.0,0.91,0.95,,0.11508609153358909,inner,,False,True,True
Kepler-1013 b,Kepler-1013,transit,2016,18.93054959,2.15,,4954.0,0.76,0.81,,0.1918101525559818,inner,,False,True,True
Kepler-1014 b,Kepler-1014,transit,2016,16.57110363,2.39,,5388.0,0.84,0.88,,0.21322151842269607,inner,,False,True,True
Kepler-1015 b,Kepler-1015,transit,2016,16.00494214,3.55,,6769.0,1.81,1.49,,0.31670978677848155,inner,,False,True,True
Kepler-1016 b,Kepler-1016,transit,2016,1.954524342,2.18,,5821.0,1.0,0.99,,0.1944865732893211,inner,,False,True,True
Kepler-1016 c,Kepler-1016,transit,2016,105.6551369,3.68,,5821.0,1.0,0.99,,0.32830760995628516,inner,,False,True,True
Kepler-1017 b,Kepler-1017,transit,2016,7.23400469,1.99,,5473.0,0.87,0.93,,0.17753590864483898,inner,,False,True,True
Kepler-1018 b,Kepler-1018,transit,2016,49.1013514,2.58,,5518.0,0.88,0.91,,0.23017218306717818,inner,,False,True,True
Kepler-1019 b,Kepler-1019,transit,2016,1.411229847,1.46,,4433.0,0.67,0.7,,0.13025247568917833,inner,,False,True,True
Kepler-102 b,Kepler-102,transit,2014,5.286965,0.46,1.1,4909.0,0.724,0.803,0.0034609914796682488,0.041038451244535645,inner,0.611670243221048,True,True,True
Kepler-102 c,Kepler-102,transit,2014,7.071392,0.567,1.7,4909.0,0.724,0.803,0.005348805014032748,0.050584351860112405,inner,0.4179823885826134,True,True,True
Kepler-102 d,Kepler-102,transit,2014,10.311767,1.154,3.0,4909.0,0.724,0.803,0.009439067671822496,0.10295298420911767,inner,0.0,True,True,True
Kepler-102 e,Kepler-102,transit,2013,16.1456994,2.17,4.7,4909.0,0.724,0.803,0.014787872685855245,0.19359443304487464,inner,0.0,True,True,True
Kepler-102 f,Kepler-102,transit,2014,27.453592,0.861,4.3,4909.0,0.724,0.803,0.013529330329612243,0.07681327504683737,inner,0.0,True,True,True
Kepler-1020 b,Kepler-1020,transit,2016,96.9151496,2.28,,5227.0,0.8,0.87,,0.20340797573378533,inner,,False,True,True
Kepler-1021 b,Kepler-1021,transit,2016,13.47469571,2.33,,5431.0,0.86,0.89,,0.2078686769560175,inner,,False,True,True
Kepler-1022 b,Kepler-1022,transit,2016,10.99469878,2.36,,4445.0,0.68,0.71,,0.21054509768935675,inner,,False,True,True
Kepler-1023 b,Kepler-1023,transit,2016,62.1387714,2.63,,5494.0,0.89,0.93,,0.2346328842894103,inner,,False,True,True
Kepler-1024 b,Kepler-1024,transit,2016,66.4162133,3.91,,5143.0,0.78,0.81,,0.348826835578553,inner,,False,True,True
Kepler-1025 b,Kepler-1025,transit,2016,37.3229493,1.98,,6089.0,1.13,1.09,,0.17664376840039256,inner,,False,True,True
Kepler-1026 b,Kepler-1026,transit,2016,36.5156053,2.21,,4948.0,0.75,0.79,,0.19716299402266035,inner,,False,True,True
Kepler-1027 b,Kepler-1027,transit,2016,1.907805199,0.89,,5436.0,0.82,0.91,,0.079400481755732,inner,,False,True,True
Kepler-1028 b,Kepler-1028,transit,2016,2.51462432,1.33,,5522.0,0.87,0.9,,0.1186546525113748,inner,,False,True,True
Kepler-1029 b,Kepler-1029,transit,2016,4.417696479,1.26,,5030.0,0.77,0.82,,0.1124096708002498,inner,,False,True,True
Kepler-103 b,Kepler-103,transit,2014,15.9653287,3.486,9.8,6009.0,1.492,1.212,0.030834287727953488,0.3110000892140245,inner,0.0,True,True,True
Kepler-103 c,Kepler-103,transit,2014,179.60978,5.45,38.0,6009.0,1.492,1.212,0.11956152384308495,0.4862164332233027,inner,0.0,True,True,True
Kepler-1030 b,Kepler-1030,transit,2016,19.32952416,2.48,,4983.0,0.76,0.8,,0.2212507806227139,inner,,False,True,True
Kepler-1031 b,Kepler-1031,transit,2016,1.22621732,0.87,,6011.0,1.12,1.09,,0.07761620126683914,inner,,False,True,True
Kepler-1032 b,Kepler-1032,transit,2016,3.290117953,1.87,,4647.0,0.71,0.77,,0.16683022571148187,inner,,False,True,True
Kepler-1033 b,Kepler-1033,transit,2016,7.56052806,2.51,,5547.0,0.92,0.94,,0.22392720135605315,inner,,False,True,True
Kepler-1034 b,Kepler-1034,transit,2016,12.12400943,2.26,,5198.0,0.8,0.83,,0.2016236952448925,inner,,False,True,True
Kepler-1035 b,Kepler-1035,transit,2016,2.714077555,1.17,,5763.0,0.97,0.98,,0.10438040860023196,inner,,False,True,True
Kepler-1036 b,Kepler-1036,transit,2016,122.8808058,3.01,,5533.0,0.89,0.95,,0.26853421357837454,inner,,False,True,True
Kepler-1037 b,Kepler-1037,transit,2016,1.063788673,1.28,,5105.0,0.78,0.82,,0.11419395128914266,inner,,False,True,True
Kepler-1038 b,Kepler-1038,transit,2016,148.4603382,3.53,,5335.0,0.83,0.87,,0.3149255062895887,inner,,False,True,True
Kepler-1038 c,Kepler-1038,transit,2021,7.127659798,1.4162338,,5159.0,0.821,0.868,,0.12634791685252922,inner,,False,True,True
Kepler-1039 b,Kepler-1039,transit,2016,0.934884242,1.46,,4870.0,0.74,0.79,,0.13025247568917833,inner,,False,True,True
Kepler-104 b,Kepler-104,transit,2014,11.427548,3.1,19.6,5711.0,1.349,0.818,0.061668575455906975,0.27656347577839235,inner,0.0,True,True,True
Kepler-104 c,Kepler-104,transit,2014,23.668205,3.13,,5711.0,1.349,0.818,,0.27923989651173164,inner,,False,True,True
Kepler-104 d,Kepler-104,transit,2014,51.755394,3.58,,5711.0,1.349,0.818,,0.3193862075118209,inner,,False,True,True
Kepler-1040 b,Kepler-1040,transit,2016,201.1214,2.08,,5694.0,0.96,0.98,,0.18556517084485682,inner,,False,True,True
Kepler-1041 b,Kepler-1041,transit,2016,24.7576421,2.94,,5957.0,1.08,1.06,,0.26228923186724956,inner,,False,True,True
Kepler-1042 b,Kepler-1042,transit,2016,10.13202575,2.19,,4815.0,0.72,0.75,,0.1953787135337675,inner,,False,True,True
Kepler-1043 b,Kepler-1043,transit,2016,38.5053398,2.55,,5629.0,0.9,0.92,,0.22749576233383886,inner,,False,True,True
Kepler-1044 b,Kepler-1044,transit,2016,6.77408868,2.67,,5985.0,1.11,1.08,,0.238201445267196,inner,,False,True,True
Kepler-1045 b,Kepler-1045,transit,2016,26.41045478,2.69,,5301.0,0.82,0.86,,0.23998572575608887,inner,,False,True,True
Kepler-1046 b,Kepler-1046,transit,2016,14.37508035,1.71,,5913.0,1.04,1.04,,0.15255598180033902,inner,,False,True,True
Kepler-1047 b,Kepler-1047,transit,2016,56.1886887,2.09,,5754.0,1.13,1.08,,0.18645731108930322,inner,,False,True,True
Kepler-1047 c,Kepler-1047,transit,2016,3.18897601,0.99,,5754.0,1.13,1.08,,0.08832188420019628,inner,,False,True,True
Kepler-1048 b,Kepler-1048,transit,2016,6.92101021,1.61,,4651.0,0.7,0.75,,0.14363457935587476,inner,,False,True,True
Kepler-1049 b,Kepler-1049,transit,2016,3.273460736,0.95,,3864.0,0.49,0.51,,0.08475332322241057,inner,,False,True,True
Kepler-105 b,Kepler-105,transit,2013,5.4122034,2.53,10.8,5933.0,1.026,0.991,0.033980643618560985,0.22571148184494602,inner,0.0,True,True,True
Kepler-105 c,Kepler-105,transit,2014,7.12592,1.44,5.6,5933.0,1.026,0.991,0.01761959298740199,0.1284681952002855,inner,0.0,True,True,True
Kepler-1050 b,Kepler-1050,transit,2016,15.3787546,1.6,,6010.0,1.13,1.09,,0.14274243911142834,inner,,False,True,True
Kepler-1050 c,Kepler-1050,transit,2016,21.1284569,1.48,,6010.0,1.13,1.09,,0.1320367561780712,inner,,False,True,True
Kepler-1051 b,Kepler-1051,transit,2016,25.96200249,3.4,,6675.0,1.73,1.43,,0.30332768311178515,inner,,False,True,True
Kepler-1052 b,Kepler-1052,transit,2016,34.8538276,2.93,,5888.0,1.03,1.03,,0.2613970916228031,inner,,False,True,True
Kepler-1052 c,Kepler-1052,transit,2023,180.921729,2.3,,5818.0,0.848,0.937,,0.2051922562226782,inner,,False,True,True
Kepler-1053 b,Kepler-1053,transit,2016,2.414351654,0.98,,4529.0,0.69,0.74,,0.08742974395574984,inner,,False,True,True
Kepler-1054 b,Kepler-1054,transit,2016,4.30655689,2.63,,6209.0,1.34,1.22,,0.2346328842894103,inner,,False,True,True
Kepler-1055 b,Kepler-1055,transit,2016,2.295036233,1.23,,5723.0,0.94,0.98,,0.10973325006691052,inner,,False,True,True
Kepler-1056 b,Kepler-1056,transit,2016,27.495606,3.01,,6127.0,1.2,1.12,,0.26853421357837454,inner,,False,True,True
Kepler-1057 b,Kepler-1057,transit,2016,14.08827448,3.36,,5987.0,1.1,1.07,,0.29975912213399947,inner,,False,True,True
Kepler-1058 b,Kepler-1058,transit,2016,110.96546,2.72,,4644.0,0.69,0.73,,0.24266214648942816,habitable,,False,True,True
Kepler-1059 b,Kepler-1059,transit,2016,3.764191048,1.73,,4906.0,0.72,0.75,,0.15434026228923187,inner,,False,True,True
Kepler-106 b,Kepler-106,transit,2014,6.16486,0.82,5.3,5858.0,1.04,1.0,0.016675686220219744,0.07315550004460701,inner,0.0,True,True,True
Kepler-106 c,Kepler-106,transit,2014,13.5708,2.5,10.44,5858.0,1.04,1.0,0.03284795549794228,0.22303506111160676,inner,0.0,True,True,True
Kepler-106 d,Kepler-106,transit,2014,23.9802,0.95,8.1,5858.0,1.04,1.0,0.02548548271392074,0.08475332322241057,inner,0.0,True,True,True
Kepler-106 e,Kepler-106,transit,2014,43.8445,2.56,11.17,5858.0,1.04,1.0,0.03514479529808576,0.2283879025782853,inner,0.0,True,True,True
Kepler-1060 b,Kepler-1060,transit,2016,46.8779367,2.38,,5797.0,0.99,0.99,,0.21232937817824962,inner,,False,True,True
Kepler-1061 b,Kepler-1061,transit,2016,2.757982666,1.98,,6067.0,1.07,1.09,,0.17664376840039256,inner,,False,True,True
Kepler-1062 b,Kepler-1062,transit,2016,9.30412078,1.76,,4597.0,0.7,0.75,,0.15701668302257116,inner,,False,True,True
Kepler-1063 b,Kepler-1063,transit,2016,14.07971466,1.49,,5945.0,1.14,1.09,,0.13292889642251762,inner,,False,True,True
Kepler-1064 b,Kepler-1064,transit,2016,16.54080322,1.55,,5153.0,0.79,0.85,,0.13828173788919618,inner,,False,True,True
Kepler-1065 b,Kepler-1065,transit,2016,3.609308907,3.73,,5635.0,0.93,0.94,,0.3327683111785173,inner,,False,True,True
Kepler-1065 c,Kepler-1065,transit,2016,2.37030743,1.6,,5635.0,0.93,0.94,,0.14274243911142834,inner,,False,True,True
Kepler-1066 b,Kepler-1066,transit,2016,1.931559839,2.36,,5762.0,0.98,0.98,,0.21054509768935675,inner,,False,True,True
Kepler-1067 b,Kepler-1067,transit,2016,0.762129261,0.8,,5592.0,0.93,0.95,,0.07137121955571417,inner,,False,True,True
Kepler-1067 c,Kepler-1067,transit,2021,5.425839901,1.74682428,,5594.0,0.934,0.981,,0.1558412240164154,inner,,False,True,True
Kepler-1068 b,Kepler-1068,transit,2016,16.92344113,3.63,,5806.0,1.01,1.01,,0.323846908734053,inner,,False,True,True
Kepler-1069 b,Kepler-1069,transit,2016,23.8990296,1.6,,5722.0,0.98,0.99,,0.14274243911142834,inner,,False,True,True
Kepler-107 b,Kepler-107,transit,2014,3.1800218,1.536,3.8,5854.0,1.447,1.238,0.011956152384308494,0.1370327415469712,inner,0.0,True,True,True
Kepler-107 c,Kepler-107,transit,2014,4.901452,1.597,10.0,5854.0,1.447,1.238,0.03146355890607499,0.1424747970380944,inner,0.0,True,True,True
Kepler-107 d,Kepler-107,transit,2014,7.95839,0.86,7.7,5854.0,1.447,1.238,0.02422694035767774,0.07672406102239272,inner,0.0,True,True,True
Kepler-107 e,Kepler-107,transit,2014,14.749143,2.903,14.1,5854.0,1.447,1.238,0.04436361805756573,0.2589883129627978,inner,0.0,True,True,True
Kepler-1070 b,Kepler-1070,transit,2016,6.2216147,1.73,,6261.0,1.32,1.21,,0.15434026228923187,inner,,False,True,True
Kepler-1071 b,Kepler-1071,transit,2016,6.1799844,2.38,,5215.0,0.81,0.86,,0.21232937817824962,inner,,False,True,True
Kepler-1072 b,Kepler-1072,transit,2016,1.569066502,1.58,,6199.0,1.32,1.2,,0.14095815862253547,inner,,False,True,True
Kepler-1073 b,Kepler-1073,transit,2016,8.67888593,2.3,,5792.0,1.0,1.0,,0.2051922562226782,inner,,False,True,True
Kepler-1073 c,Kepler-1073,transit,2016,4.02582254,1.64,,5792.0,1.0,1.0,,0.14631100008921402,inner,,False,True,True
Kepler-1073 d,Kepler-1073,transit,2021,2.504760027,1.48770949,,5509.0,1.116,0.924,,0.13272455080738693,inner,,False,True,True
Kepler-1074 b,Kepler-1074,transit,2016,5.94566534,1.25,,4002.0,0.57,0.6,,0.11151753055580338,inner,,False,True,True
Kepler-1075 b,Kepler-1075,transit,2016,1.52372816,1.42,,3959.0,0.54,0.56,,0.12668391471139262,inner,,False,True,True
Kepler-1076 b,Kepler-1076,transit,2016,6.14727918,0.8,,4868.0,0.74,0.79,,0.07137121955571417,inner,,False,True,True
Kepler-1077 b,Kepler-1077,transit,2016,34.3511874,2.77,,5816.0,1.02,1.02,,0.2471228477116603,inner,,False,True,True
Kepler-1078 b,Kepler-1078,transit,2016,3.00725242,1.9,,5612.0,0.92,0.94,,0.16950664644482114,inner,,False,True,True
Kepler-1079 b,Kepler-1079,transit,2016,13.24503188,1.63,,5758.0,1.36,1.08,,0.1454188598447676,inner,,False,True,True
Kepler-108 b,Kepler-108,transit,2014,49.183921,8.65,,5854.0,2.192,1.247,,0.7717013114461594,inner,,False,True,True
Kepler-108 c,Kepler-108,transit,2014,190.323494,8.18,,5854.0,2.192,1.247,,0.7297707199571772,inner,,False,True,True
Kepler-1080 b,Kepler-1080,transit,2016,77.2548396,3.28,,5956.0,1.16,1.1,,0.29262200017842804,inner,,False,True,True
Kepler-1081 b,Kepler-1081,transit,2016,3.856918547,1.01,,5345.0,0.84,0.88,,0.09010616468908914,inner,,False,True,True
Kepler-1082 b,Kepler-1082,transit,2016,1.543206604,1.12,,5923.0,1.14,1.03,,0.09991970737799984,inner,,False,True,True
Kepler-1083 b,Kepler-1083,transit,2016,33.4177993,3.36,,5049.0,0.77,0.81,,0.29975912213399947,inner,,False,True,True
Kepler-1084 b,Kepler-1084,transit,2016,2.05333679,1.11,,6113.0,1.28,1.12,,0.0990275671335534,inner,,False,True,True
Kepler-1085 b,Kepler-1085,transit,2016,219.3217528,7.22,,6000.0,1.14,1.11,,0.6441252564903203,inner,,False,True,True
Kepler-1085 c,Kepler-1085,transit,2020,56.7771,3.26817741,,5816.0,1.0783,1.05,,0.2915672593451691,inner,,False,True,True
Kepler-1086 b,Kepler-1086,transit,2016,18.78425728,2.44,,4350.0,0.66,0.7,,0.21768221964492818,inner,,False,True,True
Kepler-1086 c,Kepler-1086,transit,2016,161.5163345,2.94,,4350.0,0.66,0.7,,0.26228923186724956,outer,,False,True,True
Kepler-1087 b,Kepler-1087,transit,2016,0.693842855,0.61,,5589.0,0.94,0.96,,0.054420554911232044,inner,,False,True,True
Kepler-1088 b,Kepler-1088,transit,2016,23.12748644,1.42,,5975.0,1.08,1.08,,0.12668391471139262,inner,,False,True,True
Kepler-1089 b,Kepler-1089,transit,2016,5.132485618,1.83,,3753.0,0.49,0.52,,0.16326166473369616,inner,,False,True,True
Kepler-109 b,Kepler-109,transit,2014,6.4816307,2.49,4.9,5950.0,1.387,1.094,0.015417143863976744,0.22214292086716034,inner,0.0,True,True,True
Kepler-109 c,Kepler-109,transit,2014,21.22265,2.65,8.2,5950.0,1.387,1.094,0.025800118302981487,0.23641716477830316,inner,0.0,True,True,True
Kepler-1090 b,Kepler-1090,transit,2016,198.680179,2.25,,5321.0,0.82,0.86,,0.20073155500044607,habitable,,False,True,True
Kepler-1090 c,Kepler-1090,transit,2021,42.42720032,3.29265785,,5330.0,1.013,0.869,,0.29375125791774465,inner,,False,True,True
Kepler-1091 b,Kepler-1091,transit,2016,1.434741564,1.46,,5851.0,1.03,1.01,,0.13025247568917833,inner,,False,True,True
Kepler-1092 b,Kepler-1092,transit,2016,58.6017925,2.07,,5862.0,1.0,0.99,,0.18467303060041038,inner,,False,True,True
Kepler-1093 b,Kepler-1093,transit,2016,25.0824626,1.95,,6166.0,1.2,1.13,,0.17396734766705327,inner,,False,True,True
Kepler-1093 c,Kepler-1093,transit,2016,89.722292,1.96,,6166.0,1.2,1.13,,0.1748594879114997,inner,,False,True,True
Kepler-1094 b,Kepler-1094,transit,2016,78.1000231,3.18,,6112.0,1.21,1.14,,0.2837005977339638,inner,,False,True,True
Kepler-1095 b,Kepler-1095,transit,2016,4.27103091,1.21,,5658.0,0.92,0.94,,0.10794896957801767,inner,,False,True,True
Kepler-1096 b,Kepler-1096,transit,2016,2.892217506,1.24,,4306.0,0.63,0.66,,0.11062539031135694,inner,,False,True,True
Kepler-1097 b,Kepler-1097,transit,2016,187.747029,3.26,,5211.0,0.79,0.82,,0.2908377196895352,habitable,,False,True,True
Kepler-1098 b,Kepler-1098,transit,2016,2.543072855,1.3,,5794.0,0.99,0.99,,0.11597823177803551,inner,,False,True,True
Kepler-1099 b,Kepler-1099,transit,2016,2.168452593,2.83,,5837.0,1.0,1.01,,0.25247568917833885,inner,,False,True,True
Kepler-11 b,Kepler-11,transit,2010,10.3039,1.8,1.9,5663.0,1.065,0.961,0.005978076192154247,0.16058524400035687,inner,0.14853068170368,True,True,True
Kepler-11 c,Kepler-11,transit,2010,13.0241,2.87,2.9,5663.0,1.065,0.961,0.009124432082761745,0.2560442501561246,inner,0.0,True,True,True
Kepler-11 d,Kepler-11,transit,2010,22.6845,3.12,7.3,5663.0,1.065,0.961,0.02296839800143474,0.27834775626728525,inner,0.0,True,True,True
Kepler-11 e,Kepler-11,transit,2010,31.9996,4.19,8.0,5663.0,1.065,0.961,0.02517084712485999,0.37380676242305294,inner,0.0,True,True,True
Kepler-11 f,Kepler-11,transit,2010,46.6888,2.49,2.0,5663.0,1.065,0.961,0.0062927117812149975,0.22214292086716034,inner,0.0,True,True,True
Kepler-11 g,Kepler-11,transit,2010,118.3807,3.33,25.0,5663.0,1.065,0.961,0.07865889726518746,0.2970827014006602,inner,0.0,True,True,True
Kepler-110 b,Kepler-110,transit,2014,12.691112,1.83,,5960.0,1.149,0.989,,0.16326166473369616,inner,,False,True,True
Kepler-110 c,Kepler-110,transit,2014,31.719775,2.21,,5960.0,1.149,0.989,,0.19716299402266035,inner,,False,True,True
Kepler-1100 b,Kepler-1100,transit,2016,6.42200058,1.75,,6247.0,1.34,1.21,,0.15612454277812474,inner,,False,True,True
Kepler-1101 b,Kepler-1101,transit,2016,81.3151059,2.47,,5614.0,0.91,0.94,,0.2203586403782675,inner,,False,True,True
Kepler-1102 b,Kepler-1102,transit,2016,51.3285623,2.66,,5724.0,0.94,0.96,,0.2373093050227496,inner,,False,True,True
Kepler-1103 b,Kepler-1103,transit,2016,19.79191978,2.27,,6092.0,1.15,1.11,,0.20251583548933894,inner,,False,True,True
Kepler-1104 b,Kepler-1104,transit,2016,5.03728015,1.23,,6417.0,1.41,1.3,,0.10973325006691052,inner,,False,True,True
Kepler-1105 b,Kepler-1105,transit,2016,4.421572182,2.01,,4299.0,0.68,0.71,,0.17932018913373182,inner,,False,True,True
Kepler-1106 b,Kepler-1106,transit,2016,1.252752174,1.65,,6104.0,1.17,1.11,,0.14720314033366044,inner,,False,True,True
Kepler-1107 b,Kepler-1107,transit,2016,0.571038518,1.34,,5268.0,0.82,0.86,,0.11954679275582122,inner,,False,True,True
Kepler-1108 b,Kepler-1108,transit,2016,4.51005748,1.46,,5406.0,0.84,0.88,,0.13025247568917833,inner,,False,True,True
Kepler-1109 b,Kepler-1109,transit,2016,37.6467384,2.19,,5893.0,1.06,1.05,,0.1953787135337675,inner,,False,True,True
Kepler-111 b,Kepler-111,transit,2014,3.341815,1.58,,5952.0,1.157,1.171,,0.14095815862253547,inner,,False,True,True
Kepler-111 c,Kepler-111,transit,2014,224.77833,7.0840758,222.4798849,5914.0,1.145,1.118,0.7000008963967933,0.6319989115889018,inner,0.0,True,True,True
Kepler-1110 b,Kepler-1110,transit,2016,9.69312032,2.66,,4781.0,0.7,0.73,,0.2373093050227496,inner,,False,True,True
Kepler-1111 b,Kepler-1111,transit,2016,8.79617863,2.0,,6077.0,1.15,1.1,,0.1784280488892854,inner,,False,True,True
Kepler-1112 b,Kepler-1112,transit,2016,14.36267939,3.02,,6496.0,1.54,1.34,,0.269426353822821,inner,,False,True,True
Kepler-1113 b,Kepler-1113,transit,2016,42.3004954,2.81,,5931.0,1.17,1.12,,0.250691408689446,inner,,False,True,True
Kepler-1114 b,Kepler-1114,transit,2016,14.97435694,1.35,,5374.0,0.83,0.87,,0.12043893300026766,inner,,False,True,True
Kepler-1115 b,Kepler-1115,transit,2016,23.5540725,1.7,,8480.0,1.73,1.6,,0.15166384155589258,inner,,False,True,True
Kepler-1116 b,Kepler-1116,transit,2016,41.6977827,2.54,,5641.0,0.93,0.95,,0.22660362208939247,inner,,False,True,True
Kepler-1117 b,Kepler-1117,transit,2016,4.79028459,1.11,,5612.0,0.93,0.95,,0.0990275671335534,inner,,False,True,True
Kepler-1118 b,Kepler-1118,transit,2016,38.6715075,2.74,,5688.0,0.97,0.96,,0.24444642697832103,inner,,False,True,True
Kepler-1119 b,Kepler-1119,transit,2016,8.3265153,1.92,,6083.0,1.17,1.11,,0.17129092693371398,inner,,False,True,True
Kepler-112 b,Kepler-112,transit,2014,8.408878,2.36,,5544.0,0.841,0.782,,0.21054509768935675,inner,,False,True,True
Kepler-112 c,Kepler-112,transit,2014,28.574263,2.4,,5544.0,0.841,0.782,,0.21411365866714246,inner,,False,True,True
Kepler-1120 b,Kepler-1120,transit,2016,2.949029052,1.38,,4904.0,0.74,0.78,,0.12311535373360692,inner,,False,True,True
Kepler-1121 b,Kepler-1121,transit,2016,13.15141081,1.91,,6231.0,1.59,1.29,,0.17039878668926756,inner,,False,True,True
Kepler-1122 b,Kepler-1122,transit,2016,42.1917357,2.04,,5544.0,0.89,0.92,,0.1819966098670711,inner,,False,True,True
Kepler-1123 b,Kepler-1123,transit,2016,4.33946454,1.67,,5500.0,0.9,0.93,,0.1489874208225533,inner,,False,True,True
Kepler-1124 b,Kepler-1124,transit,2016,2.852348975,1.28,,3658.0,0.34,0.35,,0.11419395128914266,inner,,False,True,True
Kepler-1125 b,Kepler-1125,transit,2016,17.6700642,1.84,,5683.0,0.94,0.95,,0.16415380497814258,inner,,False,True,True
Kepler-1126 b,Kepler-1126,transit,2016,108.593329,1.73,,5798.0,0.93,0.92,,0.15434026228923187,inner,,False,True,True
Kepler-1126 c,Kepler-1126,transit,2023,199.66876,1.45,,5678.0,0.921,0.794,,0.1293603354447319,habitable,,False,True,True
Kepler-1127 b,Kepler-1127,transit,2016,5.12330347,1.96,,5664.0,0.95,0.97,,0.1748594879114997,inner,,False,True,True
Kepler-1128 b,Kepler-1128,transit,2016,61.6178167,3.65,,5543.0,0.91,0.94,,0.32563118922294587,inner,,False,True,True
Kepler-1129 b,Kepler-1129,transit,2016,24.3397804,2.96,,5831.0,1.0,1.0,,0.2640735123561424,inner,,False,True,True
Kepler-1129 c,Kepler-1129,transit,2016,76.5369586,2.73,,5831.0,1.0,1.0,,0.24355428673387458,inner,,False,True,True
Kepler-113 b,Kepler-113,transit,2014,4.754,1.82,11.7,4725.0,0.69,0.75,0.036812363920107734,0.1623695244892497,inner,0.0,True,True,True
Kepler-113 c,Kepler-113,transit,2014,8.92507,2.18,8.7,4725.0,0.69,0.75,0.027373296248285234,0.1944865732893211,inner,0.0,True,True,True
Kepler-1130 b,Kepler-1130,transit,2016,5.45298175,0.8,,5403.0,0.81,0.9,,0.07137121955571417,inner,,False,True,True
Kepler-1130 c,Kepler-1130,transit,2021,3.266639948,0.79239584,,5450.0,0.842,0.944,,0.07069282183959319,inner,,False,True,True
Kepler-1130 d,Kepler-1130,transit,2021,4.272250175,0.64472273,,5450.0,0.842,0.944,,0.05751830939423678,inner,,False,True,True
Kepler-1131 b,Kepler-1131,transit,2016,3.53232449,1.59,,5851.0,1.04,1.03,,0.1418502988669819,inner,,False,True,True
Kepler-1132 b,Kepler-1132,transit,2016,62.8916228,2.35,,5298.0,0.83,0.87,,0.20965295744491036,inner,,False,True,True
Kepler-1133 b,Kepler-1133,transit,2016,11.55562343,1.97,,5569.0,0.9,0.93,,0.1757516281559461,inner,,False,True,True
Kepler-1134 b,Kepler-1134,transit,2016,17.13263989,2.64,,5281.0,0.81,0.84,,0.23552502453385674,inner,,False,True,True
Kepler-1135 b,Kepler-1135,transit,2016,76.957857,1.85,,5656.0,0.94,0.96,,0.165045945222589,inner,,False,True,True
Kepler-1136 b,Kepler-1136,transit,2016,2.361724329,1.64,,4512.0,0.68,0.72,,0.14631100008921402,inner,,False,True,True
Kepler-1137 b,Kepler-1137,transit,2016,23.9210791,2.2,,6807.0,1.84,1.5,,0.19627085377821396,inner,,False,True,True
Kepler-1138 b,Kepler-1138,transit,2016,3.17060005,1.7,,5582.0,0.92,0.95,,0.15166384155589258,inner,,False,True,True
Kepler-1139 b,Kepler-1139,transit,2016,0.813166719,1.19,,5550.0,0.91,0.94,,0.10616468908912481,inner,,False,True,True
Kepler-114 b,Kepler-114,transit,2014,5.188549,1.26,1.09,4605.0,0.667,0.77,0.003429527920762174,0.1124096708002498,inner,0.8054492354165628,True,True,True
Kepler-114 c,Kepler-114,transit,2013,8.041,1.6,2.8,4660.0,0.54,0.56,0.008809796493700995,0.14274243911142834,inner,0.0,True,True,True
Kepler-114 d,Kepler-114,transit,2013,11.776,2.53,3.9,4660.0,0.54,0.56,0.012270787973369245,0.22571148184494602,inner,0.0,True,True,True
Kepler-1140 b,Kepler-1140,transit,2016,24.0862707,2.77,,4850.0,0.73,0.76,,0.2471228477116603,inner,,False,True,True
Kepler-1141 b,Kepler-1141,transit,2016,2.344511944,0.82,,5791.0,1.07,1.01,,0.07315550004460701,inner,,False,True,True
Kepler-1142 b,Kepler-1142,transit,2016,18.3027248,1.47,,5685.0,0.96,0.97,,0.13114461593362478,inner,,False,True,True
Kepler-1143 b,Kepler-1143,transit,2016,2.888904849,1.67,,5053.0,0.77,0.81,,0.1489874208225533,inner,,False,True,True
Kepler-1143 c,Kepler-1143,transit,2016,210.630591,3.6,,5053.0,0.77,0.81,,0.32117048800071374,habitable,,False,True,True
Kepler-1144 b,Kepler-1144,transit,2016,17.14647302,1.99,,5753.0,0.96,0.98,,0.17753590864483898,inner,,False,True,True
Kepler-1145 b,Kepler-1145,transit,2016,3.97076766,1.4,,5064.0,0.75,0.79,,0.12489963422249978,inner,,False,True,True
Kepler-1146 b,Kepler-1146,transit,2016,2.352265797,1.23,,4692.0,0.7,0.74,,0.10973325006691052,inner,,False,True,True
Kepler-1147 b,Kepler-1147,transit,2016,10.62784997,2.61,,5941.0,1.14,1.09,,0.23284860380051745,inner,,False,True,True
Kepler-1148 b,Kepler-1148,transit,2016,1.104463509,1.69,,5054.0,0.77,0.81,,0.15077170131144615,inner,,False,True,True
Kepler-1149 b,Kepler-1149,transit,2016,3.73089898,1.44,,5833.0,1.01,1.02,,0.1284681952002855,inner,,False,True,True
Kepler-115 b,Kepler-115,transit,2014,2.403679,1.09,,5979.0,1.205,1.042,,0.09724328664466055,inner,,False,True,True
Kepler-115 c,Kepler-115,transit,2014,8.990889,2.6,,5979.0,1.205,1.042,,0.23195646355607102,inner,,False,True,True
Kepler-1150 b,Kepler-1150,transit,2016,2.787868386,1.02,,4754.0,0.72,0.76,,0.09099830493353556,inner,,False,True,True
Kepler-1151 b,Kepler-1151,transit,2016,65.6478424,2.22,,5470.0,0.85,0.88,,0.1980551342671068,inner,,False,True,True
Kepler-1152 b,Kepler-1152,transit,2016,1.646801908,0.87,,3964.0,0.53,0.55,,0.07761620126683914,inner,,False,True,True
Kepler-1153 b,Kepler-1153,transit,2016,1.755835327,1.73,,5470.0,0.88,0.91,,0.15434026228923187,inner,,False,True,True
Kepler-1154 b,Kepler-1154,transit,2016,5.1856142,2.34,,6327.0,1.43,1.26,,0.2087608172004639,inner,,False,True,True
Kepler-1154 c,Kepler-1154,transit,2016,8.45808312,2.36,,6327.0,1.43,1.26,,0.21054509768935675,inner,,False,True,True
Kepler-1155 b,Kepler-1155,transit,2016,33.469743,2.03,,5842.0,1.03,1.03,,0.18110446962262466,inner,,False,True,True
Kepler-1156 b,Kepler-1156,transit,2016,11.89520511,1.32,,5778.0,1.0,1.0,,0.11776251226692837,inner,,False,True,True
Kepler-1157 b,Kepler-1157,transit,2016,4.45743164,1.09,,4679.0,0.71,0.76,,0.09724328664466055,inner,,False,True,True
Kepler-1158 b,Kepler-1158,transit,2016,13.5396293,2.34,,6203.0,1.95,1.41,,0.2087608172004639,inner,,False,True,True
Kepler-1159 b,Kepler-1159,transit,2016,22.70816791,2.37,,6217.0,1.28,1.19,,0.2114372379338032,inner,,False,True,True
Kepler-116 b,Kepler-116,transit,2014,5.968734,3.42,,6142.0,1.454,1.198,,0.30511196360067805,inner,,False,True,True
Kepler-116 c,Kepler-116,transit,2014,13.07163,2.3,,6142.0,1.454,1.198,,0.2051922562226782,inner,,False,True,True
Kepler-1160 b,Kepler-1160,transit,2016,7.97034958,2.14,,5519.0,0.89,0.92,,0.19091801231153538,inner,,False,True,True
Kepler-1161 b,Kepler-1161,transit,2016,10.71252541,2.13,,4253.0,0.57,0.59,,0.19002587206708893,inner,,False,True,True
Kepler-1162 b,Kepler-1162,transit,2016,32.5637069,2.21,,5390.0,0.84,0.89,,0.19716299402266035,inner,,False,True,True
Kepler-1162 c,Kepler-1162,transit,2023,59.284064,1.81,,5225.0,0.859,0.861,,0.1614773842448033,inner,,False,True,True
Kepler-1163 b,Kepler-1163,transit,2016,6.11786898,1.03,,6302.0,1.35,1.22,,0.09189044517798198,inner,,False,True,True
Kepler-1164 b,Kepler-1164,transit,2016,3.97599768,1.12,,5183.0,0.79,0.85,,0.09991970737799984,inner,,False,True,True
Kepler-1165 b,Kepler-1165,transit,2016,9.478522,1.55,,6080.0,1.18,1.13,,0.13828173788919618,inner,,False,True,True
Kepler-1165 c,Kepler-1165,transit,2021,29.96870041,3.36093385,,6249.0,1.076,1.13,,0.2998424346507271,inner,,False,True,True
Kepler-1166 b,Kepler-1166,transit,2016,33.2406882,1.69,,5446.0,0.86,0.9,,0.15077170131144615,inner,,False,True,True
Kepler-1167 b,Kepler-1167,transit,2016,1.003933739,1.71,,4971.0,0.75,0.79,,0.15255598180033902,inner,,False,True,True
Kepler-1168 b,Kepler-1168,transit,2016,55.8226539,2.5,,5157.0,0.82,0.87,,0.22303506111160676,inner,,False,True,True
Kepler-1169 b,Kepler-1169,transit,2016,6.11009134,0.94,,6191.0,1.23,1.24,,0.08386118297796413,inner,,False,True,True
Kepler-117 b,Kepler-117,transit,2014,18.7959228,8.059,29.875,6150.0,1.606,1.129,0.09399738223189902,0.7189758229993755,inner,0.0,True,True,True
Kepler-117 c,Kepler-117,transit,2014,50.790391,12.341,584.78,6150.0,1.606,1.129,1.8399259977094529,1.1009902756713354,inner,0.0,True,True,True
Kepler-1170 b,Kepler-1170,transit,2016,9.98969327,2.41,,5069.0,0.76,0.8,,0.2150057989115889,inner,,False,True,True
Kepler-1171 b,Kepler-1171,transit,2016,1.44259224,2.56,,7044.0,1.95,1.58,,0.2283879025782853,inner,,False,True,True
Kepler-1172 b,Kepler-1172,transit,2016,26.0204423,3.2,,5558.0,0.89,0.92,,0.2854848782228567,inner,,False,True,True
Kepler-1173 b,Kepler-1173,transit,2016,0.7698536,0.89,,5252.0,0.82,0.86,,0.079400481755732,inner,,False,True,True
Kepler-1174 b,Kepler-1174,transit,2016,6.89225223,1.59,,5936.0,1.04,1.04,,0.1418502988669819,inner,,False,True,True
Kepler-1175 b,Kepler-1175,transit,2016,37.94563,2.99,,5453.0,0.86,0.9,,0.2667499330894817,inner,,False,True,True
Kepler-1176 b,Kepler-1176,transit,2016,24.1738579,2.45,,5844.0,1.02,1.01,,0.21857435988937463,inner,,False,True,True
Kepler-1177 b,Kepler-1177,transit,2016,106.247547,1.9,,5712.0,0.97,0.98,,0.16950664644482114,inner,,False,True,True
Kepler-1178 b,Kepler-1178,transit,2016,31.80634,1.07,,4990.0,0.75,0.8,,0.09545900615576769,inner,,False,True,True
Kepler-1179 b,Kepler-1179,transit,2016,2.685057492,1.32,,5212.0,0.81,0.84,,0.11776251226692837,inner,,False,True,True
Kepler-118 b,Kepler-118,transit,2014,7.518496,1.96,,5274.0,1.094,0.811,,0.1748594879114997,inner,,False,True,True
Kepler-118 c,Kepler-118,transit,2014,20.17202,7.68,,5274.0,1.094,0.811,,0.6851637077348559,inner,,False,True,True
Kepler-1180 b,Kepler-1180,transit,2016,16.8601286,1.99,,6077.0,1.14,1.09,,0.17753590864483898,inner,,False,True,True
Kepler-1181 b,Kepler-1181,transit,2016,4.89337519,1.57,,6176.0,1.3,1.17,,0.14006601837808905,inner,,False,True,True
Kepler-1181 c,Kepler-1181,transit,2023,8.93484887,1.83,,6688.0,1.347,1.336,,0.16326166473369616,inner,,False,True,True
Kepler-1182 b,Kepler-1182,transit,2016,11.17394617,2.41,,5924.0,1.05,1.04,,0.2150057989115889,inner,,False,True,True
Kepler-1183 b,Kepler-1183,transit,2016,28.5057189,2.82,,5765.0,0.99,1.0,,0.2515835489338924,inner,,False,True,True
Kepler-1184 b,Kepler-1184,transit,2016,53.5991044,2.68,,5983.0,1.07,1.05,,0.23909358551164245,inner,,False,True,True
Kepler-1185 b,Kepler-1185,transit,2016,104.3518976,1.33,,5622.0,0.87,0.96,,0.1186546525113748,inner,,False,True,True
Kepler-1186 b,Kepler-1186,transit,2016,16.07677615,2.23,,5635.0,0.93,0.95,,0.19894727451155322,inner,,False,True,True
Kepler-1187 b,Kepler-1187,transit,2016,18.87064068,2.61,,5975.0,1.09,1.06,,0.23284860380051745,inner,,False,True,True
Kepler-1188 b,Kepler-1188,transit,2016,17.1369543,2.08,,5913.0,1.06,1.04,,0.18556517084485682,inner,,False,True,True
Kepler-1189 b,Kepler-1189,transit,2016,3.78858982,1.77,,6012.0,1.16,1.11,,0.15790882326701758,inner,,False,True,True
Kepler-119 b,Kepler-119,transit,2014,2.422082,3.6,,5595.0,0.839,0.918,,0.32117048800071374,inner,,False,True,True
Kepler-119 c,Kepler-119,transit,2014,4.125103,0.92,,5595.0,0.839,0.918,,0.08207690248907129,inner,,False,True,True
Kepler-1190 b,Kepler-1190,transit,2016,10.45843441,1.33,,4730.0,0.72,0.76,,0.1186546525113748,inner,,False,True,True
Kepler-1191 b,Kepler-1191,transit,2016,5.60014851,1.51,,5308.0,0.81,0.85,,0.1347131769114105,inner,,False,True,True
Kepler-1192 b,Kepler-1192,transit,2016,25.2034787,2.36,,5438.0,0.83,0.86,,0.21054509768935675,inner,,False,True,True
Kepler-1193 b,Kepler-1193,transit,2016,2.832652134,1.32,,5908.0,1.21,1.08,,0.11776251226692837,inner,,False,True,True
Kepler-1194 b,Kepler-1194,transit,2016,16.22371307,1.51,,5590.0,0.92,0.94,,0.1347131769114105,inner,,False,True,True
Kepler-1195 b,Kepler-1195,transit,2016,8.49642241,2.08,,4965.0,0.71,0.74,,0.18556517084485682,inner,,False,True,True
Kepler-1196 b,Kepler-1196,transit,2016,66.1849031,2.23,,5756.0,0.97,0.98,,0.19894727451155322,inner,,False,True,True
Kepler-1197 b,Kepler-1197,transit,2016,2.03231845,1.25,,4708.0,0.72,0.78,,0.11151753055580338,inner,,False,True,True
Kepler-1198 b,Kepler-1198,transit,2016,7.6847716,1.47,,5517.0,0.9,0.93,,0.13114461593362478,inner,,False,True,True
Kepler-1199 b,Kepler-1199,transit,2016,15.0447198,1.15,,5889.0,1.17,0.94,,0.1025961281113391,inner,,False,True,True
Kepler-12 b,Kepler-12,transit,2011,4.4379629,19.660586,137.30256,5947.0,1.483,1.166,0.4320027184514895,1.754,inner,0.0,True,True,True
Kepler-120 b,Kepler-120,transit,2014,6.312501,2.15,8.5,4096.0,0.534,0.654,0.026744025070163737,0.1918101525559818,inner,0.0,True,True,True
Kepler-120 c,Kepler-120,transit,2014,12.794585,1.53,,4096.0,0.534,0.654,,0.13649745740030333,inner,,False,True,True
Kepler-1200 b,Kepler-1200,transit,2016,1.118549717,1.06,,4612.0,0.7,0.74,,0.09456686591132127,inner,,False,True,True
Kepler-1201 b,Kepler-1201,transit,2016,15.18725932,2.29,,6177.0,1.24,1.15,,0.20430011597823178,inner,,False,True,True
Kepler-1202 b,Kepler-1202,transit,2016,28.6851324,2.94,,5834.0,1.04,1.03,,0.26228923186724956,inner,,False,True,True
Kepler-1203 b,Kepler-1203,transit,2016,0.588000765,1.06,,4105.0,0.61,0.64,,0.09456686591132127,inner,,False,True,True
Kepler-1204 b,Kepler-1204,transit,2016,85.7350285,3.05,,5825.0,1.03,1.03,,0.2721027745561602,inner,,False,True,True
Kepler-1205 b,Kepler-1205,transit,2016,1.078390352,1.41,,5226.0,0.81,0.84,,0.1257917744669462,inner,,False,True,True
Kepler-1206 b,Kepler-1206,transit,2016,1.216997663,1.64,,4877.0,0.75,0.8,,0.14631100008921402,inner,,False,True,True
Kepler-1207 b,Kepler-1207,transit,2016,13.68237119,1.62,,5909.0,1.06,1.06,,0.14452671960032118,inner,,False,True,True
Kepler-1208 b,Kepler-1208,transit,2016,11.08507637,2.32,,5001.0,0.76,0.8,,0.20697653671157104,inner,,False,True,True
Kepler-1209 b,Kepler-1209,transit,2016,25.369116,1.51,,6210.0,1.38,1.23,,0.1347131769114105,inner,,False,True,True
Kepler-121 b,Kepler-121,transit,2014,3.177422,2.34,,5311.0,0.701,0.859,,0.2087608172004639,inner,,False,True,True
Kepler-121 c,Kepler-121,transit,2014,41.008011,2.27,,5311.0,0.701,0.859,,0.20251583548933894,inner,,False,True,True
Kepler-1210 b,Kepler-1210,transit,2016,8.07124073,1.7,,5568.0,0.92,0.94,,0.15166384155589258,inner,,False,True,True
Kepler-1211 b,Kepler-1211,transit,2016,11.01816836,2.55,,5705.0,0.94,0.96,,0.22749576233383886,inner,,False,True,True
Kepler-1212 b,Kepler-1212,transit,2016,12.94130146,2.14,,6051.0,1.15,1.1,,0.19091801231153538,inner,,False,True,True
Kepler-1213 b,Kepler-1213,transit,2016,5.34982412,1.19,,6050.0,1.21,1.14,,0.10616468908912481,inner,,False,True,True
Kepler-1214 b,Kepler-1214,transit,2016,18.82634264,2.36,,5130.0,0.8,0.85,,0.21054509768935675,inner,,False,True,True
Kepler-1215 b,Kepler-1215,transit,2016,4.76703963,1.22,,5616.0,0.93,0.95,,0.10884110982246409,inner,,False,True,True
Kepler-1216 b,Kepler-1216,transit,2016,4.37034536,1.39,,5743.0,0.98,0.99,,0.12400749397805334,inner,,False,True,True
Kepler-1217 b,Kepler-1217,transit,2016,2.032325072,1.99,,5905.0,1.08,1.06,,0.17753590864483898,inner,,False,True,True
Kepler-1218 b,Kepler-1218,transit,2016,22.9221266,1.44,,5986.0,1.1,1.06,,0.1284681952002855,inner,,False,True,True
Kepler-1219 b,Kepler-1219,transit,2016,16.10467749,2.12,,5944.0,1.94,1.25,,0.18913373182264254,inner,,False,True,True
Kepler-122 b,Kepler-122,transit,2014,5.766193,2.34,,6050.0,1.216,0.982,,0.2087608172004639,inner,,False,True,True
Kepler-122 c,Kepler-122,transit,2014,12.465988,5.87,,6050.0,1.216,0.982,,0.5236863234900526,inner,,False,True,True
Kepler-122 d,Kepler-122,transit,2014,21.587475,2.2,,6050.0,1.216,0.982,,0.19627085377821396,inner,,False,True,True
Kepler-122 e,Kepler-122,transit,2014,37.993273,2.6,27.7,6050.0,1.216,0.982,0.08715405816982771,0.23195646355607102,inner,0.0,True,True,True
Kepler-122 f,Kepler-122,transit timing variations,2014,56.268,1.75,36.0,5917.0,0.949,1.03,0.11326881206186995,0.15612454277812474,inner,0.0,True,True,True
Kepler-1220 b,Kepler-1220,transit,2016,7.42693741,1.52,,5842.0,0.99,1.0,,0.1356053171558569,inner,,False,True,True
Kepler-1221 b,Kepler-1221,transit,2016,12.00096042,1.88,,5194.0,0.82,0.87,,0.16772236595592827,inner,,False,True,True
Kepler-1222 b,Kepler-1222,transit,2016,1.916944254,0.79,,5239.0,0.8,0.84,,0.07047907931126773,inner,,False,True,True
Kepler-1223 b,Kepler-1223,transit,2016,16.301259,1.22,,4870.0,0.75,0.8,,0.10884110982246409,inner,,False,True,True
Kepler-1224 b,Kepler-1224,transit,2016,13.32351601,1.33,,6155.0,1.22,1.18,,0.1186546525113748,inner,,False,True,True
Kepler-1225 b,Kepler-1225,transit,2016,7.01075434,1.82,,6140.0,1.19,1.13,,0.1623695244892497,inner,,False,True,True
Kepler-1226 b,Kepler-1226,transit,2016,17.2923453,1.45,,5923.0,1.02,1.02,,0.1293603354447319,inner,,False,True,True
Kepler-1227 b,Kepler-1227,transit,2016,94.2887577,2.29,,5747.0,0.95,0.97,,0.20430011597823178,inner,,False,True,True
Kepler-1228 b,Kepler-1228,transit,2016,0.577369579,1.54,,5063.0,0.74,0.78,,0.13738959764474976,inner,,False,True,True
Kepler-1229 b,Kepler-1229,transit,2016,86.828989,1.4,,3784.0,0.51,0.54,,0.12489963422249978,outer,,False,True,True
Kepler-123 b,Kepler-123,transit,2014,17.232366,2.94,55.3,6089.0,1.264,1.079,0.17399348075059468,0.26228923186724956,inner,0.0,True,True,True
Kepler-123 c,Kepler-123,transit,2014,26.695074,1.48,,6089.0,1.264,1.079,,0.1320367561780712,inner,,False,True,True
Kepler-1230 b,Kepler-1230,transit,2016,9.95661537,2.71,,5961.0,1.08,1.06,,0.2417700062449817,inner,,False,True,True
Kepler-1231 b,Kepler-1231,transit,2016,10.41725184,1.42,,5778.0,1.0,1.01,,0.12668391471139262,inner,,False,True,True
Kepler-1232 b,Kepler-1232,transit,2016,26.7839183,1.93,,5471.0,0.89,0.92,,0.1721830671781604,inner,,False,True,True
Kepler-1233 b,Kepler-1233,transit,2016,45.1263042,2.6,,6198.0,1.25,1.16,,0.23195646355607102,inner,,False,True,True
Kepler-1234 b,Kepler-1234,transit,2016,11.94014029,2.81,,4967.0,0.76,0.8,,0.250691408689446,inner,,False,True,True
Kepler-1235 b,Kepler-1235,transit,2016,4.16055856,0.79,,5541.0,0.9,0.93,,0.07047907931126773,inner,,False,True,True
Kepler-1236 b,Kepler-1236,transit,2016,31.0571618,2.14,,5337.0,0.82,0.86,,0.19091801231153538,inner,,False,True,True
Kepler-1237 b,Kepler-1237,transit,2016,84.5733226,2.86,,5472.0,0.9,0.94,,0.25515210991167814,inner,,False,True,True
Kepler-1238 b,Kepler-1238,transit,2016,4.14787559,1.93,,6386.0,1.48,1.3,,0.1721830671781604,inner,,False,True,True
Kepler-1239 b,Kepler-1239,transit,2016,5.19104016,2.9,,6564.0,1.57,1.4,,0.2587206708894638,inner,,False,True,True
Kepler-124 b,Kepler-124,transit,2014,3.410493,0.73,,4984.0,0.636,0.706,,0.06512623784458917,inner,,False,True,True
Kepler-124 c,Kepler-124,transit,2014,13.821375,1.75,,4984.0,0.636,0.706,,0.15612454277812474,inner,,False,True,True
Kepler-124 d,Kepler-124,transit,2014,30.950851,1.11,,4984.0,0.636,0.706,,0.0990275671335534,inner,,False,True,True
Kepler-1240 b,Kepler-1240,transit,2016,4.8663815,1.15,,5682.0,0.96,0.98,,0.1025961281113391,inner,,False,True,True
Kepler-1241 b,Kepler-1241,transit,2016,18.5525701,2.63,,5261.0,0.8,0.84,,0.2346328842894103,inner,,False,True,True
Kepler-1242 b,Kepler-1242,transit,2016,13.62798432,2.26,,4895.0,0.74,0.77,,0.2016236952448925,inner,,False,True,True
Kepler-1243 b,Kepler-1243,transit,2016,16.8320729,1.75,,5667.0,0.94,0.96,,0.15612454277812474,inner,,False,True,True
Kepler-1244 b,Kepler-1244,transit,2016,3.70428172,1.35,,6680.0,1.77,1.46,,0.12043893300026766,inner,,False,True,True
Kepler-1245 b,Kepler-1245,transit,2016,4.35409304,1.44,,5306.0,0.83,0.86,,0.1284681952002855,inner,,False,True,True
Kepler-1245 c,Kepler-1245,transit,2016,2.936584681,1.44,,5306.0,0.83,0.86,,0.1284681952002855,inner,,False,True,True
Kepler-1246 b,Kepler-1246,transit,2016,11.32271513,1.36,,4611.0,0.69,0.73,,0.12133107324471408,inner,,False,True,True
Kepler-1247 b,Kepler-1247,transit,2016,13.71220213,2.33,,5303.0,0.82,0.86,,0.2078686769560175,inner,,False,True,True
Kepler-1248 b,Kepler-1248,transit,2016,7.46725407,1.18,,6149.0,1.21,1.21,,0.10527254884467838,inner,,False,True,True
Kepler-1249 b,Kepler-1249,transit,2016,24.3347127,2.38,,6202.0,1.28,1.19,,0.21232937817824962,inner,,False,True,True
Kepler-125 b,Kepler-125,transit,2014,4.164389,2.37,,3810.0,0.512,0.542101,,0.2114372379338032,inner,,False,True,True
Kepler-125 c,Kepler-125,transit,2014,5.774464,0.74,,3810.0,0.512,0.542101,,0.0660183780890356,inner,,False,True,True
Kepler-1250 b,Kepler-1250,transit,2016,2.607543834,1.92,,5717.0,0.98,0.99,,0.17129092693371398,inner,,False,True,True
Kepler-1251 b,Kepler-1251,transit,2016,45.0904643,1.84,,5545.0,0.89,0.92,,0.16415380497814258,inner,,False,True,True
Kepler-1252 b,Kepler-1252,transit,2016,15.0540329,1.67,,5949.0,1.09,1.06,,0.1489874208225533,inner,,False,True,True
Kepler-1253 b,Kepler-1253,transit,2016,68.8861915,1.33,,5850.0,1.1,0.97,,0.1186546525113748,inner,,False,True,True
Kepler-1254 b,Kepler-1254,transit,2016,9.99113313,1.55,,4985.0,0.75,0.78,,0.13828173788919618,inner,,False,True,True
Kepler-1254 c,Kepler-1254,transit,2016,3.60084276,1.3,,4985.0,0.75,0.78,,0.11597823177803551,inner,,False,True,True
Kepler-1254 d,Kepler-1254,transit,2016,5.72717226,1.31,,4985.0,0.75,0.78,,0.11687037202248195,inner,,False,True,True
Kepler-1255 b,Kepler-1255,transit,2016,36.2919336,2.32,,6018.0,1.12,1.08,,0.20697653671157104,inner,,False,True,True
Kepler-1256 b,Kepler-1256,transit,2016,12.4127754,1.49,,6129.0,1.36,1.17,,0.13292889642251762,inner,,False,True,True
Kepler-1257 b,Kepler-1257,transit,2016,2.668313762,1.52,,5502.0,0.87,0.9,,0.1356053171558569,inner,,False,True,True
Kepler-1258 b,Kepler-1258,transit,2016,0.984940167,0.86,,5839.0,0.99,0.99,,0.07672406102239272,inner,,False,True,True
Kepler-1259 b,Kepler-1259,transit,2016,0.663085258,1.43,,5053.0,0.77,0.8,,0.12757605495583907,inner,,False,True,True
Kepler-126 b,Kepler-126,transit,2014,10.495711,1.52,,6239.0,1.358,1.108,,0.1356053171558569,inner,,False,True,True
Kepler-126 c,Kepler-126,transit,2014,21.869741,1.58,,6239.0,1.358,1.108,,0.14095815862253547,inner,,False,True,True
Kepler-126 d,Kepler-126,transit,2014,100.283134,2.5,,6239.0,1.358,1.108,,0.22303506111160676,inner,,False,True,True
Kepler-1260 b,Kepler-1260,transit,2016,19.1187753,1.77,,5961.0,1.08,1.06,,0.15790882326701758,inner,,False,True,True
Kepler-1261 b,Kepler-1261,transit,2016,48.4308991,2.26,,5006.0,0.77,0.82,,0.2016236952448925,inner,,False,True,True
Kepler-1262 b,Kepler-1262,transit,2016,8.67900242,1.82,,5771.0,0.98,0.99,,0.1623695244892497,inner,,False,True,True
Kepler-1263 b,Kepler-1263,transit,2016,4.55139967,1.14,,5213.0,0.8,0.84,,0.10170398786689266,inner,,False,True,True
Kepler-1264 b,Kepler-1264,transit,2016,0.968526023,1.18,,5791.0,0.98,0.99,,0.10527254884467838,inner,,False,True,True
Kepler-1265 b,Kepler-1265,transit,2016,6.49441289,1.35,,4630.0,0.69,0.71,,0.12043893300026766,inner,,False,True,True
Kepler-1266 b,Kepler-1266,transit,2016,28.474748,2.58,,5044.0,0.76,0.8,,0.23017218306717818,inner,,False,True,True
Kepler-1266 c,Kepler-1266,transit,2021,4.86631012,1.68023962,,4996.0,0.831,0.791,,0.14990093853153716,inner,,False,True,True
Kepler-1267 b,Kepler-1267,transit,2016,13.0313945,3.01,,6096.0,1.2,1.15,,0.26853421357837454,inner,,False,True,True
Kepler-1268 b,Kepler-1268,transit,2016,40.9903986,2.03,,5904.0,1.09,1.06,,0.18110446962262466,inner,,False,True,True
Kepler-1269 b,Kepler-1269,transit,2016,37.3331536,1.63,,5998.0,1.15,1.1,,0.1454188598447676,inner,,False,True,True
Kepler-127 b,Kepler-127,transit,2014,14.435889,1.4,,6106.0,1.359,1.248,,0.12489963422249978,inner,,False,True,True
Kepler-127 c,Kepler-127,transit,2014,29.393195,2.66,,6106.0,1.359,1.248,,0.2373093050227496,inner,,False,True,True
Kepler-127 d,Kepler-127,transit,2014,48.630408,2.64,,6106.0,1.359,1.248,,0.23552502453385674,inner,,False,True,True
Kepler-1270 b,Kepler-1270,transit,2016,6.03356196,3.32,,5047.0,3.38,1.28,,0.2961905611562137,inner,,False,True,True
Kepler-1271 b,Kepler-1271,transit,2016,3.0255955,1.48,,6143.0,1.23,1.13,,0.1320367561780712,inner,,False,True,True
Kepler-1272 b,Kepler-1272,transit,2016,51.1309704,2.37,,5926.0,1.09,1.06,,0.2114372379338032,inner,,False,True,True
Kepler-1273 b,Kepler-1273,transit,2016,28.625653,2.49,,5566.0,0.91,0.94,,0.22214292086716034,inner,,False,True,True
Kepler-1274 b,Kepler-1274,transit,2016,6.98152703,1.42,,6179.0,2.17,1.45,,0.12668391471139262,inner,,False,True,True
Kepler-1275 b,Kepler-1275,transit,2016,3.65691115,1.48,,6296.0,1.36,1.23,,0.1320367561780712,inner,,False,True,True
Kepler-1276 b,Kepler-1276,transit,2016,12.5720095,1.19,,6188.0,1.21,1.14,,0.10616468908912481,inner,,False,True,True
Kepler-1277 b,Kepler-1277,transit,2016,40.8365012,1.6,,5578.0,0.92,0.94,,0.14274243911142834,inner,,False,True,True
Kepler-1278 b,Kepler-1278,transit,2016,3.23941344,1.01,,6074.0,1.16,1.11,,0.09010616468908914,inner,,False,True,True
Kepler-1279 b,Kepler-1279,transit,2016,23.4774101,1.75,,6221.0,1.33,1.21,,0.15612454277812474,inner,,False,True,True
Kepler-128 b,Kepler-128,transit,2013,15.0,1.421,3.79,6072.0,1.659,1.184,0.01192468882540242,0.1267731287358373,inner,0.0,True,True,True
Kepler-128 c,Kepler-128,transit,2013,22.8,1.521,3.38,6072.0,1.659,1.184,0.010634682910253344,0.13569453118030153,inner,0.0,True,True,True
Kepler-1280 b,Kepler-1280,transit,2016,66.5579057,1.87,,6227.0,1.32,1.2,,0.16683022571148187,inner,,False,True,True
Kepler-1281 b,Kepler-1281,transit,2016,3.11602791,1.64,,5353.0,0.83,0.87,,0.14631100008921402,inner,,False,True,True
Kepler-1282 b,Kepler-1282,transit,2016,2.131946513,1.55,,5504.0,0.89,0.92,,0.13828173788919618,inner,,False,True,True
Kepler-1283 b,Kepler-1283,transit,2016,12.9460978,1.91,,6175.0,1.25,1.16,,0.17039878668926756,inner,,False,True,True
Kepler-1284 b,Kepler-1284,transit,2016,0.664073806,1.21,,5123.0,0.79,0.84,,0.10794896957801767,inner,,False,True,True
Kepler-1285 b,Kepler-1285,transit,2016,14.7967458,0.97,,6170.0,1.28,1.2,,0.08653760371130342,inner,,False,True,True
Kepler-1286 b,Kepler-1286,transit,2016,11.25402929,2.15,,5753.0,0.98,1.0,,0.1918101525559818,inner,,False,True,True
Kepler-1287 b,Kepler-1287,transit,2016,11.47685909,1.54,,5715.0,0.94,0.96,,0.13738959764474976,inner,,False,True,True
Kepler-1288 b,Kepler-1288,transit,2016,2.76122421,1.12,,6132.0,1.29,1.2,,0.09991970737799984,inner,,False,True,True
Kepler-1289 b,Kepler-1289,transit,2016,7.99019627,1.52,,6080.0,1.17,1.1,,0.1356053171558569,inner,,False,True,True
Kepler-129 b,Kepler-129,transit,2014,15.79,2.4,,5770.0,1.653,1.178,,0.21411365866714246,inner,,False,True,True
Kepler-129 c,Kepler-129,transit,2014,82.2,2.52,43.0,5770.0,1.653,1.178,0.13529330329612244,0.2248193416004996,inner,0.0,True,True,True
Kepler-129 d,Kepler-129,radial velocity,2021,2646.0,12.6,,5770.0,1.653,1.178,,1.124096708002498,outer,,False,True,True
Kepler-1290 b,Kepler-1290,transit,2016,4.69500134,1.42,,5660.0,0.93,0.95,,0.12668391471139262,inner,,False,True,True
Kepler-1291 b,Kepler-1291,transit,2016,8.63043276,1.66,,5216.0,0.8,0.84,,0.14809528057810686,inner,,False,True,True
Kepler-1292 b,Kepler-1292,transit,2016,3.27646405,1.82,,5556.0,0.93,0.95,,0.1623695244892497,inner,,False,True,True
Kepler-1293 b,Kepler-1293,transit,2016,5.57654784,0.97,,6241.0,1.28,1.18,,0.08653760371130342,inner,,False,True,True
Kepler-1294 b,Kepler-1294,transit,2016,115.6862258,3.19,,5776.0,0.97,0.99,,0.2845927379784102,inner,,False,True,True
Kepler-1295 b,Kepler-1295,transit,2016,3.81371974,1.55,,5486.0,0.89,0.92,,0.13828173788919618,inner,,False,True,True
Kepler-1296 b,Kepler-1296,transit,2016,8.3839865,0.91,,5359.0,0.83,0.87,,0.08118476224462486,inner,,False,True,True
Kepler-1297 b,Kepler-1297,transit,2016,1.68189002,0.97,,5818.0,0.99,0.99,,0.08653760371130342,inner,,False,True,True
Kepler-1298 b,Kepler-1298,transit,2016,7.12811928,1.31,,6339.0,2.0,1.45,,0.11687037202248195,inner,,False,True,True
Kepler-1299 b,Kepler-1299,transit,2016,19.9400874,2.98,,5609.0,0.91,0.94,,0.26585779284503525,inner,,False,True,True
Kepler-130 b,Kepler-130,transit,2014,8.457458,1.02,,5884.0,1.127,0.927,,0.09099830493353556,inner,,False,True,True
Kepler-130 c,Kepler-130,transit,2014,27.50868,2.9,,5879.0,1.17,1.0,,0.2587206708894638,inner,,False,True,True
Kepler-130 d,Kepler-130,transit,2014,87.517905,1.64,,5884.0,1.127,0.927,,0.14631100008921402,inner,,False,True,True
Kepler-1300 b,Kepler-1300,transit,2016,22.2419092,1.37,,6130.0,1.79,1.29,,0.12222321348916051,inner,,False,True,True
Kepler-1301 b,Kepler-1301,transit,2016,9.08237046,1.4,,5188.0,0.81,0.85,,0.12489963422249978,inner,,False,True,True
Kepler-1302 b,Kepler-1302,transit,2016,8.83922659,1.43,,5236.0,0.82,0.86,,0.12757605495583907,inner,,False,True,True
Kepler-1303 b,Kepler-1303,transit,2016,7.56127224,1.42,,5771.0,1.0,1.01,,0.12668391471139262,inner,,False,True,True
Kepler-1304 b,Kepler-1304,transit,2016,16.1288853,2.29,,5259.0,0.81,0.85,,0.20430011597823178,inner,,False,True,True
Kepler-1305 b,Kepler-1305,transit,2016,13.5630972,1.88,,5701.0,0.96,0.97,,0.16772236595592827,inner,,False,True,True
Kepler-1306 b,Kepler-1306,transit,2016,16.29595382,1.91,,5727.0,0.97,0.98,,0.17039878668926756,inner,,False,True,True
Kepler-1307 b,Kepler-1307,transit,2016,18.01621096,2.47,,5884.0,1.08,1.06,,0.2203586403782675,inner,,False,True,True
Kepler-1308 b,Kepler-1308,transit,2016,2.104338119,0.52,,3468.0,0.34,0.35,,0.046391292711214206,inner,,False,True,True
Kepler-1309 b,Kepler-1309,transit,2016,28.8432647,2.37,,5235.0,0.8,0.85,,0.2114372379338032,inner,,False,True,True
Kepler-131 b,Kepler-131,transit,2014,16.092,2.41,16.13,5685.0,1.03,1.02,0.05075072051549895,0.2150057989115889,inner,0.0,True,True,True
Kepler-131 c,Kepler-131,transit,2014,25.5169,0.84,8.25,5685.0,1.03,1.02,0.025957436097511864,0.07493978053349987,inner,0.0,True,True,True
Kepler-1310 b,Kepler-1310,transit,2016,0.679336272,1.44,,5549.0,0.88,0.91,,0.1284681952002855,inner,,False,True,True
Kepler-1311 b,Kepler-1311,transit,2016,11.1726994,1.24,,5748.0,1.4,1.05,,0.11062539031135694,inner,,False,True,True
Kepler-1311 c,Kepler-1311,transit,2016,2.53573424,1.22,,5748.0,1.4,1.05,,0.10884110982246409,inner,,False,True,True
Kepler-1311 d,Kepler-1311,transit,2021,197.5110016,9.65837605,,5616.0,1.674,1.032,,0.8616625970202515,inner,,False,True,True
Kepler-1312 b,Kepler-1312,transit,2016,5.448325286,2.1,,5719.0,0.92,0.99,,0.18734945133374967,inner,,False,True,True
Kepler-1312 c,Kepler-1312,transit,2021,1.116119981,1.02732734,,5721.0,0.905,0.983,,0.09165200642340976,inner,,False,True,True
Kepler-1313 b,Kepler-1313,transit,2016,3.833091178,1.76,,5453.0,0.85,0.92,,0.15701668302257116,inner,,False,True,True
Kepler-1314 b,Kepler-1314,transit,2016,5.424749281,5.11,,4188.0,0.59,0.6,,0.45588366491212423,inner,,False,True,True
Kepler-1315 b,Kepler-1315,transit,2016,0.84338011,1.38,,4861.0,0.75,0.8,,0.12311535373360692,inner,,False,True,True
Kepler-1315 c,Kepler-1315,transit,2021,6.566060066,1.84398883,,4818.0,0.856,0.809,,0.1645096645552681,inner,,False,True,True
Kepler-1316 b,Kepler-1316,transit,2016,87.9732136,3.54,,5884.0,1.12,1.04,,0.31581764653403516,inner,,False,True,True
Kepler-1317 b,Kepler-1317,transit,2016,0.568874427,1.56,,5144.0,0.79,0.83,,0.13917387813364263,inner,,False,True,True
Kepler-1318 b,Kepler-1318,transit,2016,213.257663,3.11,,4598.0,0.7,0.73,,0.2774556160228388,outer,,False,True,True
Kepler-1319 b,Kepler-1319,transit,2016,2.886762645,1.34,,3655.0,0.54,0.56,,0.11954679275582122,inner,,False,True,True
Kepler-132 b,Kepler-132,transit,2014,6.178196,1.21,,6003.0,1.178,0.929,,0.10794896957801767,inner,,False,True,True
Kepler-132 c,Kepler-132,transit,2014,6.414914,1.28,,6003.0,1.178,0.929,,0.11419395128914266,inner,,False,True,True
Kepler-132 d,Kepler-132,transit,2014,18.010199,1.55,,6003.0,1.178,0.929,,0.13828173788919618,inner,,False,True,True
Kepler-132 e,Kepler-132,transit,2016,110.2869374,1.18,,6023.0,1.1,1.03,,0.10527254884467838,inner,,False,True,True
Kepler-1320 b,Kepler-1320,transit,2016,0.868386528,1.7,,4817.0,0.74,0.8,,0.15166384155589258,inner,,False,True,True
Kepler-1321 b,Kepler-1321,transit,2016,11.12830484,4.92,,4094.0,0.53,0.54,,0.4389330002676421,inner,,False,True,True
Kepler-1321 c,Kepler-1321,transit,2016,2.226491086,2.4,,4094.0,0.53,0.54,,0.21411365866714246,inner,,False,True,True
Kepler-1321 d,Kepler-1321,transit,2021,5.720920086,2.62843782,,3640.0,0.503,0.513,,0.23449351592470336,inner,,False,True,True
Kepler-1322 b,Kepler-1322,transit,2016,0.962867382,1.61,,5488.0,0.87,0.9,,0.14363457935587476,inner,,False,True,True
Kepler-1322 c,Kepler-1322,transit,2021,6.459980011,2.15492527,,5704.0,0.804,0.897,,0.19224955571415828,inner,,False,True,True
Kepler-1323 b,Kepler-1323,transit,2016,0.929906678,1.52,,6169.0,1.4,1.18,,0.1356053171558569,inner,,False,True,True
Kepler-1324 b,Kepler-1324,transit,2016,4.115844679,1.51,,4776.0,0.73,0.78,,0.1347131769114105,inner,,False,True,True
Kepler-1325 b,Kepler-1325,transit,2016,33.8786838,2.86,,5550.0,0.91,0.93,,0.25515210991167814,inner,,False,True,True
Kepler-1326 b,Kepler-1326,transit,2016,42.3514267,4.18,,6725.0,1.74,1.45,,0.37291462217860644,inner,,False,True,True
Kepler-1327 b,Kepler-1327,transit,2016,14.88801098,1.8,,5885.0,1.03,1.02,,0.16058524400035687,inner,,False,True,True
Kepler-1328 b,Kepler-1328,transit,2016,4.52158888,0.98,,5780.0,0.99,1.0,,0.08742974395574984,inner,,False,True,True
Kepler-1329 b,Kepler-1329,transit,2016,9.33646594,2.17,,4500.0,0.69,0.72,,0.19359443304487464,inner,,False,True,True
Kepler-133 b,Kepler-133,transit,2014,8.129976,1.76,,5736.0,1.425,1.02,,0.15701668302257116,inner,,False,True,True
Kepler-133 c,Kepler-133,transit,2014,31.517586,2.84,,5736.0,1.425,1.02,,0.25336782942278524,inner,,False,True,True
Kepler-1330 b,Kepler-1330,transit,2016,10.10769068,1.65,,5608.0,0.94,0.97,,0.14720314033366044,inner,,False,True,True
Kepler-1331 b,Kepler-1331,transit,2016,0.789161653,1.05,,4508.0,0.69,0.72,,0.09367472566687483,inner,,False,True,True
Kepler-1332 b,Kepler-1332,transit,2016,11.87456832,1.37,,5581.0,0.9,0.95,,0.12222321348916051,inner,,False,True,True
Kepler-1333 b,Kepler-1333,transit,2016,109.6471842,2.81,,5628.0,0.92,0.94,,0.250691408689446,inner,,False,True,True
Kepler-1334 b,Kepler-1334,transit,2016,15.64591713,2.29,,5614.0,0.91,0.94,,0.20430011597823178,inner,,False,True,True
Kepler-1335 b,Kepler-1335,transit,2016,6.26406846,1.45,,4903.0,0.74,0.77,,0.1293603354447319,inner,,False,True,True
Kepler-1336 b,Kepler-1336,transit,2016,23.198681,1.98,,5512.0,1.3,0.94,,0.17664376840039256,inner,,False,True,True
Kepler-1336 c,Kepler-1336,transit,2016,5.77721211,1.71,,5512.0,1.3,0.94,,0.15255598180033902,inner,,False,True,True
Kepler-1337 b,Kepler-1337,transit,2016,24.4002549,2.41,,4523.0,0.67,0.7,,0.2150057989115889,inner,,False,True,True
Kepler-1338 b,Kepler-1338,transit,2016,0.935118057,0.92,,5909.0,1.05,1.04,,0.08207690248907129,inner,,False,True,True
Kepler-1339 b,Kepler-1339,transit,2016,1.341555127,0.71,,5586.0,0.93,0.94,,0.06334195735569631,inner,,False,True,True
Kepler-134 b,Kepler-134,transit,2014,5.317429,2.0,,5983.0,1.176,0.956,,0.1784280488892854,inner,,False,True,True
Kepler-134 c,Kepler-134,transit,2014,10.105785,1.26,,5983.0,1.176,0.956,,0.1124096708002498,inner,,False,True,True
Kepler-1340 b,Kepler-1340,transit,2016,0.665026916,1.55,,6331.0,1.42,1.27,,0.13828173788919618,inner,,False,True,True
Kepler-1341 b,Kepler-1341,transit,2016,132.9968322,2.99,,4662.0,0.72,0.79,,0.2667499330894817,habitable,,False,True,True
Kepler-1342 b,Kepler-1342,transit,2016,2.215710358,1.66,,5527.0,0.9,0.93,,0.14809528057810686,inner,,False,True,True
Kepler-1343 b,Kepler-1343,transit,2016,3.35183158,1.93,,5759.0,0.93,0.95,,0.1721830671781604,inner,,False,True,True
Kepler-1344 b,Kepler-1344,transit,2016,4.7683049,1.84,,5981.0,1.13,1.09,,0.16415380497814258,inner,,False,True,True
Kepler-1345 b,Kepler-1345,transit,2016,44.6169557,2.36,,6449.0,1.55,1.32,,0.21054509768935675,inner,,False,True,True
Kepler-1346 b,Kepler-1346,transit,2016,3.40165668,1.58,,6133.0,1.21,1.14,,0.14095815862253547,inner,,False,True,True
Kepler-1347 b,Kepler-1347,transit,2016,14.00947528,1.03,,5193.0,0.79,0.82,,0.09189044517798198,inner,,False,True,True
Kepler-1348 b,Kepler-1348,transit,2016,27.5722742,1.94,,5911.0,1.04,1.04,,0.17307520742260685,inner,,False,True,True
Kepler-1349 b,Kepler-1349,transit,2016,2.12823928,0.7,,6086.0,1.28,1.16,,0.06244981711124989,inner,,False,True,True
Kepler-135 b,Kepler-135,transit,2014,6.00253,1.81,,6090.0,1.275,1.047,,0.1614773842448033,inner,,False,True,True
Kepler-135 c,Kepler-135,transit,2014,11.448708,1.16,,6090.0,1.275,1.047,,0.10348826835578552,inner,,False,True,True
Kepler-1350 b,Kepler-1350,transit,2016,4.4968604,2.52,,3827.0,0.53,0.55,,0.2248193416004996,inner,,False,True,True
Kepler-1350 c,Kepler-1350,transit,2016,1.766789062,1.73,,3827.0,0.53,0.55,,0.15434026228923187,inner,,False,True,True
Kepler-1351 b,Kepler-1351,transit,2016,0.916140768,0.65,,4439.0,0.67,0.7,,0.057989115889017756,inner,,False,True,True
Kepler-1352 b,Kepler-1352,transit,2016,1.877882748,0.89,,6118.0,1.16,1.11,,0.079400481755732,inner,,False,True,True
Kepler-1353 b,Kepler-1353,transit,2016,24.7543966,1.8,,4776.0,0.72,0.76,,0.16058524400035687,inner,,False,True,True
Kepler-1354 b,Kepler-1354,transit,2016,76.613377,2.97,,6168.0,1.24,1.16,,0.26496565260058885,inner,,False,True,True
Kepler-1355 b,Kepler-1355,transit,2016,1.289588112,1.46,,5352.0,0.83,0.88,,0.13025247568917833,inner,,False,True,True
Kepler-1356 b,Kepler-1356,transit,2016,0.634002937,1.53,,5106.0,0.78,0.82,,0.13649745740030333,inner,,False,True,True
Kepler-1357 b,Kepler-1357,transit,2016,3.0091324,1.28,,5597.0,0.9,0.93,,0.11419395128914266,inner,,False,True,True
Kepler-1358 b,Kepler-1358,transit,2016,7.06317341,1.12,,5181.0,0.79,0.82,,0.09991970737799984,inner,,False,True,True
Kepler-1359 b,Kepler-1359,transit,2016,59.4970952,2.83,,4709.0,0.72,0.78,,0.25247568917833885,inner,,False,True,True
Kepler-136 b,Kepler-136,transit,2014,11.5789,2.05,19.8,6165.0,1.355,1.204,0.06229784663402847,0.18288875011151753,inner,0.0,True,True,True
Kepler-136 c,Kepler-136,transit,2014,16.399235,1.99,,6165.0,1.355,1.204,,0.17753590864483898,inner,,False,True,True
Kepler-1360 b,Kepler-1360,transit,2016,40.5286413,3.4,,6778.0,1.83,1.51,,0.30332768311178515,inner,,False,True,True
Kepler-1361 b,Kepler-1361,transit,2016,3.57554956,0.86,,5131.0,0.79,0.83,,0.07672406102239272,inner,,False,True,True
Kepler-1362 b,Kepler-1362,transit,2016,136.205626,2.6,,4857.0,0.74,0.8,,0.23195646355607102,habitable,,False,True,True
Kepler-1363 b,Kepler-1363,transit,2016,2.94194094,1.25,,4839.0,0.72,0.76,,0.11151753055580338,inner,,False,True,True
Kepler-1364 b,Kepler-1364,transit,2016,13.32196237,2.15,,6805.0,1.79,1.49,,0.1918101525559818,inner,,False,True,True
Kepler-1365 b,Kepler-1365,transit,2016,7.69993485,0.92,,5770.0,1.05,1.0,,0.08207690248907129,inner,,False,True,True
Kepler-1365 c,Kepler-1365,transit,2016,4.77468005,0.8,,5770.0,1.05,1.0,,0.07137121955571417,inner,,False,True,True
Kepler-1366 b,Kepler-1366,transit,2016,2.164570968,1.43,,4070.0,0.6,0.62,,0.12757605495583907,inner,,False,True,True
Kepler-1367 b,Kepler-1367,transit,2016,1.574090272,0.92,,4106.0,0.6,0.62,,0.08207690248907129,inner,,False,True,True
Kepler-1368 b,Kepler-1368,transit,2016,0.675649486,1.65,,5906.0,1.08,1.07,,0.14720314033366044,inner,,False,True,True
Kepler-1369 b,Kepler-1369,transit,2016,25.873148,2.69,,5761.0,0.99,0.99,,0.23998572575608887,inner,,False,True,True
Kepler-137 b,Kepler-137,transit,2014,8.436387,1.47,,5187.0,0.802,0.85,,0.13114461593362478,inner,,False,True,True
Kepler-137 c,Kepler-137,transit,2014,18.735753,1.88,,5187.0,0.802,0.85,,0.16772236595592827,inner,,False,True,True
Kepler-1370 b,Kepler-1370,transit,2016,20.2641684,1.84,,6202.0,1.29,1.19,,0.16415380497814258,inner,,False,True,True
Kepler-1370 c,Kepler-1370,transit,2016,7.44142113,1.27,,6202.0,1.29,1.19,,0.11330181104469624,inner,,False,True,True
Kepler-1371 b,Kepler-1371,transit,2016,3.4462039,0.73,,5361.0,0.83,0.87,,0.06512623784458917,inner,,False,True,True
Kepler-1371 c,Kepler-1371,transit,2016,2.00541269,0.64,,5361.0,0.83,0.87,,0.05709697564457133,inner,,False,True,True
Kepler-1372 b,Kepler-1372,transit,2016,1.311555568,1.27,,5677.0,0.97,0.98,,0.11330181104469624,inner,,False,True,True
Kepler-1373 b,Kepler-1373,transit,2016,1.29123275,1.16,,6299.0,1.33,1.22,,0.10348826835578552,inner,,False,True,True
Kepler-1374 b,Kepler-1374,transit,2016,10.65276707,2.29,,5323.0,0.81,0.85,,0.20430011597823178,inner,,False,True,True
Kepler-1375 b,Kepler-1375,transit,2016,3.3004192,1.74,,6704.0,1.78,1.47,,0.1552324025336783,inner,,False,True,True
Kepler-1376 b,Kepler-1376,transit,2016,5.30880656,1.05,,5659.0,0.97,0.98,,0.09367472566687483,inner,,False,True,True
Kepler-1377 b,Kepler-1377,transit,2016,0.740928422,1.25,,5218.0,0.82,0.86,,0.11151753055580338,inner,,False,True,True
Kepler-1378 b,Kepler-1378,transit,2016,11.95398936,2.2,,4407.0,0.67,0.7,,0.19627085377821396,inner,,False,True,True
Kepler-1379 b,Kepler-1379,transit,2016,0.881841146,1.3,,5188.0,0.79,0.83,,0.11597823177803551,inner,,False,True,True
Kepler-138 b,Kepler-138,transit,2014,10.3134,0.64,0.07,3841.0,0.535,0.535,0.00022024491234252493,0.05709697564457133,inner,0.29484044358741057,True,True,True
Kepler-138 c,Kepler-138,transit,2014,13.7815,1.51,2.3,3841.0,0.535,0.535,0.007236618548397246,0.1347131769114105,inner,0.01255379893383568,True,True,True
Kepler-138 d,Kepler-138,transit,2014,23.0923,1.51,2.1,3841.0,0.535,0.535,0.006607347370275747,0.1347131769114105,inner,0.14264942992962315,True,True,True
Kepler-138 e,Kepler-138,transit timing variations,2022,38.23,0.797,0.43,3841.0,0.535,0.535,0.0013529330329612244,0.07110357748238023,habitable,0.5721513117935266,True,True,True
Kepler-1380 b,Kepler-1380,transit,2016,10.3108245,1.43,,5570.0,0.94,0.96,,0.12757605495583907,inner,,False,True,True
Kepler-1381 b,Kepler-1381,transit,2016,25.3842686,2.25,,5747.0,0.94,0.96,,0.20073155500044607,inner,,False,True,True
Kepler-1382 b,Kepler-1382,transit,2016,16.3583055,1.88,,6161.0,1.72,1.36,,0.16772236595592827,inner,,False,True,True
Kepler-1383 b,Kepler-1383,transit,2016,13.9093583,1.41,,6370.0,1.44,1.26,,0.1257917744669462,inner,,False,True,True
Kepler-1384 b,Kepler-1384,transit,2016,15.36262753,1.94,,4919.0,0.74,0.78,,0.17307520742260685,inner,,False,True,True
Kepler-1385 b,Kepler-1385,transit,2016,2.88879862,0.85,,5732.0,1.29,1.15,,0.07583192077794629,inner,,False,True,True
Kepler-1386 b,Kepler-1386,transit,2016,6.73972381,1.24,,5733.0,1.03,1.02,,0.11062539031135694,inner,,False,True,True
Kepler-1387 b,Kepler-1387,transit,2016,2.279526656,0.93,,5046.0,0.77,0.82,,0.08296904273351771,inner,,False,True,True
Kepler-1388 b,Kepler-1388,transit,2016,12.2854603,2.59,,4098.0,0.61,0.63,,0.23106432331162458,inner,,False,True,True
Kepler-1388 c,Kepler-1388,transit,2016,5.53608151,2.26,,4098.0,0.61,0.63,,0.2016236952448925,inner,,False,True,True
Kepler-1388 d,Kepler-1388,transit,2016,20.9568158,2.86,,4098.0,0.61,0.63,,0.25515210991167814,inner,,False,True,True
Kepler-1388 e,Kepler-1388,transit,2016,37.6327084,2.46,,4098.0,0.61,0.63,,0.21946650013382105,inner,,False,True,True
Kepler-1389 b,Kepler-1389,transit,2016,99.2530951,1.77,,5078.0,0.74,0.81,,0.15790882326701758,inner,,False,True,True
Kepler-139 b,Kepler-139,transit,2014,15.771044,2.94,7.0,5594.0,1.3,1.078,0.02202449123425249,0.26228923186724956,inner,0.0,True,True,True
Kepler-139 c,Kepler-139,transit,2014,157.072878,3.38,13.0,5594.0,1.3,1.078,0.040902626577897484,0.3015434026228923,inner,0.0,True,True,True
Kepler-139 d,Kepler-139,transit,2023,7.305699922,1.695,2.0,5622.0,1.045,1.078,0.0062927117812149975,0.15121777143366938,inner,0.13888879928315878,True,True,True
Kepler-139 e,Kepler-139,radial velocity,2023,2047.635373,13.7,378.0,5622.0,1.045,1.078,1.1893225266496346,1.222232134891605,outer,0.0,True,True,True
Kepler-139 f,Kepler-139,transit timing variations,2025,355.0,6.67,36.0,5630.0,1.045,1.078,0.11326881206186995,0.5950575430457669,inner,0.0,True,True,True
Kepler-1390 b,Kepler-1390,transit,2016,6.48021673,1.18,,5753.0,0.98,0.98,,0.10527254884467838,inner,,False,True,True
Kepler-1391 b,Kepler-1391,transit,2016,54.4092333,1.68,,5840.0,1.1,1.03,,0.14987956106699973,inner,,False,True,True
Kepler-1392 b,Kepler-1392,transit,2016,15.1410397,1.96,,5479.0,0.85,0.88,,0.1748594879114997,inner,,False,True,True
Kepler-1393 b,Kepler-1393,transit,2016,2.44357812,0.8,,5697.0,0.92,0.95,,0.07137121955571417,inner,,False,True,True
Kepler-1394 b,Kepler-1394,transit,2016,3.93766373,1.39,,6481.0,2.55,1.64,,0.12400749397805334,inner,,False,True,True
Kepler-1395 b,Kepler-1395,transit,2016,3.78470649,0.8,,6138.0,1.23,1.17,,0.07137121955571417,inner,,False,True,True
Kepler-1396 b,Kepler-1396,transit,2016,18.2206421,2.07,,6195.0,1.27,1.18,,0.18467303060041038,inner,,False,True,True
Kepler-1397 b,Kepler-1397,transit,2016,47.449955,1.72,,6026.0,1.12,1.09,,0.15344812204478545,inner,,False,True,True
Kepler-1398 b,Kepler-1398,transit,2016,2.78815679,0.9,,6126.0,1.18,1.13,,0.08029262200017843,inner,,False,True,True
Kepler-1398 c,Kepler-1398,transit,2016,4.13827595,1.03,,6126.0,1.18,1.13,,0.09189044517798198,inner,,False,True,True
Kepler-1399 b,Kepler-1399,transit,2016,1.638653058,1.25,,5735.0,0.96,0.97,,0.11151753055580338,inner,,False,True,True
Kepler-14 b,Kepler-14,transit,2011,6.790123,12.733,2669.66,6395.0,2.048,1.512,8.399700466919214,1.1359621732536356,inner,0.0,True,True,True
Kepler-140 b,Kepler-140,transit,2014,3.25427,1.61,,6077.0,1.288,1.044,,0.14363457935587476,inner,,False,True,True
Kepler-140 c,Kepler-140,transit,2014,91.353282,1.8,,6077.0,1.288,1.044,,0.16058524400035687,inner,,False,True,True
Kepler-1400 b,Kepler-1400,transit,2016,9.06689421,1.62,,5044.0,0.78,0.83,,0.14452671960032118,inner,,False,True,True
Kepler-1401 b,Kepler-1401,transit,2016,11.20066445,1.68,,5964.0,1.1,1.07,,0.14987956106699973,inner,,False,True,True
Kepler-1402 b,Kepler-1402,transit,2016,2.03387914,0.76,,5416.0,0.87,0.9,,0.06780265857792846,inner,,False,True,True
Kepler-1403 b,Kepler-1403,transit,2016,5.19492202,2.14,,6060.0,1.15,1.11,,0.19091801231153538,inner,,False,True,True
Kepler-1404 b,Kepler-1404,transit,2016,15.9314739,2.01,,5261.0,0.8,0.84,,0.17932018913373182,inner,,False,True,True
Kepler-1405 b,Kepler-1405,transit,2016,28.2274184,3.96,,5925.0,1.07,1.05,,0.3532875368007851,inner,,False,True,True
Kepler-1406 b,Kepler-1406,transit,2016,11.62905828,1.1,,5892.0,1.12,1.05,,0.09813542688910698,inner,,False,True,True
Kepler-1407 b,Kepler-1407,transit,2016,20.0711504,2.25,,6010.0,1.15,1.1,,0.20073155500044607,inner,,False,True,True
Kepler-1408 b,Kepler-1408,transit,2016,2.99793191,0.89,,6170.0,1.35,1.21,,0.079400481755732,inner,,False,True,True
Kepler-1409 b,Kepler-1409,transit,2016,0.764864926,1.04,,5160.0,0.79,0.83,,0.09278258542242841,inner,,False,True,True
Kepler-141 b,Kepler-141,transit,2014,3.107675,0.69,,4910.0,0.787,0.878,,0.06155767686680346,inner,,False,True,True
Kepler-141 c,Kepler-141,transit,2014,7.010606,1.41,,4910.0,0.787,0.878,,0.1257917744669462,inner,,False,True,True
Kepler-1410 b,Kepler-1410,transit,2016,60.866168,1.78,,4092.0,0.6,0.63,,0.158800963511464,habitable,,False,True,True
Kepler-1411 b,Kepler-1411,transit,2016,86.1150888,2.82,,5664.0,0.92,0.95,,0.2515835489338924,inner,,False,True,True
Kepler-1412 b,Kepler-1412,transit,2016,3.6146051,0.83,,5880.0,1.27,1.06,,0.07404764028905343,inner,,False,True,True
Kepler-1413 b,Kepler-1413,transit,2016,13.1829642,1.82,,5196.0,0.8,0.84,,0.1623695244892497,inner,,False,True,True
Kepler-1414 b,Kepler-1414,transit,2016,3.51576315,1.23,,4951.0,0.75,0.8,,0.10973325006691052,inner,,False,True,True
Kepler-1415 b,Kepler-1415,transit,2016,0.63642408,1.29,,5267.0,0.84,0.89,,0.11508609153358909,inner,,False,True,True
Kepler-1416 b,Kepler-1416,transit,2016,1.49514952,0.88,,6019.0,1.15,1.09,,0.07850834151128558,inner,,False,True,True
Kepler-1417 b,Kepler-1417,transit,2016,20.3505213,1.0,,5839.0,1.02,1.02,,0.0892140244446427,inner,,False,True,True
Kepler-1418 b,Kepler-1418,transit,2016,22.4764425,1.66,,4770.0,0.72,0.77,,0.14809528057810686,inner,,False,True,True
Kepler-1419 b,Kepler-1419,transit,2016,42.5215895,2.86,,5796.0,1.01,1.01,,0.25515210991167814,inner,,False,True,True
Kepler-142 b,Kepler-142,transit,2014,2.024152,1.99,,5790.0,1.269,0.978,,0.17753590864483898,inner,,False,True,True
Kepler-142 c,Kepler-142,transit,2014,4.761702,2.86,,5790.0,1.269,0.978,,0.25515210991167814,inner,,False,True,True
Kepler-142 d,Kepler-142,transit,2014,41.809118,2.16,,5790.0,1.269,0.978,,0.19270229280042825,inner,,False,True,True
Kepler-1420 b,Kepler-1420,transit,2016,6.69960006,1.28,,5187.0,0.79,0.82,,0.11419395128914266,inner,,False,True,True
Kepler-1421 b,Kepler-1421,transit,2016,6.9131112,0.93,,6335.0,1.42,1.25,,0.08296904273351771,inner,,False,True,True
Kepler-1422 b,Kepler-1422,transit,2016,18.6051942,2.02,,6194.0,1.23,1.15,,0.18021232937817827,inner,,False,True,True
Kepler-1423 b,Kepler-1423,transit,2016,23.955378,1.06,,4939.0,0.75,0.79,,0.09456686591132127,inner,,False,True,True
Kepler-1424 b,Kepler-1424,transit,2016,29.6091744,1.16,,5838.0,1.07,1.02,,0.10348826835578552,inner,,False,True,True
Kepler-1425 b,Kepler-1425,transit,2016,14.4541302,0.94,,5718.0,0.95,0.97,,0.08386118297796413,inner,,False,True,True
Kepler-1426 b,Kepler-1426,transit,2016,14.2563227,1.56,,5831.0,1.02,1.02,,0.13917387813364263,inner,,False,True,True
Kepler-1427 b,Kepler-1427,transit,2016,0.968972376,1.1,,5793.0,1.01,1.01,,0.09813542688910698,inner,,False,True,True
Kepler-1428 b,Kepler-1428,transit,2016,10.67607169,1.64,,6184.0,1.36,1.28,,0.14631100008921402,inner,,False,True,True
Kepler-1429 b,Kepler-1429,transit,2016,4.48487493,1.29,,5902.0,1.07,1.05,,0.11508609153358909,inner,,False,True,True
Kepler-143 b,Kepler-143,transit,2014,16.007583,2.41,,5848.0,1.359,0.982,,0.2150057989115889,inner,,False,True,True
Kepler-143 c,Kepler-143,transit,2014,27.082511,3.37,,5848.0,1.359,0.982,,0.3006512623784459,inner,,False,True,True
Kepler-1430 b,Kepler-1430,transit,2016,2.46050993,1.18,,4796.0,0.72,0.77,,0.10527254884467838,inner,,False,True,True
Kepler-1431 b,Kepler-1431,transit,2016,5.86601526,1.47,,5806.0,1.03,1.03,,0.13114461593362478,inner,,False,True,True
Kepler-1432 b,Kepler-1432,transit,2016,23.9109011,2.22,,6031.0,1.13,1.09,,0.1980551342671068,inner,,False,True,True
Kepler-1433 b,Kepler-1433,transit,2016,4.13592271,1.56,,6097.0,1.19,1.14,,0.13917387813364263,inner,,False,True,True
Kepler-1434 b,Kepler-1434,transit,2016,8.05333618,1.11,,6291.0,2.04,1.47,,0.0990275671335534,inner,,False,True,True
Kepler-1435 b,Kepler-1435,transit,2016,4.45343281,0.86,,6356.0,1.32,1.21,,0.07672406102239272,inner,,False,True,True
Kepler-1436 b,Kepler-1436,transit,2016,9.705716,1.31,,5972.0,1.09,1.06,,0.11687037202248195,inner,,False,True,True
Kepler-1437 b,Kepler-1437,transit,2016,10.9295461,1.37,,5557.0,0.9,0.93,,0.12222321348916051,inner,,False,True,True
Kepler-1438 b,Kepler-1438,transit,2016,2.31942009,0.94,,5530.0,0.96,0.97,,0.08386118297796413,inner,,False,True,True
Kepler-1439 b,Kepler-1439,transit,2016,8.07392849,1.46,,3578.0,0.43,0.46,,0.13025247568917833,inner,,False,True,True
Kepler-144 b,Kepler-144,transit,2014,5.885273,1.33,,6075.0,1.235,1.154,,0.1186546525113748,inner,,False,True,True
Kepler-144 c,Kepler-144,transit,2014,10.104665,1.35,,6075.0,1.235,1.154,,0.12043893300026766,inner,,False,True,True
Kepler-1440 b,Kepler-1440,transit,2016,39.859484,1.26,,5698.0,0.96,0.98,,0.1124096708002498,inner,,False,True,True
Kepler-1441 b,Kepler-1441,transit,2016,39.4419839,1.31,,5802.0,1.0,1.0,,0.11687037202248195,inner,,False,True,True
Kepler-1442 b,Kepler-1442,transit,2016,81.4162941,3.93,,6394.0,1.44,1.34,,0.3506111160674458,inner,,False,True,True
Kepler-1443 b,Kepler-1443,transit,2016,2.41811321,0.97,,6289.0,1.27,1.19,,0.08653760371130342,inner,,False,True,True
Kepler-1444 b,Kepler-1444,transit,2016,33.42035034,2.18,,5810.0,1.05,1.03,,0.1944865732893211,inner,,False,True,True
Kepler-1445 b,Kepler-1445,transit,2016,10.60052251,0.96,,6150.0,1.26,1.13,,0.08564546346685699,inner,,False,True,True
Kepler-1446 b,Kepler-1446,transit,2016,0.689967832,0.82,,4865.0,0.75,0.81,,0.07315550004460701,inner,,False,True,True
Kepler-1447 b,Kepler-1447,transit,2016,56.6747285,2.9,,5722.0,0.95,0.97,,0.2587206708894638,inner,,False,True,True
Kepler-1448 b,Kepler-1448,transit,2016,12.27065865,1.61,,5774.0,0.93,0.95,,0.14363457935587476,inner,,False,True,True
Kepler-1449 b,Kepler-1449,transit,2016,13.2274528,1.68,,5979.0,1.1,1.08,,0.14987956106699973,inner,,False,True,True
Kepler-145 b,Kepler-145,transit,2013,22.951,2.65,37.1,6022.0,1.85,1.32,0.11672980354153821,0.23641716477830316,inner,0.0,True,True,True
Kepler-145 c,Kepler-145,transit,2013,42.882,4.32,79.4,6022.0,1.85,1.32,0.24982065771423542,0.3854045856008565,inner,0.0,True,True,True
Kepler-1450 b,Kepler-1450,transit,2016,54.5094166,1.71,,4524.0,0.68,0.71,,0.15255598180033902,inner,,False,True,True
Kepler-1451 b,Kepler-1451,transit,2016,35.622233,3.35,,5782.0,0.99,1.0,,0.2988669818895531,inner,,False,True,True
Kepler-1452 b,Kepler-1452,transit,2016,42.913751,2.7,,6101.0,2.06,1.41,,0.24087786600053532,inner,,False,True,True
Kepler-1453 b,Kepler-1453,transit,2016,47.1611696,2.67,,5665.0,0.94,0.97,,0.238201445267196,inner,,False,True,True
Kepler-1454 b,Kepler-1454,transit,2016,47.0319479,1.88,,5448.0,0.86,0.9,,0.16772236595592827,inner,,False,True,True
Kepler-1455 b,Kepler-1455,transit,2016,49.276764,2.16,,4075.0,0.6,0.62,,0.19270229280042825,inner,,False,True,True
Kepler-1456 b,Kepler-1456,transit,2016,18.1373829,1.14,,4231.0,0.62,0.64,,0.10170398786689266,inner,,False,True,True
Kepler-1457 b,Kepler-1457,transit,2016,51.1110243,1.99,,5866.0,1.01,1.01,,0.17753590864483898,inner,,False,True,True
Kepler-1458 b,Kepler-1458,transit,2016,47.9872764,2.76,,5653.0,0.94,0.96,,0.24623070746721384,inner,,False,True,True
Kepler-1459 b,Kepler-1459,transit,2016,62.8691611,1.36,,4828.0,0.74,0.78,,0.12133107324471408,inner,,False,True,True
Kepler-146 b,Kepler-146,transit,2014,31.158799,3.71,,5948.0,1.208,1.079,,0.3309840306896244,inner,,False,True,True
Kepler-146 c,Kepler-146,transit,2014,76.732171,3.13,,5948.0,1.208,1.079,,0.27923989651173164,inner,,False,True,True
Kepler-1460 b,Kepler-1460,transit,2016,29.9633247,1.96,,4422.0,0.67,0.7,,0.1748594879114997,inner,,False,True,True
Kepler-1461 b,Kepler-1461,transit,2016,29.3494775,2.03,,4919.0,0.74,0.79,,0.18110446962262466,inner,,False,True,True
Kepler-1462 b,Kepler-1462,transit,2016,65.6488341,3.82,,5756.0,1.0,1.0,,0.3407975733785351,inner,,False,True,True
Kepler-1463 b,Kepler-1463,transit,2016,25.15864,1.86,,5679.0,0.95,0.96,,0.16593808546703542,inner,,False,True,True
Kepler-1464 b,Kepler-1464,transit,2016,31.7785901,1.66,,5828.0,1.01,1.02,,0.14809528057810686,inner,,False,True,True
Kepler-1464 c,Kepler-1464,transit,2016,5.32786292,1.0,,5828.0,1.01,1.02,,0.0892140244446427,inner,,False,True,True
Kepler-1465 b,Kepler-1465,transit,2016,31.8277111,1.77,,4726.0,0.71,0.75,,0.15790882326701758,inner,,False,True,True
Kepler-1466 b,Kepler-1466,transit,2016,31.1750448,1.55,,5884.0,1.02,1.01,,0.13828173788919618,inner,,False,True,True
Kepler-1467 b,Kepler-1467,transit,2016,47.0569043,3.3,,5332.0,0.82,0.86,,0.2944062806673209,inner,,False,True,True
Kepler-1468 b,Kepler-1468,transit,2016,8.23984869,1.73,,5893.0,1.05,1.04,,0.15434026228923187,inner,,False,True,True
Kepler-1468 c,Kepler-1468,transit,2016,3.54553021,1.15,,5893.0,1.05,1.04,,0.1025961281113391,inner,,False,True,True
Kepler-1468 d,Kepler-1468,transit,2021,19.59059906,3.33187146,,5794.0,1.496,1.072,,0.2972496618788474,inner,,False,True,True
Kepler-1469 b,Kepler-1469,transit,2016,21.8635301,2.8,,5507.0,0.89,0.92,,0.24979926844499956,inner,,False,True,True
Kepler-147 b,Kepler-147,transit,2014,12.610584,1.53,,6012.0,1.468,1.145,,0.13649745740030333,inner,,False,True,True
Kepler-147 c,Kepler-147,transit,2014,33.416423,2.43,,6012.0,1.468,1.145,,0.21679007940048178,inner,,False,True,True
Kepler-1470 b,Kepler-1470,transit,2016,16.2950903,1.07,,4961.0,0.76,0.8,,0.09545900615576769,inner,,False,True,True
Kepler-1471 b,Kepler-1471,transit,2016,3.63899398,1.41,,5660.0,0.93,0.95,,0.1257917744669462,inner,,False,True,True
Kepler-1471 c,Kepler-1471,transit,2023,11.6044881,1.88,,5533.0,1.166,0.934,,0.16772236595592827,inner,,False,True,True
Kepler-1472 b,Kepler-1472,transit,2016,38.1312831,1.9,,6159.0,1.25,1.16,,0.16950664644482114,inner,,False,True,True
Kepler-1473 b,Kepler-1473,transit,2016,14.4273551,1.19,,6046.0,1.09,1.09,,0.10616468908912481,inner,,False,True,True
Kepler-1474 b,Kepler-1474,transit,2016,36.4333452,2.16,,5870.0,1.04,1.04,,0.19270229280042825,inner,,False,True,True
Kepler-1475 b,Kepler-1475,transit,2016,82.177374,2.92,,6214.0,1.28,1.18,,0.26050495137835666,inner,,False,True,True
Kepler-1476 b,Kepler-1476,transit,2016,10.35863224,1.67,,5663.0,0.96,0.98,,0.1489874208225533,inner,,False,True,True
Kepler-1477 b,Kepler-1477,transit,2016,11.55530021,1.18,,5100.0,0.78,0.81,,0.10527254884467838,inner,,False,True,True
Kepler-1478 b,Kepler-1478,transit,2016,26.0840594,1.73,,5904.0,1.06,1.04,,0.15434026228923187,inner,,False,True,True
Kepler-1479 b,Kepler-1479,transit,2016,14.53261362,1.83,,5796.0,0.98,0.99,,0.16326166473369616,inner,,False,True,True
Kepler-148 b,Kepler-148,transit,2014,1.729366,1.8,,5272.0,0.851,0.86,,0.16058524400035687,inner,,False,True,True
Kepler-148 c,Kepler-148,transit,2014,4.180043,3.6,,5272.0,0.851,0.86,,0.32117048800071374,inner,,False,True,True
Kepler-148 d,Kepler-148,transit,2016,51.84688575,8.68,,5172.0,0.81,0.86,,0.7743777321794986,inner,,False,True,True
Kepler-1480 b,Kepler-1480,transit,2016,22.12679948,1.67,,5156.0,0.81,0.85,,0.1489874208225533,inner,,False,True,True
Kepler-1481 b,Kepler-1481,transit,2016,5.94220998,1.23,,4908.0,0.75,0.8,,0.10973325006691052,inner,,False,True,True
Kepler-1482 b,Kepler-1482,transit,2016,12.25383217,1.01,,5381.0,0.84,0.88,,0.09010616468908914,inner,,False,True,True
Kepler-1483 b,Kepler-1483,transit,2016,9.5085156,1.52,,6337.0,1.4,1.25,,0.1356053171558569,inner,,False,True,True
Kepler-1484 b,Kepler-1484,transit,2016,30.4549136,2.11,,5730.0,0.92,0.94,,0.1882415915781961,inner,,False,True,True
Kepler-1485 b,Kepler-1485,transit,2016,19.9157725,1.47,,6087.0,1.12,1.11,,0.13114461593362478,inner,,False,True,True
Kepler-1486 b,Kepler-1486,transit,2016,54.6495759,2.32,,5965.0,1.12,1.08,,0.20697653671157104,inner,,False,True,True
Kepler-1487 b,Kepler-1487,transit,2016,7.31946363,2.13,,6541.0,1.63,1.38,,0.19002587206708893,inner,,False,True,True
Kepler-1487 c,Kepler-1487,transit,2023,35.8007112,7.97,,5745.0,3.955,1.801,,0.7110357748238023,inner,,False,True,True
Kepler-1488 b,Kepler-1488,transit,2016,39.8189932,1.86,,5820.0,1.31,1.05,,0.16593808546703542,inner,,False,True,True
Kepler-1488 c,Kepler-1488,transit,2021,6.158269882,1.65156749,,5710.0,1.524,1.003,,0.14734298242483718,inner,,False,True,True
Kepler-1489 b,Kepler-1489,transit,2016,82.294751,1.77,,5655.0,0.9,0.93,,0.15790882326701758,inner,,False,True,True
Kepler-1489 c,Kepler-1489,transit,2024,0.680741,0.51,,5565.53,0.957,0.977,,0.04549915246676778,inner,,False,True,True
Kepler-149 b,Kepler-149,transit,2014,29.198943,4.21,,5381.0,0.953,1.013,,0.3755910429119458,inner,,False,True,True
Kepler-149 c,Kepler-149,transit,2014,55.328328,1.61,,5381.0,0.953,1.013,,0.14363457935587476,inner,,False,True,True
Kepler-149 d,Kepler-149,transit,2014,160.018032,3.96,,5381.0,0.953,1.013,,0.3532875368007851,inner,,False,True,True
Kepler-1490 b,Kepler-1490,transit,2016,92.4362973,3.04,,5515.0,0.87,0.9,,0.2712106343117138,inner,,False,True,True
Kepler-1491 b,Kepler-1491,transit,2016,16.5861762,1.51,,5728.0,0.99,1.0,,0.1347131769114105,inner,,False,True,True
Kepler-1491 c,Kepler-1491,transit,2023,61.569765,2.44,,5626.0,1.389,0.991,,0.21768221964492818,inner,,False,True,True
Kepler-1492 b,Kepler-1492,transit,2016,16.75255007,1.49,,4712.0,0.72,0.77,,0.13292889642251762,inner,,False,True,True
Kepler-1493 b,Kepler-1493,transit,2016,15.0217983,1.41,,5863.0,1.29,1.06,,0.1257917744669462,inner,,False,True,True
Kepler-1494 b,Kepler-1494,transit,2016,91.080482,3.07,,5659.0,0.94,0.96,,0.27388705504505306,inner,,False,True,True
Kepler-1495 b,Kepler-1495,transit,2016,85.273256,2.94,,5831.0,1.04,1.03,,0.26228923186724956,inner,,False,True,True
Kepler-1496 b,Kepler-1496,transit,2016,64.6588017,2.22,,6182.0,1.27,1.18,,0.1980551342671068,inner,,False,True,True
Kepler-1497 b,Kepler-1497,transit,2016,8.74199772,1.66,,5675.0,0.95,0.96,,0.14809528057810686,inner,,False,True,True
Kepler-1498 b,Kepler-1498,transit,2016,48.051405,1.33,,5256.0,0.81,0.86,,0.1186546525113748,inner,,False,True,True
Kepler-1499 b,Kepler-1499,transit,2016,44.2008,1.19,,5097.0,0.78,0.82,,0.10616468908912481,inner,,False,True,True
Kepler-15 b,Kepler-15,transit,2011,4.942782,10.76,209.76,5515.0,0.992,1.018,0.6599796116138289,0.9599429030243555,inner,0.0,True,True,True
Kepler-150 b,Kepler-150,transit,2014,3.428054,1.25,,5560.0,0.939,0.956,,0.11151753055580338,inner,,False,True,True
Kepler-150 c,Kepler-150,transit,2014,7.381998,3.69,,5560.0,0.939,0.956,,0.32919975020073156,inner,,False,True,True
Kepler-150 d,Kepler-150,transit,2014,12.56093,2.79,,5560.0,0.939,0.956,,0.24890712820055313,inner,,False,True,True
Kepler-150 e,Kepler-150,transit,2014,30.826557,3.12,,5560.0,0.939,0.956,,0.27834775626728525,inner,,False,True,True
Kepler-150 f,Kepler-150,transit,2017,637.2093,3.64,,5528.0,0.905339,0.97,,0.3247390489784994,outer,,False,True,True
Kepler-1500 b,Kepler-1500,transit,2016,15.0330105,1.2,,5845.0,1.0,1.0,,0.10705682933357123,inner,,False,True,True
Kepler-1501 b,Kepler-1501,transit,2016,14.5564533,1.56,,6229.0,1.3,1.2,,0.13917387813364263,inner,,False,True,True
Kepler-1502 b,Kepler-1502,transit,2016,41.7083629,3.18,,6666.0,1.72,1.44,,0.2837005977339638,inner,,False,True,True
Kepler-1503 b,Kepler-1503,transit,2016,96.16987,2.27,,5069.0,0.74,0.77,,0.20251583548933894,inner,,False,True,True
Kepler-1504 b,Kepler-1504,transit,2016,82.304003,2.13,,5393.0,0.81,0.85,,0.19002587206708893,inner,,False,True,True
Kepler-1505 b,Kepler-1505,transit,2016,30.8609366,0.93,,5686.0,0.86,0.93,,0.08296904273351771,inner,,False,True,True
Kepler-1506 b,Kepler-1506,transit,2016,14.0329154,1.32,,5676.0,0.93,0.95,,0.11776251226692837,inner,,False,True,True
Kepler-1507 b,Kepler-1507,transit,2016,16.0506213,0.84,,5410.0,0.85,0.89,,0.07493978053349987,inner,,False,True,True
Kepler-1508 b,Kepler-1508,transit,2016,20.7056504,1.33,,6158.0,1.22,1.14,,0.1186546525113748,inner,,False,True,True
Kepler-1509 b,Kepler-1509,transit,2016,25.4338197,1.85,,5780.0,0.99,1.0,,0.165045945222589,inner,,False,True,True
Kepler-151 b,Kepler-151,transit,2014,15.228958,3.06,,5460.0,0.83,0.87,,0.27299491480060667,inner,,False,True,True
Kepler-151 c,Kepler-151,transit,2014,24.674612,2.09,,5460.0,0.83,0.87,,0.18645731108930322,inner,,False,True,True
Kepler-1510 b,Kepler-1510,transit,2016,84.703921,3.36,,6200.0,1.28,1.19,,0.29975912213399947,inner,,False,True,True
Kepler-1511 b,Kepler-1511,transit,2016,23.2382792,1.68,,6064.0,1.29,1.17,,0.14987956106699973,inner,,False,True,True
Kepler-1512 b,Kepler-1512,transit,2016,20.35972599,1.18,,4372.0,0.67,0.73,,0.10527254884467838,inner,,False,True,True
Kepler-1513 b,Kepler-1513,transit,2016,160.8842,8.594,48.309917864,5491.0,0.95,0.943,0.15200019464616082,0.7667053260772593,inner,0.0,True,True,True
Kepler-1513 c,Kepler-1513,transit timing variations,2023,841.4,11.0,84.542356262,5491.0,0.95,0.943,0.26600034063078143,0.9813542688910697,outer,0.0,True,True,True
Kepler-1514 b,Kepler-1514,transit,2016,217.83184,12.419572,1678.1424,6145.0,1.289,1.196,5.280033225518205,1.108,inner,0.0,True,True,True
Kepler-1514 c,Kepler-1514,transit,2020,10.514181,1.1758241,,6145.0,1.289,1.196,,0.10490000000000001,inner,,False,True,True
Kepler-1515 b,Kepler-1515,transit,2016,214.3114164,9.55,,6511.0,1.41,1.3,,0.8519939334463379,inner,,False,True,True
Kepler-1516 b,Kepler-1516,transit,2016,7.25931979,1.75,,5904.0,1.07,1.04,,0.15612454277812474,inner,,False,True,True
Kepler-1517 b,Kepler-1517,transit,2016,5.546083665,9.76,,7010.0,1.95,1.58,,0.8707288785797127,inner,,False,True,True
Kepler-1518 b,Kepler-1518,transit,2016,5.11177904,3.05,,6846.0,1.88,1.54,,0.2721027745561602,inner,,False,True,True
Kepler-1518 c,Kepler-1518,transit,2023,9.6310258,2.9,,6432.0,1.345,1.06,,0.2587206708894638,inner,,False,True,True
Kepler-1519 b,Kepler-1519,transit,2016,240.7989397,7.06,,5644.0,0.91,0.94,,0.6298510125791774,inner,,False,True,True
Kepler-152 b,Kepler-152,transit,2014,18.207973,2.79,,5088.0,0.724,0.779,,0.24890712820055313,inner,,False,True,True
Kepler-152 c,Kepler-152,transit,2014,88.255055,2.39,,5088.0,0.724,0.779,,0.21322151842269607,inner,,False,True,True
Kepler-1520 b,Kepler-1520,transit,2016,0.653553572,5.77,,4677.0,0.71,0.76,,0.5147649210455884,inner,,False,True,True
Kepler-1521 b,Kepler-1521,transit,2016,47.14840805,2.5,,5042.0,0.76,0.81,,0.22303506111160676,inner,,False,True,True
Kepler-1522 b,Kepler-1522,transit,2016,1.847889171,1.73,,5706.0,0.93,0.96,,0.15434026228923187,inner,,False,True,True
Kepler-1523 b,Kepler-1523,transit,2016,0.93875077,1.58,,5708.0,0.96,0.97,,0.14095815862253547,inner,,False,True,True
Kepler-1524 b,Kepler-1524,transit,2016,70.9674603,3.54,,6179.0,1.25,1.17,,0.31581764653403516,inner,,False,True,True
Kepler-1525 b,Kepler-1525,transit,2016,2.416601183,0.91,,5748.0,1.04,1.07,,0.08118476224462486,inner,,False,True,True
Kepler-1526 b,Kepler-1526,transit,2016,3.908632005,2.43,,4601.0,0.69,0.73,,0.21679007940048178,inner,,False,True,True
Kepler-1527 b,Kepler-1527,transit,2016,160.129918,4.77,,6224.0,1.32,1.21,,0.42555089660094564,inner,,False,True,True
Kepler-1528 b,Kepler-1528,transit,2016,1.791110205,1.46,,5857.0,1.03,1.03,,0.13025247568917833,inner,,False,True,True
Kepler-1529 b,Kepler-1529,transit,2016,5.33905686,2.1,,5048.0,0.77,0.81,,0.18734945133374967,inner,,False,True,True
Kepler-153 b,Kepler-153,transit,2014,18.870227,2.92,,5404.0,0.892,0.756,,0.26050495137835666,inner,,False,True,True
Kepler-153 c,Kepler-153,transit,2014,46.90232,2.53,,5404.0,0.892,0.756,,0.22571148184494602,inner,,False,True,True
Kepler-1530 b,Kepler-1530,transit,2016,2.5904434,1.64,,5477.0,0.88,0.92,,0.14631100008921402,inner,,False,True,True
Kepler-1530 c,Kepler-1530,transit,2016,5.3227406,1.65,,5477.0,0.88,0.92,,0.14720314033366044,inner,,False,True,True
Kepler-1530 d,Kepler-1530,transit,2021,9.20761013,3.27870115,,5678.0,1.303,1.015,,0.29250612454277813,inner,,False,True,True
Kepler-1531 b,Kepler-1531,transit,2016,1.138543376,1.11,,6260.0,1.27,1.16,,0.0990275671335534,inner,,False,True,True
Kepler-1532 b,Kepler-1532,transit,2016,1.093663559,1.35,,5559.0,0.88,0.91,,0.12043893300026766,inner,,False,True,True
Kepler-1533 b,Kepler-1533,transit,2016,308.5471,3.46,,6431.0,1.51,1.31,,0.30868052457846373,inner,,False,True,True
Kepler-1534 b,Kepler-1534,transit,2016,5.71668872,1.89,,5442.0,0.86,0.9,,0.1686145062003747,inner,,False,True,True
Kepler-1535 b,Kepler-1535,transit,2016,138.9442,2.55,,6021.0,1.11,1.08,,0.22749576233383886,inner,,False,True,True
Kepler-1536 b,Kepler-1536,transit,2016,364.758031,3.14,,4434.0,0.67,0.71,,0.2801320367561781,outer,,False,True,True
Kepler-1537 b,Kepler-1537,transit,2016,1.444453798,1.18,,5079.0,0.77,0.81,,0.10527254884467838,inner,,False,True,True
Kepler-1538 b,Kepler-1538,transit,2016,175.138819,2.82,,5837.0,1.03,1.03,,0.2515835489338924,inner,,False,True,True
Kepler-1539 b,Kepler-1539,transit,2016,133.3036741,2.7,,5176.0,0.8,0.84,,0.24087786600053532,inner,,False,True,True
Kepler-154 b,Kepler-154,transit,2014,33.040532,2.26,,5690.0,1.001,0.933,,0.2016236952448925,inner,,False,True,True
Kepler-154 c,Kepler-154,transit,2014,62.303276,2.95,,5690.0,1.001,0.933,,0.263181372111696,inner,,False,True,True
Kepler-154 d,Kepler-154,transit,2016,20.54981883,3.84,,5769.0,0.98,0.98,,0.34258185386742795,inner,,False,True,True
Kepler-154 e,Kepler-154,transit,2016,3.93276465,1.5,,5769.0,0.98,0.98,,0.13382103666696404,inner,,False,True,True
Kepler-154 f,Kepler-154,transit,2016,9.91935684,1.5,,5769.0,0.98,0.98,,0.13382103666696404,inner,,False,True,True
Kepler-1540 b,Kepler-1540,transit,2016,125.4131177,2.49,,4540.0,0.69,0.74,,0.22214292086716034,habitable,,False,True,True
Kepler-1541 b,Kepler-1541,transit,2016,8.40691199,1.16,,5282.0,0.81,0.86,,0.10348826835578552,inner,,False,True,True
Kepler-1542 b,Kepler-1542,transit,2016,3.95116882,0.76,,5564.0,0.99,0.94,,0.06780265857792846,inner,,False,True,True
Kepler-1542 c,Kepler-1542,transit,2016,2.89223021,0.65,,5564.0,0.99,0.94,,0.057989115889017756,inner,,False,True,True
Kepler-1542 d,Kepler-1542,transit,2016,5.99273738,0.87,,5564.0,0.99,0.94,,0.07761620126683914,inner,,False,True,True
Kepler-1542 e,Kepler-1542,transit,2016,5.10115756,0.76,,5564.0,0.99,0.94,,0.06780265857792846,inner,,False,True,True
Kepler-1543 b,Kepler-1543,transit,2016,6.96710269,2.71,,6561.0,1.65,1.39,,0.2417700062449817,inner,,False,True,True
Kepler-1544 b,Kepler-1544,transit,2016,168.811174,1.78,,4886.0,0.74,0.81,,0.158800963511464,habitable,,False,True,True
Kepler-1545 b,Kepler-1545,transit,2016,163.692349,2.7,,5201.0,0.8,0.84,,0.24087786600053532,inner,,False,True,True
Kepler-1546 b,Kepler-1546,transit,2016,19.5974971,3.13,,5623.0,0.93,0.95,,0.27923989651173164,inner,,False,True,True
Kepler-1547 b,Kepler-1547,transit,2016,0.692979676,0.9,,6078.0,1.18,1.12,,0.08029262200017843,inner,,False,True,True
Kepler-1548 b,Kepler-1548,transit,2016,124.828679,2.64,,5706.0,0.97,0.99,,0.23552502453385674,inner,,False,True,True
Kepler-1549 b,Kepler-1549,transit,2016,214.886545,2.57,,5324.0,0.84,0.88,,0.22928004282273173,habitable,,False,True,True
Kepler-155 b,Kepler-155,transit,2014,5.931194,2.09,,4508.0,0.62,0.635,,0.18645731108930322,inner,,False,True,True
Kepler-155 c,Kepler-155,transit,2014,52.661793,2.24,,4508.0,0.62,0.635,,0.19983941475599967,inner,,False,True,True
Kepler-1550 b,Kepler-1550,transit,2016,225.582809,3.02,,5991.0,1.11,1.07,,0.269426353822821,inner,,False,True,True
Kepler-1551 b,Kepler-1551,transit,2016,24.4973698,2.66,,6136.0,1.22,1.14,,0.2373093050227496,inner,,False,True,True
Kepler-1552 b,Kepler-1552,transit,2016,184.771853,2.47,,5202.0,0.78,0.85,,0.2203586403782675,habitable,,False,True,True
Kepler-1553 b,Kepler-1553,transit,2016,4.24261881,1.15,,5288.0,0.81,0.85,,0.1025961281113391,inner,,False,True,True
Kepler-1554 b,Kepler-1554,transit,2016,198.088774,2.9,,5297.0,0.81,0.84,,0.2587206708894638,habitable,,False,True,True
Kepler-1555 b,Kepler-1555,transit,2016,8.10501635,1.61,,5866.0,1.06,1.04,,0.14363457935587476,inner,,False,True,True
Kepler-1556 b,Kepler-1556,transit,2016,8.82713457,1.96,,5608.0,0.95,0.97,,0.1748594879114997,inner,,False,True,True
Kepler-1557 b,Kepler-1557,transit,2016,3.74032496,1.53,,6099.0,1.17,1.11,,0.13649745740030333,inner,,False,True,True
Kepler-1558 b,Kepler-1558,transit,2016,3.50470358,0.68,,5101.0,0.79,0.83,,0.06066553662235704,inner,,False,True,True
Kepler-1559 b,Kepler-1559,transit,2016,0.971915428,0.72,,5316.0,0.82,0.86,,0.06423409760014274,inner,,False,True,True
Kepler-156 b,Kepler-156,transit,2014,4.973456,2.3,,5094.0,0.807,0.864,,0.2051922562226782,inner,,False,True,True
Kepler-156 c,Kepler-156,transit,2014,15.906801,2.55,,5094.0,0.807,0.864,,0.22749576233383886,inner,,False,True,True
Kepler-1560 b,Kepler-1560,transit,2016,3.03195744,0.89,,5815.0,1.02,1.02,,0.079400481755732,inner,,False,True,True
Kepler-1561 b,Kepler-1561,transit,2016,1.005207007,1.09,,5957.0,1.11,1.07,,0.09724328664466055,inner,,False,True,True
Kepler-1562 b,Kepler-1562,transit,2016,64.2737752,3.55,,5760.0,1.05,1.02,,0.31670978677848155,inner,,False,True,True
Kepler-1563 b,Kepler-1563,transit,2016,3.43276598,0.75,,5765.0,0.99,1.0,,0.06691051833348202,inner,,False,True,True
Kepler-1564 b,Kepler-1564,transit,2016,18.0540381,1.47,,5528.0,0.9,0.93,,0.13114461593362478,inner,,False,True,True
Kepler-1565 b,Kepler-1565,transit,2016,1.538188437,1.19,,4940.0,0.73,0.76,,0.10616468908912481,inner,,False,True,True
Kepler-1566 b,Kepler-1566,transit,2016,0.539915238,0.79,,5254.0,0.81,0.84,,0.07047907931126773,inner,,False,True,True
Kepler-1567 b,Kepler-1567,transit,2016,153.979578,2.73,,5655.0,0.93,0.95,,0.24355428673387458,inner,,False,True,True
Kepler-1568 b,Kepler-1568,transit,2016,20.925392,1.3,,5956.0,1.19,1.09,,0.11597823177803551,inner,,False,True,True
Kepler-1569 b,Kepler-1569,transit,2016,5.79180156,1.68,,6319.0,1.4,1.25,,0.14987956106699973,inner,,False,True,True
Kepler-157 b,Kepler-157,transit,2014,1.732342,1.32,,5774.0,1.044,0.95,,0.11776251226692837,inner,,False,True,True
Kepler-157 c,Kepler-157,transit,2014,13.5405,2.24,,5774.0,1.044,0.95,,0.19983941475599967,inner,,False,True,True
Kepler-157 d,Kepler-157,transit,2016,7.02573474,1.46,,5866.0,1.03,1.02,,0.13025247568917833,inner,,False,True,True
Kepler-1570 b,Kepler-1570,transit,2016,26.548955,1.07,,5550.0,0.89,0.92,,0.09545900615576769,inner,,False,True,True
Kepler-1571 b,Kepler-1571,transit,2016,3.38555488,1.52,,6297.0,1.39,1.23,,0.1356053171558569,inner,,False,True,True
Kepler-1572 b,Kepler-1572,transit,2016,5.49548621,0.94,,5618.0,0.95,0.97,,0.08386118297796413,inner,,False,True,True
Kepler-1573 b,Kepler-1573,transit,2016,2.6157554,1.2,,5808.0,1.0,1.01,,0.10705682933357123,inner,,False,True,True
Kepler-1574 b,Kepler-1574,transit,2016,6.9424334,1.29,,5892.0,1.08,1.06,,0.11508609153358909,inner,,False,True,True
Kepler-1575 b,Kepler-1575,transit,2016,2.55314213,1.31,,5667.0,0.92,0.95,,0.11687037202248195,inner,,False,True,True
Kepler-1576 b,Kepler-1576,transit,2016,6.98471973,1.04,,5876.0,1.06,1.05,,0.09278258542242841,inner,,False,True,True
Kepler-1577 b,Kepler-1577,transit,2016,6.30560247,1.13,,4862.0,0.74,0.78,,0.10081184762244624,inner,,False,True,True
Kepler-1578 b,Kepler-1578,transit,2016,1.450886907,1.04,,5545.0,0.86,0.9,,0.09278258542242841,inner,,False,True,True
Kepler-1579 b,Kepler-1579,transit,2016,0.849907889,0.84,,4584.0,0.7,0.75,,0.07493978053349987,inner,,False,True,True
Kepler-158 b,Kepler-158,transit,2014,16.709184,2.12,,4623.0,0.624,0.655,,0.18913373182264254,inner,,False,True,True
Kepler-158 c,Kepler-158,transit,2014,28.551383,1.9,,4623.0,0.624,0.655,,0.16950664644482114,inner,,False,True,True
Kepler-158 d,Kepler-158,transit,2024,0.645088,0.43,,4895.97,0.668,0.656,,0.03836203051119636,inner,,False,True,True
Kepler-1580 b,Kepler-1580,transit,2016,56.6449279,2.11,,6228.0,2.15,1.47,,0.1882415915781961,inner,,False,True,True
Kepler-1581 b,Kepler-1581,transit,2016,6.28385491,0.8,,6022.0,1.23,1.12,,0.07137121955571417,inner,,False,True,True
Kepler-1582 b,Kepler-1582,transit,2016,4.83817712,1.49,,3208.0,0.3,0.28,,0.13292889642251762,habitable,,False,True,True
Kepler-1583 b,Kepler-1583,transit,2016,9.32807355,0.6,,5645.0,0.91,0.94,,0.053528414666785616,inner,,False,True,True
Kepler-1584 b,Kepler-1584,transit,2016,13.3997099,1.61,,6069.0,1.13,1.1,,0.14363457935587476,inner,,False,True,True
Kepler-1585 b,Kepler-1585,transit,2016,3.5827463,1.79,,5538.0,0.91,0.94,,0.15969310375591045,inner,,False,True,True
Kepler-1586 b,Kepler-1586,transit,2016,15.6049212,1.52,,6681.0,1.75,1.45,,0.1356053171558569,inner,,False,True,True
Kepler-1587 b,Kepler-1587,transit,2016,9.4060467,1.33,,5933.0,1.22,1.08,,0.1186546525113748,inner,,False,True,True
Kepler-1588 b,Kepler-1588,transit,2016,7.84931739,0.76,,5817.0,0.99,0.96,,0.06780265857792846,inner,,False,True,True
Kepler-1589 b,Kepler-1589,transit,2016,0.991665274,1.09,,6166.0,1.25,1.18,,0.09724328664466055,inner,,False,True,True
Kepler-159 b,Kepler-159,transit,2014,10.139623,2.38,,4625.0,0.663,0.628,,0.21232937817824962,inner,,False,True,True
Kepler-159 c,Kepler-159,transit,2014,43.595792,3.41,,4625.0,0.663,0.628,,0.3042198233562316,inner,,False,True,True
Kepler-1590 b,Kepler-1590,transit,2016,7.61760804,1.14,,6053.0,1.16,1.11,,0.10170398786689266,inner,,False,True,True
Kepler-1591 b,Kepler-1591,transit,2016,8.18504949,1.27,,6082.0,1.16,1.1,,0.11330181104469624,inner,,False,True,True
Kepler-1592 b,Kepler-1592,transit,2016,3.05710069,1.54,,6213.0,1.28,1.18,,0.13738959764474976,inner,,False,True,True
Kepler-1593 b,Kepler-1593,transit,2016,174.509835,3.17,,4995.0,0.77,0.81,,0.28280845748951733,habitable,,False,True,True
Kepler-1594 b,Kepler-1594,transit,2016,2.71603809,1.06,,5946.0,1.08,1.06,,0.09456686591132127,inner,,False,True,True
Kepler-1595 b,Kepler-1595,transit,2016,4.56380468,1.23,,5203.0,0.8,0.84,,0.10973325006691052,inner,,False,True,True
Kepler-1596 b,Kepler-1596,transit,2016,66.373379,1.9,,5706.0,0.92,0.95,,0.16950664644482114,inner,,False,True,True
Kepler-1597 b,Kepler-1597,transit,2016,2.94654179,1.06,,6377.0,1.39,1.25,,0.09456686591132127,inner,,False,True,True
Kepler-1598 b,Kepler-1598,transit,2016,4.34195123,0.95,,5940.0,1.09,1.07,,0.08475332322241057,inner,,False,True,True
Kepler-1599 b,Kepler-1599,transit,2016,122.363553,1.62,,5767.0,0.99,0.99,,0.14452671960032118,inner,,False,True,True
Kepler-16 b,Kepler-16,transit,2011,228.776,8.4493,105.833,4450.0,0.6489,0.6897,0.3329882829706634,0.7537960567401195,outer,0.0,True,True,True
Kepler-160 b,Kepler-160,transit,2014,4.309397,1.715,,5471.0,1.118,1.003,,0.15300205192256225,inner,,False,True,True
Kepler-160 c,Kepler-160,transit,2014,13.699429,3.76,,5471.0,1.118,1.003,,0.33544473191185653,inner,,False,True,True
Kepler-160 d,Kepler-160,transit timing variations,2020,30.0,,100.0,5471.0,1.118,1.003,0.31463558906074984,,inner,,True,False,True
Kepler-1600 b,Kepler-1600,transit,2016,386.370548,3.13,,5214.0,0.82,0.86,,0.27923989651173164,outer,,False,True,True
Kepler-1600 c,Kepler-1600,transit,2021,7.298049927,1.94206512,,5119.0,0.834,0.818,,0.17325944508876798,inner,,False,True,True
Kepler-1601 b,Kepler-1601,transit,2016,2.20921951,0.82,,5869.0,1.07,1.04,,0.07315550004460701,inner,,False,True,True
Kepler-1602 b,Kepler-1602,transit,2016,11.17931605,1.34,,6296.0,1.36,1.22,,0.11954679275582122,inner,,False,True,True
Kepler-1603 b,Kepler-1603,transit,2016,2.27163926,1.29,,6241.0,1.31,1.21,,0.11508609153358909,inner,,False,True,True
Kepler-1604 b,Kepler-1604,transit,2016,0.683684256,1.41,,4976.0,0.76,0.81,,0.1257917744669462,inner,,False,True,True
Kepler-1605 b,Kepler-1605,transit,2016,85.7565495,1.08,,5280.0,0.82,0.86,,0.09635114640021412,inner,,False,True,True
Kepler-1606 b,Kepler-1606,transit,2016,196.435224,2.07,,5422.0,0.86,0.9,,0.18467303060041038,inner,,False,True,True
Kepler-1607 b,Kepler-1607,transit,2016,13.6473676,0.92,,6116.0,1.21,1.14,,0.08207690248907129,inner,,False,True,True
Kepler-1608 b,Kepler-1608,transit,2016,16.4735686,1.73,,4992.0,0.72,0.75,,0.15434026228923187,inner,,False,True,True
Kepler-1609 b,Kepler-1609,transit,2016,114.34219,2.22,,6132.0,1.27,1.18,,0.1980551342671068,inner,,False,True,True
Kepler-161 b,Kepler-161,transit,2014,4.921355,2.12,2.63,5078.0,0.806,0.853,0.00827491599229772,0.18913373182264254,inner,0.0,True,True,True
Kepler-161 c,Kepler-161,transit,2014,7.06424,2.05,3.61,5078.0,0.806,0.853,0.01135834476509307,0.18288875011151753,inner,0.0,True,True,True
Kepler-1610 b,Kepler-1610,transit,2016,8.70181574,1.61,,5383.0,0.87,0.91,,0.14363457935587476,inner,,False,True,True
Kepler-1610 c,Kepler-1610,transit,2023,44.9851885,2.09,,5295.0,0.8,0.825,,0.18645731108930322,inner,,False,True,True
Kepler-1611 b,Kepler-1611,transit,2016,5.1762429,0.81,,5605.0,0.93,0.94,,0.07226335980016059,inner,,False,True,True
Kepler-1612 b,Kepler-1612,transit,2016,3.91795101,1.03,,5643.0,0.94,0.96,,0.09189044517798198,inner,,False,True,True
Kepler-1613 b,Kepler-1613,transit,2016,1.5184299,2.08,,6005.0,1.12,1.08,,0.18556517084485682,inner,,False,True,True
Kepler-1614 b,Kepler-1614,transit,2016,3.9466141,1.49,,5121.0,0.76,0.79,,0.13292889642251762,inner,,False,True,True
Kepler-1615 b,Kepler-1615,transit,2016,47.3126192,2.06,,5865.0,1.05,1.04,,0.18378089035596396,inner,,False,True,True
Kepler-1616 b,Kepler-1616,transit,2016,6.76284377,1.02,,6266.0,1.34,1.21,,0.09099830493353556,inner,,False,True,True
Kepler-1617 b,Kepler-1617,transit,2016,27.4785572,1.2,,6167.0,1.22,1.15,,0.10705682933357123,inner,,False,True,True
Kepler-1618 b,Kepler-1618,transit,2016,6.10826019,1.26,,6620.0,1.65,1.41,,0.1124096708002498,inner,,False,True,True
Kepler-1619 b,Kepler-1619,transit,2016,23.6225913,0.76,,5852.0,1.0,1.0,,0.06780265857792846,inner,,False,True,True
Kepler-162 b,Kepler-162,transit,2014,6.919798,1.26,,5816.0,0.958,1.053,,0.1124096708002498,inner,,False,True,True
Kepler-162 c,Kepler-162,transit,2014,19.446355,3.03,,5816.0,0.958,1.053,,0.2703184940672674,inner,,False,True,True
Kepler-1620 b,Kepler-1620,transit,2016,101.951829,1.61,,6157.0,1.23,1.15,,0.14363457935587476,inner,,False,True,True
Kepler-1621 b,Kepler-1621,transit,2016,92.263714,2.16,,6158.0,1.24,1.15,,0.19270229280042825,inner,,False,True,True
Kepler-1622 b,Kepler-1622,transit,2016,10.8118737,1.47,,6436.0,1.5,1.31,,0.13114461593362478,inner,,False,True,True
Kepler-1623 b,Kepler-1623,transit,2016,4.36128348,1.31,,5772.0,1.0,1.0,,0.11687037202248195,inner,,False,True,True
Kepler-1624 b,Kepler-1624,transit,2016,3.290304518,5.7,,3636.0,0.47,0.5,,0.5085199393344634,inner,,False,True,True
Kepler-1625 b,Kepler-1625,transit,2016,287.378949,6.06,,5677.0,0.94,0.96,,0.5406369881345348,habitable,,False,True,True
Kepler-1626 b,Kepler-1626,transit,2016,4.13962966,2.02,,6826.0,1.85,1.51,,0.18021232937817827,inner,,False,True,True
Kepler-1627 b,Kepler-1627,transit,2016,7.20283653,3.69,,5445.0,0.84,0.87,,0.32919975020073156,inner,,False,True,True
Kepler-1628 b,Kepler-1628,transit,2016,76.378033,6.43,,3724.0,0.52,0.55,,0.5736461771790525,outer,,False,True,True
Kepler-1629 b,Kepler-1629,transit,2016,3.87595807,0.77,,5776.0,1.01,1.01,,0.06869479882237488,inner,,False,True,True
Kepler-163 b,Kepler-163,transit,2014,7.810937,1.05,,5776.0,0.917,0.882,,0.09367472566687483,inner,,False,True,True
Kepler-163 c,Kepler-163,transit,2014,21.347262,2.26,,5776.0,0.917,0.882,,0.2016236952448925,inner,,False,True,True
Kepler-1630 b,Kepler-1630,transit,2016,509.997402,2.19,,4736.0,0.63,0.66,,0.1953787135337675,outer,,False,True,True
Kepler-1631 b,Kepler-1631,transit,2016,4.09513932,1.35,,5679.0,0.95,0.97,,0.12043893300026766,inner,,False,True,True
Kepler-1632 b,Kepler-1632,transit,2016,448.303558,2.47,,6137.0,1.19,1.12,,0.2203586403782675,inner,,False,True,True
Kepler-1633 b,Kepler-1633,transit,2016,186.404271,1.58,,6256.0,1.32,1.2,,0.14095815862253547,inner,,False,True,True
Kepler-1634 b,Kepler-1634,transit,2016,374.876239,3.19,,5474.0,0.89,0.92,,0.2845927379784102,habitable,,False,True,True
Kepler-1635 b,Kepler-1635,transit,2016,469.63111,3.64,,5347.0,0.85,0.89,,0.3247390489784994,outer,,False,True,True
Kepler-1636 b,Kepler-1636,transit,2016,425.47785,3.23,,5797.0,1.02,1.01,,0.2881612989561959,habitable,,False,True,True
Kepler-1637 b,Kepler-1637,transit,2016,6.10960324,0.89,,5789.0,1.02,1.02,,0.079400481755732,inner,,False,True,True
Kepler-1638 b,Kepler-1638,transit,2016,259.33683,1.87,,5710.0,0.95,0.97,,0.16683022571148187,inner,,False,True,True
Kepler-1639 b,Kepler-1639,transit,2016,9.878482,2.58,,6150.0,1.18,1.12,,0.23017218306717818,inner,,False,True,True
Kepler-164 b,Kepler-164,transit,2014,5.03503,1.41,,5888.0,1.148,1.036,,0.1257917744669462,inner,,False,True,True
Kepler-164 c,Kepler-164,transit,2014,10.945723,2.73,,5888.0,1.148,1.036,,0.24355428673387458,inner,,False,True,True
Kepler-164 d,Kepler-164,transit,2014,28.986769,2.45,,5888.0,1.148,1.036,,0.21857435988937463,inner,,False,True,True
Kepler-164 e,Kepler-164,transit,2023,94.886902,4.24,,5888.0,1.097,0.966,,0.3782674636452851,inner,,False,True,True
Kepler-1640 b,Kepler-1640,transit,2016,7.5844126,4.82,,6324.0,1.43,1.27,,0.4300115978231778,inner,,False,True,True
Kepler-1641 b,Kepler-1641,transit,2016,19.672266,3.11,,6152.0,1.19,1.12,,0.2774556160228388,inner,,False,True,True
Kepler-1641 c,Kepler-1641,transit,2016,32.657212,2.95,,6152.0,1.19,1.12,,0.263181372111696,inner,,False,True,True
Kepler-1642 b,Kepler-1642,transit,2016,12.2057513,3.2,,5355.0,0.84,0.88,,0.2854848782228567,inner,,False,True,True
Kepler-1642 c,Kepler-1642,transit,2016,6.6513802,2.66,,5355.0,0.84,0.88,,0.2373093050227496,inner,,False,True,True
Kepler-1643 b,Kepler-1643,transit,2016,5.342657,2.32,,4916.0,0.855,0.845,,0.20697653671157104,inner,,False,True,True
Kepler-1644 b,Kepler-1644,transit,2016,21.0907758,1.88,,5499.0,0.86,0.89,,0.16772236595592827,inner,,False,True,True
Kepler-1645 b,Kepler-1645,transit,2016,16.1779561,1.78,,5812.0,1.02,1.02,,0.158800963511464,inner,,False,True,True
Kepler-1646 b,Kepler-1646,transit,2016,4.48558383,1.23,,3299.0,0.26,0.24,,0.10973325006691052,outer,,False,True,True
Kepler-1647 b,Kepler-1647,transit,2016,1107.5923,11.8739,483.0,6210.0,1.7903,1.2207,1.519689895163422,1.0593184048532431,inner,0.0,True,True,True
Kepler-1649 b,Kepler-1649,transit,2017,8.689099,1.017,,3240.0,0.2317,0.1977,,0.09073066286020162,outer,,False,True,True
Kepler-1649 c,Kepler-1649,transit,2020,19.53527,1.06,,3240.0,0.2317,0.1977,,0.09456686591132127,outer,,False,True,True
Kepler-165 b,Kepler-165,transit,2014,8.180848,2.32,,5211.0,0.77,0.746,,0.20697653671157104,inner,,False,True,True
Kepler-165 c,Kepler-165,transit,2014,15.31299,2.23,,5211.0,0.77,0.746,,0.19894727451155322,inner,,False,True,True
Kepler-1650 b,Kepler-1650,transit,2017,1.53818001,0.96,,3410.0,0.334,0.326,,0.08564546346685699,inner,,False,True,True
Kepler-1651 b,Kepler-1651,transit,2017,9.87863917,1.84,,3713.0,0.503,0.522,,0.16415380497814258,inner,,False,True,True
Kepler-1652 b,Kepler-1652,transit,2017,38.09722,1.6,,3638.0,0.382,0.404,,0.14274243911142834,outer,,False,True,True
Kepler-1653 b,Kepler-1653,transit,2017,140.2524,2.17,,4807.0,0.693,0.719,,0.19359443304487464,habitable,,False,True,True
Kepler-1654 b,Kepler-1654,transit,2018,1047.8356,9.180171,158.915,5597.0,1.179,1.011,0.5000031463558906,0.819,outer,0.0,True,True,True
Kepler-1655 b,Kepler-1655,transit,2018,11.8728787,2.213,5.4,6148.0,1.03,1.03,0.016990321809280493,0.19743063609599432,inner,0.0,True,True,True
Kepler-1656 b,Kepler-1656,transit,2018,31.562,4.574,47.8,5569.0,1.1,1.03,0.15039581157103843,0.4080649478097957,inner,0.0,True,True,True
Kepler-1656 c,Kepler-1656,radial velocity,2022,1919.0,14.0,126.4,5569.0,1.1,1.03,0.39769938457278786,1.248996342224998,outer,0.0,True,True,True
Kepler-1658 b,Kepler-1658,transit,2019,3.849372784,11.99363,1868.8404,6216.0,2.891,1.447,5.880037001145274,1.07,inner,0.0,True,True,True
Kepler-166 b,Kepler-166,transit,2014,7.650254,2.27,,5413.0,0.742,0.811,,0.20251583548933894,inner,,False,True,True
Kepler-166 c,Kepler-166,transit,2014,34.260281,2.38,,5413.0,0.742,0.811,,0.21232937817824962,inner,,False,True,True
Kepler-166 d,Kepler-166,transit,2016,1.554003928,1.73,,5350.0,0.83,0.88,,0.15434026228923187,inner,,False,True,True
Kepler-1660 AB b,Kepler-1660 A,eclipse timing variations,2023,239.5044,12.9,1586.599407744,6305.24,1.491,1.1366,4.992006392589703,1.1508609153358909,inner,0.0,True,True,True
Kepler-1661 b,Kepler-1661,transit,2020,175.06,3.87,17.0,5100.0,0.762,0.841,0.053488050140327474,0.34525827460076725,habitable,0.0,True,True,True
Kepler-1663 b,Kepler-1663,transit,2020,17.6046,3.30395896,,3844.0,0.62859,0.610816,,0.2947594754215363,inner,,False,True,True
Kepler-1664 b,Kepler-1664,transit,2020,14.3868,3.03320653,,5735.81,1.072,0.944,,0.2706045615130699,inner,,False,True,True
Kepler-1665 b,Kepler-1665,transit,2020,11.9548,2.83910787,,5049.84,0.777785,0.842,,0.25328823891515745,inner,,False,True,True
Kepler-1666 b,Kepler-1666,transit,2020,25.8476,2.88273782,,6293.0,1.14586,1.23,,0.257180642340976,inner,,False,True,True
Kepler-1666 c,Kepler-1666,transit,2020,40.7157,3.23564749,,6293.0,1.14586,1.23,,0.28866513426710677,inner,,False,True,True
Kepler-1667 b,Kepler-1667,transit,2020,83.5781,2.98385261,,5941.54,1.08751,1.09,,0.2662014996877509,inner,,False,True,True
Kepler-1668 b,Kepler-1668,transit,2020,15.434,4.34764405,,5542.0,1.01738,0.98,,0.3878708225533054,inner,,False,True,True
Kepler-1669 b,Kepler-1669,transit,2020,9.51216,2.78043818,,4303.0,0.714145,0.67,,0.24805407975733787,inner,,False,True,True
Kepler-1669 c,Kepler-1669,transit,2021,1.609320045,1.90120972,,4224.0,0.603,0.609,,0.1696145704344723,inner,,False,True,True
Kepler-1669 d,Kepler-1669,transit,2023,4.72941177,1.22,,4224.0,0.603,0.609,,0.10884110982246409,inner,,False,True,True
Kepler-167 b,Kepler-167,transit,2014,4.3931539,1.718,,4884.0,0.749,0.777,,0.15326969399589616,inner,,False,True,True
Kepler-167 c,Kepler-167,transit,2014,7.406106,1.674,,4884.0,0.749,0.777,,0.14934427692033186,inner,,False,True,True
Kepler-167 d,Kepler-167,transit,2016,21.80379,1.238,,4884.0,0.749,0.777,,0.11044696226246767,inner,,False,True,True
Kepler-167 e,Kepler-167,transit,2016,1071.23205,10.16,321.00669107,4884.0,0.749,0.777,1.010001293372516,0.9064144883575699,outer,0.0,True,True,True
Kepler-1670 b,Kepler-1670,transit,2020,20.4998,3.3564801,,5838.0,1.51889,1.05,,0.2994450976893568,inner,,False,True,True
Kepler-1671 b,Kepler-1671,transit,2020,4.16787,1.32557381,,5135.55,0.929771,0.866,,0.11825977428851817,inner,,False,True,True
Kepler-1672 b,Kepler-1672,transit,2020,150.878,2.97022762,,6131.95,1.08841,1.16,,0.2649859594968329,inner,,False,True,True
Kepler-1673 b,Kepler-1673,transit,2020,33.7888,2.9355194,,6014.95,1.13166,1.11,,0.2618894995093229,inner,,False,True,True
Kepler-1674 b,Kepler-1674,transit,2020,62.5611,3.2057749,,5473.91,0.877273,0.96,,0.286000080292622,inner,,False,True,True
Kepler-1675 b,Kepler-1675,transit,2020,63.0382,3.12483349,,5853.19,1.12865,1.06,,0.2787789713622982,inner,,False,True,True
Kepler-1676 b,Kepler-1676,transit,2020,29.9221,3.3769596,,5878.3,1.06066,1.07,,0.30127215630297083,inner,,False,True,True
Kepler-1677 b,Kepler-1677,transit,2020,22.064,2.70216183,,6013.72,1.24959,1.11,,0.24107073155500047,inner,,False,True,True
Kepler-1678 b,Kepler-1678,transit,2020,147.974,3.30422249,,5754.0,0.834976,1.03,,0.29478298599339814,inner,,False,True,True
Kepler-1679 b,Kepler-1679,transit,2020,9.75376,2.0692036,,5501.0,0.873196,0.96,,0.18460198055134266,inner,,False,True,True
Kepler-168 b,Kepler-168,transit,2014,4.425391,1.46,,6282.0,1.107,1.113,,0.13025247568917833,inner,,False,True,True
Kepler-168 c,Kepler-168,transit,2014,13.193242,2.69,,6282.0,1.107,1.113,,0.23998572575608887,inner,,False,True,True
Kepler-1680 b,Kepler-1680,transit,2020,8.77424,1.35954736,,5021.0,0.723259,0.834,,0.12129069140868946,inner,,False,True,True
Kepler-1681 b,Kepler-1681,transit,2020,69.8956,2.55321772,,5756.4,0.759,0.893,,0.22778282808457492,inner,,False,True,True
Kepler-1682 b,Kepler-1682,transit,2020,14.8334,2.88940836,,5619.12,0.842301,0.99,,0.25777574805959497,inner,,False,True,True
Kepler-1683 b,Kepler-1683,transit,2020,15.0337,1.87477762,,5429.0,0.900327,0.95,,0.16725645641894907,inner,,False,True,True
Kepler-1684 b,Kepler-1684,transit,2020,47.7055,2.87084792,,4706.54,0.666755,0.75,,0.25611989651173167,inner,,False,True,True
Kepler-1685 b,Kepler-1685,transit,2020,20.4905,2.57673985,,5484.0,0.835451,0.96,,0.22988133196538496,inner,,False,True,True
Kepler-1686 b,Kepler-1686,transit,2020,9.30987,1.42553017,,5714.96,1.19951,1.02,,0.12717728343295567,inner,,False,True,True
Kepler-1687 b,Kepler-1687,transit,2020,5.77954,1.65623882,,4132.0,0.726119,0.65,,0.1477597305736462,inner,,False,True,True
Kepler-1688 b,Kepler-1688,transit,2020,5.62012,1.26174569,,4632.11,0.746,0.814,,0.11256541083058257,inner,,False,True,True
Kepler-1689 b,Kepler-1689,transit,2020,8.483,0.94678642,,5731.43,0.996208,1.023,,0.08446662681773576,inner,,False,True,True
Kepler-169 b,Kepler-169,transit,2014,3.250619,1.13,,4997.0,0.763,0.825,,0.10081184762244624,inner,,False,True,True
Kepler-169 c,Kepler-169,transit,2014,6.195469,1.21,,4997.0,0.763,0.825,,0.10794896957801767,inner,,False,True,True
Kepler-169 d,Kepler-169,transit,2014,8.348125,1.25,,4997.0,0.763,0.825,,0.11151753055580338,inner,,False,True,True
Kepler-169 e,Kepler-169,transit,2014,13.767102,2.2,,4997.0,0.763,0.825,,0.19627085377821396,inner,,False,True,True
Kepler-169 f,Kepler-169,transit,2014,87.090195,2.58,,4997.0,0.763,0.825,,0.23017218306717818,inner,,False,True,True
Kepler-1690 b,Kepler-1690,transit,2020,234.636,2.81109223,,5404.0,0.862346,0.94,,0.25078885092336517,inner,,False,True,True
Kepler-1691 b,Kepler-1691,transit,2020,3.8482,1.83470985,,6000.0,1.13152,1.11,,0.16368184940672675,inner,,False,True,True
Kepler-1692 b,Kepler-1692,transit,2020,5.95966,1.11177184,,5146.0,0.866139,0.87,,0.0991856401106254,inner,,False,True,True
Kepler-1693 b,Kepler-1693,transit,2020,12.0999,1.28938413,,5432.34,0.878295,0.95,,0.11503114729235436,inner,,False,True,True
Kepler-1693 c,Kepler-1693,transit,2021,5.363709927,0.97698289,,5553.0,1.098,0.941,,0.08716057543045767,inner,,False,True,True
Kepler-1694 b,Kepler-1694,transit,2020,3.89526,1.17986031,,4954.0,0.756284,0.82,,0.10526008653760371,inner,,False,True,True
Kepler-1695 b,Kepler-1695,transit,2020,4.7329,1.11948901,,5473.19,0.987155,0.96,,0.09987411990364885,inner,,False,True,True
Kepler-1696 b,Kepler-1696,transit,2020,65.9409,2.80982017,,5712.0,1.19811,1.02,,0.2506753653314301,inner,,False,True,True
Kepler-1697 b,Kepler-1697,transit,2020,33.4969,1.25954761,,4681.53,0.772344,0.747,,0.1123693112677313,inner,,False,True,True
Kepler-1698 b,Kepler-1698,transit,2020,1.2107,1.07315686,,4975.03,0.741698,0.822,,0.09574064234097601,inner,,False,True,True
Kepler-1699 b,Kepler-1699,transit,2020,3.49082,1.56671124,,5575.53,0.725,0.81,,0.13977261486305648,inner,,False,True,True
Kepler-17 b,Kepler-17,transit,2011,1.4857108,14.68,778.65,5781.0,1.01034,1.04,2.449910014221529,1.3096618788473549,inner,0.0,True,True,True
Kepler-170 b,Kepler-170,transit,2014,7.930592,3.2,82.6,5679.0,1.035,1.066,0.25988899656417935,0.2854848782228567,inner,0.0,True,True,True
Kepler-170 c,Kepler-170,transit,2014,16.665863,2.86,,5679.0,1.035,1.066,,0.25515210991167814,inner,,False,True,True
Kepler-1700 b,Kepler-1700,transit,2020,234.239,2.90129941,,6031.0,1.0937,1.12,,0.25883659648496743,inner,,False,True,True
Kepler-1701 b,Kepler-1701,transit,2020,169.134,2.22186207,,5146.0,0.840217,0.87,,0.19822125702560442,inner,,False,True,True
Kepler-1702 b,Kepler-1702,transit,2020,18.5012,1.60190793,,5093.0,0.725742,0.85,,0.142912653225087,inner,,False,True,True
Kepler-1704 b,Kepler-1704,transit,2013,988.88112,11.94877343,1322.16617312,5746.0,1.697,1.132,4.1600053271580855,1.0659981648675172,habitable,0.0,True,True,True
Kepler-1705 b,Kepler-1705,transit,2021,9.03502,2.03,4.47,6312.0,1.259,1.139,0.014064210831015517,0.18110446962262466,inner,0.0,True,True,True
Kepler-1705 c,Kepler-1705,transit,2021,11.28,2.05,5.42,6312.0,1.259,1.139,0.017053248927092642,0.18288875011151753,inner,0.0,True,True,True
Kepler-1708 b,Kepler-1708,transit,2021,737.1131,9.96,1462.0106722,6157.0,1.117,1.088,4.600005890607499,0.8885716834686413,habitable,0.0,True,True,True
Kepler-1709 b,Kepler-1709,transit,2021,65.70459747,3.12424875,,5918.0,1.043,1.003,,0.2787268043536444,inner,,False,True,True
Kepler-171 b,Kepler-171,transit,2014,4.166972,2.34,,5642.0,0.839,0.978,,0.2087608172004639,inner,,False,True,True
Kepler-171 c,Kepler-171,transit,2014,11.463462,2.56,,5642.0,0.839,0.978,,0.2283879025782853,inner,,False,True,True
Kepler-171 d,Kepler-171,transit,2014,39.595519,1.89,,5642.0,0.839,0.978,,0.1686145062003747,inner,,False,True,True
Kepler-1710 b,Kepler-1710,transit,2021,14.91110039,3.19744103,,5650.0,0.899,0.932,,0.28525658221072353,inner,,False,True,True
Kepler-1711 b,Kepler-1711,transit,2021,21.06080055,1.923,,5706.0,1.034,0.94,,0.1715585690070479,inner,,False,True,True
Kepler-1712 b,Kepler-1712,transit,2021,13.81499958,2.28372556,,3732.0,0.509,0.515,,0.20374034793469536,inner,,False,True,True
Kepler-1713 b,Kepler-1713,transit,2021,18.01160049,1.71673535,,6477.0,1.459,1.3,,0.15315686947988225,inner,,False,True,True
Kepler-1714 b,Kepler-1714,transit,2021,10.27530003,3.26437302,,6150.0,2.086,1.448,,0.2912278544027121,inner,,False,True,True
Kepler-1715 b,Kepler-1715,transit,2021,35.59730148,4.14042267,,6212.0,1.209,1.082,,0.36938376929253286,inner,,False,True,True
Kepler-1716 b,Kepler-1716,transit,2021,35.58100128,2.4247685,,4894.0,0.684,0.753,,0.2163233562315996,inner,,False,True,True
Kepler-1717 b,Kepler-1717,transit,2021,30.65279961,2.98929758,,6200.0,1.64,1.158,,0.26668726737443127,inner,,False,True,True
Kepler-1718 b,Kepler-1718,transit,2021,135.1880035,2.5685207,,5731.0,0.906,0.846,,0.2291480685163708,inner,,False,True,True
Kepler-1719 b,Kepler-1719,transit,2021,6.149559975,3.95000623,,5687.0,1.775,1.08,,0.35239595235971094,inner,,False,True,True
Kepler-172 b,Kepler-172,transit,2014,2.940309,2.35,,5526.0,1.085,1.081,,0.20965295744491036,inner,,False,True,True
Kepler-172 c,Kepler-172,transit,2014,6.388996,2.86,,5526.0,1.085,1.081,,0.25515210991167814,inner,,False,True,True
Kepler-172 d,Kepler-172,transit,2014,14.627119,2.25,,5526.0,1.085,1.081,,0.20073155500044607,inner,,False,True,True
Kepler-172 e,Kepler-172,transit,2014,35.118736,2.76,,5526.0,1.085,1.081,,0.24623070746721384,inner,,False,True,True
Kepler-1720 b,Kepler-1720,transit,2021,12.70639992,3.21585295,,5573.0,0.839,0.939,,0.28689918369167633,inner,,False,True,True
Kepler-1721 b,Kepler-1721,transit,2021,4.592380047,3.11856756,,5351.0,0.796,0.89,,0.2782199625301097,inner,,False,True,True
Kepler-1722 b,Kepler-1722,transit,2021,9.178569794,2.86719266,,5506.0,0.788,0.876,,0.25579379605674013,inner,,False,True,True
Kepler-1723 b,Kepler-1723,transit,2021,39.75289917,2.88046569,,6072.0,1.01,0.96,,0.2569779364796146,inner,,False,True,True
Kepler-1724 b,Kepler-1724,transit,2021,6.45442009,2.83677238,,6092.0,0.943,1.016,,0.2530798804532073,inner,,False,True,True
Kepler-1725 b,Kepler-1725,transit,2021,16.71990013,2.8125177,,6020.0,1.085,1.049,,0.2509160228387903,inner,,False,True,True
Kepler-1726 b,Kepler-1726,transit,2021,18.39629936,2.50861954,,5316.0,0.804,0.876,,0.22380404496386835,inner,,False,True,True
Kepler-1727 b,Kepler-1727,transit,2021,9.029299736,3.17321625,,5349.0,0.82,0.824,,0.28309539209563744,inner,,False,True,True
Kepler-1728 b,Kepler-1728,transit,2021,4.782999992,2.95501875,,5170.0,0.807,0.891,,0.2636291149968775,inner,,False,True,True
Kepler-1729 b,Kepler-1729,transit,2021,4.220970154,3.89404186,,3837.0,0.517,0.544,,0.34740314568650194,inner,,False,True,True
Kepler-173 b,Kepler-173,transit,2014,4.263742,1.29,,6031.0,0.949,1.067,,0.11508609153358909,inner,,False,True,True
Kepler-173 c,Kepler-173,transit,2014,8.005777,2.43,,6031.0,0.949,1.067,,0.21679007940048178,inner,,False,True,True
Kepler-1730 b,Kepler-1730,transit,2021,13.81019974,4.48524519,,5942.0,1.142,1.009,,0.40014677402087606,inner,,False,True,True
Kepler-1731 b,Kepler-1731,transit,2021,21.76129913,2.93295657,,4859.0,0.72,0.781,,0.2616608591310554,inner,,False,True,True
Kepler-1732 b,Kepler-1732,transit,2021,32.31240082,4.09903273,,5821.0,1.494,1.043,,0.3656912061736105,inner,,False,True,True
Kepler-1733 b,Kepler-1733,transit,2021,9.229579926,3.63582354,,6320.0,1.252,1.273,,0.32436645017396737,inner,,False,True,True
Kepler-1734 b,Kepler-1734,transit,2021,6.796850204,3.08851092,,6061.0,0.97,1.05,,0.27553848871442593,inner,,False,True,True
Kepler-1735 b,Kepler-1735,transit,2021,7.71792984,1.19429134,,3975.0,0.509,0.535,,0.10654753680078508,inner,,False,True,True
Kepler-1736 b,Kepler-1736,transit,2021,37.81029892,3.8765856,,6085.0,0.973,0.976,,0.3458458024801499,inner,,False,True,True
Kepler-1737 b,Kepler-1737,transit,2021,64.61750031,5.395,,5043.0,0.881,0.834,,0.48130966187884733,inner,,False,True,True
Kepler-1738 b,Kepler-1738,transit,2021,7.674630165,2.82472883,,6063.0,1.001,1.079,,0.252005426889107,inner,,False,True,True
Kepler-1739 b,Kepler-1739,transit,2021,7.343709946,2.43056832,,5757.0,0.762,0.865,,0.21684078151485414,inner,,False,True,True
Kepler-174 b,Kepler-174,transit,2014,13.98179,1.96,,4880.0,0.622,0.602,,0.1748594879114997,inner,,False,True,True
Kepler-174 c,Kepler-174,transit,2014,44.000529,1.49,,4880.0,0.622,0.602,,0.13292889642251762,inner,,False,True,True
Kepler-174 d,Kepler-174,transit,2014,247.35373,2.19,,4880.0,0.622,0.602,,0.1953787135337675,outer,,False,True,True
Kepler-1740 b,Kepler-1740,transit,2021,8.172400475,3.32321414,,5705.0,0.905,0.943,,0.2964773075207423,inner,,False,True,True
Kepler-1741 b,Kepler-1741,transit,2021,2.757590055,1.273,,3683.0,0.424,0.454,,0.11356945311803016,inner,,False,True,True
Kepler-1742 b,Kepler-1742,transit,2021,49.47819901,2.1782413,,5776.0,0.849,0.939,,0.19432967258453027,inner,,False,True,True
Kepler-1743 b,Kepler-1743,transit,2021,7.649710178,1.59887007,,5855.0,1.613,1.266,,0.14264163350878759,inner,,False,True,True
Kepler-1744 b,Kepler-1744,transit,2021,37.10110092,3.76754004,,5986.0,0.85,0.886,,0.33611740922473016,inner,,False,True,True
Kepler-1745 b,Kepler-1745,transit,2021,3.016190052,1.92872921,,5611.0,1.4,0.995,,0.1720696948880364,inner,,False,True,True
Kepler-1746 b,Kepler-1746,transit,2021,321.2120056,8.93504475,,6018.0,1.286,1.09,,0.7971313007404763,inner,,False,True,True
Kepler-1747 b,Kepler-1747,transit,2021,6.230319977,4.26508,,5477.0,0.865,0.983,,0.3805049513783567,inner,,False,True,True
Kepler-1748 b,Kepler-1748,transit,2021,5.823520184,2.71275017,,5774.0,0.864,0.916,,0.24201535997858864,inner,,False,True,True
Kepler-1749 b,Kepler-1749,transit,2021,14.53409958,1.61301783,,3957.0,0.553,0.551,,0.1439038121152645,inner,,False,True,True
Kepler-175 b,Kepler-175,transit,2014,11.903515,2.56,,6064.0,1.01,0.969,,0.2283879025782853,inner,,False,True,True
Kepler-175 c,Kepler-175,transit,2014,34.035257,3.1,,6064.0,1.01,0.969,,0.27656347577839235,inner,,False,True,True
Kepler-1750 b,Kepler-1750,transit,2021,205.9120026,6.00434637,,5644.0,0.969,0.981,,0.5356719038272817,inner,,False,True,True
Kepler-1751 b,Kepler-1751,transit,2021,7.017310143,1.82417378,,6052.0,0.967,0.974,,0.16274188420019628,inner,,False,True,True
Kepler-1752 b,Kepler-1752,transit,2021,56.35850143,4.54060463,,5446.0,0.821,0.824,,0.4050856124542778,inner,,False,True,True
Kepler-1753 b,Kepler-1753,transit,2021,16.00460052,2.22678077,,5180.0,0.769,0.86,,0.1986600740476403,inner,,False,True,True
Kepler-1754 b,Kepler-1754,transit,2021,8.195949554,2.43996509,,4723.0,0.747,0.734,,0.2176791051833348,inner,,False,True,True
Kepler-1755 b,Kepler-1755,transit,2021,24.81209946,5.91688317,,6086.0,0.921,1.003,,0.527868959764475,inner,,False,True,True
Kepler-1756 b,Kepler-1756,transit,2021,2.355750084,1.47199944,,4915.0,0.812,0.781,,0.13132299402266037,inner,,False,True,True
Kepler-1757 b,Kepler-1757,transit,2021,19.65640068,2.94660251,,5288.0,0.74,0.828,,0.26287826835578554,inner,,False,True,True
Kepler-1758 b,Kepler-1758,transit,2021,9.977210045,2.57059831,,5557.0,1.616,1.035,,0.2293334204656972,inner,,False,True,True
Kepler-1759 b,Kepler-1759,transit,2021,3.720230103,0.9037791,,5017.0,0.797,0.76,,0.08062977071995718,inner,,False,True,True
Kepler-176 b,Kepler-176,transit,2014,5.433074,1.43,290.537,5232.0,0.891,0.86,0.9141328013894308,0.12757605495583907,inner,0.0,True,True,True
Kepler-176 c,Kepler-176,transit,2014,12.759712,2.6,1.33,5232.0,0.891,0.86,0.004184653334507973,0.23195646355607102,inner,0.0,True,True,True
Kepler-176 d,Kepler-176,transit,2014,25.751974,2.51,1.72,5232.0,0.891,0.86,0.005411732131844898,0.22392720135605315,inner,0.0,True,True,True
Kepler-176 e,Kepler-176,transit,2016,51.16579,1.45,0.52075,5295.0,0.83,0.87,0.001638464830033855,0.1293603354447319,inner,0.5351448814415399,True,True,True
Kepler-1760 b,Kepler-1760,transit,2021,38.3260994,2.28995546,,5229.0,0.903,0.821,,0.204296142385583,inner,,False,True,True
Kepler-1761 b,Kepler-1761,transit,2021,4.043540001,1.39109603,,3871.0,0.532,0.573,,0.1241052752252654,inner,,False,True,True
Kepler-1762 b,Kepler-1762,transit,2021,29.53910065,2.76022913,,6572.0,1.238,1.298,,0.24625114907663484,inner,,False,True,True
Kepler-1763 b,Kepler-1763,transit,2021,1.480280042,1.14651332,,5897.0,1.259,1.026,,0.10228506735658846,inner,,False,True,True
Kepler-1764 b,Kepler-1764,transit,2021,70.46829987,4.55527871,,6461.0,1.131,1.162,,0.40639474618610044,inner,,False,True,True
Kepler-1765 b,Kepler-1765,transit,2021,10.41889954,2.49508857,,5692.0,1.064,0.946,,0.2225968926755286,inner,,False,True,True
Kepler-1766 b,Kepler-1766,transit,2021,105.0149994,2.27904508,,5868.0,1.042,0.915,,0.20332278347756266,inner,,False,True,True
Kepler-1767 b,Kepler-1767,transit,2021,59.65829849,3.01299077,,5243.0,0.831,0.887,,0.26880103220626284,inner,,False,True,True
Kepler-1768 b,Kepler-1768,transit,2021,15.13589954,2.23346338,,6050.0,1.572,1.24,,0.1992562565795343,inner,,False,True,True
Kepler-1769 b,Kepler-1769,transit,2021,89.1934967,4.465,,6071.0,1.295,1.061,,0.39834061914532964,inner,,False,True,True
Kepler-177 b,Kepler-177,transit,2013,36.8601,3.5,5.84,5732.0,1.324,0.921,0.01837471840114779,0.3122490855562495,inner,0.0,True,True,True
Kepler-177 c,Kepler-177,transit,2013,49.40926,8.73,14.7,5732.0,1.324,0.921,0.04625143159193023,0.7788384334017309,inner,0.0,True,True,True
Kepler-1770 b,Kepler-1770,transit,2021,16.84189987,2.84141754,,5602.0,1.009,0.941,,0.25349429387099653,inner,,False,True,True
Kepler-1771 b,Kepler-1771,transit,2021,88.64399719,4.05537256,,5661.0,0.934,0.941,,0.36179610669997325,inner,,False,True,True
Kepler-1772 b,Kepler-1772,transit,2021,3.215090036,2.68609988,,5541.0,0.934,0.942,,0.23963778035507183,inner,,False,True,True
Kepler-1773 b,Kepler-1773,transit,2021,40.80970001,3.50469499,,6183.0,1.3,1.241,,0.3126679445088768,inner,,False,True,True
Kepler-1774 b,Kepler-1774,transit,2021,59.77080154,3.18179549,,6214.0,1.122,1.101,,0.28386078062271386,inner,,False,True,True
Kepler-1775 b,Kepler-1775,transit,2021,85.65399933,3.64762153,,5818.0,1.647,1.149,,0.325418996342225,inner,,False,True,True
Kepler-1776 b,Kepler-1776,transit,2021,35.01190186,2.61157023,,5872.0,1.153,1.041,,0.23298869033812114,inner,,False,True,True
Kepler-1777 b,Kepler-1777,transit,2021,12.18420029,2.13189678,,5771.0,1.068,0.984,,0.19019509144437505,inner,,False,True,True
Kepler-1778 b,Kepler-1778,transit,2021,10.08740044,3.01665969,,6310.0,1.095,1.143,,0.26912835132482826,inner,,False,True,True
Kepler-1779 b,Kepler-1779,transit,2021,16.34359932,3.03295685,,5730.0,1.056,1.008,,0.2705822865554465,inner,,False,True,True
Kepler-178 b,Kepler-178,transit,2014,9.576694,2.9,,5676.0,1.066,0.852,,0.2587206708894638,inner,,False,True,True
Kepler-178 c,Kepler-178,transit,2014,20.552802,2.88,,5676.0,1.066,0.852,,0.256936390400571,inner,,False,True,True
Kepler-178 d,Kepler-178,transit,2014,96.678988,3.95,,5676.0,1.066,0.852,,0.35239539655633867,inner,,False,True,True
Kepler-1780 b,Kepler-1780,transit,2021,109.4449997,3.60600667,,5403.0,0.868,0.868,,0.3217063672049246,inner,,False,True,True
Kepler-1781 b,Kepler-1781,transit,2021,4.88752985,2.38091029,,5568.0,0.957,1.053,,0.21241058881256136,inner,,False,True,True
Kepler-1782 b,Kepler-1782,transit,2021,5.756229877,2.22927435,,4931.0,0.734,0.794,,0.19888253635471495,inner,,False,True,True
Kepler-1783 b,Kepler-1783,transit,2021,8.277440071,1.31946731,,5129.0,1.781,0.887,,0.11771498884824695,inner,,False,True,True
Kepler-1784 b,Kepler-1784,transit,2021,13.59049988,2.79936489,,5442.0,0.974,0.887,,0.24974260772593454,inner,,False,True,True
Kepler-1785 b,Kepler-1785,transit,2021,19.58550072,2.70422447,,5618.0,0.996,0.911,,0.24125474797038096,inner,,False,True,True
Kepler-1786 b,Kepler-1786,transit,2021,78.5460968,3.16305828,,5808.0,1.397,1.058,,0.2821891587117495,inner,,False,True,True
Kepler-1787 b,Kepler-1787,transit,2021,39.31370163,2.31898181,,6060.0,0.925,1.008,,0.20688569988402178,inner,,False,True,True
Kepler-1788 b,Kepler-1788,transit,2021,2.800120115,2.37850461,,4786.0,0.704,0.686,,0.21219596841823535,inner,,False,True,True
Kepler-1789 b,Kepler-1789,transit,2021,80.23190308,2.83137505,,5436.0,0.888,0.92,,0.2525983629226515,inner,,False,True,True
Kepler-179 b,Kepler-179,transit,2014,2.735926,1.64,,5302.0,0.759,0.893,,0.14631100008921402,inner,,False,True,True
Kepler-179 c,Kepler-179,transit,2014,6.40013,2.0,,5302.0,0.759,0.893,,0.1784280488892854,inner,,False,True,True
Kepler-1790 b,Kepler-1790,transit,2021,31.58889961,3.1446145,,5866.0,1.367,1.02,,0.2805437148719779,inner,,False,True,True
Kepler-1791 b,Kepler-1791,transit,2021,7.720860004,3.12103321,,5887.0,1.177,0.985,,0.2784399330894817,inner,,False,True,True
Kepler-1792 b,Kepler-1792,transit,2021,4.1957798,2.51990972,,5229.0,1.005,0.878,,0.22481128735837272,inner,,False,True,True
Kepler-1793 b,Kepler-1793,transit,2021,8.779999733,3.79037518,,5191.0,0.764,0.85,,0.338154623962887,inner,,False,True,True
Kepler-1794 b,Kepler-1794,transit,2021,9.762980461,1.79426276,,5052.0,0.816,0.773,,0.16007340173075207,inner,,False,True,True
Kepler-1795 b,Kepler-1795,transit,2021,13.36019993,1.66301611,,4500.0,0.688,0.768,,0.14836435988937463,inner,,False,True,True
Kepler-1796 b,Kepler-1796,transit,2021,29.4557991,2.75047868,,6036.0,0.949,1.018,,0.2453812721919886,inner,,False,True,True
Kepler-1797 b,Kepler-1797,transit,2021,23.3593998,3.05774442,,6244.0,1.009,1.069,,0.27279368543134985,inner,,False,True,True
Kepler-1798 b,Kepler-1798,transit,2021,16.85589981,2.30911251,,3967.0,0.587,0.593,,0.20600521991257026,inner,,False,True,True
Kepler-1799 b,Kepler-1799,transit,2021,11.9296999,4.12801189,,5831.0,0.921,1.016,,0.3682765536622357,inner,,False,True,True
Kepler-18 b,Kepler-18,transit,2011,3.504725,2.0,6.9,5345.0,1.108,0.972,0.02170985564519174,0.1784280488892854,inner,0.0,True,True,True
Kepler-18 c,Kepler-18,transit,2011,7.64159,5.49,17.3,5345.0,1.108,0.972,0.05443195690750973,0.48978499420108845,inner,0.0,True,True,True
Kepler-18 d,Kepler-18,transit,2011,14.85888,6.98,16.4,5345.0,1.108,0.972,0.051600236605962975,0.622713890623606,inner,0.0,True,True,True
Kepler-180 b,Kepler-180,transit,2014,13.817124,1.5,,5731.0,1.063,0.95,,0.13382103666696404,inner,,False,True,True
Kepler-180 c,Kepler-180,transit,2014,41.885775,3.01,,5731.0,1.063,0.95,,0.26853421357837454,inner,,False,True,True
Kepler-1800 b,Kepler-1800,transit,2021,4.562029839,0.99679734,,5343.0,2.506,1.33,,0.08892830225711482,inner,,False,True,True
Kepler-1801 b,Kepler-1801,transit,2021,10.44089985,2.70926154,,5738.0,0.981,0.936,,0.24170412525649032,inner,,False,True,True
Kepler-1801 c,Kepler-1801,transit,2023,116.583183,2.91,,5738.0,0.981,0.936,,0.25961281113391027,inner,,False,True,True
Kepler-1802 b,Kepler-1802,transit,2021,15.45020008,1.671,,4245.0,0.637,0.649,,0.14907663484699796,inner,,False,True,True
Kepler-1802 c,Kepler-1802,transit,2021,33.13610077,2.322,,4245.0,0.637,0.649,,0.20715496476046036,inner,,False,True,True
Kepler-1804 b,Kepler-1804,transit,2021,12.28849983,1.59615726,,5109.0,1.671,0.929,,0.14239961281113392,inner,,False,True,True
Kepler-1805 b,Kepler-1805,transit,2021,8.847940445,1.54502915,,3867.0,0.552,0.581,,0.13783826835578553,inner,,False,True,True
Kepler-1806 b,Kepler-1806,transit,2021,9.033320427,2.35560189,,5311.0,0.788,0.884,,0.21015272459630654,inner,,False,True,True
Kepler-1807 b,Kepler-1807,transit,2021,10.86060047,2.70393215,,6455.0,1.496,1.087,,0.2412286689267553,inner,,False,True,True
Kepler-1808 b,Kepler-1808,transit,2021,23.3404007,3.02511302,,5530.0,0.892,0.773,,0.2698825069140869,inner,,False,True,True
Kepler-1809 b,Kepler-1809,transit,2021,3.7572999,1.513,,4901.0,0.716,0.807,,0.1349808189847444,inner,,False,True,True
Kepler-181 b,Kepler-181,transit,2014,3.137873,1.27,,5333.0,0.749,0.81,,0.11330181104469624,inner,,False,True,True
Kepler-181 c,Kepler-181,transit,2014,4.302149,1.99,,5333.0,0.749,0.81,,0.17753590864483898,inner,,False,True,True
Kepler-1810 b,Kepler-1810,transit,2021,101.1330032,3.91815325,,5492.0,1.016,0.921,,0.34955421982335627,inner,,False,True,True
Kepler-1811 b,Kepler-1811,transit,2021,76.42230225,3.84829873,,5561.0,1.19,0.946,,0.34332221696850745,inner,,False,True,True
Kepler-1812 b,Kepler-1812,transit,2021,7.165219784,2.3249424,,6174.0,1.103,1.162,,0.20741746810598624,inner,,False,True,True
Kepler-1813 b,Kepler-1813,transit,2021,2.818160057,1.413,,5167.0,0.787,0.812,,0.12605941654028013,inner,,False,True,True
Kepler-1814 b,Kepler-1814,transit,2021,2.935359955,2.36961357,,4922.0,0.823,0.79,,0.21140276295833704,inner,,False,True,True
Kepler-1814 c,Kepler-1814,transit,2023,0.626281766,1.76,,4922.0,0.823,0.79,,0.15701668302257116,inner,,False,True,True
Kepler-1815 b,Kepler-1815,transit,2021,12.19139957,2.7489262,,5516.0,0.967,0.856,,0.24524276920331878,inner,,False,True,True
Kepler-1816 b,Kepler-1816,transit,2021,91.50099945,1.9679397,,5051.0,0.706,0.786,,0.17556782050138284,inner,,False,True,True
Kepler-1817 b,Kepler-1817,transit,2021,44.29919815,2.27349126,,5316.0,0.915,0.878,,0.20282730484432154,inner,,False,True,True
Kepler-1818 b,Kepler-1818,transit,2021,4.644909859,1.71360684,,6047.0,1.129,1.021,,0.15287776251226692,inner,,False,True,True
Kepler-1819 b,Kepler-1819,transit,2021,16.48690033,3.90351256,,6090.0,1.071,1.173,,0.3482480649478098,inner,,False,True,True
Kepler-182 b,Kepler-182,transit,2014,9.825792,2.58,,6250.0,1.146,1.114,,0.23017218306717818,inner,,False,True,True
Kepler-182 c,Kepler-182,transit,2014,20.684342,3.43,,6250.0,1.146,1.114,,0.3060041038451245,inner,,False,True,True
Kepler-1820 b,Kepler-1820,transit,2021,31.03249931,3.11883067,,5841.0,0.931,1.047,,0.27824343563208137,inner,,False,True,True
Kepler-1821 b,Kepler-1821,transit,2021,16.45809937,2.59248115,,5475.0,0.884,0.946,,0.2312856766883754,inner,,False,True,True
Kepler-1822 b,Kepler-1822,transit,2021,22.13339996,2.64755943,,5165.0,0.702,0.782,,0.23619943170666427,inner,,False,True,True
Kepler-1823 b,Kepler-1823,transit,2021,21.10339928,2.0861268,,6000.0,1.126,1.068,,0.18611176732982426,inner,,False,True,True
Kepler-1824 b,Kepler-1824,transit,2021,95.61100006,2.38127597,,6002.0,1.081,1.135,,0.21244321259702026,inner,,False,True,True
Kepler-1825 b,Kepler-1825,transit,2021,1.025869966,1.42200732,,5123.0,0.847,0.828,,0.12686299580694085,inner,,False,True,True
Kepler-1826 b,Kepler-1826,transit,2021,1.615360022,1.47519116,,3821.0,0.486,0.49,,0.13160774020876082,inner,,False,True,True
Kepler-1827 b,Kepler-1827,transit,2021,3.700619936,1.85644292,,5423.0,1.404,0.915,,0.16562074404496388,inner,,False,True,True
Kepler-1828 b,Kepler-1828,transit,2021,10.2737999,2.11598626,,5806.0,0.899,0.996,,0.1887756499241681,inner,,False,True,True
Kepler-1829 b,Kepler-1829,transit,2021,5.186719894,2.47887001,,5230.0,0.777,0.873,,0.2211499696672317,inner,,False,True,True
Kepler-183 b,Kepler-183,transit,2014,5.687945,2.06,,5888.0,0.958,0.99,,0.18378089035596396,inner,,False,True,True
Kepler-183 c,Kepler-183,transit,2014,11.637071,2.27,35.7,5888.0,0.958,0.99,0.11232490529468771,0.20251583548933894,inner,0.0,True,True,True
Kepler-1830 b,Kepler-1830,transit,2021,56.49330139,3.32992941,,6160.0,2.046,1.443,,0.29707640378267464,inner,,False,True,True
Kepler-1831 b,Kepler-1831,transit,2021,5.78387022,1.97019818,,6063.0,1.012,1.117,,0.17576930859131054,inner,,False,True,True
Kepler-1832 b,Kepler-1832,transit,2021,3.138789892,1.22719556,,5242.0,0.722,0.684,,0.10948305468819698,inner,,False,True,True
Kepler-1833 b,Kepler-1833,transit,2021,6.892129898,1.30027362,,6164.0,1.446,1.286,,0.11600264251940405,inner,,False,True,True
Kepler-1834 b,Kepler-1834,transit,2021,4.603010178,1.4593834,,4821.0,0.788,0.765,,0.13019746632170578,inner,,False,True,True
Kepler-1834 c,Kepler-1834,transit,2023,0.766691517,1.22,,4821.0,0.788,0.765,,0.10884110982246409,inner,,False,True,True
Kepler-1835 b,Kepler-1835,transit,2021,11.96409988,3.53387773,,5903.0,0.961,0.922,,0.3152714541885985,inner,,False,True,True
Kepler-1836 b,Kepler-1836,transit,2021,5.254169941,2.55303229,,6123.0,0.987,1.053,,0.22776628512802213,inner,,False,True,True
Kepler-1837 b,Kepler-1837,transit,2021,5.906089783,2.06673842,,5966.0,0.961,1.049,,0.18438205192256224,inner,,False,True,True
Kepler-1838 b,Kepler-1838,transit,2021,12.14680004,1.66049425,,5877.0,1.963,1.187,,0.14813937460968865,inner,,False,True,True
Kepler-1839 b,Kepler-1839,transit,2021,5.056759834,1.9493759,,5926.0,0.939,1.03,,0.17391166919439735,inner,,False,True,True
Kepler-184 b,Kepler-184,transit,2014,10.687576,2.36,,5788.0,0.873,0.872,,0.21054509768935675,inner,,False,True,True
Kepler-184 c,Kepler-184,transit,2014,20.303005,1.97,8.8,5788.0,0.873,0.872,0.02768793183734599,0.1757516281559461,inner,0.0,True,True,True
Kepler-184 d,Kepler-184,transit,2014,29.022358,2.49,,5788.0,0.873,0.872,,0.22214292086716034,inner,,False,True,True
Kepler-1840 b,Kepler-1840,transit,2021,131.1900024,2.77771129,,4898.0,0.803,0.774,,0.24781080292622001,inner,,False,True,True
Kepler-1841 b,Kepler-1841,transit,2021,25.88599968,1.48912557,,5190.0,0.899,0.823,,0.13285088500312248,inner,,False,True,True
Kepler-1842 b,Kepler-1842,transit,2021,14.02639961,2.35388681,,5970.0,1.131,1.057,,0.20999971540726203,inner,,False,True,True
Kepler-1843 b,Kepler-1843,transit,2021,25.54339981,2.70909809,,5422.0,1.782,1.02,,0.24168954322419484,inner,,False,True,True
Kepler-1844 b,Kepler-1844,transit,2021,3.924510002,3.03648191,,5776.0,0.849,0.939,,0.27089677134445533,inner,,False,True,True
Kepler-1845 b,Kepler-1845,transit,2021,11.60649967,2.43836702,,4703.0,0.701,0.686,,0.21753653492729055,inner,,False,True,True
Kepler-1846 b,Kepler-1846,transit,2021,14.82009983,1.76378826,,4825.0,0.732,0.785,,0.1573546489428138,inner,,False,True,True
Kepler-1847 b,Kepler-1847,transit,2021,11.12969971,2.74516914,,6122.0,0.964,1.041,,0.24490758676063876,inner,,False,True,True
Kepler-1848 b,Kepler-1848,transit,2021,5.604020119,1.4088539,,4847.0,0.737,0.756,,0.1256895262735302,inner,,False,True,True
Kepler-1849 b,Kepler-1849,transit,2021,57.29290009,2.38685349,,4806.0,0.729,0.709,,0.21294080560264075,inner,,False,True,True
Kepler-185 b,Kepler-185,transit,2014,1.6329,1.17,,5208.0,0.806,0.763,,0.10438040860023196,inner,,False,True,True
Kepler-185 c,Kepler-185,transit,2014,20.729042,2.02,,5208.0,0.806,0.763,,0.18021232937817827,inner,,False,True,True
Kepler-1850 b,Kepler-1850,transit,2021,1.385800004,0.72909663,,4239.0,0.6,0.611,,0.06504564457132661,inner,,False,True,True
Kepler-1851 b,Kepler-1851,transit,2021,12.02289963,3.90012032,,5982.0,0.879,0.967,,0.3479454295655277,inner,,False,True,True
Kepler-1852 b,Kepler-1852,transit,2021,7.970940113,1.88610592,,5237.0,0.826,0.927,,0.16826709965206532,inner,,False,True,True
Kepler-1853 b,Kepler-1853,transit,2021,48.88819885,1.51862272,,4821.0,0.788,0.765,,0.1354824444642698,inner,,False,True,True
Kepler-1854 b,Kepler-1854,transit,2021,39.83110046,2.58746104,,5026.0,0.759,0.8,,0.23083781247212062,inner,,False,True,True
Kepler-1855 b,Kepler-1855,transit,2021,0.727330983,1.216205,,3460.0,0.356,0.385,,0.10850254259969667,inner,,False,True,True
Kepler-1856 b,Kepler-1856,transit,2021,1.302000046,1.73447868,,4948.0,0.816,0.782,,0.1547398233562316,inner,,False,True,True
Kepler-1857 b,Kepler-1857,transit,2021,8.94340992,1.96065412,,6074.0,1.005,0.873,,0.17491784458916942,inner,,False,True,True
Kepler-1858 b,Kepler-1858,transit,2021,88.07160187,2.42168247,,4939.0,0.819,0.785,,0.21604803907574271,inner,,False,True,True
Kepler-1859 b,Kepler-1859,transit,2021,2.729599953,1.58313575,,5887.0,1.235,1.09,,0.14123791149968776,inner,,False,True,True
Kepler-1859 c,Kepler-1859,transit,2023,3.59645081,1.66,,5887.0,1.235,1.09,,0.14809528057810686,inner,,False,True,True
Kepler-186 b,Kepler-186,transit,2014,3.8867907,1.07,,3788.0,0.472,0.478,,0.09545900615576769,inner,,False,True,True
Kepler-186 c,Kepler-186,transit,2014,7.267302,1.25,,3788.0,0.472,0.478,,0.11151753055580338,inner,,False,True,True
Kepler-186 d,Kepler-186,transit,2014,13.342996,1.4,,3788.0,0.472,0.478,,0.12489963422249978,inner,,False,True,True
Kepler-186 e,Kepler-186,transit,2014,22.407704,1.27,,3788.0,0.472,0.478,,0.11330181104469624,inner,,False,True,True
Kepler-186 f,Kepler-186,transit,2014,129.9441,1.17,,3755.0,0.523,0.544,,0.10438040860023196,outer,,False,True,True
Kepler-1860 b,Kepler-1860,transit,2021,12.73719978,1.13863767,,5420.0,0.868,0.874,,0.10158244892497101,inner,,False,True,True
Kepler-1861 b,Kepler-1861,transit,2021,40.0306015,2.20677414,,5855.0,1.373,1.161,,0.19687520206976536,inner,,False,True,True
Kepler-1862 b,Kepler-1862,transit,2021,16.05730057,2.203,,5644.0,0.806,0.9,,0.19653849585154787,inner,,False,True,True
Kepler-1863 b,Kepler-1863,transit,2021,44.99760056,2.26309256,,5871.0,0.983,1.097,,0.20189959496832904,inner,,False,True,True
Kepler-1864 b,Kepler-1864,transit,2021,3.881510019,0.75408365,,5854.0,0.979,1.03,,0.06727483718440538,inner,,False,True,True
Kepler-1865 b,Kepler-1865,transit,2021,2.524009943,1.57686072,,5420.0,0.871,0.849,,0.1406780908198769,inner,,False,True,True
Kepler-1866 b,Kepler-1866,transit,2021,11.66009998,2.08215108,,5791.0,1.083,1.03,,0.1857570773485592,inner,,False,True,True
Kepler-1867 b,Kepler-1867,transit,2021,9.887359619,1.15985997,,5693.0,0.816,0.911,,0.10347577571594256,inner,,False,True,True
Kepler-1868 b,Kepler-1868,transit,2021,211.0339966,3.14950109,,4658.0,0.686,0.743,,0.2809796672316888,outer,,False,True,True
Kepler-1869 b,Kepler-1869,transit,2021,8.167360306,1.11955354,,5808.0,0.902,0.987,,0.09987987688464628,inner,,False,True,True
Kepler-1869 c,Kepler-1869,transit,2023,1.716828304,0.74,,5808.0,0.902,0.987,,0.0660183780890356,inner,,False,True,True
Kepler-187 b,Kepler-187,transit,2014,4.938864,1.41,,6105.0,1.287,1.081,,0.1257917744669462,inner,,False,True,True
Kepler-187 c,Kepler-187,transit,2014,10.640263,2.67,,6105.0,1.287,1.081,,0.238201445267196,inner,,False,True,True
Kepler-1870 b,Kepler-1870,transit,2021,3.606940031,2.10143764,,5508.0,0.84,0.955,,0.18747770898385227,inner,,False,True,True
Kepler-1871 b,Kepler-1871,transit,2021,1.952700019,2.42172881,,5741.0,0.946,1.02,,0.21605217325363546,inner,,False,True,True
Kepler-1872 b,Kepler-1872,transit,2021,3.825910091,2.38421141,,5223.0,0.885,0.913,,0.21270509501293602,inner,,False,True,True
Kepler-1873 b,Kepler-1873,transit,2021,0.558842003,1.62573811,,5151.0,0.792,0.903,,0.14503863948612722,inner,,False,True,True
Kepler-1874 b,Kepler-1874,transit,2021,56.57320023,2.21110724,,4701.0,0.775,0.758,,0.19726177535908646,inner,,False,True,True
Kepler-1875 b,Kepler-1875,transit,2021,34.45859909,3.22686692,,6161.0,0.862,0.95,,0.2878817842804889,inner,,False,True,True
Kepler-1876 b,Kepler-1876,transit,2021,6.99205,0.853,2.4,6104.0,1.477,1.187,0.007551254137457997,0.07609956285128022,inner,0.004608368530255369,True,True,True
Kepler-1877 b,Kepler-1877,transit,2021,2.377569914,0.624086,,5615.0,0.936,1.022,,0.05567722365955929,inner,,False,True,True
Kepler-1878 b,Kepler-1878,transit,2021,4.445879936,2.92019781,,5918.0,0.865,0.956,,0.26052259880453205,inner,,False,True,True
Kepler-1879 b,Kepler-1879,transit,2021,10.61340046,2.06512018,,5865.0,1.388,1.023,,0.18423768221964495,inner,,False,True,True
Kepler-188 b,Kepler-188,transit,2014,2.061897,1.68,,6021.0,1.141,1.021,,0.14987956106699973,inner,,False,True,True
Kepler-188 c,Kepler-188,transit,2014,5.996553,3.19,,6021.0,1.141,1.021,,0.2845927379784102,inner,,False,True,True
Kepler-1880 b,Kepler-1880,transit,2021,6.309219837,2.11686218,,4380.0,0.53,0.524,,0.18885379427245963,inner,,False,True,True
Kepler-1881 b,Kepler-1881,transit,2021,159.3939972,2.98104391,,5135.0,0.874,0.812,,0.2659509242572932,inner,,False,True,True
Kepler-1882 b,Kepler-1882,transit,2021,13.78730011,1.48674404,,5691.0,1.458,1.068,,0.13263841912748686,inner,,False,True,True
Kepler-1883 b,Kepler-1883,transit,2021,103.427002,3.25107395,,6208.0,1.024,1.086,,0.2900413908466411,inner,,False,True,True
Kepler-1884 b,Kepler-1884,transit,2021,8.988320351,1.81406781,,5984.0,0.906,0.993,,0.16184028994557945,inner,,False,True,True
Kepler-1885 b,Kepler-1885,transit,2021,2.522559881,1.51110555,,5591.0,0.86,0.977,,0.13481180747613525,inner,,False,True,True
Kepler-1886 b,Kepler-1886,transit,2021,24.2758007,2.58158428,,5745.0,0.837,0.928,,0.23031352306182531,inner,,False,True,True
Kepler-1887 b,Kepler-1887,transit,2021,19.94750023,2.92454357,,5749.0,0.864,0.961,,0.2609103015434026,inner,,False,True,True
Kepler-1888 b,Kepler-1888,transit,2021,11.39169979,1.32578716,,5557.0,1.249,0.897,,0.11827880810063342,inner,,False,True,True
Kepler-1889 b,Kepler-1889,transit,2021,37.30369949,2.94360686,,5646.0,0.817,0.864,,0.26261101436345796,inner,,False,True,True
Kepler-189 b,Kepler-189,transit,2014,10.399931,1.21,,5235.0,0.75,0.803,,0.10794896957801767,inner,,False,True,True
Kepler-189 c,Kepler-189,transit,2014,20.134866,2.38,22.7,5235.0,0.75,0.803,0.07142227871679022,0.21232937817824962,inner,0.0,True,True,True
Kepler-1890 b,Kepler-1890,transit,2021,4.820590019,0.86867375,,6046.0,1.396,1.024,,0.07749788116691944,inner,,False,True,True
Kepler-1891 b,Kepler-1891,transit,2021,4.02229023,1.52139156,,5516.0,0.827,0.873,,0.1357294638237131,inner,,False,True,True
Kepler-1892 b,Kepler-1892,transit,2021,6.331230164,1.83707938,,5383.0,0.759,0.851,,0.16389324471406905,inner,,False,True,True
Kepler-1893 b,Kepler-1893,transit,2021,4.179369926,1.70557445,,5633.0,1.162,0.973,,0.15216116067445803,inner,,False,True,True
Kepler-1894 b,Kepler-1894,transit,2021,2.762660027,1.20117759,,5772.0,0.901,0.999,,0.107161886876617,inner,,False,True,True
Kepler-1894 c,Kepler-1894,transit,2023,5.05368985,1.21,,5772.0,0.901,0.999,,0.10794896957801767,inner,,False,True,True
Kepler-1895 b,Kepler-1895,transit,2021,6.070290089,2.11934728,,5076.0,0.763,0.86,,0.18907550004460702,inner,,False,True,True
Kepler-1896 b,Kepler-1896,transit,2021,44.87020111,3.09935997,,6122.0,0.996,1.07,,0.27650637612632706,inner,,False,True,True
Kepler-1897 b,Kepler-1897,transit,2021,24.22030067,2.81407954,,5165.0,0.761,0.859,,0.2510553608707289,inner,,False,True,True
Kepler-1898 b,Kepler-1898,transit,2021,4.765620232,0.93353523,,5702.0,1.125,0.837,,0.08328443482915515,inner,,False,True,True
Kepler-1899 b,Kepler-1899,transit,2021,4.095779896,1.55098292,,4791.0,0.742,0.759,,0.13836942813810332,inner,,False,True,True
Kepler-19 b,Kepler-19,transit,2011,9.28699,2.209,6.1,5541.0,0.859,0.936,0.01919277093270574,0.19707377999821574,inner,0.0,True,True,True
Kepler-19 c,Kepler-19,transit timing variations,2011,28.731,3.68,13.1,5544.0,0.859,0.936,0.04121726216695823,0.32830760995628516,inner,0.0,True,True,True
Kepler-19 d,Kepler-19,radial velocity,2017,62.95,5.06,22.5,5544.0,0.859,0.936,0.07079300753866873,0.45142296368989204,inner,0.0,True,True,True
Kepler-190 b,Kepler-190,transit,2014,2.019999,1.56,,5106.0,0.795,0.834,,0.13917387813364263,inner,,False,True,True
Kepler-190 c,Kepler-190,transit,2014,3.763024,1.46,,5106.0,0.795,0.834,,0.13025247568917833,inner,,False,True,True
Kepler-1900 b,Kepler-1900,transit,2021,2.986229897,1.62314676,,6173.0,1.041,1.104,,0.1448074547238826,inner,,False,True,True
Kepler-1901 b,Kepler-1901,transit,2021,3.484129906,1.47418907,,5696.0,0.921,1.022,,0.13151833972700508,inner,,False,True,True
Kepler-1902 b,Kepler-1902,transit,2021,3.822220087,1.17563613,,3729.0,0.514,0.52,,0.10488323043982514,inner,,False,True,True
Kepler-1903 b,Kepler-1903,transit,2021,17.0678997,2.28642395,,6347.0,0.996,1.053,,0.20398108216611652,inner,,False,True,True
Kepler-1904 b,Kepler-1904,transit,2021,4.577020168,1.3904994,,3805.0,0.497,0.526,,0.124052047461861,inner,,False,True,True
Kepler-1905 b,Kepler-1905,transit,2021,3.42392993,1.4460734,,5788.0,1.015,1.038,,0.1290100276563476,inner,,False,True,True
Kepler-1906 b,Kepler-1906,transit,2021,7.362689972,2.77615754,,5868.0,0.894,0.987,,0.24767218663573912,inner,,False,True,True
Kepler-1907 b,Kepler-1907,transit,2021,5.652450085,0.86973029,,5159.0,0.8,0.752,,0.07759213935230619,inner,,False,True,True
Kepler-1907 c,Kepler-1907,transit,2021,14.86390018,1.15547044,,5159.0,0.8,0.752,,0.10308416807922205,inner,,False,True,True
Kepler-1909 b,Kepler-1909,transit,2021,2.391609907,1.09217411,,4935.0,0.685,0.663,,0.09743724774734588,inner,,False,True,True
Kepler-191 b,Kepler-191,transit,2014,9.939632,1.34,,5282.0,0.789,0.857,,0.11954679275582122,inner,,False,True,True
Kepler-191 c,Kepler-191,transit,2014,17.738506,1.86,,5282.0,0.789,0.857,,0.16593808546703542,inner,,False,True,True
Kepler-191 d,Kepler-191,transit,2016,5.945041017,2.28,,5215.0,0.8,0.84,,0.20340797573378533,inner,,False,True,True
Kepler-1910 b,Kepler-1910,transit,2021,5.688769817,1.184,,4234.0,0.639,0.636,,0.10562940494245696,inner,,False,True,True
Kepler-1911 b,Kepler-1911,transit,2021,5.990799904,1.011,,5721.0,0.972,0.954,,0.09019537871353377,inner,,False,True,True
Kepler-1912 b,Kepler-1912,transit,2021,6.059219837,1.35670508,,5734.0,0.962,0.977,,0.12103712017129094,inner,,False,True,True
Kepler-1913 b,Kepler-1913,transit,2021,14.1960001,1.51852059,,6214.0,1.076,1.169,,0.13547333303595327,inner,,False,True,True
Kepler-1914 b,Kepler-1914,transit,2021,30.82789993,2.9429803,,5982.0,0.96,1.047,,0.2625551164243019,inner,,False,True,True
Kepler-1915 b,Kepler-1915,transit,2021,13.83539963,3.21798413,,6020.0,1.057,1.03,,0.2870893148362923,inner,,False,True,True
Kepler-1916 b,Kepler-1916,transit,2021,31.25429916,2.61757235,,6246.0,1.092,1.18,,0.23352416361852085,inner,,False,True,True
Kepler-1917 b,Kepler-1917,transit,2021,12.90240002,1.88971288,,5530.0,0.788,0.882,,0.16858889106967617,inner,,False,True,True
Kepler-1918 b,Kepler-1918,transit,2021,47.0564003,2.29763023,,5889.0,0.924,0.967,,0.20498083950397006,inner,,False,True,True
Kepler-1919 b,Kepler-1919,transit,2021,37.88660049,2.62390658,,5513.0,0.818,0.868,,0.23408926576857883,inner,,False,True,True
Kepler-192 b,Kepler-192,transit,2014,9.926746,2.74,,5479.0,1.007,1.028,,0.24444642697832103,inner,,False,True,True
Kepler-192 c,Kepler-192,transit,2014,21.2234,2.79,,5479.0,1.007,1.028,,0.24890712820055313,inner,,False,True,True
Kepler-192 d,Kepler-192,transit,2016,6.47027579,1.02,,5487.0,0.94,0.94,,0.09099830493353556,inner,,False,True,True
Kepler-1920 b,Kepler-1920,transit,2021,30.2541008,2.95415848,,6277.0,1.161,1.239,,0.2635523668480685,inner,,False,True,True
Kepler-1921 b,Kepler-1921,transit,2021,20.03479958,2.89459458,,6120.0,2.0,1.251,,0.2582384316174503,inner,,False,True,True
Kepler-1921 c,Kepler-1921,transit,2023,3.15722086,1.41,,6120.0,2.0,1.251,,0.1257917744669462,inner,,False,True,True
Kepler-1922 b,Kepler-1922,transit,2021,13.22259998,2.29064904,,5931.0,0.863,0.953,,0.20435801944865734,inner,,False,True,True
Kepler-1923 b,Kepler-1923,transit,2021,52.60969925,1.95958179,,5881.0,1.294,1.109,,0.1748221777143367,inner,,False,True,True
Kepler-1924 b,Kepler-1924,transit,2021,15.33170033,2.65446572,,5726.0,1.285,1.018,,0.2368155696315461,inner,,False,True,True
Kepler-1925 b,Kepler-1925,transit,2021,46.71640015,3.00177922,,5856.0,1.092,1.057,,0.2678008047105005,inner,,False,True,True
Kepler-1926 b,Kepler-1926,transit,2021,42.87770081,2.31495961,,5256.0,0.832,0.768,,0.20652686323490052,inner,,False,True,True
Kepler-1927 b,Kepler-1927,transit,2021,73.75039673,3.40627075,,6056.0,2.481,1.408,,0.30388712195557144,inner,,False,True,True
Kepler-1928 b,Kepler-1928,transit,2021,19.57783,1.992,,5720.0,0.92,1.01,,0.17771433669372827,inner,,False,True,True
Kepler-1929 b,Kepler-1929,transit,2021,59.36249924,3.07250761,,5786.0,1.471,1.006,,0.27411076902489073,inner,,False,True,True
Kepler-193 b,Kepler-193,transit,2014,11.38848,2.39,,6335.0,1.147,1.051,,0.21322151842269607,inner,,False,True,True
Kepler-193 c,Kepler-193,transit,2014,50.697494,2.75,,6335.0,1.147,1.051,,0.24533856722276742,inner,,False,True,True
Kepler-1930 b,Kepler-1930,transit,2021,13.02680016,1.52955541,,5083.0,0.844,0.844,,0.13645779373717548,inner,,False,True,True
Kepler-1931 b,Kepler-1931,transit,2021,38.5760994,2.65323514,,6167.0,1.221,1.174,,0.236705784637345,inner,,False,True,True
Kepler-1932 b,Kepler-1932,transit,2021,0.524177015,1.51482218,,5278.0,0.815,0.911,,0.13514338299580694,inner,,False,True,True
Kepler-1933 b,Kepler-1933,transit,2021,4.943290234,1.17984089,,5661.0,1.008,0.964,,0.105258354001249,inner,,False,True,True
Kepler-1934 b,Kepler-1934,transit,2021,1.419759989,0.91307734,,5925.0,1.035,0.968,,0.08145930413060933,inner,,False,True,True
Kepler-1935 b,Kepler-1935,transit,2021,3.951400042,2.50271696,,5570.0,0.899,0.845,,0.22327745204746186,inner,,False,True,True
Kepler-1936 b,Kepler-1936,transit,2021,126.5569992,3.16615594,,6501.0,1.854,1.419,,0.28246551342671067,inner,,False,True,True
Kepler-1937 b,Kepler-1937,transit,2021,9.688599586,3.0229133,,6457.0,1.196,1.19,,0.2696862610402355,inner,,False,True,True
Kepler-1938 b,Kepler-1938,transit,2021,13.06260014,1.82828927,,4522.0,0.655,0.646,,0.16310904362565795,inner,,False,True,True
Kepler-1939 b,Kepler-1939,transit,2021,2.790659904,1.16480773,,4353.0,0.603,0.648,,0.10391718529752877,inner,,False,True,True
Kepler-194 b,Kepler-194,transit,2014,2.092281,1.51,,6089.0,1.025,0.94,,0.1347131769114105,inner,,False,True,True
Kepler-194 c,Kepler-194,transit,2014,17.308032,2.59,,6089.0,1.025,0.94,,0.23106432331162458,inner,,False,True,True
Kepler-194 d,Kepler-194,transit,2014,52.814973,2.4,,6089.0,1.025,0.94,,0.21411365866714246,inner,,False,True,True
Kepler-1940 b,Kepler-1940,transit,2021,4.950610161,1.54732469,,5431.0,0.717,0.802,,0.1380430627174592,inner,,False,True,True
Kepler-1941 b,Kepler-1941,transit,2021,31.33510017,2.64976949,,6404.0,1.142,1.175,,0.23639660005352844,inner,,False,True,True
Kepler-1942 b,Kepler-1942,transit,2021,4.626049995,2.1170287,,5834.0,0.797,0.852,,0.18886865019181018,inner,,False,True,True
Kepler-1943 b,Kepler-1943,transit,2021,4.850180149,1.54869189,,6032.0,0.973,1.055,,0.1381650361316799,inner,,False,True,True
Kepler-1944 b,Kepler-1944,transit,2021,9.842579842,2.75971163,,5585.0,0.972,1.064,,0.24620498081898476,inner,,False,True,True
Kepler-1945 b,Kepler-1945,transit,2021,6.080039978,1.289,,4991.0,0.804,0.767,,0.11499687750914443,inner,,False,True,True
Kepler-1946 b,Kepler-1946,transit,2021,3.035190105,2.48812698,,5505.0,0.873,0.887,,0.22197582121509504,inner,,False,True,True
Kepler-1947 b,Kepler-1947,transit,2021,6.963630199,1.0101666,,6040.0,1.686,0.984,,0.0901210277455616,inner,,False,True,True
Kepler-1948 b,Kepler-1948,transit,2021,15.57129955,1.03283226,,3872.0,0.557,0.585,,0.09214312249085556,inner,,False,True,True
Kepler-1949 b,Kepler-1949,transit,2021,2.208280087,2.21964541,,6028.0,1.454,1.194,,0.19802349986617898,inner,,False,True,True
Kepler-195 b,Kepler-195,transit,2014,8.307872,2.03,,5329.0,0.775,0.867,,0.18110446962262466,inner,,False,True,True
Kepler-195 c,Kepler-195,transit,2014,34.096863,1.55,,5329.0,0.775,0.867,,0.13828173788919618,inner,,False,True,True
Kepler-1950 b,Kepler-1950,transit,2021,10.77690029,1.52696349,,5455.0,0.852,0.759,,0.13622655812293694,inner,,False,True,True
Kepler-1951 b,Kepler-1951,transit,2021,20.65780067,2.32107188,,5468.0,1.306,0.923,,0.20707216344009277,inner,,False,True,True
Kepler-1952 b,Kepler-1952,transit,2021,27.21080017,1.23923346,,5973.0,1.305,0.922,,0.11055700419305914,inner,,False,True,True
Kepler-1953 b,Kepler-1953,transit,2021,6.245659828,1.28574667,,4858.0,0.707,0.786,,0.11470663484699795,inner,,False,True,True
Kepler-1954 b,Kepler-1954,transit,2021,5.883430004,1.80235934,,5840.0,0.849,0.942,,0.16079573021679008,inner,,False,True,True
Kepler-1955 b,Kepler-1955,transit,2021,14.26519966,1.16654878,,5825.0,1.291,1.049,,0.10407251137478812,inner,,False,True,True
Kepler-1956 b,Kepler-1956,transit,2021,5.943719864,1.08940238,,4391.0,0.682,0.671,,0.09718997055937192,inner,,False,True,True
Kepler-1957 b,Kepler-1957,transit,2021,2.186619997,0.94374867,,4904.0,0.772,0.745,,0.08419561691497904,inner,,False,True,True
Kepler-1958 b,Kepler-1958,transit,2021,9.328619957,2.05124311,,5749.0,0.864,0.961,,0.18299965295744494,inner,,False,True,True
Kepler-1959 b,Kepler-1959,transit,2021,6.38669014,1.14315727,,5071.0,0.811,0.768,,0.10198566062985101,inner,,False,True,True
Kepler-196 b,Kepler-196,transit,2014,20.739886,1.9,,5128.0,0.782,0.839,,0.16950664644482114,inner,,False,True,True
Kepler-196 c,Kepler-196,transit,2014,47.427737,2.24,,5128.0,0.782,0.839,,0.19983941475599967,inner,,False,True,True
Kepler-196 d,Kepler-196,transit,2021,122.0800018,2.66065673,,5132.0,0.77,0.805,,0.2373678945490231,inner,,False,True,True
Kepler-1960 b,Kepler-1960,transit,2021,2.297940016,1.30749704,,6371.0,1.072,1.117,,0.11664707288785799,inner,,False,True,True
Kepler-1961 b,Kepler-1961,transit,2021,5.604710102,1.6187808,,5401.0,0.777,0.871,,0.14441794986171827,inner,,False,True,True
Kepler-1962 b,Kepler-1962,transit,2021,7.991459846,1.21463929,,5700.0,1.006,1.003,,0.10836285930948346,inner,,False,True,True
Kepler-1963 b,Kepler-1963,transit,2021,1.962260008,0.74437023,,5726.0,0.979,0.915,,0.06640826389508431,inner,,False,True,True
Kepler-1964 b,Kepler-1964,transit,2021,2.440829992,1.7810587,,4803.0,0.698,0.752,,0.15889541439914354,inner,,False,True,True
Kepler-1965 b,Kepler-1965,transit,2021,41.86869812,1.35415138,,5852.0,0.837,0.928,,0.12080929431706665,inner,,False,True,True
Kepler-1966 b,Kepler-1966,transit,2021,8.617429733,1.10479327,,5009.0,0.84,0.797,,0.09856305379605675,inner,,False,True,True
Kepler-1967 b,Kepler-1967,transit,2021,7.281690121,0.73022577,,4970.0,1.806,0.996,,0.06514637969488804,inner,,False,True,True
Kepler-1968 b,Kepler-1968,transit,2021,7.281099796,1.50004034,,5008.0,0.788,0.844,,0.13382463556071014,inner,,False,True,True
Kepler-1969 b,Kepler-1969,transit,2021,6.647520065,1.68161001,,6046.0,1.007,1.111,,0.15002319653849586,inner,,False,True,True
Kepler-197 b,Kepler-197,transit,2014,5.599308,1.02,,6004.0,1.12,0.857,,0.09099830493353556,inner,,False,True,True
Kepler-197 c,Kepler-197,transit,2014,10.349695,1.23,5.3,6004.0,1.12,0.857,0.016675686220219744,0.10973325006691052,inner,0.0,True,True,True
Kepler-197 d,Kepler-197,transit,2014,15.677563,1.22,,6004.0,1.12,0.857,,0.10884110982246409,inner,,False,True,True
Kepler-197 e,Kepler-197,transit,2014,25.209715,0.91,,6004.0,1.12,0.857,,0.08118476224462486,inner,,False,True,True
Kepler-1972 b,Kepler-1972,transit,2022,7.54425,0.802,2.02,5818.0,1.384,1.12,0.006355638899027147,0.07154964760460344,inner,0.265287811452675,True,True,True
Kepler-1972 c,Kepler-1972,transit,2022,11.3295,0.868,2.11,5818.0,1.384,1.12,0.006638810929181822,0.07743777321794987,inner,0.20958112370718274,True,True,True
Kepler-1976 b,Kepler-1976,transit timing variations,2023,4.959319244,12.21,,5712.0,1.082,0.976,,1.0893032384690875,inner,,False,True,True
Kepler-1977 b,Kepler-1977,transit,2023,4.53702121,1.66,,4805.0,0.688,0.769,,0.14809528057810686,inner,,False,True,True
Kepler-1978 b,Kepler-1978,transit,2023,10.84969477,2.67,,5251.0,0.778,0.869,,0.238201445267196,inner,,False,True,True
Kepler-1979 b,Kepler-1979,transit,2023,18.5084526,29.33,,5942.0,0.938,1.028,,2.6166473369613703,inner,,False,True,True
Kepler-198 b,Kepler-198,transit,2014,17.790037,2.82,,5574.0,0.94,0.995,,0.2515835489338924,inner,,False,True,True
Kepler-198 c,Kepler-198,transit,2014,49.567416,2.47,,5574.0,0.94,0.995,,0.2203586403782675,inner,,False,True,True
Kepler-198 d,Kepler-198,transit,2016,1.31184443,1.53,,5636.0,0.93,0.97,,0.13649745740030333,inner,,False,True,True
Kepler-1980 b,Kepler-1980,transit,2023,33.0257179,2.21,,5819.0,0.99,1.049,,0.19716299402266035,inner,,False,True,True
Kepler-1981 b,Kepler-1981,transit,2023,453.54212,9.23,,5874.0,3.006,1.519,,0.8234454456240522,inner,,False,True,True
Kepler-1982 b,Kepler-1982,transit,2023,3.82315697,0.77,,6202.0,1.122,1.213,,0.06869479882237488,inner,,False,True,True
Kepler-1983 b,Kepler-1983,transit,2023,7.32851947,2.33,,5135.0,0.874,0.812,,0.2078686769560175,inner,,False,True,True
Kepler-1984 b,Kepler-1984,transit,2023,1.992812339,6.81,,3638.0,0.42,0.45,,0.6075475064680168,inner,,False,True,True
Kepler-1985 b,Kepler-1985,transit,2023,3.42064689,2.27,,5370.0,0.966,0.877,,0.20251583548933894,inner,,False,True,True
Kepler-1986 b,Kepler-1986,transit,2023,19.5489666,1.89,,5549.0,0.732,0.776,,0.1686145062003747,inner,,False,True,True
Kepler-1987 b,Kepler-1987,transit,2023,2.345863002,1.23,,4769.0,0.714,0.799,,0.10973325006691052,inner,,False,True,True
Kepler-1987 c,Kepler-1987,transit,2023,3.64830183,1.33,,4769.0,0.714,0.799,,0.1186546525113748,inner,,False,True,True
Kepler-1987 d,Kepler-1987,transit,2023,5.644914154,2.66,,4769.0,0.714,0.799,,0.2373093050227496,inner,,False,True,True
Kepler-1987 e,Kepler-1987,transit,2023,8.74292005,1.92,,4769.0,0.714,0.799,,0.17129092693371398,inner,,False,True,True
Kepler-1988 b,Kepler-1988,transit,2023,11.49500229,1.53,,6033.0,1.788,1.127,,0.13649745740030333,inner,,False,True,True
Kepler-1989 b,Kepler-1989,transit,2023,10.161023528,4.62,,6032.0,1.06,0.999,,0.4121687929342493,inner,,False,True,True
Kepler-199 b,Kepler-199,transit,2014,23.637604,3.11,,5644.0,0.967,0.96,,0.2774556160228388,inner,,False,True,True
Kepler-199 c,Kepler-199,transit,2014,67.093408,3.25,,5644.0,0.967,0.96,,0.28994557944508875,inner,,False,True,True
Kepler-1990 b,Kepler-1990,transit,2023,1.73513619,3.27,,5751.0,1.071,1.028,,0.29172985993398165,inner,,False,True,True
Kepler-1990 c,Kepler-1990,transit,2023,4.06844957,0.98,,5751.0,1.071,1.028,,0.08742974395574984,inner,,False,True,True
Kepler-1991 b,Kepler-1991,transit,2023,13.26079792,1.47,,5478.0,1.053,0.914,,0.13114461593362478,inner,,False,True,True
Kepler-1991 c,Kepler-1991,transit,2023,22.79020351,2.57,,5478.0,1.053,0.914,,0.22928004282273173,inner,,False,True,True
Kepler-1992 b,Kepler-1992,transit,2023,15.6112238,0.91,,5383.0,0.842,0.874,,0.08118476224462486,inner,,False,True,True
Kepler-1993 b,Kepler-1993,transit,2023,26.6565737,4.15,,5159.0,3.062,1.373,,0.37023820144526726,inner,,False,True,True
Kepler-1994 b,Kepler-1994,transit,2023,4.61225043,0.51,,5495.0,0.961,0.932,,0.04549915246676778,inner,,False,True,True
Kepler-1995 b,Kepler-1995,transit,2023,73.7578875,4.28,,5029.0,0.93,0.847,,0.38183602462307076,inner,,False,True,True
Kepler-1996 b,Kepler-1996,transit,2023,32.376183,2.26,,4580.0,0.675,0.748,,0.2016236952448925,inner,,False,True,True
Kepler-1996 c,Kepler-1996,transit,2023,92.7297248,2.81,,4580.0,0.675,0.748,,0.250691408689446,inner,,False,True,True
Kepler-1997 b,Kepler-1997,transit,2023,26.7575866,2.28,,6215.0,1.052,1.111,,0.20340797573378533,inner,,False,True,True
Kepler-1998 b,Kepler-1998,transit,2023,3.03267135,0.6,,5640.0,0.921,0.962,,0.053528414666785616,inner,,False,True,True
Kepler-1999 b,Kepler-1999,transit,2023,8.7396758,3.29,,4406.0,0.628,0.632,,0.2935141404228745,inner,,False,True,True
Kepler-20 b,Kepler-20,transit,2011,3.6961049,1.773,9.7,5495.0,0.9164,0.929,0.030519652138892735,0.1581764653403515,inner,0.0,True,True,True
Kepler-20 c,Kepler-20,transit,2011,10.8540774,2.894,11.1,5495.0,0.9164,0.929,0.034924550385743235,0.258185386742796,inner,0.0,True,True,True
Kepler-20 d,Kepler-20,transit,2011,77.611455,2.606,13.4,5495.0,0.9164,0.929,0.042161168934140486,0.23249174770273887,inner,0.0,True,True,True
Kepler-20 e,Kepler-20,transit,2011,6.0984882,0.821,0.76,5495.0,0.9164,0.929,0.002391230476861699,0.07324471406905166,inner,0.7882914739553458,True,True,True
Kepler-20 f,Kepler-20,transit,2011,19.578328,0.952,1.4,5495.0,0.9164,0.929,0.0044048982468504975,0.08493175127129984,inner,0.7151280989637624,True,True,True
Kepler-20 g,Kepler-20,radial velocity,2016,34.94,4.71,,5495.0,0.9639,0.948,,0.4201980551342671,inner,,False,True,True
Kepler-200 b,Kepler-200,transit,2014,8.594805,2.13,,5678.0,0.944,0.972,,0.19002587206708893,inner,,False,True,True
Kepler-200 c,Kepler-200,transit,2014,10.222157,1.59,,5678.0,0.944,0.972,,0.1418502988669819,inner,,False,True,True
Kepler-2000 b,Kepler-2000,transit,2023,6.383159135,2.73,,3757.0,0.576,0.581,,0.24355428673387458,inner,,False,True,True
Kepler-2000 c,Kepler-2000,transit,2023,20.6180348,1.57,,3757.0,0.576,0.581,,0.14006601837808905,inner,,False,True,True
Kepler-2001 b,Kepler-2001,transit,2023,1.090011003,1.04,,5081.0,0.77,0.864,,0.09278258542242841,inner,,False,True,True
Kepler-2001 c,Kepler-2001,transit,2023,14.092583189,1.82,,5081.0,0.77,0.864,,0.1623695244892497,inner,,False,True,True
Kepler-201 b,Kepler-201,transit,2014,25.672083,2.46,,6065.0,1.229,1.098,,0.21946650013382105,inner,,False,True,True
Kepler-201 c,Kepler-201,transit,2014,151.884058,2.85,,6065.0,1.229,1.098,,0.2542599696672317,inner,,False,True,True
Kepler-202 b,Kepler-202,transit,2014,4.069427,1.63,,4668.0,0.667,0.683,,0.1454188598447676,inner,,False,True,True
Kepler-202 c,Kepler-202,transit,2014,16.282493,1.85,,4668.0,0.667,0.683,,0.165045945222589,inner,,False,True,True
Kepler-203 b,Kepler-203,transit,2014,3.162697,2.57,,5821.0,1.114,1.06,,0.22928004282273173,inner,,False,True,True
Kepler-203 c,Kepler-203,transit,2014,5.370647,2.47,749.9,5821.0,1.114,1.06,2.359452282366563,0.2203586403782675,inner,0.0,True,True,True
Kepler-203 d,Kepler-203,transit,2014,11.32972,1.44,33.9,5821.0,1.114,1.06,0.1066614646915942,0.1284681952002855,inner,0.0,True,True,True
Kepler-204 b,Kepler-204,transit,2014,14.400974,2.53,,5812.0,1.238,1.038,,0.22571148184494602,inner,,False,True,True
Kepler-204 c,Kepler-204,transit,2014,25.660593,1.79,,5812.0,1.238,1.038,,0.15969310375591045,inner,,False,True,True
Kepler-205 b,Kepler-205,transit,2014,2.75564,1.51,,4321.0,0.546,0.592,,0.1347131769114105,inner,,False,True,True
Kepler-205 c,Kepler-205,transit,2014,20.306546,1.64,,4321.0,0.546,0.592,,0.14631100008921402,inner,,False,True,True
Kepler-206 b,Kepler-206,transit,2014,7.781987,1.2,,5764.0,1.185,0.957,,0.10705682933357123,inner,,False,True,True
Kepler-206 c,Kepler-206,transit,2014,13.137471,1.77,,5764.0,1.185,0.957,,0.15790882326701758,inner,,False,True,True
Kepler-206 d,Kepler-206,transit,2014,23.44281,1.19,,5764.0,1.185,0.957,,0.10616468908912481,inner,,False,True,True
Kepler-207 b,Kepler-207,transit,2014,1.611865,1.57,,5920.0,1.588,1.313,,0.14006601837808905,inner,,False,True,True
Kepler-207 c,Kepler-207,transit,2014,3.071571,1.5,,5920.0,1.588,1.313,,0.13382103666696404,inner,,False,True,True
Kepler-207 d,Kepler-207,transit,2014,5.868075,3.31,,5920.0,1.588,1.313,,0.29529842091176733,inner,,False,True,True
Kepler-208 b,Kepler-208,transit,2014,4.22864,1.63,,6092.0,1.314,1.082,,0.1454188598447676,inner,,False,True,True
Kepler-208 c,Kepler-208,transit,2014,7.466623,1.39,,6092.0,1.314,1.082,,0.12400749397805334,inner,,False,True,True
Kepler-208 d,Kepler-208,transit,2014,11.131786,1.2,,6092.0,1.314,1.082,,0.10705682933357123,inner,,False,True,True
Kepler-208 e,Kepler-208,transit,2014,16.259458,1.48,,6092.0,1.314,1.082,,0.1320367561780712,inner,,False,True,True
Kepler-209 b,Kepler-209,transit,2014,16.087845,2.26,,5513.0,0.935,0.971,,0.2016236952448925,inner,,False,True,True
Kepler-209 c,Kepler-209,transit,2014,41.749882,3.1,,5513.0,0.935,0.971,,0.27656347577839235,inner,,False,True,True
Kepler-21 b,Kepler-21,transit,2012,2.7858212,1.639,7.5,6305.0,1.902,1.408,0.02359766917955624,0.14622178606476938,inner,0.0,True,True,True
Kepler-210 b,Kepler-210,transit,2014,2.453234,2.94,,4559.0,0.65,0.77,,0.26228923186724956,inner,,False,True,True
Kepler-210 c,Kepler-210,transit,2014,7.972513,3.62,,4559.0,0.65,0.77,,0.3229547684896066,inner,,False,True,True
Kepler-211 b,Kepler-211,transit,2014,4.138575,1.26,,5123.0,0.816,0.867,,0.1124096708002498,inner,,False,True,True
Kepler-211 c,Kepler-211,transit,2014,6.04045,1.29,18.3,5123.0,0.816,0.867,0.057578312798117225,0.11508609153358909,inner,0.0,True,True,True
Kepler-212 b,Kepler-212,transit,2014,16.257582,1.09,,5852.0,1.455,1.166,,0.09724328664466055,inner,,False,True,True
Kepler-212 c,Kepler-212,transit,2014,31.805174,2.74,,5852.0,1.455,1.166,,0.24444642697832103,inner,,False,True,True
Kepler-213 b,Kepler-213,transit,2014,2.46236,1.62,,5696.0,1.195,1.07,,0.14452671960032118,inner,,False,True,True
Kepler-213 c,Kepler-213,transit,2014,4.822962,2.34,,5696.0,1.195,1.07,,0.2087608172004639,inner,,False,True,True
Kepler-214 b,Kepler-214,transit,2014,15.660544,2.61,,6169.0,1.352,1.11,,0.23284860380051745,inner,,False,True,True
Kepler-214 c,Kepler-214,transit,2014,28.7798,2.13,,6169.0,1.352,1.11,,0.19002587206708893,inner,,False,True,True
Kepler-215 b,Kepler-215,transit,2014,9.360672,1.62,,5739.0,1.027,0.788,,0.14452671960032118,inner,,False,True,True
Kepler-215 c,Kepler-215,transit,2014,14.667108,1.77,,5739.0,1.027,0.788,,0.15790882326701758,inner,,False,True,True
Kepler-215 d,Kepler-215,transit,2014,30.864423,2.39,23.6,5739.0,1.027,0.788,0.07425399901833697,0.21322151842269607,inner,0.0,True,True,True
Kepler-215 e,Kepler-215,transit,2014,68.16101,1.75,,5739.0,1.027,0.788,,0.15612454277812474,inner,,False,True,True
Kepler-216 b,Kepler-216,transit,2014,7.693641,2.35,,6091.0,1.26,1.126,,0.20965295744491036,inner,,False,True,True
Kepler-216 c,Kepler-216,transit,2014,17.406669,3.04,,6091.0,1.26,1.126,,0.2712106343117138,inner,,False,True,True
Kepler-217 b,Kepler-217,transit,2014,5.374943,2.23,,6171.0,1.799,1.342,,0.19894727451155322,inner,,False,True,True
Kepler-217 c,Kepler-217,transit,2014,8.586004,1.85,,6171.0,1.799,1.342,,0.165045945222589,inner,,False,True,True
Kepler-217 d,Kepler-217,transit,2016,3.88689525,1.32,,6341.0,1.76,1.37,,0.11776251226692837,inner,,False,True,True
Kepler-218 b,Kepler-218,transit,2014,3.619337,1.48,,5502.0,1.063,1.019,,0.1320367561780712,inner,,False,True,True
Kepler-218 c,Kepler-218,transit,2014,44.699576,3.14,,5502.0,1.063,1.019,,0.2801320367561781,inner,,False,True,True
Kepler-218 d,Kepler-218,transit,2016,124.5244647,2.66,,5542.0,1.02,1.01,,0.2373093050227496,inner,,False,True,True
Kepler-219 b,Kepler-219,transit,2014,4.585512,2.95,,5786.0,1.491,1.164,,0.263181372111696,inner,,False,True,True
Kepler-219 c,Kepler-219,transit,2014,22.714613,3.58,,5786.0,1.491,1.164,,0.3193862075118209,inner,,False,True,True
Kepler-219 d,Kepler-219,transit,2014,47.903645,2.81,19.1,5786.0,1.491,1.164,0.06009539751060323,0.250691408689446,inner,0.0,True,True,True
Kepler-22 b,Kepler-22,transit,2011,289.863876,2.1,9.1,5596.0,0.869,0.857,0.028631838604528236,0.18734945133374967,habitable,0.0,True,True,True
Kepler-220 b,Kepler-220,transit,2014,4.159807,0.81,,4632.0,0.666,0.729,,0.07226335980016059,inner,,False,True,True
Kepler-220 c,Kepler-220,transit,2014,9.034199,1.57,,4632.0,0.666,0.729,,0.14006601837808905,inner,,False,True,True
Kepler-220 d,Kepler-220,transit,2014,28.122397,0.98,,4632.0,0.666,0.729,,0.08742974395574984,inner,,False,True,True
Kepler-220 e,Kepler-220,transit,2014,45.902733,1.33,,4632.0,0.666,0.729,,0.1186546525113748,inner,,False,True,True
Kepler-221 b,Kepler-221,transit,2014,2.795906,1.71,5.95575,5243.0,0.821,0.854,0.01873890909548561,0.15255598180033902,inner,0.0,True,True,True
Kepler-221 c,Kepler-221,transit,2014,5.690586,2.93,9.3,5243.0,0.821,0.854,0.02926110978264974,0.2613970916228031,inner,0.0,True,True,True
Kepler-221 d,Kepler-221,transit,2014,10.04156,2.73,3.61,5243.0,0.821,0.854,0.01135834476509307,0.24355428673387458,inner,0.0,True,True,True
Kepler-221 e,Kepler-221,transit,2014,18.369917,2.63,7.86706,5243.0,0.821,0.854,0.02475257057276263,0.2346328842894103,inner,0.0,True,True,True
Kepler-222 b,Kepler-222,transit,2014,3.936981,3.16,,5433.0,0.869,0.933,,0.28191631724507094,inner,,False,True,True
Kepler-222 c,Kepler-222,transit,2014,10.08881,4.64,,5433.0,0.869,0.933,,0.4139530734231421,inner,,False,True,True
Kepler-222 d,Kepler-222,transit,2014,28.081912,3.69,,5433.0,0.869,0.933,,0.32919975020073156,inner,,False,True,True
Kepler-223 b,Kepler-223,transit,2014,7.38449,2.99,7.4,5803.0,1.72,1.125,0.02328303359049549,0.2667499330894817,inner,0.0,True,True,True
Kepler-223 c,Kepler-223,transit,2014,9.84564,3.44,5.1,5803.0,1.72,1.125,0.016046415042098243,0.3068962440895709,inner,0.0,True,True,True
Kepler-223 d,Kepler-223,transit,2014,14.78869,5.24,8.0,5803.0,1.72,1.125,0.02517084712485999,0.4674814880899278,inner,0.0,True,True,True
Kepler-223 e,Kepler-223,transit,2014,19.72567,4.6,4.8,5803.0,1.72,1.125,0.015102508274915993,0.4103845124453564,inner,0.0,True,True,True
Kepler-224 b,Kepler-224,transit,2014,3.132924,1.39,,5018.0,0.676,0.777,,0.12400749397805334,inner,,False,True,True
Kepler-224 c,Kepler-224,transit,2014,5.925003,3.12,,5018.0,0.676,0.777,,0.27834775626728525,inner,,False,True,True
Kepler-224 d,Kepler-224,transit,2014,11.349393,2.3,,5018.0,0.676,0.777,,0.2051922562226782,inner,,False,True,True
Kepler-224 e,Kepler-224,transit,2014,18.643577,1.97,,5018.0,0.676,0.777,,0.1757516281559461,inner,,False,True,True
Kepler-225 b,Kepler-225,transit,2014,6.738975,1.2,,3682.0,0.48,0.593,,0.10705682933357123,inner,,False,True,True
Kepler-225 c,Kepler-225,transit,2014,18.794234,1.84,,3682.0,0.48,0.593,,0.16415380497814258,inner,,False,True,True
Kepler-226 b,Kepler-226,transit,2014,3.940997,1.55,24.0,5571.0,0.802,0.904,0.07551254137457997,0.13828173788919618,inner,0.0,True,True,True
Kepler-226 c,Kepler-226,transit,2014,5.349555,2.27,45.2,5571.0,0.802,0.904,0.14221528625545896,0.20251583548933894,inner,0.0,True,True,True
Kepler-226 d,Kepler-226,transit,2014,8.109044,1.22,,5571.0,0.802,0.904,,0.10884110982246409,inner,,False,True,True
Kepler-227 b,Kepler-227,transit,2014,9.488015,3.11,,5854.0,1.091,0.954,,0.2774556160228388,inner,,False,True,True
Kepler-227 c,Kepler-227,transit,2014,54.418694,3.04,,5854.0,1.091,0.954,,0.2712106343117138,inner,,False,True,True
Kepler-228 b,Kepler-228,transit,2014,2.566546,1.53,,6043.0,1.014,1.006,,0.13649745740030333,inner,,False,True,True
Kepler-228 c,Kepler-228,transit,2014,4.134444,2.7,,6043.0,1.014,1.006,,0.24087786600053532,inner,,False,True,True
Kepler-228 d,Kepler-228,transit,2014,11.094286,4.04,,6043.0,1.014,1.006,,0.36042465875635654,inner,,False,True,True
Kepler-229 b,Kepler-229,transit,2014,6.252972,2.2,,5120.0,0.728,0.808,,0.19627085377821396,inner,,False,True,True
Kepler-229 c,Kepler-229,transit,2014,16.068638,4.92,,5120.0,0.728,0.808,,0.4389330002676421,inner,,False,True,True
Kepler-229 d,Kepler-229,transit,2014,41.194912,3.85,,5120.0,0.728,0.808,,0.3434739941118744,inner,,False,True,True
Kepler-23 b,Kepler-23,transit,2011,7.1,1.638,2.56,5828.0,1.548,1.078,0.008054671079955196,0.14613257204032473,inner,0.0,True,True,True
Kepler-23 c,Kepler-23,transit,2011,10.74,3.005,7.81,5828.0,1.548,1.078,0.024573039505644562,0.2680881434561513,inner,0.0,True,True,True
Kepler-23 d,Kepler-23,transit,2014,15.27,2.206,4.44,5828.0,1.548,1.078,0.013969820154297295,0.1968061379248818,inner,0.0,True,True,True
Kepler-230 b,Kepler-230,transit,2014,32.625555,4.26,,5588.0,0.817,0.784,,0.38005174413417786,inner,,False,True,True
Kepler-230 c,Kepler-230,transit,2014,91.773242,2.04,,5588.0,0.817,0.784,,0.1819966098670711,inner,,False,True,True
Kepler-231 b,Kepler-231,transit,2014,10.065275,1.73,35.4,3767.0,0.49,0.58,0.11138099852750545,0.15434026228923187,inner,0.0,True,True,True
Kepler-231 c,Kepler-231,transit,2014,19.271566,1.93,24.1,3767.0,0.49,0.58,0.07582717696364072,0.1721830671781604,inner,0.0,True,True,True
Kepler-232 b,Kepler-232,transit,2014,4.431222,3.08,,5847.0,0.968,0.97,,0.2747791952894995,inner,,False,True,True
Kepler-232 c,Kepler-232,transit,2014,11.379349,3.83,,5847.0,0.968,0.97,,0.34168971362298156,inner,,False,True,True
Kepler-233 b,Kepler-233,transit,2014,8.472382,2.43,,5360.0,0.758,0.855,,0.21679007940048178,inner,,False,True,True
Kepler-233 c,Kepler-233,transit,2014,60.418955,2.71,,5360.0,0.758,0.855,,0.2417700062449817,inner,,False,True,True
Kepler-234 b,Kepler-234,transit,2014,2.711506,3.7,,6224.0,1.113,1.129,,0.330091890445178,inner,,False,True,True
Kepler-234 c,Kepler-234,transit,2014,7.21205,3.51,,6224.0,1.113,1.129,,0.31314122580069587,inner,,False,True,True
Kepler-235 b,Kepler-235,transit,2014,3.340222,2.23,,4255.0,0.554,0.581,,0.19894727451155322,inner,,False,True,True
Kepler-235 c,Kepler-235,transit,2014,7.824904,1.28,,4255.0,0.554,0.581,,0.11419395128914266,inner,,False,True,True
Kepler-235 d,Kepler-235,transit,2014,20.060548,2.05,,4255.0,0.554,0.581,,0.18288875011151753,inner,,False,True,True
Kepler-235 e,Kepler-235,transit,2014,46.183669,2.22,,4255.0,0.554,0.581,,0.1980551342671068,habitable,,False,True,True
Kepler-236 b,Kepler-236,transit,2014,8.295611,1.57,,3750.0,0.51,0.596005,,0.14006601837808905,inner,,False,True,True
Kepler-236 c,Kepler-236,transit,2014,23.968127,2.0,,3750.0,0.51,0.596005,,0.1784280488892854,inner,,False,True,True
Kepler-237 b,Kepler-237,transit,2014,4.715106,1.41,,4861.0,0.725,0.696,,0.1257917744669462,inner,,False,True,True
Kepler-237 c,Kepler-237,transit,2014,8.103636,2.08,,4861.0,0.725,0.696,,0.18556517084485682,inner,,False,True,True
Kepler-238 b,Kepler-238,transit,2014,2.090876,1.73,3305.02,5751.0,1.43,1.229,10.398769145575596,0.15434026228923187,inner,0.0,True,True,True
Kepler-238 c,Kepler-238,transit,2014,6.155557,2.39,152.522,5751.0,1.43,1.229,0.47988849314723686,0.21322151842269607,inner,0.0,True,True,True
Kepler-238 d,Kepler-238,transit,2014,13.233549,3.07,23.1,5751.0,1.43,1.229,0.07268082107303322,0.27388705504505306,inner,0.0,True,True,True
Kepler-238 e,Kepler-238,transit,2013,23.654,5.6,169.7,5800.0,0.96,1.06,0.5339365946360924,0.4995985368899991,inner,0.0,True,True,True
Kepler-238 f,Kepler-238,transit,2013,50.447,2.0,13.5,5800.0,0.96,1.06,0.04247580452320123,0.1784280488892854,inner,0.0,True,True,True
Kepler-239 b,Kepler-239,transit,2014,11.763051,2.33,,4914.0,0.763,0.757,,0.2078686769560175,inner,,False,True,True
Kepler-239 c,Kepler-239,transit,2014,56.228098,2.51,,4914.0,0.763,0.757,,0.22392720135605315,inner,,False,True,True
Kepler-24 b,Kepler-24,transit,2011,8.14,2.348,11.14,6028.0,1.099,1.06,0.035050404621367534,0.20947452939602104,inner,0.0,True,True,True
Kepler-24 c,Kepler-24,transit,2011,12.33,2.514,9.99,6028.0,1.099,1.06,0.03143209534716891,0.22428405745383173,inner,0.0,True,True,True
Kepler-24 d,Kepler-24,transit,2014,4.244384,1.67,293.959,5897.0,1.289,1.046,0.9248996312470897,0.1489874208225533,inner,0.0,True,True,True
Kepler-24 e,Kepler-24,transit,2014,18.998355,2.78,26.2118,5897.0,1.289,1.046,0.08247165133342563,0.2480149879561067,inner,0.0,True,True,True
Kepler-240 b,Kepler-240,transit,2014,4.144495,1.37,,4985.0,0.739,0.868,,0.12222321348916051,inner,,False,True,True
Kepler-240 c,Kepler-240,transit,2014,7.953528,2.2,102.3,4985.0,0.739,0.868,0.3218722076091471,0.19627085377821396,inner,0.0,True,True,True
Kepler-241 b,Kepler-241,transit,2014,12.718092,2.33,,4699.0,0.668,0.671,,0.2078686769560175,inner,,False,True,True
Kepler-241 c,Kepler-241,transit,2014,36.065978,2.57,,4699.0,0.668,0.671,,0.22928004282273173,inner,,False,True,True
Kepler-242 b,Kepler-242,transit,2014,8.20395,2.61,,5020.0,0.85,0.748,,0.23284860380051745,inner,,False,True,True
Kepler-242 c,Kepler-242,transit,2014,14.496481,2.0,,5020.0,0.85,0.748,,0.1784280488892854,inner,,False,True,True
Kepler-243 b,Kepler-243,transit,2014,5.715442,2.45,,5228.0,0.842,0.904,,0.21857435988937463,inner,,False,True,True
Kepler-243 c,Kepler-243,transit,2014,20.026218,1.99,,5228.0,0.842,0.904,,0.17753590864483898,inner,,False,True,True
Kepler-244 b,Kepler-244,transit,2014,4.311792,2.76,,5554.0,0.803,0.933,,0.24623070746721384,inner,,False,True,True
Kepler-244 c,Kepler-244,transit,2014,9.767292,2.05,,5554.0,0.803,0.933,,0.18288875011151753,inner,,False,True,True
Kepler-244 d,Kepler-244,transit,2014,20.050401,2.31,15.2,5554.0,0.803,0.933,0.04782460953723398,0.20608439646712465,inner,0.0,True,True,True
Kepler-245 b,Kepler-245,transit,2014,7.49019,2.57,146.78,5100.0,0.795,0.856,0.46182211762336867,0.22928004282273173,inner,0.0,True,True,True
Kepler-245 c,Kepler-245,transit,2014,17.460812,2.18,26.7,5100.0,0.795,0.856,0.0840077022792202,0.1944865732893211,inner,0.0,True,True,True
Kepler-245 d,Kepler-245,transit,2014,36.277108,3.03,21.6,5100.0,0.795,0.856,0.06796128723712197,0.2703184940672674,inner,0.0,True,True,True
Kepler-245 e,Kepler-245,transit,2016,3.219821056,1.75,1806.36,5174.0,0.8,0.86,5.683451426557761,0.15612454277812474,inner,0.0,True,True,True
Kepler-246 b,Kepler-246,transit,2014,4.60182,2.34,,5206.0,0.831,0.853,,0.2087608172004639,inner,,False,True,True
Kepler-246 c,Kepler-246,transit,2014,11.187161,1.5,,5206.0,0.831,0.853,,0.13382103666696404,inner,,False,True,True
Kepler-247 b,Kepler-247,transit,2014,3.33616,1.64,,5100.0,0.768,0.887,,0.14631100008921402,inner,,False,True,True
Kepler-247 c,Kepler-247,transit,2014,9.439452,4.09,,5100.0,0.768,0.887,,0.3648853599785886,inner,,False,True,True
Kepler-247 d,Kepler-247,transit,2014,20.477912,3.94,,5100.0,0.768,0.887,,0.3515032563118922,inner,,False,True,True
Kepler-248 b,Kepler-248,transit,2014,6.308205,3.02,,5190.0,0.831,0.838,,0.269426353822821,inner,,False,True,True
Kepler-248 c,Kepler-248,transit,2014,16.239494,4.07,,5190.0,0.831,0.838,,0.36310107948969583,inner,,False,True,True
Kepler-249 b,Kepler-249,transit,2014,3.306539,1.09,,3568.0,0.482,0.510238,,0.09724328664466055,inner,,False,True,True
Kepler-249 c,Kepler-249,transit,2014,7.113702,1.51,,3568.0,0.482,0.510238,,0.1347131769114105,inner,,False,True,True
Kepler-249 d,Kepler-249,transit,2014,15.368459,1.57,,3568.0,0.482,0.510238,,0.14006601837808905,inner,,False,True,True
Kepler-25 b,Kepler-25,transit,2011,6.238297,2.748,8.7,6354.0,1.316,1.165,0.027373296248285234,0.24516013917387816,inner,0.0,True,True,True
Kepler-25 c,Kepler-25,transit,2011,12.7207,5.217,15.2,6354.0,1.316,1.165,0.04782460953723398,0.46542956552770093,inner,0.0,True,True,True
Kepler-25 d,Kepler-25,radial velocity,2014,122.4,10.0,71.9,6354.0,1.316,1.165,0.22622298853467918,0.892140244446427,inner,0.0,True,True,True
Kepler-250 b,Kepler-250,transit,2014,4.148141,1.13,,5160.0,0.805,0.806,,0.10081184762244624,inner,,False,True,True
Kepler-250 c,Kepler-250,transit,2014,7.156804,2.28,,5160.0,0.805,0.806,,0.20340797573378533,inner,,False,True,True
Kepler-250 d,Kepler-250,transit,2014,17.648312,2.18,,5160.0,0.805,0.806,,0.1944865732893211,inner,,False,True,True
Kepler-251 b,Kepler-251,transit,2014,4.790936,1.33,,5526.0,0.89,0.891,,0.1186546525113748,inner,,False,True,True
Kepler-251 c,Kepler-251,transit,2014,16.514043,2.77,,5526.0,0.89,0.891,,0.2471228477116603,inner,,False,True,True
Kepler-251 d,Kepler-251,transit,2014,30.133001,2.77,,5526.0,0.89,0.891,,0.2471228477116603,inner,,False,True,True
Kepler-251 e,Kepler-251,transit,2014,99.640161,2.77,,5526.0,0.89,0.891,,0.2471228477116603,inner,,False,True,True
Kepler-252 b,Kepler-252,transit,2014,6.668391,1.23,,4208.0,0.549,0.61,,0.10973325006691052,inner,,False,True,True
Kepler-252 c,Kepler-252,transit,2014,10.848463,2.15,,4208.0,0.549,0.61,,0.1918101525559818,inner,,False,True,True
Kepler-253 b,Kepler-253,transit,2014,3.783986,1.63,,5208.0,0.786,0.86,,0.1454188598447676,inner,,False,True,True
Kepler-253 c,Kepler-253,transit,2014,10.281951,2.65,,5208.0,0.786,0.86,,0.23641716477830316,inner,,False,True,True
Kepler-253 d,Kepler-253,transit,2014,18.119869,3.17,,5208.0,0.786,0.86,,0.28280845748951733,inner,,False,True,True
Kepler-254 b,Kepler-254,transit,2014,5.826662,3.87,,5957.0,0.91,0.849,,0.34525827460076725,inner,,False,True,True
Kepler-254 c,Kepler-254,transit,2014,12.412183,2.15,3.2,5957.0,0.91,0.849,0.010068338849943997,0.1918101525559818,inner,0.0,True,True,True
Kepler-254 d,Kepler-254,transit,2014,18.746477,2.5,,5957.0,0.91,0.849,,0.22303506111160676,inner,,False,True,True
Kepler-255 b,Kepler-255,transit,2014,5.714606,1.55,,5573.0,0.933,0.867,,0.13828173788919618,inner,,False,True,True
Kepler-255 c,Kepler-255,transit,2014,9.946047,2.99,,5573.0,0.933,0.867,,0.2667499330894817,inner,,False,True,True
Kepler-255 d,Kepler-255,transit,2016,1.045622658,1.32,,5431.0,0.86,0.9,,0.11776251226692837,inner,,False,True,True
Kepler-256 b,Kepler-256,transit,2014,1.620493,1.59,,5551.0,1.301,1.037,,0.1418502988669819,inner,,False,True,True
Kepler-256 c,Kepler-256,transit,2014,3.38802,2.15,,5551.0,1.301,1.037,,0.1918101525559818,inner,,False,True,True
Kepler-256 d,Kepler-256,transit,2014,5.839172,2.48,,5551.0,1.301,1.037,,0.2212507806227139,inner,,False,True,True
Kepler-256 e,Kepler-256,transit,2014,10.681572,2.35,,5551.0,1.301,1.037,,0.20965295744491036,inner,,False,True,True
Kepler-257 b,Kepler-257,transit,2014,2.382667,2.61,,5180.0,1.037,0.916,,0.23284860380051745,inner,,False,True,True
Kepler-257 c,Kepler-257,transit,2014,6.581484,5.41,,5180.0,1.037,0.916,,0.48264787224551703,inner,,False,True,True
Kepler-257 d,Kepler-257,transit,2014,24.664551,4.95,,5180.0,1.037,0.916,,0.4416094210009814,inner,,False,True,True
Kepler-258 b,Kepler-258,transit,2014,13.19722,4.06,,4942.0,0.915,0.82,,0.36220893924524933,inner,,False,True,True
Kepler-258 c,Kepler-258,transit,2014,33.653079,3.61,,4942.0,0.915,0.82,,0.32206262824516013,inner,,False,True,True
Kepler-259 b,Kepler-259,transit,2014,8.115317,2.8,,5938.0,0.898,0.867,,0.24979926844499956,inner,,False,True,True
Kepler-259 c,Kepler-259,transit,2014,36.924931,2.7,,5938.0,0.898,0.867,,0.24087786600053532,inner,,False,True,True
Kepler-26 b,Kepler-26,transit,2011,12.28,2.78,5.12,3914.0,0.512,0.544,0.016109342159910393,0.2480149879561067,inner,0.0,True,True,True
Kepler-26 c,Kepler-26,transit,2011,17.2559,2.72,6.2,3914.0,0.512,0.544,0.019507406521766493,0.24266214648942816,inner,0.0,True,True,True
Kepler-26 d,Kepler-26,transit,2014,3.543919,1.07,,4486.0,0.571,0.593,,0.09545900615576769,inner,,False,True,True
Kepler-26 e,Kepler-26,transit,2014,46.827915,2.41,,4486.0,0.571,0.593,,0.2150057989115889,inner,,False,True,True
Kepler-260 b,Kepler-260,transit,2014,8.187399,2.01,,5250.0,0.862,1.013,,0.17932018913373182,inner,,False,True,True
Kepler-260 c,Kepler-260,transit,2014,76.050178,1.74,,5250.0,0.862,1.013,,0.1552324025336783,inner,,False,True,True
Kepler-261 b,Kepler-261,transit,2014,10.381227,2.18,,5098.0,0.794,0.834,,0.1944865732893211,inner,,False,True,True
Kepler-261 c,Kepler-261,transit,2014,24.570858,2.0,,5098.0,0.794,0.834,,0.1784280488892854,inner,,False,True,True
Kepler-262 b,Kepler-262,transit,2014,13.060855,1.36,,5841.0,0.881,0.816,,0.12133107324471408,inner,,False,True,True
Kepler-262 c,Kepler-262,transit,2014,21.853722,1.64,,5841.0,0.881,0.816,,0.14631100008921402,inner,,False,True,True
Kepler-263 b,Kepler-263,transit,2014,16.568087,2.67,,5265.0,0.785,0.793,,0.238201445267196,inner,,False,True,True
Kepler-263 c,Kepler-263,transit,2014,47.332773,2.47,,5265.0,0.785,0.793,,0.2203586403782675,inner,,False,True,True
Kepler-264 b,Kepler-264,transit,2014,40.806231,3.33,,6158.0,1.55,1.426,,0.2970827014006602,inner,,False,True,True
Kepler-264 c,Kepler-264,transit,2014,140.101261,2.83,,6158.0,1.55,1.426,,0.25247568917833885,inner,,False,True,True
Kepler-265 b,Kepler-265,transit,2014,6.846262,1.86,,5835.0,1.103,0.97,,0.16593808546703542,inner,,False,True,True
Kepler-265 c,Kepler-265,transit,2014,17.028937,2.63,,5835.0,1.103,0.97,,0.2346328842894103,inner,,False,True,True
Kepler-265 d,Kepler-265,transit,2014,43.130617,2.49,,5835.0,1.103,0.97,,0.22214292086716034,inner,,False,True,True
Kepler-265 e,Kepler-265,transit,2014,67.831024,2.59,,5835.0,1.103,0.97,,0.23106432331162458,inner,,False,True,True
Kepler-266 b,Kepler-266,transit,2014,6.61833,2.48,,5885.0,1.028,0.947,,0.2212507806227139,inner,,False,True,True
Kepler-266 c,Kepler-266,transit,2014,107.723601,3.89,,5885.0,1.028,0.947,,0.34704255508966014,inner,,False,True,True
Kepler-267 b,Kepler-267,transit,2014,3.353728,1.98,37.9,4258.0,0.555,0.541571,0.1192468882540242,0.17664376840039256,inner,0.0,True,True,True
Kepler-267 c,Kepler-267,transit,2014,6.87745,2.13,,4258.0,0.555,0.541571,,0.19002587206708893,inner,,False,True,True
Kepler-267 d,Kepler-267,transit,2014,28.464515,2.27,,4258.0,0.555,0.541571,,0.20251583548933894,inner,,False,True,True
Kepler-268 b,Kepler-268,transit,2014,25.934138,2.55,,6081.0,1.274,1.109,,0.22749576233383886,inner,,False,True,True
Kepler-268 c,Kepler-268,transit,2014,83.446393,3.38,,6081.0,1.274,1.109,,0.3015434026228923,inner,,False,True,True
Kepler-269 b,Kepler-269,transit,2014,5.326718,2.47,,5847.0,0.959,0.92,,0.2203586403782675,inner,,False,True,True
Kepler-269 c,Kepler-269,transit,2014,8.127899,1.69,,5847.0,0.959,0.92,,0.15077170131144615,inner,,False,True,True
Kepler-27 b,Kepler-27,transit,2011,15.3348,4.0,2895.31,5400.0,0.59,0.65,9.109675673634797,0.3568560977785708,inner,0.0,True,True,True
Kepler-27 c,Kepler-27,transit,2011,31.3309,4.9,4385.87,5400.0,0.59,0.65,13.79950790993871,0.43714871977874925,inner,0.0,True,True,True
Kepler-27 d,Kepler-27,transit,2021,6.546289921,2.7061946,,5251.0,0.817,0.926,,0.24143051119636005,inner,,False,True,True
Kepler-270 b,Kepler-270,transit,2014,11.476094,2.01,,6067.0,1.461,1.17,,0.17932018913373182,inner,,False,True,True
Kepler-270 c,Kepler-270,transit,2014,25.262887,1.77,,6067.0,1.461,1.17,,0.15790882326701758,inner,,False,True,True
Kepler-271 b,Kepler-271,transit,2014,10.43547805,1.23,,5555.0,0.87,0.9,,0.10973325006691052,inner,,False,True,True
Kepler-271 c,Kepler-271,transit,2014,7.41086267,0.95,,5555.0,0.87,0.9,,0.08475332322241057,inner,,False,True,True
Kepler-271 d,Kepler-271,transit,2016,5.24972541,0.66,,5555.0,0.87,0.9,,0.058881256133464184,inner,,False,True,True
Kepler-272 b,Kepler-272,transit,2014,2.971353,1.43,78.0,5297.0,0.929,0.91,0.2454157594673849,0.12757605495583907,inner,0.0,True,True,True
Kepler-272 c,Kepler-272,transit,2014,6.057342,1.79,97.8,5297.0,0.929,0.91,0.30771360610141335,0.15969310375591045,inner,0.0,True,True,True
Kepler-272 d,Kepler-272,transit,2014,10.937304,2.25,,5297.0,0.929,0.91,,0.20073155500044607,inner,,False,True,True
Kepler-273 b,Kepler-273,transit,2014,2.936532,1.5,,5626.0,0.815,0.756,,0.13382103666696404,inner,,False,True,True
Kepler-273 c,Kepler-273,transit,2014,8.014927,1.98,,5626.0,0.815,0.756,,0.17664376840039256,inner,,False,True,True
Kepler-274 b,Kepler-274,transit,2014,11.634788,1.54,,6023.0,1.007,0.883,,0.13738959764474976,inner,,False,True,True
Kepler-274 c,Kepler-274,transit,2014,33.197861,1.84,,6023.0,1.007,0.883,,0.16415380497814258,inner,,False,True,True
Kepler-275 b,Kepler-275,transit,2014,10.300682,2.34,,6165.0,1.383,1.189,,0.2087608172004639,inner,,False,True,True
Kepler-275 c,Kepler-275,transit,2014,16.088134,3.38,,6165.0,1.383,1.189,,0.3015434026228923,inner,,False,True,True
Kepler-275 d,Kepler-275,transit,2014,35.676062,3.33,,6165.0,1.383,1.189,,0.2970827014006602,inner,,False,True,True
Kepler-276 b,Kepler-276,transit,2014,14.12841,2.87,731.209,6105.0,1.046,0.845,2.3006437444152184,0.2560442501561246,inner,0.0,True,True,True
Kepler-276 c,Kepler-276,transit,2013,31.884,2.9,16.6,5693.0,1.03,1.1,0.05222950778408448,0.2587206708894638,inner,0.0,True,True,True
Kepler-276 d,Kepler-276,transit,2013,48.648,2.8,16.3,5693.0,1.03,1.1,0.05128560101690223,0.24979926844499956,inner,0.0,True,True,True
Kepler-277 b,Kepler-277,transit,2013,17.324,2.92,87.3,5946.0,1.69,1.12,0.27467686925003465,0.26050495137835666,inner,0.0,True,True,True
Kepler-277 c,Kepler-277,transit,2013,33.006,3.36,64.2,5946.0,1.69,1.12,0.20199604817700142,0.29975912213399947,inner,0.0,True,True,True
Kepler-278 b,Kepler-278,transit,2014,30.160546,4.07,,4991.0,2.935,1.414,,0.36310107948969583,inner,,False,True,True
Kepler-278 c,Kepler-278,transit,2014,51.078775,3.59,,4991.0,2.935,1.414,,0.3202783477562673,inner,,False,True,True
Kepler-279 b,Kepler-279,transit,2014,12.309681,3.62,4180.93,6363.0,1.746,1.2,13.154693733717611,0.3229547684896066,inner,0.0,True,True,True
Kepler-279 c,Kepler-279,transit,2013,35.736,4.3,49.4,6689.45,1.07,1.1,0.15542998099601044,0.3836203051119636,inner,0.0,True,True,True
Kepler-279 d,Kepler-279,transit,2013,54.414,3.1,37.5,6689.45,1.07,1.1,0.1179883458977812,0.27656347577839235,inner,0.0,True,True,True
Kepler-279 e,Kepler-279,transit,2025,98.3531,4.13,56.0,6689.45,1.43,1.164,0.1761959298740199,0.36845392095637436,inner,0.0,True,True,True
Kepler-28 b,Kepler-28,transit,2011,5.91,1.959,1.63,4499.3,0.664,0.684,0.005128560101690222,0.17477027388705504,inner,0.1886489662297829,True,True,True
Kepler-28 c,Kepler-28,transit,2011,8.99,1.857,2.06,4499.3,0.664,0.684,0.006481493134651448,0.1656704433937015,inner,0.03614082978891564,True,True,True
Kepler-280 b,Kepler-280,transit,2014,2.139542,1.45,,5744.0,0.886,0.962,,0.1293603354447319,inner,,False,True,True
Kepler-280 c,Kepler-280,transit,2014,4.807091,2.01,,5744.0,0.886,0.962,,0.17932018913373182,inner,,False,True,True
Kepler-281 b,Kepler-281,transit,2014,14.646008,2.82,324.0,5723.0,0.899,0.95,1.0194193085568295,0.2515835489338924,inner,0.0,True,True,True
Kepler-281 c,Kepler-281,transit,2014,36.337373,5.31,161.124,5723.0,0.899,0.95,0.5069534465182426,0.4737264698010527,inner,0.0,True,True,True
Kepler-281 d,Kepler-281,transit,2021,148.2720032,5.93747806,654.0,5717.0,0.884,0.984,2.057716752457304,0.5297063127843697,inner,0.0,True,True,True
Kepler-282 b,Kepler-282,transit,2014,9.220524,1.01,,5602.0,0.904,0.86,,0.09010616468908914,inner,,False,True,True
Kepler-282 c,Kepler-282,transit,2014,13.638723,1.2,,5602.0,0.904,0.86,,0.10705682933357123,inner,,False,True,True
Kepler-282 d,Kepler-282,transit,2013,24.806,2.46,61.0,5656.0,0.89,0.97,0.1919277093270574,0.21946650013382105,inner,0.0,True,True,True
Kepler-282 e,Kepler-282,transit,2013,44.347,3.1,56.2,5656.0,0.89,0.97,0.17682520105214145,0.27656347577839235,inner,0.0,True,True,True
Kepler-283 b,Kepler-283,transit,2014,11.008151,2.13,,4351.0,0.566,0.596,,0.19002587206708893,inner,,False,True,True
Kepler-283 c,Kepler-283,transit,2014,92.743711,1.82,,4351.0,0.566,0.596,,0.1623695244892497,outer,,False,True,True
Kepler-284 b,Kepler-284,transit,2014,12.699149,2.24,,5615.0,0.814,0.766,,0.19983941475599967,inner,,False,True,True
Kepler-284 c,Kepler-284,transit,2014,37.514456,2.61,,5615.0,0.814,0.766,,0.23284860380051745,inner,,False,True,True
Kepler-285 b,Kepler-285,transit,2014,2.633867,1.34,,5411.0,0.808,0.915,,0.11954679275582122,inner,,False,True,True
Kepler-285 c,Kepler-285,transit,2014,6.186676,1.12,,5411.0,0.808,0.915,,0.09991970737799984,inner,,False,True,True
Kepler-286 b,Kepler-286,transit,2014,1.796302,1.24,,5580.0,0.863,0.83,,0.11062539031135694,inner,,False,True,True
Kepler-286 c,Kepler-286,transit,2014,3.468095,1.37,,5580.0,0.863,0.83,,0.12222321348916051,inner,,False,True,True
Kepler-286 d,Kepler-286,transit,2014,5.914323,1.33,,5580.0,0.863,0.83,,0.1186546525113748,inner,,False,True,True
Kepler-286 e,Kepler-286,transit,2014,29.221289,1.77,,5580.0,0.863,0.83,,0.15790882326701758,inner,,False,True,True
Kepler-287 b,Kepler-287,transit,2014,20.342199,2.33,83.0,5806.0,1.032,0.963,0.26114753892042236,0.2078686769560175,inner,0.0,True,True,True
Kepler-287 c,Kepler-287,transit,2014,44.851896,3.26,66.0,5806.0,1.032,0.963,0.2076594887800949,0.2908377196895352,inner,0.0,True,True,True
Kepler-288 b,Kepler-288,transit,2014,6.097326,1.67,,5918.0,1.091,0.842,,0.1489874208225533,inner,,False,True,True
Kepler-288 c,Kepler-288,transit,2014,19.305772,2.85,,5918.0,1.091,0.842,,0.2542599696672317,inner,,False,True,True
Kepler-288 d,Kepler-288,transit,2014,56.633742,2.67,,5918.0,1.091,0.842,,0.238201445267196,inner,,False,True,True
Kepler-289 b,Kepler-289,transit,2014,34.5383,2.49,3.7,5990.0,1.0,1.08,0.011641516795247745,0.22214292086716034,inner,0.0,True,True,True
Kepler-289 c,Kepler-289,transit,2014,125.8723,11.23,157.18,5990.0,1.0,1.08,0.49454421888568667,1.0018734945133376,inner,0.0,True,True,True
Kepler-289 d,Kepler-289,transit,2014,66.0282,3.03,5.33,5990.0,1.0,1.08,0.016770076896937967,0.2703184940672674,inner,0.0,True,True,True
Kepler-289 e,Kepler-289,transit,2025,330.0716,2.94,17.4,5990.0,0.985,1.061,0.05474659249657047,0.26228923186724956,inner,0.0,True,True,True
Kepler-29 b,Kepler-29,transit,2011,10.33974,2.55,5.0,5378.0,0.732,0.761,0.015731779453037494,0.22749576233383886,inner,0.0,True,True,True
Kepler-29 c,Kepler-29,transit,2011,13.28613,2.34,4.5,5378.0,0.732,0.761,0.014158601507733744,0.2087608172004639,inner,0.0,True,True,True
Kepler-290 b,Kepler-290,transit,2014,14.589347,2.25,,5147.0,0.743,0.756,,0.20073155500044607,inner,,False,True,True
Kepler-290 c,Kepler-290,transit,2014,36.77031,2.7,,5147.0,0.743,0.756,,0.24087786600053532,inner,,False,True,True
Kepler-290 d,Kepler-290,transit,2023,0.764017553,0.86,,5142.0,0.755,0.84,,0.07672406102239272,inner,,False,True,True
Kepler-291 b,Kepler-291,transit,2014,3.546511,2.16,,6002.0,1.016,1.023,,0.19270229280042825,inner,,False,True,True
Kepler-291 c,Kepler-291,transit,2014,5.700786,1.88,,6002.0,1.016,1.023,,0.16772236595592827,inner,,False,True,True
Kepler-292 b,Kepler-292,transit,2014,2.580827,1.32,,5299.0,0.826,0.865,,0.11776251226692837,inner,,False,True,True
Kepler-292 c,Kepler-292,transit,2014,3.715335,1.47,,5299.0,0.826,0.865,,0.13114461593362478,inner,,False,True,True
Kepler-292 d,Kepler-292,transit,2014,7.055679,2.23,,5299.0,0.826,0.865,,0.19894727451155322,inner,,False,True,True
Kepler-292 e,Kepler-292,transit,2014,11.97901,2.67,,5299.0,0.826,0.865,,0.238201445267196,inner,,False,True,True
Kepler-292 f,Kepler-292,transit,2014,20.834237,2.35,,5299.0,0.826,0.865,,0.20965295744491036,inner,,False,True,True
Kepler-293 b,Kepler-293,transit,2014,19.254196,3.07,,5804.0,0.957,0.934,,0.27388705504505306,inner,,False,True,True
Kepler-293 c,Kepler-293,transit,2014,54.155743,3.83,,5804.0,0.957,0.934,,0.34168971362298156,inner,,False,True,True
Kepler-294 b,Kepler-294,transit,2014,3.701212,1.77,,5913.0,0.976,0.947,,0.15790882326701758,inner,,False,True,True
Kepler-294 c,Kepler-294,transit,2014,6.6264,2.71,,5913.0,0.976,0.947,,0.2417700062449817,inner,,False,True,True
Kepler-295 b,Kepler-295,transit,2014,12.645164,1.22,,5603.0,0.898,0.89,,0.10884110982246409,inner,,False,True,True
Kepler-295 c,Kepler-295,transit,2014,21.526258,1.17,,5603.0,0.898,0.89,,0.10438040860023196,inner,,False,True,True
Kepler-295 d,Kepler-295,transit,2014,33.884054,1.36,,5603.0,0.898,0.89,,0.12133107324471408,inner,,False,True,True
Kepler-296 b,Kepler-296,transit,2014,10.864384,1.61,,3740.0,0.48,0.498,,0.14363457935587476,inner,,False,True,True
Kepler-296 c,Kepler-296,transit,2014,5.8416366,2.0,,3740.0,0.48,0.498,,0.1784280488892854,inner,,False,True,True
Kepler-296 d,Kepler-296,transit,2014,19.850291,2.09,,3740.0,0.48,0.498,,0.18645731108930322,inner,,False,True,True
Kepler-296 e,Kepler-296,transit,2014,34.14211,1.53,,3740.0,0.48,0.498,,0.13649745740030333,habitable,,False,True,True
Kepler-296 f,Kepler-296,transit,2014,63.33627,1.8,,3740.0,0.48,0.498,,0.16058524400035687,outer,,False,True,True
Kepler-297 b,Kepler-297,transit,2014,38.871826,2.87,48.5,5619.0,0.915,0.927,0.1525982606944637,0.2560442501561246,inner,0.0,True,True,True
Kepler-297 c,Kepler-297,transit,2014,74.920137,6.54,42.1,5619.0,0.915,0.927,0.1324615829945757,0.5834597198679633,inner,0.0,True,True,True
Kepler-297 d,Kepler-297,transit,2023,150.0189511,32.6,,5618.0,0.897,0.846,,2.9083771968953522,inner,,False,True,True
Kepler-298 b,Kepler-298,transit,2014,10.475464,1.96,,4465.0,0.582,0.66,,0.1748594879114997,inner,,False,True,True
Kepler-298 c,Kepler-298,transit,2014,22.92881,1.93,,4465.0,0.582,0.66,,0.1721830671781604,inner,,False,True,True
Kepler-298 d,Kepler-298,transit,2014,77.473633,2.5,,4465.0,0.582,0.66,,0.22303506111160676,habitable,,False,True,True
Kepler-299 b,Kepler-299,transit,2014,2.927128,1.32,,5617.0,1.032,1.004,,0.11776251226692837,inner,,False,True,True
Kepler-299 c,Kepler-299,transit,2014,6.885875,2.65,,5617.0,1.032,1.004,,0.23641716477830316,inner,,False,True,True
Kepler-299 d,Kepler-299,transit,2014,15.054786,1.86,,5617.0,1.032,1.004,,0.16593808546703542,inner,,False,True,True
Kepler-299 e,Kepler-299,transit,2014,38.285489,1.87,,5617.0,1.032,1.004,,0.16683022571148187,inner,,False,True,True
Kepler-30 b,Kepler-30,transit,2012,29.33434,3.9,11.3,5498.0,0.95,0.99,0.03555382156386474,0.34793469533410654,inner,0.0,True,True,True
Kepler-30 c,Kepler-30,transit,2012,60.323105,12.3,640.0,5498.0,0.95,0.99,2.0136677699887993,1.0973325006691053,inner,0.0,True,True,True
Kepler-30 d,Kepler-30,transit,2012,143.34394,8.8,23.1,5498.0,0.95,0.99,0.07268082107303322,0.7850834151128558,inner,0.0,True,True,True
Kepler-300 b,Kepler-300,transit,2014,10.446347,1.67,,5986.0,0.9,1.07,,0.1489874208225533,inner,,False,True,True
Kepler-300 c,Kepler-300,transit,2014,40.714955,2.25,,5986.0,0.9,1.07,,0.20073155500044607,inner,,False,True,True
Kepler-301 b,Kepler-301,transit,2014,2.508553,1.35,,5815.0,0.9,1.022,,0.12043893300026766,inner,,False,True,True
Kepler-301 c,Kepler-301,transit,2014,5.419026,1.35,,5815.0,0.9,1.022,,0.12043893300026766,inner,,False,True,True
Kepler-301 d,Kepler-301,transit,2014,13.751243,1.75,,5815.0,0.9,1.022,,0.15612454277812474,inner,,False,True,True
Kepler-302 b,Kepler-302,transit,2014,30.184104,4.06,,5740.0,1.22,1.021,,0.36220893924524933,inner,,False,True,True
Kepler-302 c,Kepler-302,transit,2014,127.282184,12.45,,5740.0,1.22,1.021,,1.1107146043358016,inner,,False,True,True
Kepler-303 b,Kepler-303,transit,2014,1.937055,0.89,,3944.0,0.485,0.575,,0.079400481755732,inner,,False,True,True
Kepler-303 c,Kepler-303,transit,2014,7.061149,1.14,,3944.0,0.485,0.575,,0.10170398786689266,inner,,False,True,True
Kepler-304 b,Kepler-304,transit,2014,3.295709,2.86,,4731.0,0.687,0.737,,0.25515210991167814,inner,,False,True,True
Kepler-304 c,Kepler-304,transit,2014,5.315946,2.17,,4731.0,0.687,0.737,,0.19359443304487464,inner,,False,True,True
Kepler-304 d,Kepler-304,transit,2014,9.653471,2.75,,4731.0,0.687,0.737,,0.24533856722276742,inner,,False,True,True
Kepler-304 e,Kepler-304,transit,2016,1.499146953,1.2,,4817.0,0.73,0.8,,0.10705682933357123,inner,,False,True,True
Kepler-305 b,Kepler-305,transit,2013,5.487,3.6,10.5,5080.0,0.8,0.76,0.033036736851378735,0.32117048800071374,inner,0.0,True,True,True
Kepler-305 c,Kepler-305,transit,2013,8.291,3.3,6.0,5080.0,0.8,0.76,0.01887813534364499,0.2944062806673209,inner,0.0,True,True,True
Kepler-305 d,Kepler-305,transit,2014,16.74,2.76,6.2,5090.0,0.792,0.827,0.019507406521766493,0.24623070746721384,inner,0.0,True,True,True
Kepler-305 e,Kepler-305,transit,2020,3.20538,1.7938153,,4974.0,0.827279,0.82,,0.16003348202337406,inner,,False,True,True
Kepler-306 b,Kepler-306,transit,2014,4.646186,1.52,,4954.0,0.719,0.75,,0.1356053171558569,inner,,False,True,True
Kepler-306 c,Kepler-306,transit,2014,7.240193,2.35,,4954.0,0.719,0.75,,0.20965295744491036,inner,,False,True,True
Kepler-306 d,Kepler-306,transit,2014,17.326644,2.47,,4954.0,0.719,0.75,,0.2203586403782675,inner,,False,True,True
Kepler-306 e,Kepler-306,transit,2014,44.840975,2.27,,4954.0,0.719,0.75,,0.20251583548933894,inner,,False,True,True
Kepler-307 b,Kepler-307,transit,2013,10.4208,2.43,7.44,5367.0,0.814,0.907,0.02340888782611979,0.21679007940048178,inner,0.0,True,True,True
Kepler-307 c,Kepler-307,transit,2013,13.0729,2.2,3.64,5367.0,0.814,0.907,0.011452735441811296,0.19627085377821396,inner,0.0,True,True,True
Kepler-308 b,Kepler-308,transit,2014,9.694928,2.12,,5895.0,0.941,0.92,,0.18913373182264254,inner,,False,True,True
Kepler-308 c,Kepler-308,transit,2014,15.38231,2.16,,5895.0,0.941,0.92,,0.19270229280042825,inner,,False,True,True
Kepler-309 b,Kepler-309,transit,2014,5.923653,1.56,,4713.0,0.721,0.816,,0.13917387813364263,inner,,False,True,True
Kepler-309 c,Kepler-309,transit,2014,105.356383,2.51,,4713.0,0.721,0.816,,0.22392720135605315,inner,,False,True,True
Kepler-31 b,Kepler-31,transit,2011,20.8613,5.5,36.7418,6340.0,1.22,1.21,0.11560277886152259,0.49067713444553485,inner,0.0,True,True,True
Kepler-31 c,Kepler-31,transit,2011,42.6318,5.3,1493.7,6340.0,1.22,1.21,4.699711793800421,0.4728343295566063,inner,0.0,True,True,True
Kepler-31 d,Kepler-31,transit,2014,87.6451,3.9,2161.244,6340.0,1.22,1.21,6.800042790440113,0.34793469533410654,inner,0.0,True,True,True
Kepler-310 b,Kepler-310,transit,2014,13.930698,1.19,,5797.0,0.876,0.854,,0.10616468908912481,inner,,False,True,True
Kepler-310 c,Kepler-310,transit,2014,56.47542,3.38,,5797.0,0.876,0.854,,0.3015434026228923,inner,,False,True,True
Kepler-310 d,Kepler-310,transit,2014,92.876125,2.47,7.0,5797.0,0.876,0.854,0.02202449123425249,0.2203586403782675,inner,0.0,True,True,True
Kepler-311 b,Kepler-311,transit,2014,9.176092,1.7,,5905.0,1.188,0.994,,0.15166384155589258,inner,,False,True,True
Kepler-311 c,Kepler-311,transit,2014,19.738286,1.43,,5905.0,1.188,0.994,,0.12757605495583907,inner,,False,True,True
Kepler-311 d,Kepler-311,transit,2023,232.040326,2.05,,5903.0,1.156,0.974,,0.18288875011151753,inner,,False,True,True
Kepler-312 b,Kepler-312,transit,2014,1.772419,1.29,,6115.0,1.467,1.314,,0.11508609153358909,inner,,False,True,True
Kepler-312 c,Kepler-312,transit,2014,19.747412,3.15,,6115.0,1.467,1.314,,0.2810241770006245,inner,,False,True,True
Kepler-313 b,Kepler-313,transit,2014,14.970418,2.53,,5727.0,1.536,1.114,,0.22571148184494602,inner,,False,True,True
Kepler-313 c,Kepler-313,transit,2014,32.273273,2.57,,5727.0,1.536,1.114,,0.22928004282273173,inner,,False,True,True
Kepler-314 b,Kepler-314,transit,2014,2.461069,0.83,,5378.0,0.95,0.99,,0.07404764028905343,inner,,False,True,True
Kepler-314 c,Kepler-314,transit,2014,5.960392,2.9,,5378.0,0.95,0.99,,0.2587206708894638,inner,,False,True,True
Kepler-315 b,Kepler-315,transit,2014,96.101141,3.77,,5796.0,1.037,0.831,,0.336336872156303,inner,,False,True,True
Kepler-315 c,Kepler-315,transit,2014,265.469335,4.15,,5796.0,1.037,0.831,,0.37023820144526726,habitable,,False,True,True
Kepler-316 b,Kepler-316,transit,2014,2.240508,1.06,,4204.0,0.52,0.587,,0.09456686591132127,inner,,False,True,True
Kepler-316 c,Kepler-316,transit,2014,6.827766,1.16,,4204.0,0.52,0.587,,0.10348826835578552,inner,,False,True,True
Kepler-317 b,Kepler-317,transit,2014,5.524242,2.09,109.8,5497.0,0.941,0.865,0.34546987678870333,0.18645731108930322,inner,0.0,True,True,True
Kepler-317 c,Kepler-317,transit,2014,8.77501,1.72,,5497.0,0.941,0.865,,0.15344812204478545,inner,,False,True,True
Kepler-318 b,Kepler-318,transit,2014,4.662715,4.71,,5746.0,1.189,1.073,,0.4201980551342671,inner,,False,True,True
Kepler-318 c,Kepler-318,transit,2014,11.815007,3.68,,5746.0,1.189,1.073,,0.32830760995628516,inner,,False,True,True
Kepler-319 b,Kepler-319,transit,2014,4.362705,1.63,,5526.0,0.903,0.933,,0.1454188598447676,inner,,False,True,True
Kepler-319 c,Kepler-319,transit,2014,6.941357,2.63,,5526.0,0.903,0.933,,0.2346328842894103,inner,,False,True,True
Kepler-319 d,Kepler-319,transit,2014,31.781925,2.29,,5526.0,0.903,0.933,,0.20430011597823178,inner,,False,True,True
Kepler-32 b,Kepler-32,transit,2011,5.90124,2.2,1303.0,3900.0,0.53,0.58,4.09970172546157,0.19627085377821396,inner,0.0,True,True,True
Kepler-32 c,Kepler-32,transit,2011,8.7522,2.0,158.9,3900.0,0.53,0.58,0.49995595101753154,0.1784280488892854,inner,0.0,True,True,True
Kepler-32 d,Kepler-32,transit,2012,22.7802,2.7,67.4815,3900.0,0.53,0.58,0.2123208150320299,0.24087786600053532,inner,0.0,True,True,True
Kepler-32 e,Kepler-32,transit,2012,2.896,1.5,4.08181,3900.0,0.53,0.58,0.012842826937840593,0.13382103666696404,inner,0.0,True,True,True
Kepler-32 f,Kepler-32,transit,2012,0.74296,0.82,969.228,3900.0,0.53,0.58,3.0495362271417243,0.07315550004460701,inner,0.0,True,True,True
Kepler-320 b,Kepler-320,transit,2014,8.371554,1.14,,6435.0,1.108,1.072,,0.10170398786689266,inner,,False,True,True
Kepler-320 c,Kepler-320,transit,2014,17.934937,1.37,,6435.0,1.108,1.072,,0.12222321348916051,inner,,False,True,True
Kepler-321 b,Kepler-321,transit,2014,4.915379,1.77,,5740.0,1.194,1.024,,0.15790882326701758,inner,,False,True,True
Kepler-321 c,Kepler-321,transit,2014,13.093921,2.32,,5740.0,1.194,1.024,,0.20697653671157104,inner,,False,True,True
Kepler-322 b,Kepler-322,transit,2014,1.653888,1.01,,5388.0,0.89,0.908,,0.09010616468908914,inner,,False,True,True
Kepler-322 c,Kepler-322,transit,2014,4.337234,1.67,,5388.0,0.89,0.908,,0.1489874208225533,inner,,False,True,True
Kepler-323 b,Kepler-323,transit,2014,1.678328,1.381,3.9,6004.0,1.12,1.015,0.012270787973369245,0.12320456775805157,inner,0.0,True,True,True
Kepler-323 c,Kepler-323,transit,2014,3.5538229,1.57,6.8,6004.0,1.12,1.015,0.02139522005613099,0.14006601837808905,inner,0.0,True,True,True
Kepler-324 b,Kepler-324,transit,2014,4.385315,1.14,2414.4,5194.0,0.84,0.901,7.596561662282745,0.10170398786689266,inner,0.0,True,True,True
Kepler-324 c,Kepler-324,transit,2014,51.805612,3.15,6.2,5194.0,0.84,0.901,0.019507406521766493,0.2810241770006245,inner,0.0,True,True,True
Kepler-324 e,Kepler-324,transit,2021,13.97939968,2.03862444,235.014,5191.0,0.826,0.844,0.7394376832752307,0.18187389062360604,inner,0.0,True,True,True
Kepler-325 b,Kepler-325,transit,2014,4.544439,2.91,,5752.0,1.003,0.914,,0.25961281113391027,inner,,False,True,True
Kepler-325 c,Kepler-325,transit,2014,12.762172,2.54,,5752.0,1.003,0.914,,0.22660362208939247,inner,,False,True,True
Kepler-325 d,Kepler-325,transit,2014,38.715185,2.79,,5752.0,1.003,0.914,,0.24890712820055313,inner,,False,True,True
Kepler-326 b,Kepler-326,transit,2014,2.248329,1.52,44.6,5105.0,0.801,0.91,0.14032747272109444,0.1356053171558569,inner,0.0,True,True,True
Kepler-326 c,Kepler-326,transit,2014,4.580358,1.4,17.4,5105.0,0.801,0.91,0.05474659249657047,0.12489963422249978,inner,0.0,True,True,True
Kepler-326 d,Kepler-326,transit,2014,6.766888,1.21,6.9,5105.0,0.801,0.91,0.02170985564519174,0.10794896957801767,inner,0.0,True,True,True
Kepler-327 b,Kepler-327,transit,2014,2.549575,1.11,,3799.0,0.492,0.591913,,0.0990275671335534,inner,,False,True,True
Kepler-327 c,Kepler-327,transit,2014,5.212333,1.03,20.3,3799.0,0.492,0.591913,0.06387102457933222,0.09189044517798198,inner,0.0,True,True,True
Kepler-327 d,Kepler-327,transit,2014,13.969457,1.73,,3799.0,0.492,0.591913,,0.15434026228923187,inner,,False,True,True
Kepler-328 b,Kepler-328,transit,2013,34.921,2.3,28.5,6064.0,1.06,1.15,0.08967114288231372,0.2051922562226782,inner,0.0,True,True,True
Kepler-328 c,Kepler-328,transit,2013,71.312,5.4,39.4,6064.0,1.06,1.15,0.12396642208993544,0.48175573200107064,inner,0.0,True,True,True
Kepler-329 b,Kepler-329,transit,2014,7.416397,1.4,,4257.0,0.523,0.602,,0.12489963422249978,inner,,False,True,True
Kepler-329 c,Kepler-329,transit,2014,18.684737,1.93,,4257.0,0.523,0.602,,0.1721830671781604,inner,,False,True,True
Kepler-33 b,Kepler-33,transit,2011,5.66793,1.74,,5904.0,1.82,1.291,,0.1552324025336783,inner,,False,True,True
Kepler-33 c,Kepler-33,transit,2011,13.17562,3.2,0.39,5904.0,1.82,1.291,0.0012270787973369245,0.2854848782228567,inner,0.0,True,True,True
Kepler-33 d,Kepler-33,transit,2011,21.77596,5.35,3.91,5904.0,1.82,1.291,0.01230225153227532,0.4772950307788384,inner,0.0,True,True,True
Kepler-33 e,Kepler-33,transit,2011,31.7844,4.02,5.57,5904.0,1.82,1.291,0.017525202310683767,0.35864037826746364,inner,0.0,True,True,True
Kepler-33 f,Kepler-33,transit,2011,41.02902,4.46,9.6,5904.0,1.82,1.291,0.030205016549831987,0.39789454902310645,inner,0.0,True,True,True
Kepler-330 b,Kepler-330,transit,2014,8.25978,1.35,,5117.0,0.722,0.848,,0.12043893300026766,inner,,False,True,True
Kepler-330 c,Kepler-330,transit,2014,15.955387,1.95,,5117.0,0.722,0.848,,0.17396734766705327,inner,,False,True,True
Kepler-331 b,Kepler-331,transit,2014,8.457496,1.82,,4347.0,0.492,0.653,,0.1623695244892497,inner,,False,True,True
Kepler-331 c,Kepler-331,transit,2014,17.28111,1.84,,4347.0,0.492,0.653,,0.16415380497814258,inner,,False,True,True
Kepler-331 d,Kepler-331,transit,2014,32.134328,1.64,,4347.0,0.492,0.653,,0.14631100008921402,inner,,False,True,True
Kepler-332 b,Kepler-332,transit,2014,7.626324,1.17,,4955.0,0.72,0.743,,0.10438040860023196,inner,,False,True,True
Kepler-332 c,Kepler-332,transit,2014,15.995622,1.09,,4955.0,0.72,0.743,,0.09724328664466055,inner,,False,True,True
Kepler-332 d,Kepler-332,transit,2014,34.21154,1.18,,4955.0,0.72,0.743,,0.10527254884467838,inner,,False,True,True
Kepler-333 b,Kepler-333,transit,2014,12.551158,1.32,28.2,4259.0,0.534,0.601,0.08872723611513146,0.11776251226692837,inner,0.0,True,True,True
Kepler-333 c,Kepler-333,transit,2014,24.08821,1.11,,4259.0,0.534,0.601,,0.0990275671335534,inner,,False,True,True
Kepler-334 b,Kepler-334,transit,2014,5.470319,1.12,,5828.0,1.068,1.022,,0.09991970737799984,inner,,False,True,True
Kepler-334 c,Kepler-334,transit,2014,12.758005,1.43,,5828.0,1.068,1.022,,0.12757605495583907,inner,,False,True,True
Kepler-334 d,Kepler-334,transit,2014,25.09849,1.41,,5828.0,1.068,1.022,,0.1257917744669462,inner,,False,True,True
Kepler-335 b,Kepler-335,transit,2014,6.562331,3.39,,5877.0,1.854,1.367,,0.30243554286733876,inner,,False,True,True
Kepler-335 c,Kepler-335,transit,2014,67.844469,3.07,,5877.0,1.854,1.367,,0.27388705504505306,inner,,False,True,True
Kepler-336 b,Kepler-336,transit,2014,2.024823,1.02,,5867.0,1.304,1.09,,0.09099830493353556,inner,,False,True,True
Kepler-336 c,Kepler-336,transit,2014,9.600001,2.1,,5867.0,1.304,1.09,,0.18734945133374967,inner,,False,True,True
Kepler-336 d,Kepler-336,transit,2014,20.678772,2.37,,5867.0,1.304,1.09,,0.2114372379338032,inner,,False,True,True
Kepler-337 b,Kepler-337,transit,2014,3.292781,1.54,,5684.0,1.761,1.081,,0.13738959764474976,inner,,False,True,True
Kepler-337 c,Kepler-337,transit,2014,9.693201,2.05,,5684.0,1.761,1.081,,0.18288875011151753,inner,,False,True,True
Kepler-338 b,Kepler-338,transit,2014,13.726976,2.44,30.6,5923.0,1.735,1.105,0.09627849025258946,0.21768221964492818,inner,0.0,True,True,True
Kepler-338 c,Kepler-338,transit,2014,24.310856,2.34,,5923.0,1.735,1.105,,0.2087608172004639,inner,,False,True,True
Kepler-338 d,Kepler-338,transit,2014,44.431014,3.0,,5923.0,1.735,1.105,,0.2676420733339281,inner,,False,True,True
Kepler-338 e,Kepler-338,transit timing variations,2014,9.341,1.56,8.5,5999.0,1.735,1.14,0.026744025070163737,0.13917387813364263,inner,0.0,True,True,True
Kepler-339 b,Kepler-339,transit,2014,4.977656,1.42,,5631.0,0.802,0.87,,0.12668391471139262,inner,,False,True,True
Kepler-339 c,Kepler-339,transit,2014,6.988055,1.15,7.3,5631.0,0.802,0.87,0.02296839800143474,0.1025961281113391,inner,0.0,True,True,True
Kepler-339 d,Kepler-339,transit,2014,10.558345,1.17,14.7,5631.0,0.802,0.87,0.04625143159193023,0.10438040860023196,inner,0.0,True,True,True
Kepler-34 b,Kepler-34,transit,2011,288.822,8.564,69.92,5913.0,1.1618,1.0479,0.2199932038712763,0.7640289053439201,inner,0.0,True,True,True
Kepler-340 b,Kepler-340,transit,2014,14.844387,2.53,,6620.0,1.85,1.65,,0.22571148184494602,inner,,False,True,True
Kepler-340 c,Kepler-340,transit,2014,22.824669,3.37,,6620.0,1.85,1.65,,0.3006512623784459,inner,,False,True,True
Kepler-341 b,Kepler-341,transit,2014,5.195528,1.18,,6012.0,1.024,0.976,,0.10527254884467838,inner,,False,True,True
Kepler-341 c,Kepler-341,transit,2014,8.01041,1.7,,6012.0,1.024,0.976,,0.15166384155589258,inner,,False,True,True
Kepler-341 d,Kepler-341,transit,2014,27.666313,1.85,,6012.0,1.024,0.976,,0.165045945222589,inner,,False,True,True
Kepler-341 e,Kepler-341,transit,2014,42.473269,1.99,,6012.0,1.024,0.976,,0.17753590864483898,inner,,False,True,True
Kepler-342 b,Kepler-342,transit,2014,15.170318,2.25,,6175.0,1.472,1.213,,0.20073155500044607,inner,,False,True,True
Kepler-342 c,Kepler-342,transit,2014,26.234138,1.96,,6175.0,1.472,1.213,,0.1748594879114997,inner,,False,True,True
Kepler-342 d,Kepler-342,transit,2014,39.459357,2.49,,6175.0,1.472,1.213,,0.22214292086716034,inner,,False,True,True
Kepler-342 e,Kepler-342,transit,2016,1.644224613,0.88,,6366.0,1.34,1.26,,0.07850834151128558,inner,,False,True,True
Kepler-343 b,Kepler-343,transit,2014,8.96855,2.41,,5807.0,1.433,1.055,,0.2150057989115889,inner,,False,True,True
Kepler-343 c,Kepler-343,transit,2014,23.22182,2.02,,5807.0,1.433,1.055,,0.18021232937817827,inner,,False,True,True
Kepler-344 b,Kepler-344,transit,2014,21.963945,2.61,,5774.0,0.976,0.931,,0.23284860380051745,inner,,False,True,True
Kepler-344 c,Kepler-344,transit,2014,125.596809,2.95,,5774.0,0.976,0.931,,0.263181372111696,inner,,False,True,True
Kepler-345 b,Kepler-345,transit,2014,7.415563,0.74,0.48,4504.0,0.623,0.61,0.0015102508274915992,0.0660183780890356,inner,0.5889039041781107,True,True,True
Kepler-345 c,Kepler-345,transit,2014,9.387427,1.2,2.2,4504.0,0.623,0.61,0.0069219829593364975,0.10705682933357123,inner,0.13976747329573724,True,True,True
Kepler-346 b,Kepler-346,transit,2014,6.511127,2.66,,6033.0,1.021,0.943,,0.2373093050227496,inner,,False,True,True
Kepler-346 c,Kepler-346,transit,2014,23.851549,3.07,,6033.0,1.021,0.943,,0.27388705504505306,inner,,False,True,True
Kepler-347 b,Kepler-347,transit,2014,12.79836,1.97,,6088.0,1.005,0.922,,0.1757516281559461,inner,,False,True,True
Kepler-347 c,Kepler-347,transit,2014,27.320871,1.75,,6088.0,1.005,0.922,,0.15612454277812474,inner,,False,True,True
Kepler-347 d,Kepler-347,transit,2023,85.517344,3.04,,5592.0,1.451,1.0,,0.2712106343117138,inner,,False,True,True
Kepler-348 b,Kepler-348,transit,2014,7.05677,1.52,,6177.0,1.359,1.189,,0.1356053171558569,inner,,False,True,True
Kepler-348 c,Kepler-348,transit,2014,17.265427,1.33,,6177.0,1.359,1.189,,0.1186546525113748,inner,,False,True,True
Kepler-349 b,Kepler-349,transit,2014,5.929778,1.9,94.5,5956.0,0.927,1.083,0.29733063166240864,0.16950664644482114,inner,0.0,True,True,True
Kepler-349 c,Kepler-349,transit,2014,12.247629,1.96,,5956.0,0.927,1.083,,0.1748594879114997,inner,,False,True,True
Kepler-35 b,Kepler-35,transit,2011,131.458,8.16,40.363,5606.0,1.0284,0.8877,0.12699636281259047,0.7279864394682845,inner,0.0,True,True,True
Kepler-350 b,Kepler-350,transit,2014,11.189562,1.85,16.9,6186.0,1.534,1.19,0.05317341455126672,0.165045945222589,inner,0.0,True,True,True
Kepler-350 c,Kepler-350,transit,2013,17.849,3.1,6.1,6492.3,1.25,1.0,0.01919277093270574,0.27656347577839235,inner,0.0,True,True,True
Kepler-350 d,Kepler-350,transit,2013,26.136,2.8,14.9,6492.3,1.25,1.0,0.046880702770051734,0.24979926844499956,inner,0.0,True,True,True
Kepler-351 b,Kepler-351,transit,2014,37.054919,3.06,4.8,5643.0,0.854,0.81,0.015102508274915993,0.27299491480060667,inner,0.0,True,True,True
Kepler-351 c,Kepler-351,transit,2014,57.24809,3.19,11.1,5643.0,0.854,0.81,0.034924550385743235,0.2845927379784102,inner,0.0,True,True,True
Kepler-351 d,Kepler-351,transit,2016,142.544247,2.72,,5225.0,0.78,0.81,,0.24266214648942816,inner,,False,True,True
Kepler-352 b,Kepler-352,transit,2014,10.05537,0.86,,5212.0,0.781,0.798,,0.07672406102239272,inner,,False,True,True
Kepler-352 c,Kepler-352,transit,2014,16.332995,1.24,,5212.0,0.781,0.798,,0.11062539031135694,inner,,False,True,True
Kepler-352 d,Kepler-352,transit,2021,6.887279987,0.80628032,,5208.0,0.772,0.796,,0.07193151217771435,inner,,False,True,True
Kepler-353 b,Kepler-353,transit,2014,5.795278,0.89,,3903.0,0.504,0.553,,0.079400481755732,inner,,False,True,True
Kepler-353 c,Kepler-353,transit,2014,8.410894,1.38,,3903.0,0.504,0.553,,0.12311535373360692,inner,,False,True,True
Kepler-354 b,Kepler-354,transit,2014,5.47666,1.84,,4648.0,0.674,0.652,,0.16415380497814258,inner,,False,True,True
Kepler-354 c,Kepler-354,transit,2014,16.934402,1.31,,4648.0,0.674,0.652,,0.11687037202248195,inner,,False,True,True
Kepler-354 d,Kepler-354,transit,2014,24.209842,1.24,,4648.0,0.674,0.652,,0.11062539031135694,inner,,False,True,True
Kepler-355 b,Kepler-355,transit,2014,11.03189,1.46,,6184.0,1.066,0.933,,0.13025247568917833,inner,,False,True,True
Kepler-355 c,Kepler-355,transit,2014,25.762294,2.71,,6184.0,1.066,0.933,,0.2417700062449817,inner,,False,True,True
Kepler-356 b,Kepler-356,transit,2014,4.612696,1.57,,6133.0,1.335,1.163,,0.14006601837808905,inner,,False,True,True
Kepler-356 c,Kepler-356,transit,2014,13.121632,1.81,,6133.0,1.335,1.163,,0.1614773842448033,inner,,False,True,True
Kepler-357 b,Kepler-357,transit,2014,6.475434,1.84,,5036.0,0.834,0.794,,0.16415380497814258,inner,,False,True,True
Kepler-357 c,Kepler-357,transit,2014,16.85837,2.67,,5036.0,0.834,0.794,,0.238201445267196,inner,,False,True,True
Kepler-357 d,Kepler-357,transit,2014,49.499875,3.43,,5036.0,0.834,0.794,,0.3060041038451245,inner,,False,True,True
Kepler-358 b,Kepler-358,transit,2014,34.060467,2.72,,5908.0,0.954,0.94,,0.24266214648942816,inner,,False,True,True
Kepler-358 c,Kepler-358,transit,2014,83.488369,2.85,,5908.0,0.954,0.94,,0.2542599696672317,inner,,False,True,True
Kepler-359 b,Kepler-359,transit,2014,25.563222,3.53,,6248.0,1.086,0.827,,0.3149255062895887,inner,,False,True,True
Kepler-359 c,Kepler-359,transit,2014,57.68802,4.3,2.9,6248.0,1.086,0.827,0.009124432082761745,0.3836203051119636,inner,0.0,True,True,True
Kepler-359 d,Kepler-359,transit,2014,77.095691,4.01,2.7,6248.0,1.086,0.827,0.008495160904640246,0.3577482380230172,inner,0.0,True,True,True
Kepler-36 b,Kepler-36,transit,2012,13.86825,1.498,3.83,5979.0,1.634,1.034,0.01205054306102672,0.13364260861807475,inner,0.0,True,True,True
Kepler-36 c,Kepler-36,transit,2012,16.21865,3.679,7.13,5979.0,1.634,1.034,0.022433517500031464,0.3282183959318405,inner,0.0,True,True,True
Kepler-360 b,Kepler-360,transit,2014,3.289672,1.65,,6053.0,1.058,0.994,,0.14720314033366044,inner,,False,True,True
Kepler-360 c,Kepler-360,transit,2014,7.186434,2.1,,6053.0,1.058,0.994,,0.18734945133374967,inner,,False,True,True
Kepler-361 b,Kepler-361,transit,2014,8.486616,1.45,,6169.0,1.343,1.191,,0.1293603354447319,inner,,False,True,True
Kepler-361 c,Kepler-361,transit,2014,55.188023,2.52,,6169.0,1.343,1.191,,0.2248193416004996,inner,,False,True,True
Kepler-362 b,Kepler-362,transit,2014,10.327186,0.88,,5788.0,0.722,0.904,,0.07850834151128558,inner,,False,True,True
Kepler-362 c,Kepler-362,transit,2014,37.866281,1.45,,5788.0,0.722,0.904,,0.1293603354447319,inner,,False,True,True
Kepler-363 b,Kepler-363,transit,2014,3.614568,1.16,,5593.0,1.485,1.226,,0.10348826835578552,inner,,False,True,True
Kepler-363 c,Kepler-363,transit,2014,7.542427,1.69,66.4,5593.0,1.485,1.226,0.20891803113633792,0.15077170131144615,inner,0.0,True,True,True
Kepler-363 d,Kepler-363,transit,2014,11.932125,2.05,,5593.0,1.485,1.226,,0.18288875011151753,inner,,False,True,True
Kepler-364 b,Kepler-364,transit,2014,25.745718,1.55,,6108.0,1.284,1.076,,0.13828173788919618,inner,,False,True,True
Kepler-364 c,Kepler-364,transit,2014,59.980627,2.15,,6108.0,1.284,1.076,,0.1918101525559818,inner,,False,True,True
Kepler-365 b,Kepler-365,transit,2014,10.664903,2.04,,6012.0,1.048,1.02,,0.1819966098670711,inner,,False,True,True
Kepler-365 c,Kepler-365,transit,2014,17.784129,1.64,,6012.0,1.048,1.02,,0.14631100008921402,inner,,False,True,True
Kepler-366 b,Kepler-366,transit,2014,3.281959,1.46,,6209.0,1.048,1.088,,0.13025247568917833,inner,,False,True,True
Kepler-366 c,Kepler-366,transit,2014,12.51616,1.79,,6209.0,1.048,1.088,,0.15969310375591045,inner,,False,True,True
Kepler-367 b,Kepler-367,transit,2014,37.815724,1.3,,4710.0,0.695,0.768,,0.11597823177803551,inner,,False,True,True
Kepler-367 c,Kepler-367,transit,2014,53.578637,1.2,,4710.0,0.695,0.768,,0.10705682933357123,inner,,False,True,True
Kepler-368 b,Kepler-368,transit,2014,26.84768,3.26,,5502.0,2.019,1.165,,0.2908377196895352,inner,,False,True,True
Kepler-368 c,Kepler-368,transit,2014,72.379334,3.88,,5502.0,2.019,1.165,,0.3461504148452137,inner,,False,True,True
Kepler-369 b,Kepler-369,transit,2014,2.732756,1.13,,3591.0,0.471,0.5,,0.10081184762244624,inner,,False,True,True
Kepler-369 c,Kepler-369,transit,2014,14.871572,1.41,,3591.0,0.471,0.5,,0.1257917744669462,inner,,False,True,True
Kepler-37 b,Kepler-37,transit,2013,13.36702,0.3098,0.79,5357.0,0.789,0.79,0.002485621153579924,0.02763850477295031,inner,0.4898647042205372,True,True,True
Kepler-37 c,Kepler-37,transit,2013,21.301848,0.755,1.3,5357.0,0.789,0.79,0.004090262657789749,0.06735658845570525,inner,0.7261159004250155,True,True,True
Kepler-37 d,Kepler-37,transit,2013,39.7922622,2.03,2.0,5357.0,0.789,0.79,0.0062927117812149975,0.18110446962262466,inner,0.0,True,True,True
Kepler-37 e,Kepler-37,transit timing variations,2014,51.196,0.37,,5288.0,0.772,0.8,,0.0330091890445178,inner,,False,True,True
Kepler-370 b,Kepler-370,transit,2014,4.57953,1.59,,5852.0,0.9,0.982,,0.1418502988669819,inner,,False,True,True
Kepler-370 c,Kepler-370,transit,2014,19.02293,1.91,,5852.0,0.9,0.982,,0.17039878668926756,inner,,False,True,True
Kepler-371 b,Kepler-371,transit,2014,34.763278,1.89,,5666.0,0.992,0.876,,0.1686145062003747,inner,,False,True,True
Kepler-371 c,Kepler-371,transit,2014,67.968015,1.78,,5666.0,0.992,0.876,,0.158800963511464,inner,,False,True,True
Kepler-372 b,Kepler-372,transit,2014,6.849692,1.36,,6509.0,1.137,1.202,,0.12133107324471408,inner,,False,True,True
Kepler-372 c,Kepler-372,transit,2014,20.053763,2.09,,6509.0,1.137,1.202,,0.18645731108930322,inner,,False,True,True
Kepler-372 d,Kepler-372,transit,2014,30.092568,1.69,,6509.0,1.137,1.202,,0.15077170131144615,inner,,False,True,True
Kepler-373 b,Kepler-373,transit,2014,5.535309,1.36,,5787.0,0.845,0.981,,0.12133107324471408,inner,,False,True,True
Kepler-373 c,Kepler-373,transit,2014,16.725948,1.24,,5787.0,0.845,0.981,,0.11062539031135694,inner,,False,True,True
Kepler-374 b,Kepler-374,transit,2014,1.897806,1.03,,5977.0,0.911,1.033,,0.09189044517798198,inner,,False,True,True
Kepler-374 c,Kepler-374,transit,2014,3.282807,1.1,,5977.0,0.911,1.033,,0.09813542688910698,inner,,False,True,True
Kepler-374 d,Kepler-374,transit,2014,5.028219,1.31,,5977.0,0.911,1.033,,0.11687037202248195,inner,,False,True,True
Kepler-375 b,Kepler-375,transit,2014,12.125934,1.45,,5826.0,0.837,0.891,,0.1293603354447319,inner,,False,True,True
Kepler-375 c,Kepler-375,transit,2014,19.986326,2.65,,5826.0,0.837,0.891,,0.23641716477830316,inner,,False,True,True
Kepler-376 b,Kepler-376,transit,2014,4.920199,1.07,,5900.0,1.175,0.968,,0.09545900615576769,inner,,False,True,True
Kepler-376 c,Kepler-376,transit,2014,14.172327,1.79,,5900.0,1.175,0.968,,0.15969310375591045,inner,,False,True,True
Kepler-377 b,Kepler-377,transit,2014,12.509529,1.39,,5949.0,1.224,1.043,,0.12400749397805334,inner,,False,True,True
Kepler-377 c,Kepler-377,transit,2014,27.014976,2.06,,5949.0,1.224,1.043,,0.18378089035596396,inner,,False,True,True
Kepler-378 b,Kepler-378,transit,2014,16.092361,0.75,,4661.0,0.671,0.78,,0.06691051833348202,inner,,False,True,True
Kepler-378 c,Kepler-378,transit,2014,28.906009,0.7,,4661.0,0.671,0.78,,0.06244981711124989,inner,,False,True,True
Kepler-379 b,Kepler-379,transit,2014,20.09838,1.66,,6054.0,1.306,1.125,,0.14809528057810686,inner,,False,True,True
Kepler-379 c,Kepler-379,transit,2014,62.784697,2.29,,6054.0,1.306,1.125,,0.20430011597823178,inner,,False,True,True
Kepler-38 b,Kepler-38,transit,2012,105.599,4.3,122.0,5623.0,1.752,0.941,0.3838554186541148,0.3836203051119636,inner,0.0,True,True,True
Kepler-380 b,Kepler-380,transit,2014,3.930821,1.19,,6045.0,1.224,0.99,,0.10616468908912481,inner,,False,True,True
Kepler-380 c,Kepler-380,transit,2014,7.630004,1.27,,6045.0,1.224,0.99,,0.11330181104469624,inner,,False,True,True
Kepler-381 b,Kepler-381,transit,2014,5.629021,0.99,,6152.0,1.568,1.144,,0.08832188420019628,inner,,False,True,True
Kepler-381 c,Kepler-381,transit,2014,13.391635,1.12,,6152.0,1.568,1.144,,0.09991970737799984,inner,,False,True,True
Kepler-381 d,Kepler-381,transit,2021,8.256299973,1.0667865,,6197.0,2.188,1.198,,0.09517231688821484,inner,,False,True,True
Kepler-382 b,Kepler-382,transit,2014,5.262155,1.32,,5600.0,0.945,1.002,,0.11776251226692837,inner,,False,True,True
Kepler-382 c,Kepler-382,transit,2014,12.162701,1.59,,5600.0,0.945,1.002,,0.1418502988669819,inner,,False,True,True
Kepler-383 b,Kepler-383,transit,2014,12.904532,1.32,,4710.0,0.672,0.669,,0.11776251226692837,inner,,False,True,True
Kepler-383 c,Kepler-383,transit,2014,31.200751,1.24,,4710.0,0.672,0.669,,0.11062539031135694,inner,,False,True,True
Kepler-384 b,Kepler-384,transit,2014,22.597053,1.12,,5577.0,0.882,0.882,,0.09991970737799984,inner,,False,True,True
Kepler-384 c,Kepler-384,transit,2014,45.348269,1.13,,5577.0,0.882,0.882,,0.10081184762244624,inner,,False,True,True
Kepler-385 b,Kepler-385,transit,2014,10.043686,2.73,12.8,6326.0,1.126,0.992,0.04027335539977599,0.24355428673387458,inner,0.0,True,True,True
Kepler-385 c,Kepler-385,transit,2014,15.163161,3.04,13.2,6326.0,1.126,0.992,0.04153189775601898,0.2712106343117138,inner,0.0,True,True,True
Kepler-385 d,Kepler-385,transit,2020,56.4159,2.6186448,,5829.0,1.157,1.05,,0.2336198411990365,inner,,False,True,True
Kepler-386 b,Kepler-386,transit,2014,12.31043,1.39,,5178.0,0.767,0.825,,0.12400749397805334,inner,,False,True,True
Kepler-386 c,Kepler-386,transit,2014,25.193458,1.58,,5178.0,0.767,0.825,,0.14095815862253547,inner,,False,True,True
Kepler-387 b,Kepler-387,transit,2014,6.791636,1.03,,5774.0,1.046,0.85,,0.09189044517798198,inner,,False,True,True
Kepler-387 c,Kepler-387,transit,2014,11.837549,0.89,,5774.0,1.046,0.85,,0.079400481755732,inner,,False,True,True
Kepler-388 b,Kepler-388,transit,2014,3.173315,0.81,,4498.0,0.586,0.635,,0.07226335980016059,inner,,False,True,True
Kepler-388 c,Kepler-388,transit,2014,13.297004,0.86,,4498.0,0.586,0.635,,0.07672406102239272,inner,,False,True,True
Kepler-389 b,Kepler-389,transit,2014,3.244107,1.51,,5376.0,0.792,0.765,,0.1347131769114105,inner,,False,True,True
Kepler-389 c,Kepler-389,transit,2014,14.51143,1.46,,5376.0,0.792,0.765,,0.13025247568917833,inner,,False,True,True
Kepler-39 b,Kepler-39,transit,2011,21.08721,13.9,6388.1,6350.0,1.4,1.29,20.099236064789764,1.2400749397805335,inner,0.0,True,True,True
Kepler-390 b,Kepler-390,transit,2014,6.738088,0.82,,5166.0,0.776,0.787,,0.07315550004460701,inner,,False,True,True
Kepler-390 c,Kepler-390,transit,2014,13.060022,0.79,,5166.0,0.776,0.787,,0.07047907931126773,inner,,False,True,True
Kepler-391 b,Kepler-391,transit,2014,7.416755,3.2,,4940.0,3.569,1.334,,0.2854848782228567,inner,,False,True,True
Kepler-391 c,Kepler-391,transit,2014,20.485435,3.54,,4940.0,3.569,1.334,,0.31581764653403516,inner,,False,True,True
Kepler-392 b,Kepler-392,transit,2014,5.341853,1.0,,5938.0,1.129,0.874,,0.0892140244446427,inner,,False,True,True
Kepler-392 c,Kepler-392,transit,2014,10.423118,1.1,,5938.0,1.129,0.874,,0.09813542688910698,inner,,False,True,True
Kepler-393 b,Kepler-393,transit,2014,9.182417,1.29,,6189.0,1.382,1.256,,0.11508609153358909,inner,,False,True,True
Kepler-393 c,Kepler-393,transit,2014,14.613612,1.33,,6189.0,1.382,1.256,,0.1186546525113748,inner,,False,True,True
Kepler-394 b,Kepler-394,transit,2014,8.005013,1.6,,6402.0,1.132,0.87,,0.14274243911142834,inner,,False,True,True
Kepler-394 c,Kepler-394,transit,2014,12.130686,1.66,,6402.0,1.132,0.87,,0.14809528057810686,inner,,False,True,True
Kepler-394 d,Kepler-394,transit,2021,5.613580227,1.50066814,,6398.0,1.101,1.141,,0.1338806441252565,inner,,False,True,True
Kepler-395 b,Kepler-395,transit,2014,7.054346,1.03,,4262.0,0.556,0.622827,,0.09189044517798198,inner,,False,True,True
Kepler-395 c,Kepler-395,transit,2014,34.989262,1.32,,4262.0,0.556,0.622827,,0.11776251226692837,inner,,False,True,True
Kepler-396 b,Kepler-396,transit,2013,42.994,3.5,75.5,5656.0,1.06,0.85,0.23754986974086614,0.3122490855562495,inner,0.0,True,True,True
Kepler-396 c,Kepler-396,transit,2013,88.505,5.3,17.9,5656.0,1.06,0.85,0.05631977044187422,0.4728343295566063,inner,0.0,True,True,True
Kepler-397 b,Kepler-397,transit,2014,22.250949,2.46,,5307.0,0.767,0.844,,0.21946650013382105,inner,,False,True,True
Kepler-397 c,Kepler-397,transit,2014,135.498527,6.18,,5307.0,0.767,0.844,,0.5513426710678919,inner,,False,True,True
Kepler-398 b,Kepler-398,transit,2014,4.081423,0.93,,4493.0,0.613,0.649,,0.08296904273351771,inner,,False,True,True
Kepler-398 c,Kepler-398,transit,2014,11.419412,1.01,,4493.0,0.613,0.649,,0.09010616468908914,inner,,False,True,True
Kepler-398 d,Kepler-398,transit,2016,6.83437001,0.88,,4557.0,0.67,0.72,,0.07850834151128558,inner,,False,True,True
Kepler-399 b,Kepler-399,transit,2014,14.425281,0.96,,5502.0,0.68,0.902,,0.08564546346685699,inner,,False,True,True
Kepler-399 c,Kepler-399,transit,2014,26.67569,1.43,,5502.0,0.68,0.902,,0.12757605495583907,inner,,False,True,True
Kepler-399 d,Kepler-399,transit,2014,58.034616,1.89,,5502.0,0.68,0.902,,0.1686145062003747,inner,,False,True,True
Kepler-4 b,Kepler-4,transit,2009,3.21346,4.002,24.472,5857.0,1.487,1.223,0.07699762135494671,0.3570345258274601,inner,0.0,True,True,True
Kepler-40 b,Kepler-40,transit,2010,6.87349,13.11,699.2,6510.0,2.13,1.48,2.199932038712763,1.1695958604692658,inner,0.0,True,True,True
Kepler-400 b,Kepler-400,transit,2014,9.024389,1.65,,5886.0,1.145,1.08,,0.14720314033366044,inner,,False,True,True
Kepler-400 c,Kepler-400,transit,2014,17.340824,1.49,,5886.0,1.145,1.08,,0.13292889642251762,inner,,False,True,True
Kepler-401 b,Kepler-401,transit,2014,14.383035,1.71,,6117.0,1.333,1.173,,0.15255598180033902,inner,,False,True,True
Kepler-401 c,Kepler-401,transit,2014,47.318218,2.15,,6117.0,1.333,1.173,,0.1918101525559818,inner,,False,True,True
Kepler-401 d,Kepler-401,transit,2016,184.256405,2.27,,6184.0,1.29,1.17,,0.20251583548933894,inner,,False,True,True
Kepler-402 b,Kepler-402,transit,2014,4.028751,1.22,,6090.0,1.264,1.072,,0.10884110982246409,inner,,False,True,True
Kepler-402 c,Kepler-402,transit,2014,6.124821,1.56,,6090.0,1.264,1.072,,0.13917387813364263,inner,,False,True,True
Kepler-402 d,Kepler-402,transit,2014,8.921099,1.38,,6090.0,1.264,1.072,,0.12311535373360692,inner,,False,True,True
Kepler-402 e,Kepler-402,transit,2014,11.242861,1.46,,6090.0,1.264,1.072,,0.13025247568917833,inner,,False,True,True
Kepler-403 b,Kepler-403,transit,2014,7.031462,1.25,,6090.0,1.329,1.299,,0.11151753055580338,inner,,False,True,True
Kepler-403 c,Kepler-403,transit,2014,54.280749,1.75,,6090.0,1.329,1.299,,0.15612454277812474,inner,,False,True,True
Kepler-403 d,Kepler-403,transit,2016,13.61159129,1.42,,6209.0,1.45,1.25,,0.12668391471139262,inner,,False,True,True
Kepler-404 b,Kepler-404,transit,2014,11.829851,1.27,,5654.0,0.884,0.86,,0.11330181104469624,inner,,False,True,True
Kepler-404 c,Kepler-404,transit,2014,14.751166,1.72,,5654.0,0.884,0.86,,0.15344812204478545,inner,,False,True,True
Kepler-405 b,Kepler-405,transit,2014,10.613839,2.08,,5818.0,0.893,0.873,,0.18556517084485682,inner,,False,True,True
Kepler-405 c,Kepler-405,transit,2014,29.726682,4.66,,5818.0,0.893,0.873,,0.415737353912035,inner,,False,True,True
Kepler-406 b,Kepler-406,transit,2014,2.42629,1.43,6.35,5538.0,1.07,1.07,0.019979359905357614,0.12757605495583907,inner,0.0,True,True,True
Kepler-406 c,Kepler-406,transit,2014,4.62332,0.85,2.71,5538.0,1.07,1.07,0.008526624463546321,0.07583192077794629,inner,0.0,True,True,True
Kepler-407 b,Kepler-407,transit,2014,0.6693124,1.19,1.93,5487.0,1.04,0.99,0.0060724668688724726,0.10616468908912481,inner,0.32880703221800667,True,True,True
Kepler-407 c,Kepler-407,radial velocity,2014,3000.0,12.3,4000.0,5476.0,1.01,1.0,12.585423562429995,1.0973325006691053,outer,0.0,True,True,True
Kepler-408 b,Kepler-408,transit,2014,2.46502,0.82,5.0,6104.0,1.23,1.08,0.015731779453037494,0.07315550004460701,inner,0.0,True,True,True
Kepler-409 b,Kepler-409,transit,2014,68.9583216,1.199,6.0,5421.0,0.897,0.913,0.01887813534364499,0.1069676153091266,inner,0.0,True,True,True
Kepler-41 b,Kepler-41,transit,2011,1.8555582,14.46,177.98,5750.0,1.29,1.15,0.5599884214103226,1.2900347934695335,inner,0.0,True,True,True
Kepler-410 A b,Kepler-410 A,transit,2013,17.833648,2.838,,6273.0,1.352,1.214,,0.253189401373896,inner,,False,True,True
Kepler-411 b,Kepler-411,transit,2013,3.005156,2.401,25.6,4974.0,0.82,0.87,0.08054671079955197,0.2142028726915871,inner,0.0,True,True,True
Kepler-411 c,Kepler-411,transit,2016,7.834435,4.421,26.4,4974.0,0.82,0.87,0.08306379551203796,0.3944152020697654,inner,0.0,True,True,True
Kepler-411 d,Kepler-411,transit,2018,58.02035,3.319,15.2,4974.0,0.82,0.87,0.04782460953723398,0.2961013471317691,inner,0.0,True,True,True
Kepler-411 e,Kepler-411,transit timing variations,2018,31.509728,3.28,10.8,4974.0,0.82,0.87,0.033980643618560985,0.29262200017842804,inner,0.0,True,True,True
Kepler-412 b,Kepler-412,transit,2014,1.7208604,15.031269,299.07803,5750.0,1.287,1.167,0.9410059214417862,1.341,inner,0.0,True,True,True
Kepler-413 b,Kepler-413,transit,2014,66.262,4.347,67.0,4700.0,0.7761,0.82,0.2108058446707024,0.3878133642608619,inner,0.0,True,True,True
Kepler-414 b,Kepler-414,transit timing variations,2014,4.7,1.71,3.5,5536.0,0.946,0.89,0.011012245617126245,0.15255598180033902,inner,0.0,True,True,True
Kepler-414 c,Kepler-414,transit timing variations,2014,7.171,3.01,29.9,5536.0,0.946,0.89,0.0940760411291642,0.26853421357837454,inner,0.0,True,True,True
Kepler-415 b,Kepler-415,transit timing variations,2014,4.176,1.21,119.9,4362.0,0.643,0.67,0.3772480712838391,0.10794896957801767,inner,0.0,True,True,True
Kepler-415 c,Kepler-415,transit timing variations,2014,8.708,2.01,,4362.0,0.643,0.67,,0.17932018913373182,inner,,False,True,True
Kepler-416 b,Kepler-416,transit timing variations,2014,6.319,2.48,58.2,5718.0,1.075,1.0,0.18311791283335643,0.2212507806227139,inner,0.0,True,True,True
Kepler-416 c,Kepler-416,transit timing variations,2014,12.209,2.352,,5718.0,1.075,1.0,,0.20983138549379962,inner,,False,True,True
Kepler-416 d,Kepler-416,transit,2023,3.07644709,1.61,,5670.0,1.022,0.949,,0.14363457935587476,inner,,False,True,True
Kepler-417 b,Kepler-417,transit timing variations,2014,12.331,2.31,11.0,5177.0,0.806,0.9,0.03460991479668248,0.20608439646712465,inner,0.0,True,True,True
Kepler-417 c,Kepler-417,transit timing variations,2014,15.943,2.69,,5177.0,0.806,0.9,,0.23998572575608887,inner,,False,True,True
Kepler-418 b,Kepler-418,transit,2014,86.67856,13.45,349.6112477,5820.0,1.09,0.98,1.1000014086235324,1.1999286287804443,inner,0.0,True,True,True
Kepler-418 c,Kepler-418,transit,2021,12.21829987,5.22108654,,5822.0,1.081,0.957,,0.465794142207155,inner,,False,True,True
Kepler-419 b,Kepler-419,transit,2014,69.7546,10.8,794.5,6430.0,1.74,1.39,2.4997797550876575,0.9635114640021413,inner,0.0,True,True,True
Kepler-419 c,Kepler-419,transit timing variations,2014,675.47,12.6,2320.1,6430.0,1.74,1.39,7.299860301798457,1.124096708002498,inner,0.0,True,True,True
Kepler-42 b,Kepler-42,transit,2011,1.2137672,0.78,0.705944,3068.0,0.17,0.13,0.00222115106283902,0.06958693906682131,outer,0.7403185305648476,True,True,True
Kepler-42 c,Kepler-42,transit,2011,0.45328509,0.73,60.337,3068.0,0.17,0.13,0.18984167537158467,0.06512623784458917,habitable,0.0,True,True,True
Kepler-42 d,Kepler-42,transit,2011,1.865169,0.57,0.357785,3068.0,0.17,0.13,0.001125718942321004,0.05085199393344633,outer,0.4534928608769141,True,True,True
Kepler-421 b,Kepler-421,transit,2014,704.1984,4.16,,5308.0,0.757,0.794,,0.37113034168971365,outer,,False,True,True
Kepler-422 b,Kepler-422,transit,2014,7.8914483,12.89,136.66,5972.0,1.24,1.15,0.4299809960104208,1.1499687750914445,inner,0.0,True,True,True
Kepler-423 b,Kepler-423,transit,2014,2.6843285,13.361,189.101,5560.0,0.95,0.85,0.5949790452697686,1.1919885806048711,inner,0.0,True,True,True
Kepler-424 b,Kepler-424,transit,2014,3.3118644,9.98,327.35,5460.0,0.94,1.01,1.0299596007903649,0.8903559639575342,inner,0.0,True,True,True
Kepler-424 c,Kepler-424,radial velocity,2014,223.3,12.7,,5460.0,0.94,1.01,,1.1330181104469623,inner,,False,True,True
Kepler-425 b,Kepler-425,transit,2014,3.79701816,10.962,79.45,5170.0,0.86,0.93,0.24997797550876577,0.9779641359621732,inner,0.0,True,True,True
Kepler-426 b,Kepler-426,transit,2014,3.21751883,12.22,108.06,5725.0,0.92,0.91,0.3399952175390463,1.090195378713534,inner,0.0,True,True,True
Kepler-427 b,Kepler-427,transit,2014,10.290994,13.79,92.17,5800.0,1.35,0.96,0.28999962243729316,1.2302613970916227,inner,0.0,True,True,True
Kepler-428 b,Kepler-428,transit,2014,3.52563254,12.11,403.63,5150.0,0.8,0.87,1.2699636281259046,1.0803818360246231,inner,0.0,True,True,True
Kepler-43 b,Kepler-43,transit,2011,3.0240949,13.663771,1026.5909,6041.0,1.42,1.32,3.230020325459053,1.219,inner,0.0,True,True,True
Kepler-430 b,Kepler-430,transit,2015,35.968,3.25,,5884.0,1.485,1.166,,0.28994557944508875,inner,,False,True,True
Kepler-430 c,Kepler-430,transit,2015,110.979,1.75,,5884.0,1.485,1.166,,0.15612454277812474,inner,,False,True,True
Kepler-431 b,Kepler-431,transit,2015,6.803,0.764,,6004.0,1.092,1.071,,0.06815951467570702,inner,,False,True,True
Kepler-431 c,Kepler-431,transit,2015,8.703,0.668,,6004.0,1.092,1.071,,0.05959496832902133,inner,,False,True,True
Kepler-431 d,Kepler-431,transit,2015,11.922,1.11,,6004.0,1.092,1.071,,0.0990275671335534,inner,,False,True,True
Kepler-432 b,Kepler-432,transit,2015,52.501129,12.834305,1719.4603,4995.0,4.06,1.32,5.410034043570737,1.145,inner,0.0,True,True,True
Kepler-432 c,Kepler-432,radial velocity,2015,406.2,13.3,,4995.0,4.06,1.32,,1.186546525113748,inner,,False,True,True
Kepler-433 b,Kepler-433,transit,2015,5.33408384,16.25,896.24,6360.0,2.26,1.46,2.8198900033980645,1.449727897225444,inner,0.0,True,True,True
Kepler-434 b,Kepler-434,transit,2015,12.8747099,12.67,908.96,5977.0,1.38,1.198,2.859911650326592,1.130341689713623,inner,0.0,True,True,True
Kepler-435 b,Kepler-435,transit,2015,8.6001536,22.31,266.97,6161.0,3.21,1.538,0.839982632115484,1.9903648853599785,inner,0.0,True,True,True
Kepler-436 b,Kepler-436,transit,2015,64.00205,2.73,,4651.0,0.697,0.729,,0.24355428673387458,inner,,False,True,True
Kepler-436 c,Kepler-436,transit,2016,16.79713874,2.33,,4685.0,0.71,0.75,,0.2078686769560175,inner,,False,True,True
Kepler-437 b,Kepler-437,transit,2015,66.65062,2.14,,4551.0,0.68,0.707,,0.19091801231153538,inner,,False,True,True
Kepler-438 b,Kepler-438,transit,2015,35.23319,1.12,,3748.0,0.52,0.544,,0.09991970737799984,habitable,,False,True,True
Kepler-439 b,Kepler-439,transit,2015,178.1396,2.24,,5431.0,0.866,0.884,,0.19983941475599967,inner,,False,True,True
Kepler-44 b,Kepler-44,transit,2011,3.2467293,12.22,317.82,5800.0,1.35,1.12,0.9999748291528752,1.090195378713534,inner,0.0,True,True,True
Kepler-440 b,Kepler-440,transit,2015,101.11141,1.86,,4134.0,0.559,0.575,,0.16593808546703542,outer,,False,True,True
Kepler-441 b,Kepler-441,transit,2015,207.2482,1.64,,4340.0,0.55,0.572,,0.14631100008921402,outer,,False,True,True
Kepler-442 b,Kepler-442,transit,2015,112.3053,1.34,,4402.0,0.598,0.609,,0.11954679275582122,outer,,False,True,True
Kepler-443 b,Kepler-443,transit,2015,177.6693,2.33,,4723.0,0.706,0.738,,0.2078686769560175,habitable,,False,True,True
Kepler-444 b,Kepler-444,transit,2015,3.6001053,0.403,,5046.0,0.752,0.758,,0.03595325185119101,inner,,False,True,True
Kepler-444 c,Kepler-444,transit,2015,4.5458841,0.497,,5046.0,0.752,0.758,,0.04433937014898742,inner,,False,True,True
Kepler-444 d,Kepler-444,transit,2015,6.189392,0.53,0.2,5046.0,0.752,0.758,0.0006292711781214998,0.047283432955660634,inner,0.3439131155098434,True,True,True
Kepler-444 e,Kepler-444,transit,2015,7.743493,0.546,0.1,5046.0,0.752,0.758,0.0003146355890607499,0.04871085734677492,inner,0.287218125931923,True,True,True
Kepler-444 f,Kepler-444,transit,2015,9.740486,0.741,,5046.0,0.752,0.758,,0.06610759211348025,inner,,False,True,True
Kepler-445 b,Kepler-445,transit,2015,2.984151,1.58,,3157.0,0.21,0.18,,0.14095815862253547,outer,,False,True,True
Kepler-445 c,Kepler-445,transit,2015,4.871229,2.51,,3157.0,0.21,0.18,,0.22392720135605315,outer,,False,True,True
Kepler-445 d,Kepler-445,transit,2015,8.15275,1.25,,3157.0,0.21,0.18,,0.11151753055580338,outer,,False,True,True
Kepler-446 b,Kepler-446,transit,2015,1.565409,1.5,,3359.0,0.24,0.22,,0.13382103666696404,inner,,False,True,True
Kepler-446 c,Kepler-446,transit,2015,3.036179,1.11,,3359.0,0.24,0.22,,0.0990275671335534,outer,,False,True,True
Kepler-446 d,Kepler-446,transit,2015,5.148921,1.35,,3359.0,0.24,0.22,,0.12043893300026766,outer,,False,True,True
Kepler-447 b,Kepler-447,transit,2015,7.79430132,18.49,435.41,5493.0,1.05,1.0,1.369954818329411,1.6495673119814434,inner,0.0,True,True,True
Kepler-448 c,KOI-12,transit timing variations,2017,2500.0,12.0,6992.26,6635.0,1.4,1.5,22.00013843965919,1.0705682933357124,outer,0.0,True,True,True
Kepler-449 b,Kepler-449,transit,2015,12.58242,2.056,,5649.18,1.467,1.02,,0.1834240342581854,inner,,False,True,True
Kepler-449 c,Kepler-449,transit,2015,33.6727,2.764,,5649.18,1.467,1.02,,0.2465875635649924,inner,,False,True,True
Kepler-45 b,Kepler-45,transit,2011,2.455239,10.76,160.497,3820.0,0.55,0.59,0.5049806813748318,0.9599429030243555,inner,0.0,True,True,True
Kepler-450 b,Kepler-450,transit,2015,28.454851,6.14,19.4,6197.21,1.64162,1.19,0.06103930427778547,0.5477741100901061,inner,0.0,True,True,True
Kepler-450 c,Kepler-450,transit,2015,15.413135,2.62,12.5,6197.21,1.64162,1.19,0.03932944863259373,0.2337407440449639,inner,0.0,True,True,True
Kepler-450 d,Kepler-450,transit,2015,7.51464,0.837,17.6,6197.21,1.64162,1.19,0.05537586367469198,0.07467213846016593,inner,0.0,True,True,True
Kepler-451 c,2MASS J19383260+4603591,eclipse timing variations,2022,1460.0,13.5,,29564.0,0.203,0.48,,1.2043893300026765,outer,,False,True,True
Kepler-451 d,2MASS J19383260+4603591,eclipse timing variations,2022,43.0,13.5,,29564.0,0.203,0.48,,1.2043893300026765,outer,,False,True,True
Kepler-452 b,Kepler-452,transit,2015,384.843,1.63,,5757.0,1.11,1.037,,0.1454188598447676,inner,,False,True,True
Kepler-453 b,Kepler-453,transit,2015,240.503,6.204,16.0,5527.0,0.833,0.944,0.05034169424971998,0.5534838076545633,habitable,0.0,True,True,True
Kepler-454 b,Kepler-454,transit,2015,10.5737534,2.37,5.4,5687.0,1.066,1.03,0.016990321809280493,0.2114372379338032,inner,0.0,True,True,True
Kepler-454 c,Kepler-454,radial velocity,2015,524.19,12.9,,5687.0,1.066,1.03,,1.1508609153358909,habitable,,False,True,True
Kepler-454 d,Kepler-454,radial velocity,2023,4073.0,13.3,,5687.0,1.066,1.03,,1.186546525113748,outer,,False,True,True
Kepler-457 d,KOI-7892,transit,2021,10.6906004,2.98467257,,6474.0,1.242,1.148,,0.2662746516192345,inner,,False,True,True
Kepler-458 c,KIC 9663113,transit,2016,20.74028413,4.2,,6117.21,2.21562,1.15,,0.37469890266749933,inner,,False,True,True
Kepler-46 b,Kepler-46,transit,2012,33.60134,9.057,1907.0,5155.0,0.938,0.902,6.0001006833885,0.808011419395129,inner,0.0,True,True,True
Kepler-46 c,Kepler-46,transit timing variations,2012,57.011,13.5,119.499,5155.0,0.938,0.902,0.37598638257170547,1.2043893300026765,inner,0.0,True,True,True
Kepler-46 d,Kepler-46,transit,2014,6.766589,1.64,,5309.0,0.79,0.883,,0.14631100008921402,inner,,False,True,True
Kepler-460 c,KIC 5437945,transit,2016,220.1303357,5.52,,6146.0,1.26,1.17,,0.4924614149344277,inner,,False,True,True
Kepler-461 b,Kepler-461,transit,2016,8.313783059,2.58,,5634.0,0.91,0.98,,0.23017218306717818,inner,,False,True,True
Kepler-462 b,Kepler-462,transit,2016,84.6866,3.0,53.9,7500.0,1.57,1.59,0.16958858250374417,0.2676420733339281,inner,0.0,True,True,True
Kepler-462 c,Kepler-462,transit,2020,207.62,4.0,6.0,7500.0,1.57,1.59,0.01887813534364499,0.3568560977785708,inner,0.0,True,True,True
Kepler-463 b,Kepler-463,transit,2016,8.981016833,3.05,,5661.0,0.9,0.87,,0.2721027745561602,inner,,False,True,True
Kepler-464 b,Kepler-464,transit,2016,7.256965224,3.3,,5933.0,1.59,1.21,,0.2944062806673209,inner,,False,True,True
Kepler-465 b,Kepler-465,transit,2016,9.940672466,2.95,,6310.0,1.29,1.23,,0.263181372111696,inner,,False,True,True
Kepler-466 b,Kepler-466,transit,2016,51.07926307,2.85,,5927.0,1.05,1.04,,0.2542599696672317,inner,,False,True,True
Kepler-466 c,Kepler-466,transit,2016,3.709213846,1.25,,5927.0,1.05,1.04,,0.11151753055580338,inner,,False,True,True
Kepler-467 b,Kepler-467,transit,2016,24.99324193,2.25,,5809.0,1.37,1.05,,0.20073155500044607,inner,,False,True,True
Kepler-468 b,Kepler-468,transit,2016,38.478757067,13.34,,5498.0,0.87,0.96,,1.1901150860915337,inner,,False,True,True
Kepler-47 b,Kepler-47,transit,2012,49.4643,3.05,2.07,5636.0,0.936,0.957,0.006512956693557522,0.2721027745561602,inner,0.0,True,True,True
Kepler-47 c,Kepler-47,transit,2012,303.227,4.65,3.17,5636.0,0.936,0.957,0.00997394817322577,0.4148452136675886,habitable,0.0,True,True,True
Kepler-47 d,Kepler-47,transit,2019,187.366,7.04,19.02,5636.0,0.936,0.957,0.05984368903935462,0.6280667320902846,inner,0.0,True,True,True
Kepler-471 b,Kepler-471,transit,2016,5.014234575,14.96,,6733.0,1.8,1.49,,1.334641805691855,inner,,False,True,True
Kepler-472 b,Kepler-472,transit,2016,4.176255514,3.22,,4996.0,0.78,0.85,,0.2872691587117495,inner,,False,True,True
Kepler-473 b,Kepler-473,transit,2016,14.55731705,4.08,,5816.0,1.34,1.06,,0.3639932197341422,inner,,False,True,True
Kepler-474 b,Kepler-474,transit,2016,5.660672935,3.06,,5785.0,1.08,0.99,,0.27299491480060667,inner,,False,True,True
Kepler-475 b,Kepler-475,transit,2016,3.105508189,2.49,,5009.0,0.79,0.86,,0.22214292086716034,inner,,False,True,True
Kepler-476 b,Kepler-476,transit,2016,14.00640607,3.08,,5837.0,1.09,1.03,,0.2747791952894995,inner,,False,True,True
Kepler-477 b,Kepler-477,transit,2016,11.11990653,2.07,,5240.0,0.79,0.87,,0.18467303060041038,inner,,False,True,True
Kepler-478 b,Kepler-478,transit,2016,13.2217576,2.71,,5210.0,0.8,0.85,,0.2417700062449817,inner,,False,True,True
Kepler-479 b,Kepler-479,transit,2016,12.49341307,2.12,,5247.0,0.81,0.86,,0.18913373182264254,inner,,False,True,True
Kepler-48 b,Kepler-48,transit,2012,4.778,1.88,3.94,5194.0,0.89,0.88,0.012396642208993544,0.16772236595592827,inner,0.0,True,True,True
Kepler-48 c,Kepler-48,transit,2012,9.67395,2.71,14.61,5194.0,0.89,0.88,0.045968259561775554,0.2417700062449817,inner,0.0,True,True,True
Kepler-48 d,Kepler-48,transit,2014,42.8961,2.04,7.93,5194.0,0.89,0.88,0.024950602212517464,0.1819966098670711,inner,0.0,True,True,True
Kepler-48 e,Kepler-48,radial velocity,2014,982.0,13.4,657.0,5194.0,0.89,0.88,2.0671558201291265,1.1954679275582123,outer,0.0,True,True,True
Kepler-48 f,Kepler-48,radial velocity,2023,5219.681854,13.8,,5190.0,0.836,0.916,,1.2311535373360694,outer,,False,True,True
Kepler-480 b,Kepler-480,transit,2016,4.919583795,2.78,,6322.0,1.34,1.25,,0.2480149879561067,inner,,False,True,True
Kepler-481 b,Kepler-481,transit,2016,10.06082567,2.5,,5802.0,1.09,1.01,,0.22303506111160676,inner,,False,True,True
Kepler-482 b,Kepler-482,transit,2016,56.35418576,2.36,,4871.0,0.72,0.75,,0.21054509768935675,inner,,False,True,True
Kepler-483 b,Kepler-483,transit,2016,30.229104,3.21,,6346.0,1.47,1.28,,0.28637701846730307,inner,,False,True,True
Kepler-484 b,Kepler-484,transit,2016,10.045569313,2.28,,5668.0,0.87,0.96,,0.20340797573378533,inner,,False,True,True
Kepler-485 b,Kepler-485,transit,2016,3.243259796,14.41,,5958.0,1.09,1.07,,1.2855740922473013,inner,,False,True,True
Kepler-487 b,Kepler-487,transit,2016,15.358768403,11.42,,5444.0,0.88,0.91,,1.0188241591578195,inner,,False,True,True
Kepler-487 c,Kepler-487,transit,2016,38.6519976,2.68,,5444.0,0.88,0.91,,0.23909358551164245,inner,,False,True,True
Kepler-487 d,Kepler-487,transit,2021,2.418390036,2.77513568,,5422.0,0.887,0.874,,0.24758102239272015,inner,,False,True,True
Kepler-489 b,Kepler-489,transit,2016,17.276296119,7.72,,5014.0,0.76,0.82,,0.6887322687126416,inner,,False,True,True
Kepler-49 b,Kepler-49,transit,2012,7.2,2.579,9.77,4095.6,0.618,0.607,0.03073989705123526,0.23008296904273354,inner,0.0,True,True,True
Kepler-49 c,Kepler-49,transit,2012,10.91,2.444,8.38,4095.6,0.618,0.607,0.026366462363290842,0.21803907574270676,inner,0.0,True,True,True
Kepler-49 d,Kepler-49,transit,2014,2.576549,1.6,235.982,4252.0,0.559,0.549,0.7424833557773387,0.14274243911142834,inner,0.0,True,True,True
Kepler-49 e,Kepler-49,transit,2014,18.596108,1.56,1.03815,4252.0,0.559,0.549,0.0032663893678341743,0.13917387813364263,inner,0.6031023919825165,True,True,True
Kepler-490 b,Kepler-490,transit,2016,3.268695154,11.65,,6045.0,1.12,1.08,,1.0393433847800875,inner,,False,True,True
Kepler-491 b,Kepler-491,transit,2016,4.225384512,8.92,,5582.0,1.03,1.04,,0.7957890980462129,inner,,False,True,True
Kepler-493 b,Kepler-493,transit,2016,3.003876581,15.13,,6457.0,1.54,1.36,,1.349808189847444,inner,,False,True,True
Kepler-495 b,Kepler-495,transit,2016,3.413036221,5.23,,5346.0,0.83,0.86,,0.46658934784548134,inner,,False,True,True
Kepler-495 c,Kepler-495,transit,2021,5.896609783,1.21936414,,5392.0,1.087,0.888,,0.10878438219288072,inner,,False,True,True
Kepler-496 b,Kepler-496,transit,2016,8.30864937,2.32,,5293.0,0.82,0.86,,0.20697653671157104,inner,,False,True,True
Kepler-497 b,Kepler-497,transit,2016,3.573203671,6.04,,5834.0,1.11,1.09,,0.538852707645642,inner,,False,True,True
Kepler-498 b,Kepler-498,transit,2016,9.61375356,3.03,,5744.0,0.96,0.98,,0.2703184940672674,inner,,False,True,True
Kepler-499 b,Kepler-499,transit,2016,5.632528453,2.17,,5312.0,0.83,0.87,,0.19359443304487464,inner,,False,True,True
Kepler-5 b,Kepler-5,transit,2009,3.5484657,15.984034,670.93913,6297.0,1.793,1.374,2.1110132839145703,1.426,inner,0.0,True,True,True
Kepler-50 b,Kepler-50,transit,2012,7.81254,1.71,8.9,6225.0,1.58,1.24,0.02800256742640674,0.15255598180033902,inner,0.0,True,True,True
Kepler-50 c,Kepler-50,transit,2012,9.37647,2.17,8.2,6225.0,1.58,1.24,0.025800118302981487,0.19359443304487464,inner,0.0,True,True,True
Kepler-500 b,Kepler-500,transit,2016,8.508324398,2.58,,5813.0,1.03,1.02,,0.23017218306717818,inner,,False,True,True
Kepler-501 b,Kepler-501,transit,2016,5.640677572,4.3,,5904.0,1.04,1.03,,0.3836203051119636,inner,,False,True,True
Kepler-501 c,Kepler-501,transit,2021,3.622760057,1.68119739,,5794.0,1.216,1.032,,0.1499863850477295,inner,,False,True,True
Kepler-502 b,Kepler-502,transit,2016,4.28686431,4.77,,6125.0,1.22,1.15,,0.42555089660094564,inner,,False,True,True
Kepler-504 b,Kepler-504,transit,2016,9.549275422,1.59,,3519.0,0.33,0.33,,0.1418502988669819,habitable,,False,True,True
Kepler-505 b,Kepler-505,transit,2016,27.52197994,2.6,,3931.0,0.53,0.55,,0.23195646355607102,inner,,False,True,True
Kepler-506 b,Kepler-506,transit,2016,6.8834055,2.73,,6236.0,1.19,1.19,,0.24355428673387458,inner,,False,True,True
Kepler-507 b,Kepler-507,transit,2016,3.568096926,1.3,,6113.0,1.32,1.16,,0.11597823177803551,inner,,False,True,True
Kepler-508 b,Kepler-508,transit,2016,25.30889748,1.64,,6025.0,1.25,1.16,,0.14631100008921402,inner,,False,True,True
Kepler-509 b,Kepler-509,transit,2016,41.74600392,2.49,,6060.0,1.2,1.1,,0.22214292086716034,inner,,False,True,True
Kepler-51 b,Kepler-51,transit,2012,45.154,7.1,2.1,6018.0,0.94,1.04,0.006607347370275747,0.6334195735569631,inner,0.0,True,True,True
Kepler-51 c,Kepler-51,transit,2012,85.312,9.0,4.0,6018.0,0.94,1.04,0.012585423562429995,0.8029262200017843,inner,0.0,True,True,True
Kepler-51 d,Kepler-51,transit,2014,130.194,9.7,7.6,6018.0,0.94,1.04,0.02391230476861699,0.8653760371130341,inner,0.0,True,True,True
Kepler-51 e,Kepler-51,transit timing variations,2024,264.284,2.18,5.4,5674.0,0.87,0.96,0.016990321809280493,0.1944865732893211,habitable,0.0,True,True,True
Kepler-510 b,Kepler-510,transit,2016,19.55659418,2.47,,5746.0,1.41,0.91,,0.2203586403782675,inner,,False,True,True
Kepler-511 b,Kepler-511,transit,2016,296.637865,6.35,,5770.0,1.2,1.0,,0.5665090552234812,inner,,False,True,True
Kepler-511 c,Kepler-511,transit,2021,26.62949944,4.20964327,,5866.0,1.417,0.958,,0.37555921759300565,inner,,False,True,True
Kepler-512 b,Kepler-512,transit,2016,34.43587975,2.69,,5997.0,1.3,1.17,,0.23998572575608887,inner,,False,True,True
Kepler-513 b,Kepler-513,transit,2016,28.86235584,2.2,,5849.0,1.06,1.02,,0.19627085377821396,inner,,False,True,True
Kepler-514 b,Kepler-514,transit,2016,5.65179605,1.72,,6106.0,1.44,1.28,,0.15344812204478545,inner,,False,True,True
Kepler-515 b,Kepler-515,transit,2016,19.96371318,1.46,,5293.0,0.83,0.9,,0.13025247568917833,inner,,False,True,True
Kepler-516 b,Kepler-516,transit,2016,24.85462415,5.74,,7099.0,2.02,1.62,,0.5120885003122492,inner,,False,True,True
Kepler-517 b,Kepler-517,transit,2016,60.92832271,2.67,,5690.0,0.98,0.95,,0.238201445267196,inner,,False,True,True
Kepler-518 b,Kepler-518,transit,2016,8.512035877,2.11,,5842.0,0.88,0.96,,0.1882415915781961,inner,,False,True,True
Kepler-519 b,Kepler-519,transit,2016,24.3078946,2.1,,5260.0,0.8,0.89,,0.18734945133374967,inner,,False,True,True
Kepler-52 b,Kepler-52,transit,2012,7.8773565,2.1,135.0,4075.0,0.52,0.54,0.4247580452320123,0.18734945133374967,inner,0.0,True,True,True
Kepler-52 c,Kepler-52,transit,2012,16.3850021,1.84,45.4,4075.0,0.52,0.54,0.14284455743358043,0.16415380497814258,inner,0.0,True,True,True
Kepler-52 d,Kepler-52,transit,2014,36.445171,1.95,88.8775,4263.0,0.556,0.577,0.279640245667468,0.17396734766705327,inner,0.0,True,True,True
Kepler-520 b,Kepler-520,transit,2016,19.67416124,1.66,,6112.0,1.09,1.1,,0.14809528057810686,inner,,False,True,True
Kepler-520 c,Kepler-520,transit,2016,5.21104261,1.07,,6112.0,1.09,1.1,,0.09545900615576769,inner,,False,True,True
Kepler-521 b,Kepler-521,transit,2016,22.20813214,3.18,,6406.0,1.46,1.34,,0.2837005977339638,inner,,False,True,True
Kepler-522 b,Kepler-522,transit,2016,38.58422849,6.91,,6392.0,1.98,1.54,,0.6164689089124811,inner,,False,True,True
Kepler-523 b,Kepler-523,transit,2016,5.835983111,1.96,,5515.0,0.86,0.93,,0.1748594879114997,inner,,False,True,True
Kepler-524 b,Kepler-524,transit,2016,7.97419807,1.91,,6014.0,1.1,1.09,,0.17039878668926756,inner,,False,True,True
Kepler-524 c,Kepler-524,transit,2016,1.88897906,0.96,,6014.0,1.1,1.09,,0.08564546346685699,inner,,False,True,True
Kepler-525 b,Kepler-525,transit,2016,18.68404933,2.63,,5573.0,1.15,0.95,,0.2346328842894103,inner,,False,True,True
Kepler-526 b,Kepler-526,transit,2016,5.458498316,1.99,,5894.0,1.14,1.15,,0.17753590864483898,inner,,False,True,True
Kepler-527 b,Kepler-527,transit,2016,13.28535633,2.84,,6388.0,1.45,1.28,,0.25336782942278524,inner,,False,True,True
Kepler-528 b,Kepler-528,transit,2016,19.78297415,2.08,,5807.0,1.06,1.01,,0.18556517084485682,inner,,False,True,True
Kepler-529 b,Kepler-529,transit,2016,1.980357663,1.86,,6087.0,1.14,1.07,,0.16593808546703542,inner,,False,True,True
Kepler-529 c,Kepler-529,transit,2016,12.8345022,2.0,,6087.0,1.14,1.07,,0.1784280488892854,inner,,False,True,True
Kepler-529 d,Kepler-529,transit,2021,35.86619949,2.79502603,,6078.0,1.189,1.005,,0.24935552056383262,inner,,False,True,True
Kepler-53 b,Kepler-53,transit,2012,18.6489525,2.89,111.0,5858.0,0.89,0.98,0.34924550385743236,0.25782853064501743,inner,0.0,True,True,True
Kepler-53 c,Kepler-53,transit,2012,38.5583038,3.17,36.0,5858.0,0.89,0.98,0.11326881206186995,0.28280845748951733,inner,0.0,True,True,True
Kepler-53 d,Kepler-53,transit,2014,9.751962,2.12,37.1907,6085.0,0.958,0.966,0.1170151780208163,0.18913373182264254,inner,0.0,True,True,True
Kepler-530 b,Kepler-530,transit,2016,39.30941904,3.01,,5697.0,0.89,0.97,,0.26853421357837454,inner,,False,True,True
Kepler-531 b,Kepler-531,transit,2016,29.88485741,2.78,,4893.0,0.75,0.78,,0.2480149879561067,inner,,False,True,True
Kepler-532 b,Kepler-532,transit,2016,12.92491623,2.57,,5192.0,0.79,0.87,,0.22928004282273173,inner,,False,True,True
Kepler-533 b,Kepler-533,transit,2016,28.51120525,3.38,,4758.0,0.72,0.78,,0.3015434026228923,inner,,False,True,True
Kepler-534 b,Kepler-534,transit,2016,15.95994513,2.24,,5884.0,0.98,1.05,,0.19983941475599967,inner,,False,True,True
Kepler-534 c,Kepler-534,transit,2021,7.378689766,1.227,,5936.0,0.965,1.075,,0.1094656079935766,inner,,False,True,True
Kepler-535 b,Kepler-535,transit,2016,4.903321551,2.36,,6123.0,1.27,1.18,,0.21054509768935675,inner,,False,True,True
Kepler-536 b,Kepler-536,transit,2016,1.827082299,3.1,,5524.0,0.89,0.92,,0.27656347577839235,inner,,False,True,True
Kepler-537 b,Kepler-537,transit,2016,3.247555219,1.41,,5763.0,0.99,1.07,,0.1257917744669462,inner,,False,True,True
Kepler-538 b,Kepler-538,transit,2016,81.73778,2.215,12.9,5534.0,0.8717,0.892,0.04058799098883673,0.19760906414488358,inner,0.0,True,True,True
Kepler-539 b,Kepler-539,transit,2016,125.63243,8.373123,308.2951,5820.0,0.952,1.048,0.9700061039304279,0.747,inner,0.0,True,True,True
Kepler-539 c,Kepler-539,transit timing variations,2016,1000.0,13.3,762.792,5820.0,0.952,1.048,2.400015102508275,1.186546525113748,outer,0.0,True,True,True
Kepler-54 b,Kepler-54,transit,2012,8.0109434,2.1,0.98,3705.0,0.5,0.51,0.0030834287727953486,0.18734945133374967,inner,0.22205398644893093,True,True,True
Kepler-54 c,Kepler-54,transit,2012,12.0717249,1.23,0.7,3705.0,0.5,0.51,0.0022024491234252487,0.10973325006691052,inner,0.7326986719075268,True,True,True
Kepler-54 d,Kepler-54,transit,2014,20.995694,1.53,12.0946,4252.0,0.554,0.518,0.038053915954541453,0.13649745740030333,inner,0.0,True,True,True
Kepler-540 b,Kepler-540,transit,2016,172.7049784,2.71,,5946.0,1.08,1.02,,0.2417700062449817,inner,,False,True,True
Kepler-541 b,Kepler-541,transit,2016,5.08005848,3.36,,6166.0,2.06,1.41,,0.29975912213399947,inner,,False,True,True
Kepler-542 b,Kepler-542,transit,2016,13.14497566,1.57,,5526.0,0.9,0.93,,0.14006601837808905,inner,,False,True,True
Kepler-543 b,Kepler-543,transit,2016,13.89961966,2.5,,4671.0,0.67,0.7,,0.22303506111160676,inner,,False,True,True
Kepler-544 b,Kepler-544,transit,2016,21.41616926,2.12,,6206.0,1.22,1.16,,0.18913373182264254,inner,,False,True,True
Kepler-545 b,Kepler-545,transit,2016,13.24934059,2.69,,5882.0,1.07,1.04,,0.23998572575608887,inner,,False,True,True
Kepler-546 b,Kepler-546,transit,2016,4.147020258,7.0,,5967.0,1.15,1.11,,0.624498171112499,inner,,False,True,True
Kepler-547 b,Kepler-547,transit,2016,6.010384289,4.0,,4828.0,0.73,0.78,,0.3568560977785708,inner,,False,True,True
Kepler-548 b,Kepler-548,transit,2016,4.454194338,11.99,,5535.0,0.9,0.93,,1.069676153091266,inner,,False,True,True
Kepler-549 b,Kepler-549,transit,2016,42.9495649,2.57,11.0,5360.0,0.84,0.88,0.03460991479668248,0.22928004282273173,inner,0.0,True,True,True
Kepler-549 c,Kepler-549,transit,2016,117.040498,2.93,,5360.0,0.84,0.88,,0.2613970916228031,inner,,False,True,True
Kepler-549 d,Kepler-549,transit,2023,24.61480613,4.2,,5312.0,0.986,0.859,,0.37469890266749933,inner,,False,True,True
Kepler-55 b,Kepler-55,transit,2012,27.9481449,2.43,43.0,4362.0,0.58,0.62,0.13529330329612244,0.21679007940048178,inner,0.0,True,True,True
Kepler-55 c,Kepler-55,transit,2012,42.1516418,2.21,69.8,4362.0,0.58,0.62,0.2196156411644034,0.19716299402266035,inner,0.0,True,True,True
Kepler-55 d,Kepler-55,transit,2014,2.211099,1.59,,4503.0,0.619,0.631,,0.1418502988669819,inner,,False,True,True
Kepler-55 e,Kepler-55,transit,2014,4.617534,1.55,,4503.0,0.619,0.631,,0.13828173788919618,inner,,False,True,True
Kepler-55 f,Kepler-55,transit,2014,10.198545,1.59,,4503.0,0.619,0.631,,0.1418502988669819,inner,,False,True,True
Kepler-550 b,Kepler-550,transit,2016,8.600104109,4.42,,5322.0,0.83,0.87,,0.3943259880453207,inner,,False,True,True
Kepler-551 b,Kepler-551,transit,2016,12.3764661,2.73,,4286.0,0.63,0.65,,0.24355428673387458,inner,,False,True,True
Kepler-552 b,Kepler-552,transit,2016,5.263415765,3.95,,5863.0,1.04,1.03,,0.35239539655633867,inner,,False,True,True
Kepler-553 b,Kepler-553,transit,2016,4.030467,4.74139884,116.007368555,5191.0,0.902,0.889,0.36500046740689934,0.4229992720135605,inner,0.0,True,True,True
Kepler-553 c,Kepler-553,transit,2016,328.24017,11.57887706,2129.4503269,5191.0,0.902,0.889,6.7000085797978794,1.0329982210723525,habitable,0.0,True,True,True
Kepler-554 b,Kepler-554,transit,2016,1.902208556,4.29,,5447.0,0.92,0.93,,0.3827281648675172,inner,,False,True,True
Kepler-555 b,Kepler-555,transit,2016,16.21775407,2.83,,5894.0,1.04,1.03,,0.25247568917833885,inner,,False,True,True
Kepler-556 b,Kepler-556,transit,2016,11.72292176,2.24,,5740.0,0.98,1.0,,0.19983941475599967,inner,,False,True,True
Kepler-557 b,Kepler-557,transit,2016,3.705989551,2.67,,6068.0,1.16,1.11,,0.238201445267196,inner,,False,True,True
Kepler-558 b,Kepler-558,transit,2016,29.00790538,2.37,,5242.0,0.81,0.85,,0.2114372379338032,inner,,False,True,True
Kepler-559 b,Kepler-559,transit,2016,17.58752333,3.61,,5630.0,0.95,0.96,,0.32206262824516013,inner,,False,True,True
Kepler-56 b,Kepler-56,transit,2012,10.5016,6.51,22.1,4840.0,4.23,1.32,0.06953446518242573,0.580783299134624,inner,0.0,True,True,True
Kepler-56 c,Kepler-56,transit,2012,21.40239,9.8,181.0,4840.0,4.23,1.32,0.5694904161999572,0.8742974395574985,inner,0.0,True,True,True
Kepler-56 d,Kepler-56,radial velocity,2016,1002.0,12.8,,4819.44,4.21799,1.29,,1.1419395128914267,inner,,False,True,True
Kepler-560 b,Kepler-560,transit,2016,18.47764449,1.72,,3556.0,0.33,0.34,,0.15344812204478545,outer,,False,True,True
Kepler-561 b,Kepler-561,transit,2016,58.3620495,6.96,,5646.0,0.94,0.96,,0.6209296101347132,inner,,False,True,True
Kepler-561 c,Kepler-561,transit,2016,5.350161983,2.68,,5646.0,0.94,0.96,,0.23909358551164245,inner,,False,True,True
Kepler-562 b,Kepler-562,transit,2016,18.009314436,5.21,,5575.0,0.9,0.93,,0.46480506735658844,inner,,False,True,True
Kepler-563 b,Kepler-563,transit,2016,22.18432708,3.09,,5066.0,0.77,0.8,,0.27567133553394596,inner,,False,True,True
Kepler-564 b,Kepler-564,transit,2016,3.750832285,4.63,,5626.0,0.92,0.95,,0.4130609331786957,inner,,False,True,True
Kepler-565 b,Kepler-565,transit,2016,4.243747226,3.64,,5735.0,0.95,0.98,,0.3247390489784994,inner,,False,True,True
Kepler-566 b,Kepler-566,transit,2016,18.42794624,2.15,,5132.0,0.79,0.83,,0.1918101525559818,inner,,False,True,True
Kepler-567 b,Kepler-567,transit,2016,16.54297375,2.25,,5148.0,0.79,0.84,,0.20073155500044607,inner,,False,True,True
Kepler-568 b,Kepler-568,transit,2016,11.02347475,2.26,,3768.0,0.53,0.55,,0.2016236952448925,inner,,False,True,True
Kepler-569 b,Kepler-569,transit,2016,34.18890521,3.16,,5616.0,0.93,0.95,,0.28191631724507094,inner,,False,True,True
Kepler-57 b,Kepler-57,transit,2012,5.72,3.135,25.06,5187.9,0.826,0.859,0.0788476786186239,0.27968596663395484,inner,0.0,True,True,True
Kepler-57 c,Kepler-57,transit,2012,11.6,2.196,6.86,5187.9,0.826,0.859,0.02158400140956744,0.19591399768043538,inner,0.0,True,True,True
Kepler-570 b,Kepler-570,transit,2016,4.301662003,2.45,,5496.0,0.9,0.93,,0.21857435988937463,inner,,False,True,True
Kepler-571 b,Kepler-571,transit,2016,4.798599388,2.64,,5527.0,0.9,0.93,,0.23552502453385674,inner,,False,True,True
Kepler-572 b,Kepler-572,transit,2016,17.20523483,2.58,,5212.0,0.79,0.83,,0.23017218306717818,inner,,False,True,True
Kepler-573 b,Kepler-573,transit,2016,22.18329658,2.79,,5746.0,1.02,0.99,,0.24890712820055313,inner,,False,True,True
Kepler-574 b,Kepler-574,transit,2016,7.65880414,2.39,,5612.0,0.91,0.95,,0.21322151842269607,inner,,False,True,True
Kepler-575 b,Kepler-575,transit,2016,9.37891944,2.39,,5710.0,0.95,0.97,,0.21322151842269607,inner,,False,True,True
Kepler-576 b,Kepler-576,transit,2016,29.91136794,3.27,,5672.0,0.97,0.99,,0.29172985993398165,inner,,False,True,True
Kepler-577 b,Kepler-577,transit,2016,25.69578251,2.55,,4984.0,0.73,0.78,,0.22749576233383886,inner,,False,True,True
Kepler-578 b,Kepler-578,transit,2016,1.616883696,2.0,,5334.0,0.83,0.87,,0.1784280488892854,inner,,False,True,True
Kepler-579 b,Kepler-579,transit,2016,9.66857723,2.0,,5636.0,0.96,0.99,,0.1784280488892854,inner,,False,True,True
Kepler-58 b,Kepler-58,transit,2012,10.2184954,2.78,35.5,5843.0,1.03,0.95,0.1116956341165662,0.2480149879561067,inner,0.0,True,True,True
Kepler-58 c,Kepler-58,transit,2012,15.5741568,2.86,53.0,5843.0,1.03,0.95,0.16675686220219743,0.25515210991167814,inner,0.0,True,True,True
Kepler-58 d,Kepler-58,transit,2014,40.101371,2.94,245.343,6099.0,1.127,1.024,0.7719363932693155,0.26228923186724956,inner,0.0,True,True,True
Kepler-58 e,Kepler-58,transit,2023,4.45814897,1.61,597.796,6100.0,1.083,1.017,1.8808789659816003,0.14363457935587476,inner,0.0,True,True,True
Kepler-580 b,Kepler-580,transit,2016,8.222419656,2.57,,4298.0,0.64,0.67,,0.22928004282273173,inner,,False,True,True
Kepler-581 b,Kepler-581,transit,2016,40.6069821,2.63,,5772.0,1.0,1.0,,0.2346328842894103,inner,,False,True,True
Kepler-582 b,Kepler-582,transit,2016,18.49235668,3.68,,5564.0,0.91,0.93,,0.32830760995628516,inner,,False,True,True
Kepler-583 b,Kepler-583,transit,2016,6.5100253,2.28,,5523.0,0.91,0.94,,0.20340797573378533,inner,,False,True,True
Kepler-584 b,Kepler-584,transit,2016,35.1810304,4.21,,6195.0,1.24,1.17,,0.3755910429119458,inner,,False,True,True
Kepler-585 b,Kepler-585,transit,2016,2.752359753,2.83,,5593.0,0.93,0.96,,0.25247568917833885,inner,,False,True,True
Kepler-586 b,Kepler-586,transit,2016,2.104722184,2.79,,5575.0,0.92,0.94,,0.24890712820055313,inner,,False,True,True
Kepler-587 b,Kepler-587,transit,2016,10.94027841,2.23,,5549.0,0.89,0.92,,0.19894727451155322,inner,,False,True,True
Kepler-588 b,Kepler-588,transit,2016,4.221625357,2.63,,5835.0,1.0,1.01,,0.2346328842894103,inner,,False,True,True
Kepler-589 b,Kepler-589,transit,2016,16.54964934,2.27,,5296.0,0.83,0.88,,0.20251583548933894,inner,,False,True,True
Kepler-589 c,Kepler-589,transit,2021,3.52466011,1.11727238,,5372.0,0.916,0.832,,0.09967636542064412,inner,,False,True,True
Kepler-59 b,Kepler-59,transit,2012,11.8681707,1.1,4.1,6074.0,0.94,1.04,0.012900059151490744,0.09813542688910698,inner,0.0,True,True,True
Kepler-59 c,Kepler-59,transit,2012,17.9801235,1.98,3.81,6074.0,0.94,1.04,0.01198761594321457,0.17664376840039256,inner,0.0,True,True,True
Kepler-590 b,Kepler-590,transit,2016,5.85296257,4.02,,6000.0,1.15,1.1,,0.35864037826746364,inner,,False,True,True
Kepler-591 b,Kepler-591,transit,2016,81.1694299,3.39,,5677.0,0.94,0.97,,0.30243554286733876,inner,,False,True,True
Kepler-592 b,Kepler-592,transit,2016,2.820192408,2.39,,5913.0,1.04,1.04,,0.21322151842269607,inner,,False,True,True
Kepler-593 b,Kepler-593,transit,2016,21.21708973,2.87,,5967.0,1.1,1.08,,0.2560442501561246,inner,,False,True,True
Kepler-594 b,Kepler-594,transit,2016,13.64618192,2.18,,5485.0,0.87,0.91,,0.1944865732893211,inner,,False,True,True
Kepler-595 b,Kepler-595,transit,2016,25.3029092,3.708,17.4,5138.5,0.821,0.93,0.05474659249657047,0.33080560264073516,inner,0.0,True,True,True
Kepler-595 c,Kepler-595,transit,2020,12.38602,1.009,3.3,5138.5,0.821,0.93,0.010382974439004745,0.09001695066464448,inner,0.0,True,True,True
Kepler-596 b,Kepler-596,transit,2016,21.30022655,3.46,,6267.0,1.32,1.21,,0.30868052457846373,inner,,False,True,True
Kepler-597 b,Kepler-597,transit,2016,13.02365861,2.37,,5683.0,0.95,0.97,,0.2114372379338032,inner,,False,True,True
Kepler-598 b,Kepler-598,transit,2016,3.70175428,1.5,,5307.0,0.86,0.87,,0.13382103666696404,inner,,False,True,True
Kepler-598 c,Kepler-598,transit,2020,86.4945,3.02420941,,5245.0,0.900316,0.9,,0.2698018922294585,inner,,False,True,True
Kepler-599 b,Kepler-599,transit,2016,15.65562652,2.84,,5127.0,0.79,0.83,,0.25336782942278524,inner,,False,True,True
Kepler-6 b,Kepler-6,transit,2009,3.2346996,14.616536,212.31044,5647.0,1.391,1.209,0.6680042035314699,1.304,inner,0.0,True,True,True
Kepler-60 b,Kepler-60,transit,2012,7.1334,1.71,4.19,5905.0,1.257,1.041,0.013183231181645421,0.15255598180033902,inner,0.0,True,True,True
Kepler-60 c,Kepler-60,transit,2012,8.9187,1.9,3.85,5905.0,1.257,1.041,0.01211347017883887,0.16950664644482114,inner,0.0,True,True,True
Kepler-60 d,Kepler-60,transit,2012,11.8981,1.99,4.16,5905.0,1.257,1.041,0.013088840504927195,0.17753590864483898,inner,0.0,True,True,True
Kepler-600 b,Kepler-600,transit,2016,23.67517607,2.9,,5279.0,0.81,0.84,,0.2587206708894638,inner,,False,True,True
Kepler-601 b,Kepler-601,transit,2016,5.378868441,1.9,,5160.0,0.79,0.85,,0.16950664644482114,inner,,False,True,True
Kepler-602 b,Kepler-602,transit,2016,15.28469497,2.09,,6062.0,1.13,1.08,,0.18645731108930322,inner,,False,True,True
Kepler-603 b,Kepler-603,transit,2016,21.05358596,2.65,,5808.0,1.01,1.01,,0.23641716477830316,inner,,False,True,True
Kepler-603 c,Kepler-603,transit,2016,127.9075774,6.5,,5808.0,1.01,1.01,,0.5798911588901775,inner,,False,True,True
Kepler-603 d,Kepler-603,transit,2016,6.2171292,1.32,,5808.0,1.01,1.01,,0.11776251226692837,inner,,False,True,True
Kepler-604 b,Kepler-604,transit,2016,25.85501786,2.59,,5890.0,1.03,1.02,,0.23106432331162458,inner,,False,True,True
Kepler-605 b,Kepler-605,transit,2016,3.383538066,1.44,,5462.0,0.88,0.91,,0.1284681952002855,inner,,False,True,True
Kepler-605 c,Kepler-605,transit,2016,2.358951515,0.86,,5462.0,0.88,0.91,,0.07672406102239272,inner,,False,True,True
Kepler-606 b,Kepler-606,transit,2016,24.31575992,3.31,,6161.0,1.22,1.13,,0.29529842091176733,inner,,False,True,True
Kepler-607 b,Kepler-607,transit,2016,0.638163204,0.87,,5196.0,0.8,0.84,,0.07761620126683914,inner,,False,True,True
Kepler-607 c,Kepler-607,transit,2021,39.67679977,2.76001201,,5244.0,0.888,0.808,,0.24623177892764744,inner,,False,True,True
Kepler-608 b,Kepler-608,transit,2016,6.412515037,3.64,,5820.0,1.01,1.0,,0.3247390489784994,inner,,False,True,True
Kepler-609 b,Kepler-609,transit,2016,6.521210666,3.35,,5971.0,1.14,1.09,,0.2988669818895531,inner,,False,True,True
Kepler-61 b,Kepler-61,transit,2013,59.87756,2.15,,4017.0,0.62,0.635,,0.1918101525559818,inner,,False,True,True
Kepler-610 b,Kepler-610,transit,2016,6.996926554,4.19,,5943.0,1.13,1.1,,0.37380676242305294,inner,,False,True,True
Kepler-610 c,Kepler-610,transit,2016,151.86392,3.3,,5943.0,1.13,1.1,,0.2944062806673209,inner,,False,True,True
Kepler-611 b,Kepler-611,transit,2016,2.437033302,1.65,,5761.0,1.01,1.01,,0.14720314033366044,inner,,False,True,True
Kepler-612 b,Kepler-612,transit,2016,3.722156413,2.84,,5693.0,0.96,0.98,,0.25336782942278524,inner,,False,True,True
Kepler-613 b,Kepler-613,transit,2016,15.77979614,2.29,,5723.0,0.96,0.98,,0.20430011597823178,inner,,False,True,True
Kepler-614 b,Kepler-614,transit,2016,14.03491514,2.39,,5268.0,0.81,0.85,,0.21322151842269607,inner,,False,True,True
Kepler-615 b,Kepler-615,transit,2016,10.35584657,1.74,,4655.0,0.69,0.73,,0.1552324025336783,inner,,False,True,True
Kepler-616 b,Kepler-616,transit,2016,9.99761851,2.43,,5753.0,0.97,0.98,,0.21679007940048178,inner,,False,True,True
Kepler-616 c,Kepler-616,transit,2016,90.4113556,3.41,,5753.0,0.97,0.98,,0.3042198233562316,inner,,False,True,True
Kepler-616 d,Kepler-616,transit,2021,51.06740189,2.653,,6004.0,0.977,1.061,,0.2366848068516371,inner,,False,True,True
Kepler-617 b,Kepler-617,transit,2016,1.682696148,1.32,,3712.0,0.48,0.51,,0.11776251226692837,inner,,False,True,True
Kepler-618 b,Kepler-618,transit,2016,3.595769645,2.6,,5860.0,1.08,1.05,,0.23195646355607102,inner,,False,True,True
Kepler-619 b,Kepler-619,transit,2016,5.404272197,3.16,,5980.0,1.11,1.09,,0.28191631724507094,inner,,False,True,True
Kepler-619 c,Kepler-619,transit,2016,1.208465026,1.69,,5980.0,1.11,1.09,,0.15077170131144615,inner,,False,True,True
Kepler-619 d,Kepler-619,transit,2023,11.67894236,4.17,,6122.0,0.964,1.041,,0.37202248193416004,inner,,False,True,True
Kepler-62 b,Kepler-62,transit,2013,5.714932,1.31,9.0,4925.0,0.64,0.69,0.028317203015467488,0.11687037202248195,inner,0.0,True,True,True
Kepler-62 c,Kepler-62,transit,2013,12.4417,0.54,4.0,4925.0,0.64,0.69,0.012585423562429995,0.04817557320010706,inner,0.0,True,True,True
Kepler-62 d,Kepler-62,transit,2013,18.16406,1.95,14.0,4925.0,0.64,0.69,0.04404898246850498,0.17396734766705327,inner,0.0,True,True,True
Kepler-62 e,Kepler-62,transit,2013,122.3874,1.61,36.0,4925.0,0.64,0.69,0.11326881206186995,0.14363457935587476,habitable,0.0,True,True,True
Kepler-62 f,Kepler-62,transit,2013,267.291,1.41,35.0,4925.0,0.64,0.69,0.11012245617126246,0.1257917744669462,outer,0.0,True,True,True
Kepler-620 b,Kepler-620,transit,2016,12.91375431,3.32,,6155.0,1.22,1.15,,0.2961905611562137,inner,,False,True,True
Kepler-621 b,Kepler-621,transit,2016,2.628113746,2.3,,4521.0,0.68,0.72,,0.2051922562226782,inner,,False,True,True
Kepler-622 b,Kepler-622,transit,2016,14.28226676,2.13,,4201.0,0.61,0.64,,0.19002587206708893,inner,,False,True,True
Kepler-623 b,Kepler-623,transit,2016,9.07097734,3.01,,5443.0,0.86,0.9,,0.26853421357837454,inner,,False,True,True
Kepler-624 b,Kepler-624,transit,2016,14.58649607,2.31,,6117.0,1.18,1.1,,0.20608439646712465,inner,,False,True,True
Kepler-625 b,Kepler-625,transit,2016,7.75192492,1.99,,5789.0,0.96,1.04,,0.17753590864483898,inner,,False,True,True
Kepler-625 c,Kepler-625,transit,2016,4.1653651,1.05,,5789.0,0.96,1.04,,0.09367472566687483,inner,,False,True,True
Kepler-626 b,Kepler-626,transit,2016,14.48585199,2.29,,5813.0,1.05,1.01,,0.20430011597823178,inner,,False,True,True
Kepler-627 b,Kepler-627,transit,2016,40.6994443,3.73,,6424.0,1.49,1.3,,0.3327683111785173,inner,,False,True,True
Kepler-629 b,Kepler-629,transit,2016,7.2385854,1.38,,5444.0,0.84,0.93,,0.12311535373360692,inner,,False,True,True
Kepler-63 b,Kepler-63,transit,2013,9.4341505,6.11,120.0,5576.0,0.901,0.984,0.37756270687289983,0.545097689356767,inner,0.0,True,True,True
Kepler-630 b,Kepler-630,transit,2016,161.4743937,3.18,,5829.0,1.04,1.02,,0.2837005977339638,inner,,False,True,True
Kepler-631 b,Kepler-631,transit,2016,17.97979059,2.9,,6185.0,1.33,1.24,,0.2587206708894638,inner,,False,True,True
Kepler-632 b,Kepler-632,transit,2016,30.99660733,2.21,,5322.0,0.84,0.91,,0.19716299402266035,inner,,False,True,True
Kepler-633 b,Kepler-633,transit,2016,8.50340718,1.63,,5899.0,1.15,1.02,,0.1454188598447676,inner,,False,True,True
Kepler-633 c,Kepler-633,transit,2021,23.78319931,2.296,,5877.0,1.265,0.997,,0.20483540012489962,inner,,False,True,True
Kepler-634 b,Kepler-634,transit,2016,5.16950177,1.89,,6075.0,1.24,1.03,,0.1686145062003747,inner,,False,True,True
Kepler-635 b,Kepler-635,transit,2016,23.44971004,2.64,,6174.0,1.51,1.33,,0.23552502453385674,inner,,False,True,True
Kepler-636 b,Kepler-636,transit,2016,16.080661147,4.45,,5203.0,0.8,0.85,,0.39700240877866005,inner,,False,True,True
Kepler-637 b,Kepler-637,transit,2016,23.20584623,4.75,,6096.0,2.56,1.64,,0.42376661611205285,inner,,False,True,True
Kepler-638 b,Kepler-638,transit,2016,6.07972888,1.83,,5382.0,0.93,0.88,,0.16326166473369616,inner,,False,True,True
Kepler-639 b,Kepler-639,transit,2016,10.21420496,2.38,,5896.0,1.29,1.14,,0.21232937817824962,inner,,False,True,True
Kepler-640 b,Kepler-640,transit,2016,22.24813967,2.56,,5653.0,0.94,1.01,,0.2283879025782853,inner,,False,True,True
Kepler-641 b,Kepler-641,transit,2016,9.48961571,1.85,,5713.0,1.13,1.02,,0.165045945222589,inner,,False,True,True
Kepler-642 b,Kepler-642,transit,2016,4.41745855,2.9,,6570.0,1.66,1.4,,0.2587206708894638,inner,,False,True,True
Kepler-643 b,Kepler-643,transit,2016,16.33889626,10.16,321.0083,4908.0,2.52,1.0,1.0100063556388992,0.9064144883575699,inner,0.0,True,True,True
Kepler-644 b,Kepler-644,transit,2016,3.173917103,3.15,,6747.0,1.81,1.49,,0.2810241770006245,inner,,False,True,True
Kepler-645 b,Kepler-645,transit,2016,3.275822621,2.1,,6170.0,1.21,1.13,,0.18734945133374967,inner,,False,True,True
Kepler-646 b,Kepler-646,transit,2016,15.87364565,1.99,,5634.0,0.91,0.93,,0.17753590864483898,inner,,False,True,True
Kepler-647 b,Kepler-647,transit,2016,16.2254649,1.17,,6020.0,1.07,1.03,,0.10438040860023196,inner,,False,True,True
Kepler-647 c,Kepler-647,transit,2020,29.6663,4.00135002,,5906.74,1.54571,1.07,,0.3569765384958516,inner,,False,True,True
Kepler-648 b,Kepler-648,transit,2016,17.4211749,3.22,,5741.0,0.98,1.05,,0.2872691587117495,inner,,False,True,True
Kepler-649 b,Kepler-649,transit,2016,29.90722674,2.26,,5871.0,0.94,0.97,,0.2016236952448925,inner,,False,True,True
Kepler-65 b,Kepler-65,transit,2012,2.15491,1.42,2.4,6211.0,1.41,1.25,0.007551254137457997,0.12668391471139262,inner,0.0,True,True,True
Kepler-65 c,Kepler-65,transit,2012,5.859944,2.58,5.4,6211.0,1.41,1.25,0.016990321809280493,0.23017218306717818,inner,0.0,True,True,True
Kepler-65 d,Kepler-65,transit,2012,8.13123,1.52,4.14,6211.0,1.41,1.25,0.013025913387115043,0.1356053171558569,inner,0.0,True,True,True
Kepler-65 e,Kepler-65,radial velocity,2019,258.8,13.9,260.0,6220.0,1.437,1.248,0.8180525315579497,1.2400749397805335,inner,0.0,True,True,True
Kepler-650 b,Kepler-650,transit,2016,3.032145588,2.96,,5849.0,1.35,1.08,,0.2640735123561424,inner,,False,True,True
Kepler-651 b,Kepler-651,transit,2016,21.38521506,2.37,,5522.0,0.87,0.92,,0.2114372379338032,inner,,False,True,True
Kepler-652 b,Kepler-652,transit,2016,4.182002531,2.49,,5490.0,0.88,0.97,,0.22214292086716034,inner,,False,True,True
Kepler-653 b,Kepler-653,transit,2016,14.70748976,1.95,,5665.0,1.19,1.02,,0.17396734766705327,inner,,False,True,True
Kepler-653 c,Kepler-653,transit,2016,0.900376476,0.78,,5665.0,1.19,1.02,,0.06958693906682131,inner,,False,True,True
Kepler-654 b,Kepler-654,transit,2016,13.72465129,2.07,,5865.0,1.11,1.04,,0.18467303060041038,inner,,False,True,True
Kepler-655 b,Kepler-655,transit,2016,46.4063358,2.71,,6170.0,1.24,1.15,,0.2417700062449817,inner,,False,True,True
Kepler-656 b,Kepler-656,transit,2016,1.260259094,3.12,,5281.0,0.82,0.86,,0.27834775626728525,inner,,False,True,True
Kepler-656 c,Kepler-656,transit,2023,5.25449393,1.41,,5550.0,0.954,1.05,,0.1257917744669462,inner,,False,True,True
Kepler-657 b,Kepler-657,transit,2016,24.54350418,3.52,,5808.0,1.01,1.01,,0.3140333660451423,inner,,False,True,True
Kepler-658 b,Kepler-658,transit,2016,1.287076762,1.63,,4103.0,0.6,0.63,,0.1454188598447676,inner,,False,True,True
Kepler-659 b,Kepler-659,transit,2016,17.671796,2.5,,4870.0,0.74,0.79,,0.22303506111160676,inner,,False,True,True
Kepler-66 b,Kepler-66,transit,2013,17.815815,2.8,,5962.0,0.966,1.038,,0.24979926844499956,inner,,False,True,True
Kepler-660 b,Kepler-660,transit,2016,9.27358194,2.57,,4779.0,0.71,0.75,,0.22928004282273173,inner,,False,True,True
Kepler-661 b,Kepler-661,transit,2016,6.029301321,3.07,,4483.0,0.67,0.7,,0.27388705504505306,inner,,False,True,True
Kepler-662 b,Kepler-662,transit,2016,21.67697486,2.18,,4897.0,0.74,0.79,,0.1944865732893211,inner,,False,True,True
Kepler-663 b,Kepler-663,transit,2016,4.99678284,2.6,,5264.0,0.82,0.86,,0.23195646355607102,inner,,False,True,True
Kepler-664 b,Kepler-664,transit,2016,2.525593315,2.66,,5754.0,1.02,1.01,,0.2373093050227496,inner,,False,True,True
Kepler-665 b,Kepler-665,transit,2016,16.01310205,2.6,,4913.0,0.74,0.79,,0.23195646355607102,inner,,False,True,True
Kepler-666 b,Kepler-666,transit,2016,4.49876092,2.4,,5887.0,1.05,1.03,,0.21411365866714246,inner,,False,True,True
Kepler-667 b,Kepler-667,transit,2016,41.43962808,4.73,,5327.0,0.87,0.91,,0.42198233562316,inner,,False,True,True
Kepler-668 b,Kepler-668,transit,2016,8.35390639,2.7,,5352.0,0.82,0.87,,0.24087786600053532,inner,,False,True,True
Kepler-669 b,Kepler-669,transit,2016,4.125546869,4.83,,6038.0,1.2,1.15,,0.4309037380676243,inner,,False,True,True
Kepler-67 b,Kepler-67,transit,2013,15.7259,2.94,,5331.0,0.778,0.865,,0.26228923186724956,inner,,False,True,True
Kepler-670 b,Kepler-670,transit,2016,2.816504852,13.18,,5709.0,0.99,0.99,,1.1758408421803908,inner,,False,True,True
Kepler-671 b,Kepler-671,transit,2016,4.280958588,2.69,,5624.0,0.95,0.97,,0.23998572575608887,inner,,False,True,True
Kepler-672 b,Kepler-672,transit,2016,38.3774623,2.5,,5627.0,0.92,0.95,,0.22303506111160676,inner,,False,True,True
Kepler-673 b,Kepler-673,transit,2016,3.728731093,6.54,,5355.0,0.84,0.88,,0.5834597198679633,inner,,False,True,True
Kepler-674 b,Kepler-674,transit,2016,2.243381847,1.69,,4192.0,0.57,0.6,,0.15077170131144615,inner,,False,True,True
Kepler-675 b,Kepler-675,transit,2016,2.33743801,2.44,,4945.0,0.75,0.79,,0.21768221964492818,inner,,False,True,True
Kepler-676 b,Kepler-676,transit,2016,11.59822172,3.04,,3701.0,0.49,0.51,,0.2712106343117138,inner,,False,True,True
Kepler-677 b,Kepler-677,transit,2016,6.57531678,5.38,,5723.0,0.99,1.0,,0.47997145151217774,inner,,False,True,True
Kepler-678 b,Kepler-678,transit,2016,7.27503724,5.14,,5520.0,0.91,0.94,,0.45856008564546347,inner,,False,True,True
Kepler-679 b,Kepler-679,transit,2016,12.39358604,3.01,,5403.0,0.84,0.87,,0.26853421357837454,inner,,False,True,True
Kepler-68 b,Kepler-68,transit,2013,5.39875259,2.357,8.03,5847.0,1.2564,1.057,0.025265237801578213,0.21027745561602287,inner,0.0,True,True,True
Kepler-68 c,Kepler-68,transit,2013,9.605027,0.979,1.3,5847.0,1.2564,1.057,0.004090262657789749,0.0873405299313052,inner,0.7873488772660722,True,True,True
Kepler-68 d,Kepler-68,radial velocity,2013,632.62,13.9,267.0,5847.0,1.2564,1.057,0.8400770227922021,1.2400749397805335,habitable,0.0,True,True,True
Kepler-68 e,Kepler-68,radial velocity,2023,3455.0,11.2,,5847.0,1.2564,1.057,,0.9991970737799982,outer,,False,True,True
Kepler-680 b,Kepler-680,transit,2016,3.689926291,2.42,,5890.0,1.11,1.08,,0.21589793915603533,inner,,False,True,True
Kepler-681 b,Kepler-681,transit,2016,26.39435646,3.08,,5021.0,0.76,0.8,,0.2747791952894995,inner,,False,True,True
Kepler-682 b,Kepler-682,transit,2016,12.611906672,7.37,,5559.0,0.89,0.92,,0.6575073601570167,inner,,False,True,True
Kepler-683 b,Kepler-683,transit,2016,2.539183179,1.97,,5703.0,0.95,0.96,,0.1757516281559461,inner,,False,True,True
Kepler-684 b,Kepler-684,transit,2016,6.770302008,3.36,,5493.0,0.86,0.89,,0.29975912213399947,inner,,False,True,True
Kepler-685 b,Kepler-685,transit,2016,1.6255222,10.58,,5963.0,1.16,1.11,,0.9438843786243197,inner,,False,True,True
Kepler-686 b,Kepler-686,transit,2016,1.594745463,12.15,,5649.0,0.92,0.94,,1.083950397002409,inner,,False,True,True
Kepler-687 b,Kepler-687,transit,2016,20.50586978,3.52,,4841.0,0.73,0.77,,0.3140333660451423,inner,,False,True,True
Kepler-688 b,Kepler-688,transit,2016,3.895936844,9.76,,5715.0,0.96,0.98,,0.8707288785797127,inner,,False,True,True
Kepler-689 b,Kepler-689,transit,2016,22.36656079,2.89,,5518.0,0.88,0.91,,0.25782853064501743,inner,,False,True,True
Kepler-69 b,Kepler-69,transit,2013,13.722341,2.24,,5638.0,0.93,0.81,,0.19983941475599967,inner,,False,True,True
Kepler-69 c,Kepler-69,transit,2013,242.4613,1.71,,5638.0,0.93,0.81,,0.15255598180033902,habitable,,False,True,True
Kepler-690 b,Kepler-690,transit,2016,7.748094374,5.95,,5913.0,1.16,1.11,,0.5308234454456241,inner,,False,True,True
Kepler-691 b,Kepler-691,transit,2016,8.114379,2.09,,3715.0,0.5,0.53,,0.18645731108930322,inner,,False,True,True
Kepler-692 b,Kepler-692,transit,2016,21.81293494,3.11,,5440.0,0.86,0.9,,0.2774556160228388,inner,,False,True,True
Kepler-693 b,Kepler-693,transit,2016,15.37563332,10.18,,4881.0,0.72,0.76,,0.9081987688464627,inner,,False,True,True
Kepler-694 b,Kepler-694,transit,2016,6.365841612,2.8,,5700.0,0.95,0.97,,0.24979926844499956,inner,,False,True,True
Kepler-695 b,Kepler-695,transit,2016,3.040330424,9.21,,5181.0,0.8,0.84,,0.8216611651351593,inner,,False,True,True
Kepler-696 b,Kepler-696,transit,2016,4.190425575,6.14,,5903.0,1.08,1.06,,0.5477741100901061,inner,,False,True,True
Kepler-697 b,Kepler-697,transit,2016,3.709870645,4.13,,5513.0,0.88,0.92,,0.36845392095637436,inner,,False,True,True
Kepler-698 b,Kepler-698,transit,2016,16.32976218,3.68,,5612.0,0.91,0.94,,0.32830760995628516,inner,,False,True,True
Kepler-7 b,Kepler-7,transit,2009,4.8854892,18.180998,140.16303,5933.0,1.966,1.359,0.4410027750858955,1.6219999999999999,inner,0.0,True,True,True
Kepler-700 b,Kepler-700,transit,2016,80.8720639,5.99,,5692.0,0.96,0.98,,0.5343920064234098,inner,,False,True,True
Kepler-701 b,Kepler-701,transit,2016,10.35533177,2.84,,5343.0,0.84,0.88,,0.25336782942278524,inner,,False,True,True
Kepler-702 b,Kepler-702,transit,2016,10.526294063,9.17,,5419.0,0.86,0.9,,0.8180926041573736,inner,,False,True,True
Kepler-703 b,Kepler-703,transit,2016,4.583521756,8.2,,6185.0,1.27,1.18,,0.7315550004460701,inner,,False,True,True
Kepler-704 b,Kepler-704,transit,2016,3.76182115,2.61,,5616.0,0.96,0.97,,0.23284860380051745,inner,,False,True,True
Kepler-705 b,Kepler-705,transit,2016,56.0560538,2.11,,3722.0,0.51,0.53,,0.1882415915781961,outer,,False,True,True
Kepler-707 b,Kepler-707,transit,2016,2.237492751,1.33,,5099.0,0.76,0.8,,0.1186546525113748,inner,,False,True,True
Kepler-708 b,Kepler-708,transit,2016,3.167891938,2.93,,5692.0,0.96,0.97,,0.2613970916228031,inner,,False,True,True
Kepler-709 b,Kepler-709,transit,2016,16.08524954,2.92,,5071.0,0.77,0.8,,0.26050495137835666,inner,,False,True,True
Kepler-710 b,Kepler-710,transit,2016,4.347285527,1.88,,5611.0,0.91,0.94,,0.16772236595592827,inner,,False,True,True
Kepler-711 b,Kepler-711,transit,2016,23.58914398,3.41,,5222.0,0.8,0.84,,0.3042198233562316,inner,,False,True,True
Kepler-712 b,Kepler-712,transit,2016,21.02247699,3.41,,5148.0,0.78,0.84,,0.3042198233562316,inner,,False,True,True
Kepler-712 c,Kepler-712,transit,2016,226.89047,4.85,,5148.0,0.78,0.84,,0.43268801855651706,habitable,,False,True,True
Kepler-713 b,Kepler-713,transit,2016,7.411141,2.48,,5785.0,0.99,0.98,,0.2212507806227139,inner,,False,True,True
Kepler-714 b,Kepler-714,transit,2016,8.098887986,9.67,,5995.0,1.12,1.09,,0.862699616379695,inner,,False,True,True
Kepler-715 b,Kepler-715,transit,2016,10.00652995,3.75,,5871.0,1.04,1.04,,0.33455259166741014,inner,,False,True,True
Kepler-716 b,Kepler-716,transit,2016,10.37168453,2.9,,5099.0,0.78,0.83,,0.2587206708894638,inner,,False,True,True
Kepler-716 c,Kepler-716,transit,2020,3.96999,1.39281536,,5012.0,0.742183,0.83,,0.12425866357391382,inner,,False,True,True
Kepler-717 b,Kepler-717,transit,2016,4.40840023,2.42,,5485.0,0.85,0.88,,0.21589793915603533,inner,,False,True,True
Kepler-718 b,Kepler-718,transit,2016,2.052349905,16.56,,6191.0,1.3,1.18,,1.477384244803283,inner,,False,True,True
Kepler-719 b,Kepler-719,transit,2016,5.007317779,8.52,,5777.0,0.98,0.99,,0.7601034882683557,inner,,False,True,True
Kepler-720 b,Kepler-720,transit,2016,4.708326542,8.41,,5618.0,0.92,0.95,,0.7502899455794452,inner,,False,True,True
Kepler-721 b,Kepler-721,transit,2016,5.392025388,2.64,,5075.0,0.78,0.82,,0.23552502453385674,inner,,False,True,True
Kepler-722 b,Kepler-722,transit,2016,4.093573252,2.63,,5863.0,1.05,1.03,,0.2346328842894103,inner,,False,True,True
Kepler-722 c,Kepler-722,transit,2016,105.144749,2.82,,5863.0,1.05,1.03,,0.2515835489338924,inner,,False,True,True
Kepler-723 b,Kepler-723,transit,2016,4.082275068,12.19,,5539.0,0.89,0.92,,1.0875189579801945,inner,,False,True,True
Kepler-724 b,Kepler-724,transit,2016,3.314946338,3.29,,5437.0,0.86,0.9,,0.2935141404228745,inner,,False,True,True
Kepler-725 b,Kepler-725,transit,2016,39.64372,10.8,,5395.0,0.88,0.95,,0.9635114640021413,inner,,False,True,True
Kepler-725 c,Kepler-725,transit timing variations,2025,207.541,3.08,9.7,5395.0,0.88,0.95,0.030519652138892735,0.2747791952894995,inner,0.0,True,True,True
Kepler-726 b,Kepler-726,transit,2016,21.80451088,3.26,,5452.0,0.85,0.88,,0.2908377196895352,inner,,False,True,True
Kepler-727 b,Kepler-727,transit,2016,5.154484417,2.53,,5441.0,0.86,0.89,,0.22571148184494602,inner,,False,True,True
Kepler-728 b,Kepler-728,transit,2016,5.743477265,3.34,,5660.0,0.93,0.95,,0.2979748416451066,inner,,False,True,True
Kepler-729 b,Kepler-729,transit,2016,3.166353714,3.58,,5633.0,0.91,0.94,,0.3193862075118209,inner,,False,True,True
Kepler-730 b,Kepler-730,transit,2016,6.491682808,12.3299,,5620.0,1.411,1.047,,1.1,inner,,False,True,True
Kepler-730 c,Kepler-730,transit,2018,2.85188338,1.56926,,5620.0,1.411,1.047,,0.14,inner,,False,True,True
Kepler-731 b,Kepler-731,transit,2016,3.855603551,13.88,,5849.0,1.06,1.03,,1.2382906592916407,inner,,False,True,True
Kepler-732 b,Kepler-732,transit,2016,9.467814048,2.18,,3631.0,0.46,0.49,,0.1944865732893211,inner,,False,True,True
Kepler-732 c,Kepler-732,transit,2016,0.893041236,1.27,,3631.0,0.46,0.49,,0.11330181104469624,inner,,False,True,True
Kepler-733 b,Kepler-733,transit,2016,20.83424726,2.82,,5418.0,0.86,0.9,,0.2515835489338924,inner,,False,True,True
Kepler-734 b,Kepler-734,transit,2016,6.104852856,3.56,,5326.0,0.78,0.85,,0.317601927022928,inner,,False,True,True
Kepler-735 b,Kepler-735,transit,2016,11.51516988,2.95,,5107.0,0.8,0.85,,0.263181372111696,inner,,False,True,True
Kepler-736 b,Kepler-736,transit,2016,3.60147201,2.93,,5217.0,0.81,0.86,,0.2613970916228031,inner,,False,True,True
Kepler-737 b,Kepler-737,transit,2016,28.59915399,1.96,,3813.0,0.48,0.51,,0.1748594879114997,habitable,,False,True,True
Kepler-738 b,Kepler-738,transit,2016,24.58721573,2.5,,5327.0,0.82,0.86,,0.22303506111160676,inner,,False,True,True
Kepler-739 b,Kepler-739,transit,2016,12.53248465,3.32,,5601.0,0.9,0.93,,0.2961905611562137,inner,,False,True,True
Kepler-74 b,Kepler-74,transit,2013,7.340711,10.76,200.22,6000.0,1.12,1.18,0.6299633764174334,0.9599429030243555,inner,0.0,True,True,True
Kepler-740 b,Kepler-740,transit,2016,3.584101216,4.57,,5438.0,0.87,0.91,,0.40770809171201716,inner,,False,True,True
Kepler-741 b,Kepler-741,transit,2016,7.03902374,2.97,,6129.0,1.24,1.16,,0.26496565260058885,inner,,False,True,True
Kepler-742 b,Kepler-742,transit,2016,8.360868238,3.24,,4642.0,0.71,0.76,,0.28905343920064236,inner,,False,True,True
Kepler-743 b,Kepler-743,transit,2016,3.179262921,1.21,,5486.0,0.85,0.94,,0.10794896957801767,inner,,False,True,True
Kepler-744 b,Kepler-744,transit,2016,12.06222443,1.62,,5594.0,0.93,0.94,,0.14452671960032118,inner,,False,True,True
Kepler-745 b,Kepler-745,transit,2016,9.93143556,2.16,,5849.0,1.04,1.04,,0.19270229280042825,inner,,False,True,True
Kepler-746 b,Kepler-746,transit,2016,3.48159251,1.11,,5418.0,0.93,0.91,,0.0990275671335534,inner,,False,True,True
Kepler-747 b,Kepler-747,transit,2016,35.61760587,5.27,,5096.0,0.78,0.82,,0.47015790882326697,inner,,False,True,True
Kepler-748 b,Kepler-748,transit,2016,7.40742793,2.52,,5934.0,1.1,1.07,,0.2248193416004996,inner,,False,True,True
Kepler-749 b,Kepler-749,transit,2016,17.31716585,3.1,,5009.0,0.75,0.79,,0.27656347577839235,inner,,False,True,True
Kepler-75 b,Kepler-75,transit,2013,8.8849116,11.77,3209.9,5200.0,0.89,0.91,10.09948777326101,1.0500490677134446,inner,0.0,True,True,True
Kepler-750 b,Kepler-750,transit,2016,9.42887179,3.07,,6160.0,1.23,1.15,,0.27388705504505306,inner,,False,True,True
Kepler-750 c,Kepler-750,transit,2016,4.08899022,1.62,,6160.0,1.23,1.15,,0.14452671960032118,inner,,False,True,True
Kepler-751 b,Kepler-751,transit,2016,17.44490636,2.46,,5387.0,0.84,0.87,,0.21946650013382105,inner,,False,True,True
Kepler-752 b,Kepler-752,transit,2016,18.82747265,2.81,,5373.0,0.83,0.87,,0.250691408689446,inner,,False,True,True
Kepler-753 b,Kepler-753,transit,2016,5.747725012,1.91,,4346.0,0.65,0.68,,0.17039878668926756,inner,,False,True,True
Kepler-754 b,Kepler-754,transit,2016,14.5596237,2.01,,5935.0,1.08,1.06,,0.17932018913373182,inner,,False,True,True
Kepler-755 b,Kepler-755,transit,2016,1.269090374,1.76,,5043.0,0.77,0.82,,0.15701668302257116,inner,,False,True,True
Kepler-755 c,Kepler-755,transit,2016,2.853133644,1.26,,5043.0,0.77,0.82,,0.1124096708002498,inner,,False,True,True
Kepler-756 b,Kepler-756,transit,2016,1.224866322,1.12,,5282.0,0.79,0.82,,0.09991970737799984,inner,,False,True,True
Kepler-757 b,Kepler-757,transit,2016,1.022678821,1.36,,6014.0,1.13,1.08,,0.12133107324471408,inner,,False,True,True
Kepler-758 b,Kepler-758,transit,2016,12.1097104,2.48,,6228.0,1.42,1.16,,0.2212507806227139,inner,,False,True,True
Kepler-758 c,Kepler-758,transit,2016,4.75793986,1.69,,6228.0,1.42,1.16,,0.15077170131144615,inner,,False,True,True
Kepler-758 d,Kepler-758,transit,2016,20.4966197,2.12,,6228.0,1.42,1.16,,0.18913373182264254,inner,,False,True,True
Kepler-758 e,Kepler-758,transit,2016,8.1934719,1.53,,6228.0,1.42,1.16,,0.13649745740030333,inner,,False,True,True
Kepler-759 b,Kepler-759,transit,2016,41.805985,2.27,,5860.0,1.04,1.04,,0.20251583548933894,inner,,False,True,True
Kepler-76 b,Kepler-76,orbital brightness modulation,2013,1.5449298,15.24424,638.8383,6409.0,1.32,1.2,2.0100126483506804,1.36,inner,0.0,True,True,True
Kepler-760 b,Kepler-760,transit,2016,8.70419416,3.06,,5322.0,0.85,0.89,,0.27299491480060667,inner,,False,True,True
Kepler-760 c,Kepler-760,transit,2016,2.46697439,1.48,,5322.0,0.85,0.89,,0.1320367561780712,inner,,False,True,True
Kepler-761 b,Kepler-761,transit,2016,10.12804789,2.03,,5706.0,0.93,0.95,,0.18110446962262466,inner,,False,True,True
Kepler-762 b,Kepler-762,transit,2016,3.770552098,12.68,,5944.0,1.08,1.06,,1.1312338299580693,inner,,False,True,True
Kepler-763 b,Kepler-763,transit,2016,1.19655156,1.22,,5166.0,0.8,0.84,,0.10884110982246409,inner,,False,True,True
Kepler-763 c,Kepler-763,transit,2023,4.09667624,1.42,,4999.0,0.843,0.8,,0.12668391471139262,inner,,False,True,True
Kepler-763 d,Kepler-763,transit,2023,6.50327035,1.67,,4999.0,0.843,0.8,,0.1489874208225533,inner,,False,True,True
Kepler-764 b,Kepler-764,transit,2016,7.33683936,1.64,,5557.0,0.89,0.92,,0.14631100008921402,inner,,False,True,True
Kepler-765 b,Kepler-765,transit,2016,27.6655226,2.43,,5901.0,1.06,1.05,,0.21679007940048178,inner,,False,True,True
Kepler-766 b,Kepler-766,transit,2016,6.10027804,3.39,,5992.0,1.15,1.1,,0.30243554286733876,inner,,False,True,True
Kepler-767 b,Kepler-767,transit,2016,161.5280101,6.64,,5694.0,0.94,0.96,,0.5923811223124275,inner,,False,True,True
Kepler-768 b,Kepler-768,transit,2016,11.3910025,1.79,,5108.0,0.78,0.82,,0.15969310375591045,inner,,False,True,True
Kepler-769 b,Kepler-769,transit,2016,7.42608998,2.92,,6186.0,1.28,1.19,,0.26050495137835666,inner,,False,True,True
Kepler-769 c,Kepler-769,transit,2016,15.9870174,1.79,,6186.0,1.28,1.19,,0.15969310375591045,inner,,False,True,True
Kepler-77 b,Kepler-77,transit,2013,3.57878087,10.761,136.661,5520.0,0.99,0.95,0.4299841423663114,0.9600321170488,inner,0.0,True,True,True
Kepler-770 b,Kepler-770,transit,2016,18.92540274,2.3,,5598.0,0.92,0.94,,0.2051922562226782,inner,,False,True,True
Kepler-770 c,Kepler-770,transit,2016,1.475322314,1.2,,5598.0,0.92,0.94,,0.10705682933357123,inner,,False,True,True
Kepler-770 d,Kepler-770,transit,2016,4.15244722,1.4,,5598.0,0.92,0.94,,0.12489963422249978,inner,,False,True,True
Kepler-771 b,Kepler-771,transit,2016,8.73485836,1.82,,5906.0,1.05,1.03,,0.1623695244892497,inner,,False,True,True
Kepler-772 b,Kepler-772,transit,2016,12.99207337,1.82,,5714.0,1.11,0.98,,0.1623695244892497,inner,,False,True,True
Kepler-773 b,Kepler-773,transit,2016,3.749100061,1.43,,5850.0,1.01,1.04,,0.12757605495583907,inner,,False,True,True
Kepler-774 b,Kepler-774,transit,2016,11.0895723,3.17,,6403.0,2.42,1.57,,0.28280845748951733,inner,,False,True,True
Kepler-775 b,Kepler-775,transit,2016,0.974868926,1.19,,5468.0,0.84,0.92,,0.10616468908912481,inner,,False,True,True
Kepler-776 b,Kepler-776,transit,2016,4.89718784,1.28,,5071.0,0.78,0.83,,0.11419395128914266,inner,,False,True,True
Kepler-777 b,Kepler-777,transit,2016,5.72812599,1.47,,4043.0,0.56,0.58,,0.13114461593362478,inner,,False,True,True
Kepler-778 b,Kepler-778,transit,2016,3.75574426,1.68,,5102.0,0.77,0.81,,0.14987956106699973,inner,,False,True,True
Kepler-779 b,Kepler-779,transit,2016,7.09714223,0.92,,3804.0,0.44,0.46,,0.08207690248907129,inner,,False,True,True
Kepler-78 b,Kepler-78,transit,2013,0.35500745,1.201,1.68,5058.0,0.7475,0.779,0.005285877896220597,0.10714604335801589,inner,0.4986014559255283,True,True,True
Kepler-780 b,Kepler-780,transit,2016,0.677375164,0.89,,5769.0,1.02,1.01,,0.079400481755732,inner,,False,True,True
Kepler-781 b,Kepler-781,transit,2016,13.2140732,2.89,,5162.0,0.78,0.81,,0.25782853064501743,inner,,False,True,True
Kepler-782 b,Kepler-782,transit,2016,158.6853308,3.21,,5867.0,1.01,0.98,,0.28637701846730307,inner,,False,True,True
Kepler-783 b,Kepler-783,transit,2016,4.29264638,0.78,,5521.0,0.89,0.93,,0.06958693906682131,inner,,False,True,True
Kepler-783 c,Kepler-783,transit,2020,7.05395,2.33153725,,5411.49,0.872088,0.94,,0.208005821215095,inner,,False,True,True
Kepler-784 b,Kepler-784,transit,2016,31.5922646,1.58,,5674.0,1.32,1.0,,0.14095815862253547,inner,,False,True,True
Kepler-784 c,Kepler-784,transit,2023,17.157236,1.55,,5676.0,1.487,1.016,,0.13828173788919618,inner,,False,True,True
Kepler-785 b,Kepler-785,transit,2016,1.973760926,13.02,,4739.0,0.71,0.77,,1.161566598269248,inner,,False,True,True
Kepler-786 b,Kepler-786,transit,2016,53.5293487,2.43,,4838.0,0.74,0.81,,0.21679007940048178,inner,,False,True,True
Kepler-787 b,Kepler-787,transit,2016,0.928310498,1.28,,4248.0,0.62,0.65,,0.11419395128914266,inner,,False,True,True
Kepler-788 b,Kepler-788,transit,2016,8.39846269,2.55,,6159.0,1.23,1.16,,0.22749576233383886,inner,,False,True,True
Kepler-789 b,Kepler-789,transit,2016,8.63847725,2.12,,5870.0,1.02,1.01,,0.18913373182264254,inner,,False,True,True
Kepler-79 b,Kepler-79,transit,2012,13.4845,3.47,10.9,6174.0,1.302,1.165,0.03429527920762174,0.3095726648229102,inner,0.0,True,True,True
Kepler-79 c,Kepler-79,transit,2012,27.4029,3.72,5.9,6174.0,1.302,1.165,0.018563499754584243,0.33187617093407085,inner,0.0,True,True,True
Kepler-79 d,Kepler-79,transit,2014,52.0902,7.16,6.0,6174.0,1.302,1.165,0.01887813534364499,0.6387724150236418,inner,0.0,True,True,True
Kepler-79 e,Kepler-79,transit,2014,81.0659,3.49,4.1,6174.0,1.302,1.165,0.012900059151490744,0.311356945311803,inner,0.0,True,True,True
Kepler-790 b,Kepler-790,transit,2016,13.73469807,2.18,,5208.0,0.8,0.84,,0.1944865732893211,inner,,False,True,True
Kepler-791 b,Kepler-791,transit,2016,14.5539759,3.05,,6383.0,1.47,1.3,,0.2721027745561602,inner,,False,True,True
Kepler-792 b,Kepler-792,transit,2016,11.30119217,1.96,,5971.0,1.12,1.09,,0.1748594879114997,inner,,False,True,True
Kepler-793 b,Kepler-793,transit,2016,4.24153639,1.37,,5745.0,0.97,0.98,,0.12222321348916051,inner,,False,True,True
Kepler-794 b,Kepler-794,transit,2016,11.13125132,2.11,,5839.0,1.38,1.19,,0.1882415915781961,inner,,False,True,True
Kepler-795 b,Kepler-795,transit,2016,29.6193421,1.68,,5631.0,0.96,0.94,,0.14987956106699973,inner,,False,True,True
Kepler-796 b,Kepler-796,transit,2016,6.40087618,1.3,,5475.0,1.09,0.93,,0.11597823177803551,inner,,False,True,True
Kepler-797 b,Kepler-797,transit,2016,27.07237711,2.17,,5680.0,0.95,0.96,,0.19359443304487464,inner,,False,True,True
Kepler-798 b,Kepler-798,transit,2016,13.71933369,2.39,,6224.0,1.29,1.19,,0.21322151842269607,inner,,False,True,True
Kepler-799 b,Kepler-799,transit,2016,133.4605235,6.88,,5681.0,0.93,0.95,,0.6137924881791418,inner,,False,True,True
Kepler-799 c,Kepler-799,transit,2021,15.19419956,2.78068551,,5588.0,1.593,1.031,,0.24807614506200376,inner,,False,True,True
Kepler-8 b,Kepler-8,transit,2010,3.5224991,15.871944,187.5197,6213.0,1.486,1.213,0.590003712699951,1.416,inner,0.0,True,True,True
Kepler-80 b,Kepler-80,transit,2012,7.05246,2.67,6.93,4540.0,0.678,0.73,0.021804246321909963,0.238201445267196,inner,0.0,True,True,True
Kepler-80 c,Kepler-80,transit,2012,9.52355,2.74,6.74,4540.0,0.678,0.73,0.021206438702694543,0.24444642697832103,inner,0.0,True,True,True
Kepler-80 d,Kepler-80,transit,2014,3.07222,1.53,6.75,4540.0,0.678,0.73,0.021237902261600616,0.13649745740030333,inner,0.0,True,True,True
Kepler-80 e,Kepler-80,transit,2014,4.64489,1.6,4.13,4540.0,0.678,0.73,0.012994449828208968,0.14274243911142834,inner,0.0,True,True,True
Kepler-80 f,Kepler-80,transit,2016,0.9867873,1.21,4459.73,4540.0,0.678,0.73,14.031897756018978,0.10794896957801767,inner,0.0,True,True,True
Kepler-80 g,Kepler-80,transit,2017,14.64558,1.13,0.065,4540.0,0.678,0.83,0.00020451313288948742,0.10081184762244624,inner,0.33249531836847757,True,True,True
Kepler-800 b,Kepler-800,transit,2016,14.13176026,2.85,,5315.0,0.82,0.85,,0.2542599696672317,inner,,False,True,True
Kepler-801 b,Kepler-801,transit,2016,11.41928253,2.0,,4435.0,0.63,0.67,,0.1784280488892854,inner,,False,True,True
Kepler-802 b,Kepler-802,transit,2016,40.0587473,3.54,,5507.0,0.9,0.93,,0.31581764653403516,inner,,False,True,True
Kepler-803 b,Kepler-803,transit,2016,50.28638192,3.79,,5919.0,1.12,1.05,,0.3381211526451958,inner,,False,True,True
Kepler-804 b,Kepler-804,transit,2016,14.37457351,1.94,,5817.0,1.05,1.01,,0.17307520742260685,inner,,False,True,True
Kepler-804 c,Kepler-804,transit,2016,9.65185017,1.14,,5817.0,1.05,1.01,,0.10170398786689266,inner,,False,True,True
Kepler-805 b,Kepler-805,transit,2016,30.8638931,2.89,,6112.0,1.65,1.19,,0.25782853064501743,inner,,False,True,True
Kepler-806 b,Kepler-806,transit,2016,8.09219642,1.14,,5770.0,1.16,0.99,,0.10170398786689266,inner,,False,True,True
Kepler-808 b,Kepler-808,transit,2016,0.631332353,1.46,,4653.0,0.71,0.76,,0.13025247568917833,inner,,False,True,True
Kepler-809 b,Kepler-809,transit,2016,55.63934,3.01,,5734.0,0.98,0.99,,0.26853421357837454,inner,,False,True,True
Kepler-81 b,Kepler-81,transit,2012,5.955,2.42,17.2,4385.0,0.59,0.64,0.05411732131844897,0.21589793915603533,inner,0.0,True,True,True
Kepler-81 c,Kepler-81,transit,2012,12.04,2.37,4.3,4385.0,0.59,0.64,0.013529330329612243,0.2114372379338032,inner,0.0,True,True,True
Kepler-81 d,Kepler-81,transit,2014,20.837846,1.21,,4500.0,0.595,0.648,,0.10794896957801767,inner,,False,True,True
Kepler-810 b,Kepler-810,transit,2016,4.59725385,1.93,,5803.0,1.04,1.03,,0.1721830671781604,inner,,False,True,True
Kepler-811 b,Kepler-811,transit,2016,23.58447697,2.7,,5747.0,1.24,1.01,,0.24087786600053532,inner,,False,True,True
Kepler-812 b,Kepler-812,transit,2016,10.11716531,3.55,,6761.0,1.71,1.45,,0.31670978677848155,inner,,False,True,True
Kepler-813 b,Kepler-813,transit,2016,19.12947337,2.14,,5743.0,0.93,0.95,,0.19091801231153538,inner,,False,True,True
Kepler-814 b,Kepler-814,transit,2016,6.1469851,2.12,,6162.0,1.22,1.15,,0.18913373182264254,inner,,False,True,True
Kepler-815 b,Kepler-815,transit,2016,8.57503552,4.11,,5028.0,3.42,1.25,,0.3666696404674815,inner,,False,True,True
Kepler-816 b,Kepler-816,transit,2016,10.506825646,10.24,,5286.0,0.85,0.9,,0.9135516103131412,inner,,False,True,True
Kepler-817 b,Kepler-817,transit,2016,3.990106229,9.03,,5861.0,1.03,1.03,,0.8056026407351236,inner,,False,True,True
Kepler-818 b,Kepler-818,transit,2016,10.035385814,5.11,,5638.0,0.92,0.94,,0.45588366491212423,inner,,False,True,True
Kepler-819 b,Kepler-819,transit,2016,33.1995648,2.76,,5279.0,0.81,0.86,,0.24623070746721384,inner,,False,True,True
Kepler-82 b,Kepler-82,transit,2012,26.44,4.07,12.15,5401.0,0.898,0.91,0.03822822407088111,0.36310107948969583,inner,0.0,True,True,True
Kepler-82 c,Kepler-82,transit,2012,51.54,5.34,13.9,5401.0,0.898,0.91,0.04373434687944423,0.476402890534392,inner,0.0,True,True,True
Kepler-82 d,Kepler-82,transit,2014,2.382961,1.77,885.098,5428.0,0.945,0.946,2.7848333060649155,0.15790882326701758,inner,0.0,True,True,True
Kepler-82 e,Kepler-82,transit,2014,5.902206,2.47,254.02,5428.0,0.945,0.946,0.7992373233321168,0.2203586403782675,inner,0.0,True,True,True
Kepler-82 f,Kepler-82,transit timing variations,2019,75.732,4.84,20.9,5401.0,0.898,0.91,0.06575883811369672,0.43179587831207067,inner,0.0,True,True,True
Kepler-820 b,Kepler-820,transit,2016,127.8338098,6.09,,6260.0,1.36,1.23,,0.543313408867874,inner,,False,True,True
Kepler-821 b,Kepler-821,transit,2016,1.92279873,1.31,,5191.0,0.8,0.84,,0.11687037202248195,inner,,False,True,True
Kepler-822 b,Kepler-822,transit,2016,3.222969273,1.77,,5928.0,1.08,1.06,,0.15790882326701758,inner,,False,True,True
Kepler-823 b,Kepler-823,transit,2016,4.16809082,1.57,,5643.0,0.96,0.98,,0.14006601837808905,inner,,False,True,True
Kepler-824 b,Kepler-824,transit,2016,4.51436633,1.87,,6035.0,1.22,1.15,,0.16683022571148187,inner,,False,True,True
Kepler-825 b,Kepler-825,transit,2016,3.77360059,1.53,,5976.0,1.08,1.03,,0.13649745740030333,inner,,False,True,True
Kepler-825 c,Kepler-825,transit,2016,8.1818246,1.84,,5976.0,1.08,1.03,,0.16415380497814258,inner,,False,True,True
Kepler-826 b,Kepler-826,transit,2016,4.48758907,1.25,,6079.0,1.15,1.05,,0.11151753055580338,inner,,False,True,True
Kepler-827 b,Kepler-827,transit,2016,51.92927591,5.63,,5602.0,0.91,0.93,,0.5022749576233384,inner,,False,True,True
Kepler-828 b,Kepler-828,transit,2016,0.567857136,1.51,,5039.0,0.77,0.81,,0.1347131769114105,inner,,False,True,True
Kepler-829 b,Kepler-829,transit,2016,6.88337562,2.11,,5698.0,0.97,0.98,,0.1882415915781961,inner,,False,True,True
Kepler-83 b,Kepler-83,transit,2012,9.77,2.83,2.94,4082.0,0.61,0.66,0.009250286318386047,0.25247568917833885,inner,0.0,True,True,True
Kepler-83 c,Kepler-83,transit,2012,20.09,2.36,2.03,4082.0,0.61,0.66,0.006387102457933221,0.21054509768935675,inner,0.0,True,True,True
Kepler-83 d,Kepler-83,transit,2014,5.169796,1.94,4.1,4648.0,0.594,0.58,0.012900059151490744,0.17307520742260685,inner,0.0,True,True,True
Kepler-830 b,Kepler-830,transit,2016,11.29695137,1.7,,6037.0,1.11,1.07,,0.15166384155589258,inner,,False,True,True
Kepler-831 b,Kepler-831,transit,2016,5.62153941,1.27,,5732.0,0.97,0.99,,0.11330181104469624,inner,,False,True,True
Kepler-832 b,Kepler-832,transit,2016,7.1396941,2.06,,5596.0,0.9,0.92,,0.18378089035596396,inner,,False,True,True
Kepler-833 b,Kepler-833,transit,2016,18.7546998,2.02,,4339.0,0.62,0.64,,0.18021232937817827,inner,,False,True,True
Kepler-834 b,Kepler-834,transit,2016,13.32388301,2.02,,4554.0,0.66,0.7,,0.18021232937817827,inner,,False,True,True
Kepler-835 b,Kepler-835,transit,2016,11.41909375,2.79,,5954.0,1.11,1.08,,0.24890712820055313,inner,,False,True,True
Kepler-836 b,Kepler-836,transit,2016,11.36112327,2.73,,5895.0,1.04,1.03,,0.24355428673387458,inner,,False,True,True
Kepler-837 b,Kepler-837,transit,2016,16.56059504,2.56,,5403.0,0.81,0.85,,0.2283879025782853,inner,,False,True,True
Kepler-838 b,Kepler-838,transit,2016,15.74957994,2.73,,5770.0,0.96,0.98,,0.24355428673387458,inner,,False,True,True
Kepler-839 b,Kepler-839,transit,2016,37.8144514,2.57,,6058.0,1.31,1.22,,0.22928004282273173,inner,,False,True,True
Kepler-84 b,Kepler-84,transit,2012,8.726,2.23,40.0,6039.0,1.43,1.0,0.12585423562429995,0.19894727451155322,inner,0.0,True,True,True
Kepler-84 c,Kepler-84,transit,2012,12.883,2.36,20.2,6039.0,1.43,1.0,0.06355638899027147,0.21054509768935675,inner,0.0,True,True,True
Kepler-84 d,Kepler-84,transit,2014,4.224537,1.38,,6031.0,1.169,1.06,,0.12311535373360692,inner,,False,True,True
Kepler-84 e,Kepler-84,transit,2014,27.434389,2.6,,6031.0,1.169,1.06,,0.23195646355607102,inner,,False,True,True
Kepler-84 f,Kepler-84,transit,2014,44.552169,2.2,,6031.0,1.169,1.06,,0.19627085377821396,inner,,False,True,True
Kepler-841 b,Kepler-841,transit,2016,124.4198398,5.23,,5324.0,0.81,0.85,,0.46658934784548134,inner,,False,True,True
Kepler-842 b,Kepler-842,transit,2016,1.21956827,1.6,,4848.0,0.73,0.78,,0.14274243911142834,inner,,False,True,True
Kepler-843 b,Kepler-843,transit,2016,2.053879821,2.59,,5830.0,1.03,1.02,,0.23106432331162458,inner,,False,True,True
Kepler-844 b,Kepler-844,transit,2016,2.613020856,1.68,,4128.0,0.57,0.59,,0.14987956106699973,inner,,False,True,True
Kepler-845 b,Kepler-845,transit,2016,0.927859821,2.04,,4913.0,0.75,0.79,,0.1819966098670711,inner,,False,True,True
Kepler-846 b,Kepler-846,transit,2016,19.80792185,2.48,,5579.0,0.91,0.94,,0.2212507806227139,inner,,False,True,True
Kepler-847 b,Kepler-847,transit,2016,2.343231895,1.18,,4940.0,0.77,0.83,,0.10527254884467838,inner,,False,True,True
Kepler-848 b,Kepler-848,transit,2016,6.91134416,1.7,,5695.0,1.2,1.01,,0.15166384155589258,inner,,False,True,True
Kepler-849 b,Kepler-849,transit,2016,394.62508,8.08167508,298.75870258,5950.0,1.822,1.259,0.9400012037328366,0.7209987581407797,inner,0.0,True,True,True
Kepler-85 b,Kepler-85,transit,2012,8.3,1.778,1.84,5505.2,0.875,0.928,0.005789294838717798,0.15862253546257474,inner,0.19040627472787308,True,True,True
Kepler-85 c,Kepler-85,transit,2012,12.51,1.978,2.15,5505.2,0.875,0.928,0.0067646651648061214,0.17646534035150327,inner,0.0,True,True,True
Kepler-85 d,Kepler-85,transit,2014,17.91323,1.2,8.69679,5436.0,0.893,0.947,0.027363196445876387,0.10705682933357123,inner,0.0,True,True,True
Kepler-85 e,Kepler-85,transit,2014,25.216751,1.27,0.6,5436.0,0.893,0.947,0.0018878135343644992,0.11330181104469624,inner,0.6587522893849689,True,True,True
Kepler-850 b,Kepler-850,transit,2016,7.19303878,1.78,,5932.0,1.09,1.06,,0.158800963511464,inner,,False,True,True
Kepler-851 b,Kepler-851,transit,2016,8.50699658,1.68,,5455.0,0.85,0.89,,0.14987956106699973,inner,,False,True,True
Kepler-852 b,Kepler-852,transit,2016,44.9309804,2.54,,6100.0,1.16,1.19,,0.22660362208939247,inner,,False,True,True
Kepler-853 b,Kepler-853,transit,2016,7.16892463,1.69,,6350.0,1.55,1.3,,0.15077170131144615,inner,,False,True,True
Kepler-855 b,Kepler-855,transit,2016,7.886631104,8.35,,5835.0,1.03,1.03,,0.7449371041127665,inner,,False,True,True
Kepler-856 b,Kepler-856,transit,2016,8.027680595,9.3,,5535.0,0.93,0.96,,0.8296904273351772,inner,,False,True,True
Kepler-857 b,Kepler-857,transit,2016,85.35129427,6.8,,5773.0,0.99,0.99,,0.6066553662235703,inner,,False,True,True
Kepler-858 b,Kepler-858,transit,2016,76.13602028,4.87,,5653.0,0.91,0.96,,0.43447229904540996,inner,,False,True,True
Kepler-859 b,Kepler-859,transit,2016,20.38177573,3.09,,5020.0,0.77,0.81,,0.27567133553394596,inner,,False,True,True
Kepler-860 b,Kepler-860,transit,2016,5.101379454,3.24,,5836.0,1.06,1.04,,0.28905343920064236,inner,,False,True,True
Kepler-861 b,Kepler-861,transit,2016,3.949631375,2.28,,5047.0,0.78,0.82,,0.20340797573378533,inner,,False,True,True
Kepler-862 b,Kepler-862,transit,2016,3.148664534,2.21,,5333.0,0.84,0.88,,0.19716299402266035,inner,,False,True,True
Kepler-863 b,Kepler-863,transit,2016,15.59461874,2.9,,5678.0,0.95,0.96,,0.2587206708894638,inner,,False,True,True
Kepler-864 b,Kepler-864,transit,2016,5.83376092,2.4,,5754.0,1.0,1.0,,0.21411365866714246,inner,,False,True,True
Kepler-864 c,Kepler-864,transit,2023,2.42150341,1.62,,6213.0,1.195,1.27,,0.14452671960032118,inner,,False,True,True
Kepler-865 b,Kepler-865,transit,2016,14.16399294,2.49,,5570.0,0.92,0.93,,0.22214292086716034,inner,,False,True,True
Kepler-865 c,Kepler-865,transit,2023,6.20920207,0.89,,5440.0,0.885,0.782,,0.079400481755732,inner,,False,True,True
Kepler-866 b,Kepler-866,transit,2016,2.617032536,1.63,,4751.0,0.71,0.75,,0.1454188598447676,inner,,False,True,True
Kepler-867 b,Kepler-867,transit,2016,150.242127,4.64,,5541.0,0.91,0.92,,0.4139530734231421,inner,,False,True,True
Kepler-868 b,Kepler-868,transit,2016,5.03251791,2.05,,5614.0,0.89,0.93,,0.18288875011151753,inner,,False,True,True
Kepler-869 b,Kepler-869,transit,2016,40.4287755,3.61,,5664.0,0.95,0.97,,0.32206262824516013,inner,,False,True,True
Kepler-87 b,Kepler-87,transit,2013,114.73635,13.49,324.2,5600.0,1.82,1.1,1.020048579734951,1.20349718975823,inner,0.0,True,True,True
Kepler-87 c,Kepler-87,transit,2013,191.2318,6.14,6.4,5600.0,1.82,1.1,0.020136677699887993,0.5477741100901061,inner,0.0,True,True,True
Kepler-870 b,Kepler-870,transit,2016,21.3587621,2.78,,5857.0,1.02,1.01,,0.2480149879561067,inner,,False,True,True
Kepler-871 b,Kepler-871,transit,2016,22.0459018,3.74,,5993.0,1.14,1.11,,0.33366045142296374,inner,,False,True,True
Kepler-872 b,Kepler-872,transit,2016,2.578855068,1.99,,5902.0,1.08,1.05,,0.17753590864483898,inner,,False,True,True
Kepler-873 b,Kepler-873,transit,2016,20.5533844,3.75,,6163.0,1.27,1.18,,0.33455259166741014,inner,,False,True,True
Kepler-874 b,Kepler-874,transit,2016,40.0686727,3.94,,6020.0,1.13,1.09,,0.3515032563118922,inner,,False,True,True
Kepler-875 b,Kepler-875,transit,2016,27.5073799,2.9,,5958.0,1.11,1.06,,0.2587206708894638,inner,,False,True,True
Kepler-876 b,Kepler-876,transit,2016,5.14438011,1.43,,5060.0,0.77,0.81,,0.12757605495583907,inner,,False,True,True
Kepler-877 b,Kepler-877,transit,2016,18.45847097,2.12,,5261.0,0.81,0.85,,0.18913373182264254,inner,,False,True,True
Kepler-878 b,Kepler-878,transit,2016,25.9422033,1.93,,5044.0,0.77,0.81,,0.1721830671781604,inner,,False,True,True
Kepler-879 b,Kepler-879,transit,2016,33.3855938,2.57,,5792.0,1.02,1.02,,0.22928004282273173,inner,,False,True,True
Kepler-879 c,Kepler-879,transit,2024,0.646716,0.4,,5456.75,1.022,0.974,,0.035685609777857084,inner,,False,True,True
Kepler-88 d,KOI-142,radial velocity,2020,1403.0,13.1,,5466.0,0.897,0.99,,1.1687037202248194,outer,,False,True,True
Kepler-880 b,Kepler-880,transit,2016,7.71468975,2.66,,6761.0,1.74,1.46,,0.2373093050227496,inner,,False,True,True
Kepler-880 c,Kepler-880,transit,2023,11.8061737,2.87,,6900.0,2.599,1.714,,0.2560442501561246,inner,,False,True,True
Kepler-881 b,Kepler-881,transit,2016,4.44448017,1.78,,5961.0,1.09,1.06,,0.158800963511464,inner,,False,True,True
Kepler-882 b,Kepler-882,transit,2016,3.989539666,1.23,,5476.0,0.87,0.9,,0.10973325006691052,inner,,False,True,True
Kepler-883 b,Kepler-883,transit,2016,12.98495573,1.78,,6116.0,1.09,1.06,,0.158800963511464,inner,,False,True,True
Kepler-884 b,Kepler-884,transit,2016,5.69919514,1.23,,5715.0,0.94,1.0,,0.10973325006691052,inner,,False,True,True
Kepler-885 b,Kepler-885,transit,2016,18.11472949,2.5,,6187.0,1.35,1.21,,0.22303506111160676,inner,,False,True,True
Kepler-886 b,Kepler-886,transit,2016,6.24146367,1.52,,6098.0,1.16,1.1,,0.1356053171558569,inner,,False,True,True
Kepler-887 b,Kepler-887,transit,2016,20.42228798,1.84,,6194.0,1.29,1.19,,0.16415380497814258,inner,,False,True,True
Kepler-887 c,Kepler-887,transit,2016,7.63846023,1.13,,6194.0,1.29,1.19,,0.10081184762244624,inner,,False,True,True
Kepler-888 b,Kepler-888,transit,2016,70.6979061,1.76,,5875.0,0.9,0.97,,0.15701668302257116,inner,,False,True,True
Kepler-889 b,Kepler-889,transit,2016,3.744439,1.09,,5961.0,1.25,1.14,,0.09724328664466055,inner,,False,True,True
Kepler-890 b,Kepler-890,transit,2016,52.75875577,8.89,,5954.0,1.13,1.09,,0.7931126773128737,inner,,False,True,True
Kepler-891 b,Kepler-891,transit,2016,53.44945593,6.41,,5887.0,1.07,1.06,,0.5718618966901597,inner,,False,True,True
Kepler-892 b,Kepler-892,transit,2016,13.7521072,2.81,,4747.0,0.72,0.75,,0.250691408689446,inner,,False,True,True
Kepler-893 b,Kepler-893,transit,2016,6.33855761,3.03,,5820.0,0.99,1.0,,0.2703184940672674,inner,,False,True,True
Kepler-894 b,Kepler-894,transit,2016,9.803224,2.78,,5603.0,0.85,0.87,,0.2480149879561067,inner,,False,True,True
Kepler-895 b,Kepler-895,transit,2016,2.806242328,1.54,,4315.0,0.61,0.65,,0.13738959764474976,inner,,False,True,True
Kepler-896 b,Kepler-896,transit,2016,144.547396,2.53,,5262.0,0.81,0.84,,0.22571148184494602,inner,,False,True,True
Kepler-896 c,Kepler-896,transit,2023,29.5422566,3.15,,5510.0,0.803,0.877,,0.2810241770006245,inner,,False,True,True
Kepler-897 b,Kepler-897,transit,2016,8.0472642,2.39,,5839.0,1.04,1.03,,0.21322151842269607,inner,,False,True,True
Kepler-898 b,Kepler-898,transit,2016,5.8706191,1.49,,4223.0,0.62,0.65,,0.13292889642251762,inner,,False,True,True
Kepler-899 b,Kepler-899,transit,2016,19.17891293,2.68,,5595.0,0.91,0.93,,0.23909358551164245,inner,,False,True,True
Kepler-9 b,Kepler-9,transit,2010,19.23891,8.29,43.4,5774.0,0.958,1.022,0.13655184565236544,0.7395842626460879,inner,0.0,True,True,True
Kepler-9 c,Kepler-9,transit,2010,38.9853,8.08,29.9,5774.0,0.958,1.022,0.0940760411291642,0.7208493175127131,inner,0.0,True,True,True
Kepler-9 d,Kepler-9,transit,2010,1.592851,1.64,,5777.0,1.02,1.07,,0.14631100008921402,inner,,False,True,True
Kepler-90 i,KOI-351,transit,2017,14.44912,1.32,,6015.0,1.29,1.12,,0.11776251226692837,inner,,False,True,True
Kepler-900 b,Kepler-900,transit,2016,6.9913086,2.08,,4836.0,0.73,0.78,,0.18556517084485682,inner,,False,True,True
Kepler-901 b,Kepler-901,transit,2016,3.517494394,1.37,,4184.0,0.57,0.59,,0.12222321348916051,inner,,False,True,True
Kepler-902 b,Kepler-902,transit,2016,40.1099547,2.54,,5647.0,0.93,0.95,,0.22660362208939247,inner,,False,True,True
Kepler-903 b,Kepler-903,transit,2016,10.3507721,2.01,,5682.0,0.97,0.98,,0.17932018913373182,inner,,False,True,True
Kepler-903 c,Kepler-903,transit,2016,62.9228557,2.53,,5682.0,0.97,0.98,,0.22571148184494602,inner,,False,True,True
Kepler-904 b,Kepler-904,transit,2016,3.021668632,1.77,,6160.0,1.25,1.16,,0.15790882326701758,inner,,False,True,True
Kepler-905 b,Kepler-905,transit,2016,5.082746517,1.41,,5461.0,0.86,0.95,,0.1257917744669462,inner,,False,True,True
Kepler-906 b,Kepler-906,transit,2016,41.6979976,2.11,,6035.0,1.02,1.06,,0.1882415915781961,inner,,False,True,True
Kepler-907 b,Kepler-907,transit,2016,15.86621821,1.2,,6106.0,1.38,1.08,,0.10705682933357123,inner,,False,True,True
Kepler-908 b,Kepler-908,transit,2016,1.340597468,1.22,,5973.0,1.12,1.11,,0.10884110982246409,inner,,False,True,True
Kepler-909 b,Kepler-909,transit,2016,13.93290318,1.47,,6154.0,1.23,1.17,,0.13114461593362478,inner,,False,True,True
Kepler-91 b,Kepler-91,transit,2013,6.24658,15.322703,257.4423,4550.0,6.3,1.31,0.8100050970965428,1.367,inner,0.0,True,True,True
Kepler-910 b,Kepler-910,transit,2016,2.364369015,0.82,,6230.0,1.5,1.26,,0.07315550004460701,inner,,False,True,True
Kepler-911 b,Kepler-911,transit,2016,20.310501,2.6,,6112.0,1.99,1.34,,0.23195646355607102,inner,,False,True,True
Kepler-912 b,Kepler-912,transit,2016,2.534756273,2.8,,5998.0,1.11,1.07,,0.24979926844499956,inner,,False,True,True
Kepler-913 b,Kepler-913,transit,2016,10.29672521,2.06,,4687.0,0.61,0.63,,0.18378089035596396,inner,,False,True,True
Kepler-913 c,Kepler-913,transit,2021,5.939119816,3.8580709,,6068.0,1.797,1.294,,0.34419403158176465,inner,,False,True,True
Kepler-914 b,Kepler-914,transit,2016,4.40966548,1.38,,5877.0,1.15,1.1,,0.12311535373360692,inner,,False,True,True
Kepler-915 b,Kepler-915,transit,2016,4.59489604,1.5,,6173.0,1.38,1.21,,0.13382103666696404,inner,,False,True,True
Kepler-916 b,Kepler-916,transit,2016,32.2968798,1.76,,5248.0,0.81,0.85,,0.15701668302257116,inner,,False,True,True
Kepler-917 b,Kepler-917,transit,2016,2.970414375,1.91,,5418.0,0.76,0.8,,0.17039878668926756,inner,,False,True,True
Kepler-918 b,Kepler-918,transit,2016,4.85386933,1.74,,6028.0,1.14,1.11,,0.1552324025336783,inner,,False,True,True
Kepler-919 b,Kepler-919,transit,2016,11.04603384,2.25,,6113.0,1.21,1.15,,0.20073155500044607,inner,,False,True,True
Kepler-92 b,Kepler-92,transit,2013,13.749,3.51,64.3,5883.0,1.7,1.21,0.20231068376606215,0.31314122580069587,inner,0.0,True,True,True
Kepler-92 c,Kepler-92,transit,2013,26.723,2.6,6.1,5883.0,1.7,1.21,0.01919277093270574,0.23195646355607102,inner,0.0,True,True,True
Kepler-92 d,Kepler-92,transit,2015,49.3568,2.067,,5904.34,1.81719,1.07,,0.18440538852707647,inner,,False,True,True
Kepler-920 b,Kepler-920,transit,2016,6.53192704,2.42,,5403.0,0.85,0.89,,0.21589793915603533,inner,,False,True,True
Kepler-920 c,Kepler-920,transit,2016,100.8274113,3.8,,5403.0,0.85,0.89,,0.33901329288964227,inner,,False,True,True
Kepler-921 b,Kepler-921,transit,2016,51.300634,2.87,,5663.0,0.91,0.93,,0.2560442501561246,inner,,False,True,True
Kepler-922 b,Kepler-922,transit,2016,0.938466832,1.42,,5671.0,0.93,0.95,,0.12668391471139262,inner,,False,True,True
Kepler-923 b,Kepler-923,transit,2016,6.93366476,1.38,,5988.0,1.26,1.11,,0.12311535373360692,inner,,False,True,True
Kepler-924 b,Kepler-924,transit,2016,61.0370117,3.07,,6167.0,1.23,1.14,,0.27388705504505306,inner,,False,True,True
Kepler-925 b,Kepler-925,transit,2016,33.8678531,2.34,,4673.0,0.72,0.77,,0.2087608172004639,inner,,False,True,True
Kepler-926 b,Kepler-926,transit,2016,52.0688601,2.31,,5806.0,1.01,1.01,,0.20608439646712465,inner,,False,True,True
Kepler-927 b,Kepler-927,transit,2016,9.1149903,1.72,,5743.0,0.99,0.99,,0.15344812204478545,inner,,False,True,True
Kepler-928 b,Kepler-928,transit,2016,3.932461302,1.59,,4700.0,0.7,0.73,,0.1418502988669819,inner,,False,True,True
Kepler-929 b,Kepler-929,transit,2016,0.921032135,1.11,,5869.0,1.02,1.01,,0.0990275671335534,inner,,False,True,True
Kepler-93 b,Kepler-93,transit,2014,4.72673978,1.478,4.66,5669.0,0.919,0.911,0.014662018450230943,0.1318583281291819,inner,0.0,True,True,True
Kepler-93 c,Kepler-93,radial velocity,2014,1460.0,,954.0,5669.0,0.92,0.91,3.0016235196395535,,outer,,True,False,True
Kepler-930 b,Kepler-930,transit,2016,71.4517775,2.13,,6335.0,1.4,1.25,,0.19002587206708893,inner,,False,True,True
Kepler-931 b,Kepler-931,transit,2016,8.03755877,1.33,,5241.0,0.81,0.86,,0.1186546525113748,inner,,False,True,True
Kepler-932 b,Kepler-932,transit,2016,1.921437396,1.37,,5331.0,0.84,0.87,,0.12222321348916051,inner,,False,True,True
Kepler-933 b,Kepler-933,transit,2016,14.20443009,2.46,,5346.0,0.84,0.87,,0.21946650013382105,inner,,False,True,True
Kepler-934 b,Kepler-934,transit,2016,55.6738309,2.09,,5001.0,0.77,0.81,,0.18645731108930322,inner,,False,True,True
Kepler-935 b,Kepler-935,transit,2016,4.88083852,1.35,,4830.0,0.73,0.78,,0.12043893300026766,inner,,False,True,True
Kepler-936 b,Kepler-936,transit,2016,10.56134221,1.45,,5482.0,0.89,0.92,,0.1293603354447319,inner,,False,True,True
Kepler-937 b,Kepler-937,transit,2016,67.668827,3.72,,6095.0,1.22,1.15,,0.33187617093407085,inner,,False,True,True
Kepler-937 c,Kepler-937,transit,2016,153.343364,2.67,,6095.0,1.22,1.15,,0.238201445267196,inner,,False,True,True
Kepler-938 b,Kepler-938,transit,2016,52.6298417,2.22,,5533.0,0.89,0.92,,0.1980551342671068,inner,,False,True,True
Kepler-939 b,Kepler-939,transit,2016,14.878296,1.75,,5471.0,0.85,0.88,,0.15612454277812474,inner,,False,True,True
Kepler-94 b,Kepler-94,transit,2014,2.50806,3.51,10.84,4781.0,0.76,0.81,0.034106497854185285,0.31314122580069587,inner,0.0,True,True,True
Kepler-94 c,Kepler-94,radial velocity,2014,820.3,12.5,3126.0,4781.0,0.76,0.81,9.835508514039041,1.1151753055580338,outer,0.0,True,True,True
Kepler-940 b,Kepler-940,transit,2016,59.6225257,3.34,,5769.0,0.96,0.97,,0.2979748416451066,inner,,False,True,True
Kepler-941 b,Kepler-941,transit,2016,17.42395198,3.08,,5539.0,0.86,0.89,,0.2747791952894995,inner,,False,True,True
Kepler-942 b,Kepler-942,transit,2016,44.96417488,2.13,,4861.0,0.75,0.81,,0.19002587206708893,inner,,False,True,True
Kepler-943 b,Kepler-943,transit,2016,49.7701438,5.93,,5612.0,0.91,0.93,,0.5290391649567312,inner,,False,True,True
Kepler-944 b,Kepler-944,transit,2016,43.3167737,2.63,,5409.0,0.83,0.86,,0.2346328842894103,inner,,False,True,True
Kepler-945 b,Kepler-945,transit,2016,31.0033814,2.63,,5718.0,0.97,0.97,,0.2346328842894103,inner,,False,True,True
Kepler-946 b,Kepler-946,transit,2016,11.79162572,1.93,,5665.0,0.93,0.94,,0.1721830671781604,inner,,False,True,True
Kepler-947 b,Kepler-947,transit,2016,26.9644317,2.28,,5508.0,0.87,0.9,,0.20340797573378533,inner,,False,True,True
Kepler-948 b,Kepler-948,transit,2016,7.76846622,1.85,,5679.0,0.94,0.96,,0.165045945222589,inner,,False,True,True
Kepler-949 b,Kepler-949,transit,2016,8.689307296,2.91,,5403.0,0.86,0.89,,0.25961281113391027,inner,,False,True,True
Kepler-949 c,Kepler-949,transit,2023,20.99757968,2.97,,5211.0,0.895,0.817,,0.26496565260058885,inner,,False,True,True
Kepler-95 b,Kepler-95,transit,2014,11.5231,3.42,13.0,5699.0,1.41,1.08,0.040902626577897484,0.30511196360067805,inner,0.0,True,True,True
Kepler-950 b,Kepler-950,transit,2016,98.7180406,8.98,,5857.0,1.02,1.02,,0.8011419395128915,inner,,False,True,True
Kepler-951 b,Kepler-951,transit,2016,71.52530845,5.59,,4834.0,0.73,0.77,,0.49870639664555266,inner,,False,True,True
Kepler-952 b,Kepler-952,transit,2016,130.3546919,7.65,,5730.0,0.99,1.0,,0.6824872870015167,inner,,False,True,True
Kepler-953 b,Kepler-953,transit,2016,88.40655258,4.21,,5416.0,0.99,0.95,,0.3755910429119458,inner,,False,True,True
Kepler-953 c,Kepler-953,transit,2016,9.10967112,1.19,,5416.0,0.99,0.95,,0.10616468908912481,inner,,False,True,True
Kepler-954 b,Kepler-954,transit,2016,16.78176602,2.32,,4990.0,0.76,0.82,,0.20697653671157104,inner,,False,True,True
Kepler-955 b,Kepler-955,transit,2016,14.53244172,3.13,,5350.0,0.84,0.89,,0.27923989651173164,inner,,False,True,True
Kepler-956 b,Kepler-956,transit,2016,5.248672631,3.0,,6040.0,1.15,1.1,,0.2676420733339281,inner,,False,True,True
Kepler-957 b,Kepler-957,transit,2016,5.907413537,5.5,,4963.0,0.75,0.81,,0.49067713444553485,inner,,False,True,True
Kepler-958 b,Kepler-958,transit,2016,9.7678805,2.06,,5421.0,0.86,0.91,,0.18378089035596396,inner,,False,True,True
Kepler-959 b,Kepler-959,transit,2016,14.80074836,4.38,,7005.0,2.01,1.6,,0.390757427067535,inner,,False,True,True
Kepler-96 b,Kepler-96,transit,2014,16.2385,2.67,8.46,5690.0,1.02,1.0,0.02661817083453944,0.238201445267196,inner,0.0,True,True,True
Kepler-960 b,Kepler-960,transit,2016,3.12686223,2.29,,4755.0,0.72,0.77,,0.20430011597823178,inner,,False,True,True
Kepler-961 b,Kepler-961,transit,2016,16.87727414,2.55,,5582.0,0.9,0.96,,0.22749576233383886,inner,,False,True,True
Kepler-962 b,Kepler-962,transit,2016,12.05707239,1.97,,5478.0,0.86,0.93,,0.1757516281559461,inner,,False,True,True
Kepler-963 b,Kepler-963,transit,2016,9.97683705,2.66,,5461.0,0.87,0.91,,0.2373093050227496,inner,,False,True,True
Kepler-963 c,Kepler-963,transit,2024,0.919783,0.6,,5169.47,0.928,0.821,,0.053528414666785616,inner,,False,True,True
Kepler-964 b,Kepler-964,transit,2016,13.5225106,2.12,,5427.0,0.84,0.93,,0.18913373182264254,inner,,False,True,True
Kepler-965 b,Kepler-965,transit,2016,134.2527298,3.38,,5886.0,1.15,1.05,,0.3015434026228923,inner,,False,True,True
Kepler-966 b,Kepler-966,transit,2016,99.747622,4.13,,5840.0,1.02,1.02,,0.36845392095637436,inner,,False,True,True
Kepler-967 b,Kepler-967,transit,2016,13.22713379,2.35,,5178.0,0.8,0.84,,0.20965295744491036,inner,,False,True,True
Kepler-967 c,Kepler-967,transit,2016,198.7112502,3.65,,5178.0,0.8,0.84,,0.32563118922294587,habitable,,False,True,True
Kepler-968 b,Kepler-968,transit,2016,3.692983728,2.0,,4598.0,0.7,0.76,,0.1784280488892854,inner,,False,True,True
Kepler-968 c,Kepler-968,transit,2016,5.709404918,1.69,,4598.0,0.7,0.76,,0.15077170131144615,inner,,False,True,True
Kepler-969 b,Kepler-969,transit,2016,34.1731714,2.07,,5214.0,0.82,0.92,,0.18467303060041038,inner,,False,True,True
Kepler-969 c,Kepler-969,transit,2016,1.682934604,0.99,,5214.0,0.82,0.92,,0.08832188420019628,inner,,False,True,True
Kepler-97 b,Kepler-97,transit,2014,2.58664,1.48,3.51,5779.0,0.98,0.94,0.01104370917603232,0.1320367561780712,inner,0.0,True,True,True
Kepler-97 c,Kepler-97,radial velocity,2014,789.0,,344.0,5779.0,0.98,0.94,1.0823464263689795,,outer,,True,False,True
Kepler-970 b,Kepler-970,transit,2016,16.736525,2.609,,4290.0,0.71,0.67,,0.2327593897760728,inner,,False,True,True
Kepler-971 b,Kepler-971,transit,2016,9.59070716,2.13,,5431.0,0.85,0.88,,0.19002587206708893,inner,,False,True,True
Kepler-972 b,Kepler-972,transit,2016,7.03932553,4.65,,6146.0,1.22,1.15,,0.4148452136675886,inner,,False,True,True
Kepler-973 b,Kepler-973,transit,2016,49.6077331,1.96,,5213.0,0.78,0.86,,0.1748594879114997,inner,,False,True,True
Kepler-974 b,Kepler-974,transit,2016,4.194496514,1.57,,3687.0,0.5,0.52,,0.14006601837808905,inner,,False,True,True
Kepler-975 b,Kepler-975,transit,2016,1.970342457,1.48,,4897.0,0.75,0.8,,0.1320367561780712,inner,,False,True,True
Kepler-975 c,Kepler-975,transit,2023,5.05821338,10.69,,4883.0,1.667,0.951,,0.9536979213132304,inner,,False,True,True
Kepler-976 b,Kepler-976,transit,2016,105.9564148,3.96,,5232.0,0.83,0.87,,0.3532875368007851,inner,,False,True,True
Kepler-977 b,Kepler-977,transit,2016,26.85328322,2.62,,5315.0,0.83,0.87,,0.2337407440449639,inner,,False,True,True
Kepler-978 b,Kepler-978,transit,2016,49.6221509,2.99,,6002.0,1.09,1.07,,0.2667499330894817,inner,,False,True,True
Kepler-979 b,Kepler-979,transit,2016,8.0880135,2.72,,5310.0,0.83,0.87,,0.24266214648942816,inner,,False,True,True
Kepler-98 b,Kepler-98,transit,2014,1.54168,1.99,3.55,5539.0,1.11,0.99,0.011169563411656619,0.17753590864483898,inner,0.0,True,True,True
Kepler-980 b,Kepler-980,transit,2016,11.55102504,2.67,,5935.0,1.06,1.05,,0.238201445267196,inner,,False,True,True
Kepler-981 b,Kepler-981,transit,2016,4.469757736,2.31,,5718.0,0.96,0.98,,0.20608439646712465,inner,,False,True,True
Kepler-982 b,Kepler-982,transit,2016,15.7738221,2.25,,6139.0,1.29,1.16,,0.20073155500044607,inner,,False,True,True
Kepler-983 b,Kepler-983,transit,2016,60.0855082,2.36,,6052.0,1.08,1.13,,0.21054509768935675,inner,,False,True,True
Kepler-984 b,Kepler-984,transit,2016,43.0342272,2.12,,5610.0,0.93,0.96,,0.18913373182264254,inner,,False,True,True
Kepler-985 b,Kepler-985,transit,2016,116.331901,2.98,,5434.0,0.85,0.91,,0.26585779284503525,inner,,False,True,True
Kepler-986 b,Kepler-986,transit,2016,56.4349938,2.36,,5642.0,0.98,0.96,,0.21054509768935675,inner,,False,True,True
Kepler-987 b,Kepler-987,transit,2016,105.3033148,3.26,,5637.0,0.91,0.97,,0.2908377196895352,inner,,False,True,True
Kepler-988 b,Kepler-988,transit,2016,17.76080053,2.07,,4005.0,0.53,0.55,,0.18467303060041038,inner,,False,True,True
Kepler-989 b,Kepler-989,transit,2016,7.964315352,2.21,,5074.0,0.78,0.82,,0.19716299402266035,inner,,False,True,True
Kepler-99 b,Kepler-99,transit,2014,4.60358,1.48,6.15,4782.0,0.73,0.79,0.019350088727236116,0.1320367561780712,inner,0.0,True,True,True
Kepler-990 b,Kepler-990,transit,2016,9.91723428,2.6,,5948.0,1.08,1.05,,0.23195646355607102,inner,,False,True,True
Kepler-990 c,Kepler-990,transit,2016,0.538354308,1.53,,5948.0,1.08,1.05,,0.13649745740030333,inner,,False,True,True
Kepler-991 b,Kepler-991,transit,2016,82.5342519,2.54,,4392.0,0.61,0.64,,0.22660362208939247,habitable,,False,True,True
Kepler-992 b,Kepler-992,transit,2016,20.16034462,1.62,,4944.0,0.74,0.8,,0.14452671960032118,inner,,False,True,True
Kepler-993 b,Kepler-993,transit,2016,22.08557563,2.97,,3843.0,0.54,0.57,,0.26496565260058885,inner,,False,True,True
Kepler-994 b,Kepler-994,transit,2016,1.151166506,1.6,,3934.0,0.54,0.56,,0.14274243911142834,inner,,False,True,True
Kepler-995 b,Kepler-995,transit,2016,28.26731672,2.7,,5206.0,0.8,0.83,,0.24087786600053532,inner,,False,True,True
Kepler-996 b,Kepler-996,transit,2016,3.770590584,1.98,,6014.0,1.14,1.09,,0.17664376840039256,inner,,False,True,True
Kepler-997 b,Kepler-997,transit,2016,2.707306716,1.36,,6150.0,1.56,1.22,,0.12133107324471408,inner,,False,True,True
Kepler-998 b,Kepler-998,transit,2016,5.65377733,2.32,,6058.0,1.18,1.12,,0.20697653671157104,inner,,False,True,True
Kepler-999 b,Kepler-999,transit,2016,5.991857017,2.34,,6237.0,1.65,1.29,,0.2087608172004639,inner,,False,True,True
L 168-9 b,L 168-9,transit,2020,1.40152604,1.63,4.07,3842.0,0.604,0.614,0.01280566847477252,0.1454188598447676,inner,0.0,True,True,True
L 363-38 b,L 363-38,radial velocity,2023,8.781,2.0,,3129.0,0.274,0.21,,0.1784280488892854,outer,,False,True,True
L 98-59 b,L 98-59,transit,2019,2.253114,0.837,0.46,3415.0,0.3155,0.2923,0.0014473237096794495,0.07467213846016593,inner,0.6011460166928253,True,True,True
L 98-59 c,L 98-59,transit,2019,3.6906764,1.329,2.0,3415.0,0.3155,0.2923,0.0062927117812149975,0.11856543848693014,inner,0.2556072945010812,True,True,True
L 98-59 d,L 98-59,transit,2019,7.450729,1.627,1.64,3415.0,0.3155,0.2923,0.005160023660596298,0.14515121777143367,habitable,0.36646665438984205,True,True,True
L 98-59 e,L 98-59,radial velocity,2021,12.8278,1.49,,3415.0,0.3155,0.2923,,0.13292889642251762,outer,,False,True,True
L 98-59 f,L 98-59,radial velocity,2025,23.064,1.48,,3415.0,0.3155,0.2923,,0.1320367561780712,outer,,False,True,True
LHS 1140 b,LHS 1140,transit,2017,24.73723,1.73,5.6,3096.0,0.2159,0.1844,0.01761959298740199,0.15434026228923187,outer,0.0,True,True,True
LHS 1140 c,LHS 1140,transit,2018,3.77794,1.272,1.91,3096.0,0.2159,0.1844,0.006009539751060322,0.11348023909358551,outer,0.32840339488648396,True,True,True
LHS 1478 b,LHS 1478,transit,2021,1.9495378,1.242,2.33,3381.0,0.246,0.236,0.007331009225115472,0.11080381836024623,habitable,0.044106700515167296,True,True,True
LHS 1678 b,LHS 1678,transit,2021,0.8602325,0.685,0.35,3490.0,0.329,0.345,0.0011012245617126244,0.06111160674458026,inner,0.48925299805089406,True,True,True
LHS 1678 c,LHS 1678,transit,2021,3.694284,0.941,1.4,3490.0,0.329,0.345,0.0044048982468504975,0.08395039700240878,inner,0.7140970444364032,True,True,True
LHS 1678 d,LHS 1678,transit,2024,4.9652229,0.981,,3490.0,0.329,0.345,,0.08751895798019449,inner,,False,True,True
LHS 1815 b,LHS 1815,transit,2020,3.814334,1.088,1.58,3643.0,0.501,0.502,0.004971242307159848,0.09706485859577127,inner,0.585184378307663,True,True,True
LHS 3154 b,LHS 3154,radial velocity,2023,3.71778,3.69,,2861.0,0.1405,0.1118,,0.32919975020073156,outer,,False,True,True
LHS 3844 b,LHS 3844,transit,2019,0.46292913,1.303,,3036.0,0.189,0.151,,0.11624587385136943,inner,,False,True,True
LHS 475 b,LHS 475,transit,2023,2.029088,0.991,,3300.0,0.2789,0.262,,0.08841109822464091,inner,,False,True,True
LP 261-75 b,LP 261-75 A,imaging,2006,,12.1,6674.396547,3138.0,0.308,0.22,21.0000268919038,1.0794896957801767,unknown,0.0,True,True,True
LP 714-47 b,LP 714-47,transit,2020,4.052037,4.7,30.8,3950.0,0.584,0.59,0.09690776143071096,0.4193059148898207,inner,0.0,True,True,True
LP 791-18 b,LP 791-18,transit,2019,0.9479981,1.212,,2960.0,0.182,0.139,,0.10812739762690696,outer,,False,True,True
LP 791-18 c,LP 791-18,transit,2019,4.9899093,2.438,7.1,2960.0,0.182,0.139,0.022339126823313238,0.21750379159603891,outer,0.0,True,True,True
LP 791-18 d,LP 791-18,transit,2023,2.753436,1.032,0.9,2960.0,0.182,0.139,0.0028317203015467488,0.09206887322687127,outer,0.9257571552269177,True,True,True
LP 890-9 b,LP 890-9,transit,2022,2.7299025,1.32,13.2,2850.0,0.1556,0.118,0.04153189775601898,0.11776251226692837,outer,0.0,True,True,True
LP 890-9 c,LP 890-9,transit,2022,8.457463,1.367,25.3,2850.0,0.1556,0.118,0.07960280403236972,0.12195557141582657,outer,0.0,True,True,True
LSPM J2116+0234 b,LSPM J2116+0234,radial velocity,2019,14.4399,3.71,,3475.0,0.431,0.43,,0.3309840306896244,inner,,False,True,True
LTT 1445 A b,LTT 1445 A,transit,2019,5.35876,1.18,2.73,3340.0,0.265,0.257,0.008589551581358471,0.10527254884467838,outer,0.0,True,True,True
LTT 1445 A c,LTT 1445 A,transit,2022,3.1239035,1.147,1.54,3340.0,0.265,0.257,0.004845388071535548,0.10232848603800518,habitable,0.6042671355573308,True,True,True
LTT 3780 b,LTT 3780,transit,2020,0.76837931,1.325,2.46,3358.0,0.38,0.381,0.007740035490894447,0.11820858238915158,inner,0.0,True,True,True
LTT 3780 c,LTT 3780,transit,2020,12.252284,2.39,8.04,3358.0,0.38,0.381,0.025296701360484286,0.21322151842269607,habitable,0.0,True,True,True
LTT 9779 b,LTT 9779,transit,2020,0.792052,4.72,29.32,5443.0,0.949,1.02,0.09225115471261186,0.4210901953787135,inner,0.0,True,True,True
LkCa 15 b,LkCa 15,imaging,2015,,,,4194.0,1.60711,,,,unknown,,False,False,False
LkCa 15 c,LkCa 15,imaging,2015,,,,4194.0,1.60711,,,,unknown,,False,False,False
Luhman 16 b,Luhman 16 A,imaging,2017,9697.0,11.9,9344.1551658,,,0.0338,29.40003764866532,1.0616468908912482,unknown,0.0,True,True,False
Lupus-TR-3 b,Lupus-TR-3,transit,2007,3.91405,9.976,257.431,5000.0,0.82,0.87,0.8099695432749789,0.8899991078597557,inner,0.0,True,True,True
M62H b,M62H,pulsar timing,2024,0.132935028,,785.03616529,,,1.4,2.4700031630001136,,unknown,,True,False,False
MASCARA-1 b,MASCARA-1,transit,2017,2.14877381,17.90074218,1175.971,7490.0,2.082,1.9,3.7000232830335906,1.5969972504237668,inner,0.0,True,True,True
MASCARA-4 b,MASCARA-4,transit,2020,2.8240932,16.98160576,532.362581725,7800.0,1.79,1.75,1.6750021449494699,1.5149973913819255,inner,0.0,True,True,True
MOA-2007-BLG-192L b,MOA-2007-BLG-192L,microlensing,2008,,1.63,3.3,,,0.06,0.010382974439004745,0.1454188598447676,unknown,0.0,True,True,False
MOA-2007-BLG-400L b,MOA-2007-BLG-400L,microlensing,2008,,13.5,540.3082919,,,0.69,1.7000021769636409,1.2043893300026765,unknown,0.0,True,True,False
MOA-2008-BLG-310L b,MOA-2008-BLG-310L,microlensing,2009,,5.18,23.4,,,0.21,0.07362472784021547,0.46212864662324915,unknown,0.0,True,True,False
MOA-2008-BLG-379L b,MOA-2008-BLG-379L,microlensing,2013,,13.0,1300.0,,,0.56,4.090262657789748,1.159782317780355,unknown,0.0,True,True,False
MOA-2009-BLG-266L b,MOA-2009-BLG-266L,microlensing,2011,2800.0,3.21,10.4,,,0.56,0.03272210126231799,0.28637701846730307,unknown,0.0,True,True,False
MOA-2009-BLG-319L b,MOA-2009-BLG-319L,microlensing,2010,,9.64,67.3,,,0.524,0.21174975143788466,0.8600231956463557,unknown,0.0,True,True,False
MOA-2009-BLG-387L b,MOA-2009-BLG-387L,microlensing,2010,1980.0,13.2,830.0,,,0.19,2.611475389204224,1.1776251226692835,unknown,0.0,True,True,False
MOA-2010-BLG-073L b,MOA-2010-BLG-073L,microlensing,2012,,12.4,3500.0,,,0.16,11.012245617126245,1.1062539031135694,unknown,0.0,True,True,False
MOA-2010-BLG-117L b,MOA-2010-BLG-117L,microlensing,2018,,14.2,170.0,,,0.58,0.5348805014032748,1.2668391471139262,unknown,0.0,True,True,False
MOA-2010-BLG-328L b,MOA-2010-BLG-328L,microlensing,2013,,2.99,9.2,,,0.11,0.028946474193588985,0.2667499330894817,unknown,0.0,True,True,False
MOA-2010-BLG-353L b,MOA-2010-BLG-353L,microlensing,2015,,11.1,86.0,,,0.18,0.27058660659224487,0.990275671335534,unknown,0.0,True,True,False
MOA-2010-BLG-477L b,MOA-2010-BLG-477L,microlensing,2012,,13.6,480.0,5950.0,,0.67,1.5102508274915993,1.2133107324471406,unknown,0.0,True,True,False
MOA-2011-BLG-028L b,MOA-2011-BLG-028L,microlensing,2016,,5.99,30.0,,,0.75,0.09439067671822496,0.5343920064234098,unknown,0.0,True,True,False
MOA-2011-BLG-262L b,MOA-2011-BLG-262L,microlensing,2014,,4.29,17.0,,,0.11,0.053488050140327474,0.3827281648675172,unknown,0.0,True,True,False
MOA-2011-BLG-291L b,MOA-2011-BLG-291L,microlensing,2018,,4.43,18.0,,,0.15,0.056634406030934975,0.39521812828976716,unknown,0.0,True,True,False
MOA-2011-BLG-293L b,MOA-2011-BLG-293L,microlensing,2012,3000.0,12.9,1500.0,,,0.86,4.719533835911248,1.1508609153358909,unknown,0.0,True,True,False
MOA-2011-BLG-322L b,MOA-2011-BLG-322L,microlensing,2013,,12.4,3690.0,,,0.39,11.61005323634167,1.1062539031135694,unknown,0.0,True,True,False
MOA-2012-BLG-006L b,MOA-2012-BLG-006L,microlensing,2017,,12.6,2700.0,,,0.49,8.495160904640246,1.124096708002498,unknown,0.0,True,True,False
MOA-2012-BLG-505L b,MOA-2012-BLG-505L,microlensing,2017,,2.48,6.7,,,0.1,0.021080584467070243,0.2212507806227139,unknown,0.0,True,True,False
MOA-2013-BLG-220L b,MOA-2013-BLG-220L,microlensing,2014,,13.2,871.0,,,0.88,2.7404759807191312,1.1776251226692835,unknown,0.0,True,True,False
MOA-2013-BLG-605L b,MOA-2013-BLG-605L,microlensing,2016,,1.62,3.24,,,0.024,0.010194193085568296,0.14452671960032118,unknown,0.0,True,True,False
MOA-2015-BLG-337L b,MOA-2015-BLG-337L,microlensing,2018,,6.42,33.7,,,0.0094,0.10603219351347272,0.5727540369346061,unknown,0.0,True,True,False
MOA-2016-BLG-227L b,MOA-2016-BLG-227L,microlensing,2017,,13.2,890.0,,,0.29,2.800256742640674,1.1776251226692835,unknown,0.0,True,True,False
MOA-2016-BLG-319L b,MOA-2016-BLG-319L,microlensing,2018,,14.1,200.0,,,0.15,0.6292711781214997,1.257917744669462,unknown,0.0,True,True,False
MOA-2016-BLG-526L b,MOA-2016-BLG-526L,microlensing,2024,,3.97,14.937935129,,,0.37,0.04700006018664184,0.35417967704523157,unknown,0.0,True,True,False
MOA-2019-BLG-008L b,MOA-2019-BLG-008L,microlensing,2022,,12.2,5720.911326,,,0.9,18.000023050203257,1.0884110982246409,unknown,0.0,True,True,False
MOA-2020-BLG-135L b,MOA-2020-BLG-135L,microlensing,2022,,3.37,11.3,,,0.23,0.03555382156386474,0.3006512623784459,unknown,0.0,True,True,False
MOA-2020-BLG-208L b,MOA-2020-BLG-208L,microlensing,2023,,7.71,46.0,,,0.43,0.14473237096794495,0.6878401284681952,unknown,0.0,True,True,False
MOA-2022-BLG-091L b,MOA-2022-BLG-091L,microlensing,2025,,13.0,1141.00398113,,,0.75,3.5900045972349828,1.159782317780355,unknown,0.0,True,True,False
MOA-2022-BLG-249L b,MOA-2022-BLG-249L,microlensing,2023,,2.04,4.83,,,0.18,0.015196898951634218,0.1819966098670711,unknown,0.0,True,True,False
MOA-2022-BLG-563L b,MOA-2022-BLG-563L,microlensing,2024,,14.0,127.1313628,,,0.48,0.40000051222673905,1.248996342224998,unknown,0.0,True,True,False
MOA-bin-1L b,MOA-bin-1L,microlensing,2012,,13.0,1200.0,,,0.75,3.7756270687289986,1.159782317780355,unknown,0.0,True,True,False
MOA-bin-29 b,MOA-bin-29,microlensing,2019,,14.1,190.0,,,0.03,0.5978076192154247,1.257917744669462,unknown,0.0,True,True,False
MWC 758 c,MWC 758,imaging,2023,,,,7314.0,2.01446,1.5,,,unknown,,False,False,True
MXB 1658-298 b,MXB 1658-298,eclipse timing variations,2017,760.0,12.0,7532.571,,,1.98,23.700149137269218,1.0705682933357124,unknown,0.0,True,True,False
NGC 2682 Sand 1429 b,NGC 2682 Sand 1429,radial velocity,2024,77.48,13.4,,6000.0,2.13,1.26,,1.1954679275582123,inner,,False,True,True
NGC 2682 Sand 364 b,NGC 2682 Sand 364,radial velocity,2014,121.71,12.7,,4284.0,39.59,9.06,,1.1330181104469623,inner,,False,True,True
NGC 2682 Sand 978 b,NGC 2682 Sand 978,radial velocity,2017,511.21,13.3,,4200.0,21.017414,1.37,,1.186546525113748,inner,,False,True,True
NGC 2682 YBP 1194 b,NGC 2682 YBP 1194,radial velocity,2014,6.959,12.3,,5780.0,0.99,1.01,,1.0973325006691053,inner,,False,True,True
NGC 2682 YBP 1514 b,NGC 2682 YBP 1514,radial velocity,2014,5.118,14.0,,5725.0,0.89,0.96,,1.248996342224998,inner,,False,True,True
NGC 2682 YBP 401 b,NGC 2682 YBP 401,radial velocity,2016,4.087,14.3,,6165.0,1.215821,1.14,,1.2757605495583906,inner,,False,True,True
NGTS-1 b,NGTS-1,transit,2017,2.647298,14.90797,258.07796,3916.0,0.573,0.617,0.8120051096819665,1.33,inner,0.0,True,True,True
NGTS-10 b,NGTS-10,transit,2020,0.7668944,13.506845,687.14846,4600.0,0.697,0.696,2.1620136048428713,1.205,inner,0.0,True,True,True
NGTS-11 b,NGTS-11,transit,2020,35.45533,9.157753,109.33352,5050.0,0.832,0.862,0.3440021646928527,0.817,inner,0.0,True,True,True
NGTS-12 b,NGTS-12,transit,2020,7.532806,11.747032,66.10864,5690.0,1.589,1.021,0.2080013088840505,1.048,inner,0.0,True,True,True
NGTS-13 b,NGTS-13,transit,2021,4.119027,12.800678,1538.2972,5819.0,1.788,1.3,4.840030456725021,1.142,inner,0.0,True,True,True
NGTS-14 A b,NGTS-14 A,transit,2021,3.5357173,4.976796,29.24036,5187.0,0.842,0.898,0.09200057892948388,0.44400000000000006,inner,0.0,True,True,True
NGTS-15 b,NGTS-15,transit,2021,3.27623,12.32987877,238.689133657,5600.0,0.954,0.995,0.7510009617057025,1.0999981059862611,inner,0.0,True,True,True
NGTS-16 b,NGTS-16,transit,2021,4.84532,14.57167491,211.991547469,5550.0,1.213,1.002,0.6670008541380874,1.2999977616201268,inner,0.0,True,True,True
NGTS-17 b,NGTS-17,transit,2021,3.24253,13.89913607,242.820902948,5650.0,1.337,1.025,0.7640009783530716,1.2399978651083952,inner,0.0,True,True,True
NGTS-18 b,NGTS-18,transit,2021,3.05125,13.56286665,129.991818463,5610.0,1.392,1.003,0.4090005237518406,1.2099979168525292,inner,0.0,True,True,True
NGTS-2 b,NGTS-2,transit,2018,4.511164,17.878355,235.1942,6478.0,1.702,1.64,0.7400046566067181,1.595,inner,0.0,True,True,True
NGTS-20 b,NGTS-20,transit,2022,54.18915,11.99360935,947.12865286,5980.0,1.78,1.47,2.9800038160892055,1.0699981577303952,inner,0.0,True,True,True
NGTS-21 b,NGTS-21,transit,2022,1.5433897,14.90794433,750.07504052,4660.0,0.86,0.72,2.3600030221377604,1.3299977098759925,inner,0.0,True,True,True
NGTS-23 b,NGTS-23,transit,2022,4.0764326,14.20177855,194.828813491,6057.0,1.24,1.01,0.6130007849874776,1.2669978187171025,inner,0.0,True,True,True
NGTS-24 b,NGTS-24,transit,2022,3.4678796,13.60770257,165.27077164,5820.0,1.64,1.26,0.5200006658947607,1.2139979097154074,inner,0.0,True,True,True
NGTS-25 b,NGTS-25,transit,2022,2.823093,11.46678726,203.092352073,5321.0,0.86,0.91,0.6390008182822156,1.0229982389151575,inner,0.0,True,True,True
NGTS-26 b,NGTS-26,transit,2024,4.5199279,14.88552637,92.805894844,5550.0,1.16,0.96,0.2920003739255195,1.3279977134445535,inner,0.0,True,True,True
NGTS-27 b,NGTS-27,transit,2024,3.3704181,15.64773706,188.472245351,5700.0,1.77,1.07,0.5930007593761406,1.3959975965741815,inner,0.0,True,True,True
NGTS-3 A b,NGTS-3 A,transit,2018,1.6753728,16.58932,756.4354,5600.0,0.93,1.017,2.3800149766540395,1.4800000000000002,inner,0.0,True,True,True
NGTS-30 b,NGTS-30,transit,2024,98.29838,10.40193409,305.11527072,5455.0,0.913,0.94,0.9600012293441736,0.9279984021768222,inner,0.0,True,True,True
NGTS-33 b,NGTS-33,transit,2024,2.827972,18.38272835,1153.71711741,7437.0,1.47,1.6,3.6300046484576565,1.6399971763761265,inner,0.0,True,True,True
NGTS-4 b,NGTS-4,transit,2019,1.3373508,3.18,20.6,5143.0,0.84,0.75,0.06481493134651448,0.2837005977339638,inner,0.0,True,True,True
NGTS-5 b,NGTS-5,transit,2019,3.3569866,12.733424,72.78307,4987.0,0.739,0.661,0.2290014410309979,1.136,inner,0.0,True,True,True
NGTS-6 b,NGTS-6,transit,2019,0.882059,14.863134,425.57437,4730.0,0.754,0.767,1.339008425941075,1.326,inner,0.0,True,True,True
NGTS-8 b,NGTS-8,transit,2019,2.4997,12.21781,295.5819,5241.0,0.98,0.89,0.9300058522219566,1.09,inner,0.0,True,True,True
NGTS-9 b,NGTS-9,transit,2019,4.43527,11.99363,921.707,6330.0,1.38,1.34,2.900018248864166,1.07,inner,0.0,True,True,True
NN Ser c,NN Ser,eclipse timing variations,2010,5573.55,12.6,2329.6,57000.0,,0.535,7.3297506827592285,1.124096708002498,unknown,0.0,True,True,False
NN Ser d,NN Ser,eclipse timing variations,2010,2883.5,13.3,731.0,57000.0,,0.535,2.2999861560340813,1.186546525113748,unknown,0.0,True,True,False
NSVS 14256825 b,NSVS 14256825,eclipse timing variations,2019,3225.0,12.3,,40000.0,0.188,0.419,,1.0973325006691053,outer,,False,True,True
NY Vir b,NY Vir,eclipse timing variations,2011,3160.0,13.3,730.978,32780.0,0.151,0.459,2.299916936204488,1.186546525113748,outer,0.0,True,True,True
NY Vir c,NY Vir,eclipse timing variations,2019,8799.0,12.8,,32780.0,0.151,0.459,,1.1419395128914267,outer,,False,True,True
OGLE-2003-BLG-235L b,OGLE-2003-BLG-235L,microlensing,2004,,13.2,830.0,,,0.63,2.611475389204224,1.1776251226692835,unknown,0.0,True,True,False
OGLE-2005-BLG-071L b,OGLE-2005-BLG-071L,microlensing,2005,,13.0,1200.0,,,0.46,3.7756270687289986,1.159782317780355,unknown,0.0,True,True,False
OGLE-2005-BLG-169L b,OGLE-2005-BLG-169L,microlensing,2006,,3.84,14.1,,,0.69,0.04436361805756573,0.34258185386742795,unknown,0.0,True,True,False
OGLE-2005-BLG-390L b,OGLE-2005-BLG-390L,microlensing,2005,3285.0,2.21,5.5,,,0.22,0.01730495739834124,0.19716299402266035,unknown,0.0,True,True,False
OGLE-2006-BLG-109L b,OGLE-2006-BLG-109L,microlensing,2008,1788.5,14.0,231.0,,,0.51,0.7268082107303322,1.248996342224998,unknown,0.0,True,True,False
OGLE-2006-BLG-109L c,OGLE-2006-BLG-109L,microlensing,2008,4927.5,11.1,86.0,,,0.51,0.27058660659224487,0.990275671335534,unknown,0.0,True,True,False
OGLE-2006-BLG-284L A b,OGLE-2006-BLG-284L A,microlensing,2020,,14.3,144.0,,,0.35,0.4530752482474798,1.2757605495583906,unknown,0.0,True,True,False
OGLE-2007-BLG-349L AB c,OGLE-2007-BLG-349L A,microlensing,2016,2557.0,10.7,80.0,,,0.41,0.2517084712485999,0.9545900615576768,unknown,0.0,True,True,False
OGLE-2007-BLG-368L b,OGLE-2007-BLG-368L,microlensing,2009,,4.72,20.0,,,0.64,0.06292711781214998,0.4210901953787135,unknown,0.0,True,True,False
OGLE-2008-BLG-092L b,OGLE-2008-BLG-092L,microlensing,2014,,8.74,57.0,,,0.71,0.17934228576462743,0.7797305736461773,unknown,0.0,True,True,False
OGLE-2008-BLG-355L b,OGLE-2008-BLG-355L,microlensing,2014,,12.9,1500.0,,,0.37,4.719533835911248,1.1508609153358909,unknown,0.0,True,True,False
OGLE-2011-BLG-0173L b,OGLE-2011-BLG-0173L,microlensing,2018,,9.01,60.0,,,0.41,0.18878135343644992,0.8038183602462308,unknown,0.0,True,True,False
OGLE-2011-BLG-0251L b,OGLE-2011-BLG-0251L,microlensing,2012,,14.2,170.0,,,0.26,0.5348805014032748,1.2668391471139262,unknown,0.0,True,True,False
OGLE-2011-BLG-0265L b,OGLE-2011-BLG-0265L,microlensing,2015,,13.9,280.0,,,0.211,0.8809796493700996,1.2400749397805335,unknown,0.0,True,True,False
OGLE-2012-BLG-0026L b,OGLE-2012-BLG-0026L,microlensing,2012,,7.72,46.1,,,1.06,0.1450470065570057,0.6887322687126416,unknown,0.0,True,True,False
OGLE-2012-BLG-0026L c,OGLE-2012-BLG-0026L,microlensing,2012,,13.9,270.0,,,1.06,0.8495160904640247,1.2400749397805335,unknown,0.0,True,True,False
OGLE-2012-BLG-0358L b,OGLE-2012-BLG-0358L,microlensing,2013,,13.4,588.0,,,0.022,1.8500572636772092,1.1954679275582123,unknown,0.0,True,True,False
OGLE-2012-BLG-0406L b,OGLE-2012-BLG-0406L,microlensing,2013,,13.2,868.0,,,0.44,2.731036913047309,1.1776251226692835,unknown,0.0,True,True,False
OGLE-2012-BLG-0563L b,OGLE-2012-BLG-0563L,microlensing,2015,,13.6,120.0,,,0.34,0.37756270687289983,1.2133107324471406,unknown,0.0,True,True,False
OGLE-2012-BLG-0724L b,OGLE-2012-BLG-0724L,microlensing,2016,,14.3,150.0,,,0.29,0.4719533835911248,1.2757605495583906,unknown,0.0,True,True,False
OGLE-2012-BLG-0838L b,OGLE-2012-BLG-0838L,microlensing,2020,,8.39,53.1,,,0.4,0.16707149779125818,0.7485056650905523,unknown,0.0,True,True,False
OGLE-2012-BLG-0950L b,OGLE-2012-BLG-0950L,microlensing,2016,,6.56,35.0,,,0.57,0.11012245617126246,0.5852440003568561,unknown,0.0,True,True,False
OGLE-2013-BLG-0102L b,OGLE-2013-BLG-0102L,microlensing,2014,,12.3,4100.0,,,0.096,12.900059151490744,1.0973325006691053,unknown,0.0,True,True,False
OGLE-2013-BLG-0132L b,OGLE-2013-BLG-0132L,microlensing,2017,,11.6,92.0,,,0.54,0.2894647419358899,1.0348826835578553,unknown,0.0,True,True,False
OGLE-2013-BLG-0341L B b,OGLE-2013-BLG-0341L B,microlensing,2014,,1.16,1.66,,,0.1127,0.005222950778408448,0.10348826835578552,unknown,0.5197917118582813,True,True,False
OGLE-2013-BLG-0911L b,OGLE-2013-BLG-0911L,microlensing,2019,,12.5,3020.0,,,0.29,9.501994789634645,1.1151753055580338,unknown,0.0,True,True,False
OGLE-2013-BLG-1721L b,OGLE-2013-BLG-1721L,microlensing,2017,,14.1,200.0,,,0.46,0.6292711781214997,1.257917744669462,unknown,0.0,True,True,False
OGLE-2013-BLG-1761L b,OGLE-2013-BLG-1761L,microlensing,2018,,13.2,860.0,,,0.33,2.7058660659224487,1.1776251226692835,unknown,0.0,True,True,False
OGLE-2014-BLG-0124L b,OGLE-2014-BLG-0124L,microlensing,2015,,14.1,206.58846455,,,0.9,0.6500008323684509,1.257917744669462,unknown,0.0,True,True,False
OGLE-2014-BLG-0221L b,OGLE-2014-BLG-0221L,microlensing,2024,,12.9,1382.55357045,,,0.69,4.350005570465787,1.1508609153358909,unknown,0.0,True,True,False
OGLE-2014-BLG-0319L b,OGLE-2014-BLG-0319L,microlensing,2022,,14.1,181.16219199,,,0.52,0.5700007299231031,1.257917744669462,unknown,0.0,True,True,False
OGLE-2014-BLG-0676L b,OGLE-2014-BLG-0676L,microlensing,2016,,13.0,1169.60853776,,,0.73,3.680004712485999,1.159782317780355,unknown,0.0,True,True,False
OGLE-2014-BLG-1722L b,OGLE-2014-BLG-1722L,microlensing,2018,,8.59,55.3,,,0.4,0.17399348075059468,0.7663484699794808,unknown,0.0,True,True,False
OGLE-2014-BLG-1722L c,OGLE-2014-BLG-1722L,microlensing,2018,,11.0,83.7,,,0.4,0.2633499880438476,0.9813542688910697,unknown,0.0,True,True,False
OGLE-2014-BLG-1760L b,OGLE-2014-BLG-1760L,microlensing,2016,,14.2,180.0,,,0.51,0.5663440603093498,1.2668391471139262,unknown,0.0,True,True,False
OGLE-2015-BLG-0051L b,OGLE-2015-BLG-0051L,microlensing,2016,,14.0,230.0,,,0.1,0.7236618548397247,1.248996342224998,unknown,0.0,True,True,False
OGLE-2015-BLG-0954L b,OGLE-2015-BLG-0954L,microlensing,2016,,13.1,1100.0,,,0.3,3.4609914796682486,1.1687037202248194,unknown,0.0,True,True,False
OGLE-2015-BLG-0966L b,OGLE-2015-BLG-0966L,microlensing,2016,,4.86,21.0,,,0.38,0.06607347370275747,0.43358015880096357,unknown,0.0,True,True,False
OGLE-2015-BLG-1609L b,OGLE-2015-BLG-1609L,microlensing,2025,,10.4,76.27881768,,,0.17,0.2400003073360434,0.9278258542242841,unknown,0.0,True,True,False
OGLE-2015-BLG-1649L b,OGLE-2015-BLG-1649L,microlensing,2019,,13.2,807.0,,,0.34,2.5391092037202516,1.1776251226692835,unknown,0.0,True,True,False
OGLE-2015-BLG-1670L b,OGLE-2015-BLG-1670L,microlensing,2019,,4.42,17.9,,,0.55,0.05631977044187422,0.3943259880453207,unknown,0.0,True,True,False
OGLE-2015-BLG-1771L b,OGLE-2015-BLG-1771L,microlensing,2020,,14.3,138.0,,,0.077,0.43419711290383484,1.2757605495583906,unknown,0.0,True,True,False
OGLE-2016-BLG-0007L b,OGLE-2016-BLG-0007L,microlensing,2025,14200.0,1.09,1.32,,,0.59,0.0041531897756018985,0.09724328664466055,unknown,0.7649468145291367,True,True,False
OGLE-2016-BLG-0263L b,OGLE-2016-BLG-0263L,microlensing,2017,,13.0,1300.0,,,0.13,4.090262657789748,1.159782317780355,unknown,0.0,True,True,False
OGLE-2016-BLG-0613L AB b,OGLE-2016-BLG-0613L AB,microlensing,2017,,13.0,1330.0,,,0.72,4.184653334507973,1.159782317780355,unknown,0.0,True,True,False
OGLE-2016-BLG-1067L b,OGLE-2016-BLG-1067L,microlensing,2019,,14.3,140.0,,,0.3,0.4404898246850498,1.2757605495583906,unknown,0.0,True,True,False
OGLE-2016-BLG-1093L b,OGLE-2016-BLG-1093L,microlensing,2022,,14.0,225.65816897,,,0.46,0.7100009092024617,1.248996342224998,unknown,0.0,True,True,False
OGLE-2016-BLG-1190L b,OGLE-2016-BLG-1190L,microlensing,2017,1220.0,12.3,4253.0,,,0.88,13.381451602753692,1.0973325006691053,unknown,0.0,True,True,False
OGLE-2016-BLG-1195L b,OGLE-2016-BLG-1195L,microlensing,2017,,1.11,1.43,,,0.078,0.004499288923568723,0.0990275671335534,unknown,0.6861529034704956,True,True,False
OGLE-2016-BLG-1227L b,OGLE-2016-BLG-1227L,microlensing,2020,,13.9,250.0,,,0.1,0.7865889726518747,1.2400749397805335,unknown,0.0,True,True,False
OGLE-2016-BLG-1598L b,OGLE-2016-BLG-1598L,microlensing,2024,,13.6,120.77479466,,,0.55,0.3800004866154021,1.2133107324471406,unknown,0.0,True,True,False
OGLE-2016-BLG-1800L b,OGLE-2016-BLG-1800L,microlensing,2024,,13.2,823.17557413,,,0.41,2.590003316668135,1.1776251226692835,unknown,0.0,True,True,False
OGLE-2017-BLG-0173L b,OGLE-2017-BLG-0173L,microlensing,2018,,1.62,3.269,,,0.396,0.010285437406395913,0.14452671960032118,unknown,0.0,True,True,False
OGLE-2017-BLG-0364L b,OGLE-2017-BLG-0364L,microlensing,2024,,10.3,75.8,,,0.49,0.2384937765080484,0.9189044517798198,unknown,0.0,True,True,False
OGLE-2017-BLG-0373L b,OGLE-2017-BLG-0373L,microlensing,2018,,14.0,127.0,,,0.248,0.3995871981071523,1.248996342224998,unknown,0.0,True,True,False
OGLE-2017-BLG-0406L b,OGLE-2017-BLG-0406L,microlensing,2020,,14.2,130.0,,,0.56,0.40902626577897483,1.2668391471139262,unknown,0.0,True,True,False
OGLE-2017-BLG-0448L b,OGLE-2017-BLG-0448L,microlensing,2024,,4.08,15.6,,,0.5,0.04908315189347698,0.3639932197341422,unknown,0.0,True,True,False
OGLE-2017-BLG-0482L b,OGLE-2017-BLG-0482L,microlensing,2018,,2.95,9.0,,,0.2,0.028317203015467488,0.263181372111696,unknown,0.0,True,True,False
OGLE-2017-BLG-0604L b,OGLE-2017-BLG-0604L,microlensing,2020,,14.2,160.0,,,0.7,0.5034169424971998,1.2668391471139262,unknown,0.0,True,True,False
OGLE-2017-BLG-0640L b,OGLE-2017-BLG-0640L,microlensing,2024,,13.5,514.88201934,,,0.32,1.6200020745182933,1.2043893300026765,unknown,0.0,True,True,False
OGLE-2017-BLG-1049L b,OGLE-2017-BLG-1049L,microlensing,2020,,12.8,1760.0,,,0.55,5.537586367469197,1.1419395128914267,unknown,0.0,True,True,False
OGLE-2017-BLG-1099L b,OGLE-2017-BLG-1099L,microlensing,2021,,13.1,959.84178914,,,0.45,3.0200038673118796,1.1687037202248194,unknown,0.0,True,True,False
OGLE-2017-BLG-1140L b,OGLE-2017-BLG-1140L,microlensing,2018,,13.5,505.0,,,0.211,1.5889097247567867,1.2043893300026765,unknown,0.0,True,True,False
OGLE-2017-BLG-1237L b,OGLE-2017-BLG-1237L,microlensing,2024,,13.0,1207.7479466,,,0.46,3.8000048661540204,1.159782317780355,unknown,0.0,True,True,False
OGLE-2017-BLG-1275L b,OGLE-2017-BLG-1275L,microlensing,2024,,12.8,1875.1876013,,,0.63,5.900007555344401,1.1419395128914267,unknown,0.0,True,True,False
OGLE-2017-BLG-1375L b,OGLE-2017-BLG-1375L,microlensing,2020,,12.4,3585.0,,,0.81,11.279685867827883,1.1062539031135694,unknown,0.0,True,True,False
OGLE-2017-BLG-1434L b,OGLE-2017-BLG-1434L,microlensing,2018,,1.94,4.43,,,0.234,0.013938356595391218,0.17307520742260685,unknown,0.0,True,True,False
OGLE-2017-BLG-1522L b,OGLE-2017-BLG-1522L,microlensing,2018,,14.0,240.0,,,0.045,0.7551254137457997,1.248996342224998,unknown,0.0,True,True,False
OGLE-2017-BLG-1691L b,OGLE-2017-BLG-1691L,microlensing,2022,,3.92,14.620106722,,,0.45,0.04600005890607498,0.3497189758229994,unknown,0.0,True,True,False
OGLE-2017-BLG-1806L b,OGLE-2017-BLG-1806L,microlensing,2023,,2.15,5.27,,,0.38,0.016581295543501517,0.1918101525559818,unknown,0.0,True,True,False
OGLE-2018-BLG-0298L b,OGLE-2018-BLG-0298L,microlensing,2022,,7.56,44.49597698,,,0.69,0.14000017927935868,0.6744580248014987,unknown,0.0,True,True,False
OGLE-2018-BLG-0383L b,OGLE-2018-BLG-0383L,microlensing,2022,,2.41,6.4,,,0.1,0.020136677699887993,0.2150057989115889,unknown,0.0,True,True,False
OGLE-2018-BLG-0506L b,OGLE-2018-BLG-0506L,microlensing,2022,,4.18,16.3,,,0.63,0.05128560101690223,0.37291462217860644,unknown,0.0,True,True,False
OGLE-2018-BLG-0516L b,OGLE-2018-BLG-0516L,microlensing,2022,,4.73,20.1,,,0.47,0.06324175340121073,0.42198233562316,unknown,0.0,True,True,False
OGLE-2018-BLG-0532L b,OGLE-2018-BLG-0532L,microlensing,2020,,2.37,6.228,,,0.195,0.0195955044867035,0.2114372379338032,unknown,0.0,True,True,False
OGLE-2018-BLG-0567L b,OGLE-2018-BLG-0567L,microlensing,2021,,12.3,101.70509024,,,0.25,0.3200004097813912,1.0973325006691053,unknown,0.0,True,True,False
OGLE-2018-BLG-0596L b,OGLE-2018-BLG-0596L,microlensing,2019,,3.81,13.93,,,0.231,0.043828737556162456,0.3399054331340887,unknown,0.0,True,True,False
OGLE-2018-BLG-0677L b,OGLE-2018-BLG-0677L,microlensing,2020,,1.82,3.96,,,0.12,0.012459569326805694,0.1623695244892497,unknown,0.0,True,True,False
OGLE-2018-BLG-0740L b,OGLE-2018-BLG-0740L,microlensing,2019,5480.0,12.9,1500.0,5912.0,,1.0,4.719533835911248,1.1508609153358909,unknown,0.0,True,True,False
OGLE-2018-BLG-0799L b,OGLE-2018-BLG-0799L,microlensing,2022,,10.9,82.63538582,,,0.093,0.26000033294738034,0.9724328664466054,unknown,0.0,True,True,False
OGLE-2018-BLG-0932L b,OGLE-2018-BLG-0932L,microlensing,2022,,13.9,282.86728223,,,0.72,0.8900011397044943,1.2400749397805335,unknown,0.0,True,True,False
OGLE-2018-BLG-0962L b,OGLE-2018-BLG-0962L,microlensing,2021,,13.6,425.89006538,,,0.54,1.3400017159595758,1.2133107324471406,unknown,0.0,True,True,False
OGLE-2018-BLG-0977L b,OGLE-2018-BLG-0977L,microlensing,2022,,2.41,6.4,,,0.47,0.020136677699887993,0.2150057989115889,unknown,0.0,True,True,False
OGLE-2018-BLG-1011L b,OGLE-2018-BLG-1011L,microlensing,2019,,13.5,570.0,,,0.18,1.7934228576462743,1.2043893300026765,unknown,0.0,True,True,False
OGLE-2018-BLG-1011L c,OGLE-2018-BLG-1011L,microlensing,2019,,13.2,890.0,,,0.18,2.800256742640674,1.1776251226692835,unknown,0.0,True,True,False
OGLE-2018-BLG-1119L b,OGLE-2018-BLG-1119L,microlensing,2022,,13.9,289.22385037,,,0.48,0.9100011653158312,1.2400749397805335,unknown,0.0,True,True,False
OGLE-2018-BLG-1126L b,OGLE-2018-BLG-1126L,microlensing,2022,,4.41,17.798390792,,,0.69,0.05600007171174346,0.3934338478008743,unknown,0.0,True,True,False
OGLE-2018-BLG-1185L b,OGLE-2018-BLG-1185L,microlensing,2021,,2.83,8.4,,,0.37,0.02642938948110299,0.25247568917833885,unknown,0.0,True,True,False
OGLE-2018-BLG-1212L b,OGLE-2018-BLG-1212L,microlensing,2022,,9.32,63.5656814,,,0.16,0.20000025611336952,0.83147470782407,unknown,0.0,True,True,False
OGLE-2018-BLG-1269L b,OGLE-2018-BLG-1269L,microlensing,2020,,14.1,210.0,,,1.11,0.6607347370275747,1.257917744669462,unknown,0.0,True,True,False
OGLE-2018-BLG-1367L b,OGLE-2018-BLG-1367L,microlensing,2022,,13.8,301.93698665,,,0.28,0.9500012165385051,1.2311535373360694,unknown,0.0,True,True,False
OGLE-2018-BLG-1428L b,OGLE-2018-BLG-1428L,microlensing,2021,,14.0,240.0,,,0.43,0.7551254137457997,1.248996342224998,unknown,0.0,True,True,False
OGLE-2018-BLG-1647L b,OGLE-2018-BLG-1647L,microlensing,2022,,13.8,308.29355479,,,0.092,0.9700012421498421,1.2311535373360694,unknown,0.0,True,True,False
OGLE-2018-BLG-1700L b,OGLE-2018-BLG-1700L,microlensing,2020,,12.9,1400.0,,,0.42,4.4048982468504985,1.1508609153358909,unknown,0.0,True,True,False
OGLE-2019-BLG-0249L b,OGLE-2019-BLG-0249L,microlensing,2023,,12.7,2262.93825784,,,0.91,7.120009117635955,1.1330181104469623,unknown,0.0,True,True,False
OGLE-2019-BLG-0299L b,OGLE-2019-BLG-0299L,microlensing,2021,,12.7,1976.89269154,,,0.59,6.220007965125792,1.1330181104469623,unknown,0.0,True,True,False
OGLE-2019-BLG-0304L b,OGLE-2019-BLG-0304L,microlensing,2021,,14.2,162.09248757,,,0.27,0.5100006530890923,1.2668391471139262,unknown,0.0,True,True,False
OGLE-2019-BLG-0362L b,OGLE-2019-BLG-0362L,microlensing,2022,,13.1,1036.12060682,,,0.42,3.2600041746479227,1.1687037202248194,unknown,0.0,True,True,False
OGLE-2019-BLG-0468L b,OGLE-2019-BLG-0468L,microlensing,2022,,13.1,1090.15143601,,,0.92,3.430004392344287,1.1687037202248194,unknown,0.0,True,True,False
OGLE-2019-BLG-0468L c,OGLE-2019-BLG-0468L,microlensing,2022,,12.5,3248.20631954,,,0.92,10.220013087393182,1.1151753055580338,unknown,0.0,True,True,False
OGLE-2019-BLG-0679L b,OGLE-2019-BLG-0679L,microlensing,2023,,13.1,1061.54687938,,,0.66,3.340004277093271,1.1687037202248194,unknown,0.0,True,True,False
OGLE-2019-BLG-0954L b,OGLE-2019-BLG-0954L,microlensing,2021,,12.3,4513.1633794,,,0.8,14.200018184049235,1.0973325006691053,unknown,0.0,True,True,False
OGLE-2019-BLG-0960L b,OGLE-2019-BLG-0960L,microlensing,2021,,1.39,2.5,,,0.5,0.007865889726518747,0.12400749397805334,unknown,0.0,True,True,False
OGLE-2019-BLG-1053L b,OGLE-2019-BLG-1053L,microlensing,2021,,1.38,2.48,,,0.61,0.0078029626087065965,0.12311535373360692,unknown,0.0,True,True,False
OGLE-2019-BLG-1180L b,OGLE-2019-BLG-1180L,microlensing,2023,,13.5,555.246227029,,,0.545,1.7470022371502827,1.2043893300026765,unknown,0.0,True,True,False
OGLE-2019-BLG-1470L AB c,OGLE-2019-BLG-1470L A,microlensing,2022,,13.3,699.2224954,,,0.57,2.2000028172470647,1.186546525113748,unknown,0.0,True,True,False
OGLE-2019-BLG-1492L b,OGLE-2019-BLG-1492L,microlensing,2022,,6.79,37.1,,,0.68,0.11672980354153821,0.6057632259791239,unknown,0.0,True,True,False
OGLE-2023-BLG-0836L b,OGLE-2023-BLG-0836L,microlensing,2024,,12.9,1385.73185452,,,0.71,4.360005583271455,1.1508609153358909,unknown,0.0,True,True,False
OGLE-TR-10 b,OGLE-TR-10,transit,2004,3.101278,14.011,197.046,5950.0,1.17,1.14,0.6199768428206451,1.249977696493889,inner,0.0,True,True,True
OGLE-TR-111 b,OGLE-TR-111,transit,2004,4.0144463,11.421971,174.799,5040.0,0.83,0.82,0.5499798633223002,1.019,inner,0.0,True,True,True
OGLE-TR-113 b,OGLE-TR-113,transit,2004,1.4324752,12.251,400.449,4790.0,0.774,0.779,1.2599550700378823,1.0929610134713177,inner,0.0,True,True,True
OGLE-TR-132 b,OGLE-TR-132,transit,2004,1.689868,13.45,375.02,6210.0,1.32,1.305,1.179946386095624,1.1999286287804443,inner,0.0,True,True,True
OGLE-TR-182 b,OGLE-TR-182,transit,2007,3.9791,12.666,320.995,5924.0,1.14,1.14,1.009964509105554,1.1299848336158445,inner,0.0,True,True,True
OGLE-TR-211 b,OGLE-TR-211,transit,2007,3.67724,15.244,327.351,6325.0,1.64,1.33,1.0299627471462554,1.3599785886341333,inner,0.0,True,True,True
OGLE-TR-56 b,OGLE-TR-56,transit,2002,1.2119189,15.278,441.77,6050.0,1.363,1.228,1.3899656417936745,1.3630118654652512,inner,0.0,True,True,True
OGLE2-TR-L9 b,OGLE2-TR-L9,transit,2008,2.4855335,18.046,1430.175,6933.0,1.53,1.52,4.4998395358495795,1.609956285128022,inner,0.0,True,True,True
Oph 11 b,Oph 11,imaging,2006,7300000.0,12.3,4449.62,2375.0,0.232692,0.016,14.000088097964937,1.0973325006691053,outer,0.0,True,True,True
PDS 70 b,PDS 70,imaging,2018,43500.0,30.48848,953.49,3972.0,1.26,0.76,3.000018878135344,2.72,outer,0.0,True,True,True
PDS 70 c,PDS 70,imaging,2019,,22.86636,635.66,3972.0,1.26,0.76,2.0000125854235624,2.04,unknown,0.0,True,True,True
PH1 b,PH1,transit,2012,138.317,6.18,169.0,6407.0,1.734,1.528,0.5317341455126673,0.5513426710678919,inner,0.0,True,True,True
PH2 b,PH2,transit,2013,282.52542,9.33708092,87.084983518,5734.0,0.949,0.966,0.2740003508753162,0.8329985654384869,inner,0.0,True,True,True
POTS-1 b,POTS-1,transit,2013,3.1606296,10.548,734.16,4400.0,0.588,0.695,2.309928640648401,0.9410295298420912,inner,0.0,True,True,True
PSR B0329+54 b,PSR B0329+54,pulsar timing,2017,10140.0,1.22,,,,1.44,,0.10884110982246409,unknown,,False,True,False
PSR B1257+12 b,PSR B1257+12,pulsar timing,1994,25.262,0.338,0.02,,,1.4,6.292711781214997e-05,0.030154340262289234,unknown,0.1637452541240798,True,True,False
PSR B1257+12 c,PSR B1257+12,pulsar timing,1992,66.5419,1.91,4.3,,,1.4,0.013529330329612243,0.17039878668926756,unknown,0.0,True,True,False
PSR B1257+12 d,PSR B1257+12,pulsar timing,1992,98.2114,1.8,3.9,,,1.4,0.012270787973369245,0.16058524400035687,unknown,0.0,True,True,False
PSR B1620-26 b,PSR B1620-26,pulsar timing,2003,,13.3,794.575,,,1.35,2.5000157317794534,1.186546525113748,unknown,0.0,True,True,False
PSR J1719-1438 b,PSR J1719-1438,pulsar timing,2011,0.090706293,,382.8,4500.0,,1.4,1.2044250349245504,,unknown,,True,False,False
PSR J2322-2650 b,PSR J2322-2650,pulsar timing,2017,0.322963997,13.9,,,,1.4,,1.2400749397805335,unknown,,False,True,False
PZ Tel b,PZ Tel,imaging,2023,44000.0,11.9,8581.366989,5169.0,1.25646,1.36,27.000034575304884,1.0616468908912482,outer,0.0,True,True,True
Pr0201 b,Pr0201,radial velocity,2012,4.4264,14.2,,6174.0,1.15,1.24,,1.2668391471139262,inner,,False,True,True
Pr0211 b,Pr0211,radial velocity,2012,2.1461,13.4,,5300.0,0.827,0.935,,1.1954679275582123,inner,,False,True,True
Pr0211 c,Pr0211,radial velocity,2016,4850.0,12.6,,5300.0,0.827,0.935,,1.124096708002498,outer,,False,True,True
Proxima Cen b,Proxima Cen,radial velocity,2016,11.18465,1.02,,2900.0,0.141,0.1221,,0.09099830493353556,outer,,False,True,True
Proxima Cen d,Proxima Cen,radial velocity,2025,5.12338,0.692,,2900.0,0.141,0.1221,,0.061736104915692744,outer,,False,True,True
Qatar-1 b,Qatar-1,transit,2010,1.4200242,12.811887,411.27202,5013.0,0.803,0.838,1.294008142769045,1.143,inner,0.0,True,True,True
Qatar-10 b,Qatar-10,transit,2019,1.645321,17.295487,233.92288,6124.0,1.254,1.156,0.736004631435871,1.5430000000000001,inner,0.0,True,True,True
Qatar-2 b,Qatar-2,transit,2011,1.33711647,14.056,792.635,4645.0,0.776,0.743,2.4939118013516746,1.2539923275938978,inner,0.0,True,True,True
Qatar-3 b,Qatar-3,transit,2017,2.5079204,12.285064,1369.8473,6007.0,1.272,1.145,4.310027121587777,1.096,inner,0.0,True,True,True
Qatar-4 b,Qatar-4,transit,2017,1.8053564,12.722215,1938.763,5215.0,0.849,0.896,6.100038385541866,1.135,inner,0.0,True,True,True
Qatar-5 b,Qatar-5,transit,2017,2.8792319,12.408363,1373.0256,5747.0,1.076,1.128,4.320027184514895,1.107,inner,0.0,True,True,True
Qatar-6 b,Qatar-6,transit,2017,3.506195,11.903958,212.31044,5052.0,0.722,0.822,0.6680042035314699,1.062,inner,0.0,True,True,True
Qatar-7 b,Qatar-7,transit,2019,2.032046,19.0553,597.5204,6387.0,1.564,1.409,1.8800118302981488,1.7,inner,0.0,True,True,True
Qatar-8 b,Qatar-8,transit,2019,3.71495,14.403565,117.91493,5738.0,1.315,1.029,0.37100233459607085,1.2850000000000001,inner,0.0,True,True,True
Qatar-9 b,Qatar-9,transit,2019,1.540731,11.309881,378.2177,4309.0,0.696,0.719,1.1900074883270197,1.0090000000000001,inner,0.0,True,True,True
ROXs 12 b,ROXs 12,imaging,2013,,12.2,5085.0,3850.0,1.06627,0.87,15.999219703739131,1.0884110982246409,unknown,0.0,True,True,True
ROXs 42 B b,ROXs 42 B,imaging,2013,,12.5,2860.0,3433.0,1.33658,1.0,8.998577847137446,1.1151753055580338,unknown,0.0,True,True,True
RR Cae b,RR Cae,eclipse timing variations,2012,4343.5,13.0,,3904.0,0.193119,0.44,,1.159782317780355,outer,,False,True,True
Ross 128 b,Ross 128,radial velocity,2017,9.8658,1.11,,3192.0,0.1967,0.168,,0.0990275671335534,outer,,False,True,True
Ross 176 b,Ross 176,transit,2025,5.0066338,1.84,4.57,4041.0,0.569,0.577,0.01437884642007627,0.16415380497814258,inner,0.0,True,True,True
Ross 458 c,Ross 458,imaging,2010,,14.01125,1906.98,3965.42,0.562566,0.556419,6.000037756270688,1.25,unknown,0.0,True,True,True
Ross 508 b,Ross 508,radial velocity,2022,10.77,1.83,,3071.0,0.2113,0.1774,,0.16326166473369616,outer,,False,True,True
SPECULOOS-3 b,SPECULOOS-3,transit,2024,0.71912603,0.977,,2800.0,0.123,0.1009,,0.08716210188241591,outer,,False,True,True
SR 12 AB c,SR 12 AB,imaging,2010,,12.3,4131.62,3828.93,1.103075,,12.999546924751753,1.0973325006691053,unknown,0.0,True,True,False
SWEEPS-11 b,SWEEPS-11,transit,2006,1.796,12.666,3082.82,,1.45,1.1,9.69964886668261,1.1299848336158445,inner,0.0,True,True,False
SWEEPS-4 b,SWEEPS-4,transit,2006,4.2,9.079,1207.7,,1.18,1.24,3.799854009086676,0.8099741279329111,inner,0.0,True,True,False
TAP 26 b,TAP 26,radial velocity,2017,10.79,13.5,,4620.0,1.17,1.04,,1.2043893300026765,inner,,False,True,True
TCP J05074264+2447555 b,TCP J05074264+2447555,microlensing,2018,,4.72,20.0,5805.0,1.42487,0.586,0.06292711781214998,0.4210901953787135,unknown,0.0,True,True,True
TIC 139270665 b,TIC 139270665,transit,2024,23.624,7.22979255,147.154552441,5844.0,1.016,1.035,0.4630005929024504,0.6449988892853957,inner,0.0,True,True,True
TIC 139270665 c,TIC 139270665,radial velocity,2024,1010.0,12.9,,5844.0,1.016,1.035,,1.1508609153358909,outer,,False,True,True
TIC 172900988 b,TIC 172900988 Aa,transit,2021,200.452,11.25,942.0,6050.0,1.3842,1.2384,2.9638672489522637,1.0036577750022304,inner,0.0,True,True,True
TIC 237913194 b,TIC 237913194,transit,2020,15.168865,12.520453,617.22586,5788.0,1.088,1.026,1.9420122204462793,1.117,inner,0.0,True,True,True
TIC 241249530 b,TIC 241249530,transit,2024,165.7719,13.29385111,1582.78546686,6166.0,1.397,1.271,4.980006377222901,1.1859979578909805,inner,0.0,True,True,True
TIC 257060897 b,TIC 257060897,transit,2021,3.660028,16.70138124,212.94503269,5988.0,1.82,1.32,0.6700008579797879,1.489997434204657,inner,0.0,True,True,True
TIC 279401253 b,TIC 279401253,transit,2023,76.8,11.2089807,1951.46641898,5951.0,1.06,1.13,6.140007862680444,0.9999982781693282,inner,0.0,True,True,True
TIC 279401253 c,TIC 279401253,transit,2023,155.3,12.6,,5951.0,1.06,1.13,,1.124096708002498,inner,,False,True,True
TIC 365102760 b,TIC 365102760,transit,2024,4.21285367,6.21,19.2,4900.0,3.13,1.17,0.06041003309966397,0.5540190918012312,inner,0.0,True,True,True
TIC 393818343 b,TIC 393818343,transit,2024,16.24921,12.18416202,1379.37528638,5756.0,1.086,1.082,4.340005557660119,1.0869981282897672,inner,0.0,True,True,True
TIC 434398831 b,TIC 434398831,transit,2025,3.685504,3.51,,5638.0,0.909,0.992,,0.31314122580069587,inner,,False,True,True
TIC 434398831 c,TIC 434398831,transit,2025,6.210291,5.63,,5638.0,0.909,0.992,,0.5022749576233384,inner,,False,True,True
TIC 46432937 b,TIC 46432937,transit,2024,1.44044527,13.31626907,1017.0509024,3572.0,0.5299,0.563,3.2000040978139124,1.1879979543224195,inner,0.0,True,True,True
TIC 4672985 b,TIC 4672985,transit,2024,69.048,11.5004142,4049.13390518,5757.0,1.15,1.01,12.740016314421638,1.0259982335623161,inner,0.0,True,True,True
TIC 88785435 b,TIC 88785435,transit,2025,10.508843,5.03,,3998.0,0.911,0.724,,0.4487465429565528,inner,,False,True,True
TOI-1011 b,TOI-1011,transit,2025,2.470498,1.45,4.04,5475.0,0.92,0.91,0.012711277798054295,0.1293603354447319,inner,0.0,True,True,True
TOI-1052 b,TOI-1052,transit,2023,9.139703,2.87,16.9,6146.0,1.264,1.204,0.05317341455126672,0.2560442501561246,inner,0.0,True,True,True
TOI-1052 c,TOI-1052,radial velocity,2023,35.806,6.48,,6146.0,1.264,1.204,,0.5781068784012847,inner,,False,True,True
TOI-1062 b,TOI-1062,transit,2021,4.11296,2.265,10.15,5328.0,0.84,0.94,0.03193551228966611,0.20206976536711574,inner,0.0,True,True,True
TOI-1062 c,TOI-1062,radial velocity,2021,7.972,3.1,,5328.0,0.84,0.94,,0.27656347577839235,inner,,False,True,True
TOI-1064 b,TOI-1064,transit,2022,6.443868,2.587,13.5,4734.0,0.726,0.748,0.04247580452320123,0.2307966812382907,inner,0.0,True,True,True
TOI-1064 c,TOI-1064,transit,2022,12.226574,2.651,2.5,4734.0,0.726,0.748,0.007865889726518747,0.23650637880274777,inner,0.0,True,True,True
TOI-1075 b,TOI-1075,transit,2022,0.6047328,1.791,9.95,3875.0,0.581,0.604,0.03130624111154461,0.15978231778035507,inner,0.0,True,True,True
TOI-1107 b,TOI-1107,transit,2022,4.0782387,14.57167491,1064.72516345,6311.0,1.81,1.35,3.3500042898989397,1.2999977616201268,inner,0.0,True,True,True
TOI-1117 b,TOI-1117,transit,2025,2.22816,2.46,8.9,5635.0,1.05,0.97,0.02800256742640674,0.21946650013382105,inner,0.0,True,True,True
TOI-1117 c,TOI-1117,radial velocity,2025,4.579,2.91,,5635.0,1.05,0.97,,0.25961281113391027,inner,,False,True,True
TOI-1117 d,TOI-1117,radial velocity,2025,8.665,3.27,,5635.0,1.05,0.97,,0.29172985993398165,inner,,False,True,True
TOI-1130 b,TOI-1130,transit,2020,4.074554,3.66,19.8,4360.0,0.697,0.745,0.06229784663402847,0.3265233294673923,inner,0.0,True,True,True
TOI-1130 c,TOI-1130,transit,2020,8.3501898,13.0,336.0,4360.0,0.697,0.745,1.0571755792441195,1.159782317780355,inner,0.0,True,True,True
TOI-1135 b,TOI-1135,transit,2024,8.0277283,9.34085,51.42,5962.7,1.15,1.156039,0.1617856198950376,0.8333348202337407,inner,0.0,True,True,True
TOI-1136 b,TOI-1136,transit,2022,4.1727,1.9,3.5,5770.0,0.968,1.022,0.011012245617126245,0.16950664644482114,inner,0.0,True,True,True
TOI-1136 c,TOI-1136,transit,2022,6.2574,2.879,6.32,5770.0,0.968,1.022,0.01988496922863939,0.25684717637612636,inner,0.0,True,True,True
TOI-1136 d,TOI-1136,transit,2022,12.5199,4.627,8.35,5770.0,0.968,1.022,0.026272071686572612,0.4127932911053618,inner,0.0,True,True,True
TOI-1136 e,TOI-1136,transit,2022,18.801,2.639,6.07,5770.0,0.968,1.022,0.019098380255987518,0.23543581050941206,inner,0.0,True,True,True
TOI-1136 f,TOI-1136,transit,2022,26.321,3.73591482,9.7,5770.0,0.968,1.022,0.030519652138892735,0.33329599607458293,inner,0.0,True,True,True
TOI-1136 g,TOI-1136,transit,2022,39.545,2.53,5.6,5770.0,0.968,1.022,0.01761959298740199,0.22571148184494602,inner,0.0,True,True,True
TOI-1173 b,TOI-1173,transit,2024,7.06466,9.19,27.4,5350.0,0.934,0.911,0.08621015140264546,0.8198768846462664,inner,0.0,True,True,True
TOI-1174 b,TOI-1174,transit,2024,8.953487683,2.562,32.0,5030.0,0.76,0.85,0.10068338849943996,0.22856633062717457,inner,0.0,True,True,True
TOI-1180 b,TOI-1180,transit,2024,9.686760378,3.072,10.0,4738.0,0.73,0.75,0.03146355890607499,0.2740654830939424,inner,0.0,True,True,True
TOI-1181 b,TOI-1181,transit,2022,2.103189,17.02644168,374.719691853,6054.0,1.961,1.467,1.179001509788313,1.5189973842448035,inner,0.0,True,True,True
TOI-1184 b,TOI-1184,transit,2024,5.748433803,2.39,6.8,4534.0,0.69,0.71,0.02139522005613099,0.21322151842269607,inner,0.0,True,True,True
TOI-1194 b,TOI-1194,transit,2023,2.3106446,8.71664516,120.0,5394.0,0.9608,0.9835,0.37756270687289983,0.7776469943795166,inner,0.0,True,True,True
TOI-1199 b,TOI-1199,transit,2024,3.671463,10.5140239,75.960989273,5710.0,1.45,1.23,0.23900030605547656,0.9379983852261575,inner,0.0,True,True,True
TOI-1201 b,TOI-1201,transit,2021,2.4919863,2.415,6.28,3476.0,0.508,0.512,0.01975911499301509,0.21545186903381214,inner,0.0,True,True,True
TOI-122 b,TOI-122,transit,2020,5.07803,2.72,,3403.0,0.334,0.312,,0.24266214648942816,inner,,False,True,True
TOI-1221 b,TOI-1221,transit,2023,91.68278,2.91,1112.3994245,5592.0,1.031,0.93,3.500004481983966,0.25961281113391027,inner,0.0,True,True,True
TOI-1224 b,TOI-1224,transit,2024,4.1782745,2.104,,3326.0,0.404,0.4,,0.18770630743152825,inner,,False,True,True
TOI-1224 c,TOI-1224,transit,2024,17.945466,2.884,,3326.0,0.404,0.4,,0.25729324649834956,habitable,,False,True,True
TOI-1227 b,TOI-1227,transit,2022,27.36397,9.57246952,,3072.0,0.56,0.17,,0.8539985297528772,outer,,False,True,True
TOI-1231 b,TOI-1231,transit,2021,24.245586,3.65,15.4,3553.0,0.476,0.485,0.04845388071535548,0.32563118922294587,habitable,0.0,True,True,True
TOI-1235 b,TOI-1235,transit,2020,3.444714,1.69,6.69,3997.0,0.619,0.63,0.021049120908164166,0.15077170131144615,inner,0.0,True,True,True
TOI-1238 b,TOI-1238,transit,2022,0.764597,1.21,3.76,4089.0,0.58,0.59,0.011830298148684195,0.10794896957801767,inner,0.0,True,True,True
TOI-1238 c,TOI-1238,transit,2022,3.294736,2.11,8.32,4089.0,0.58,0.59,0.02617768100985439,0.1882415915781961,inner,0.0,True,True,True
TOI-1244 b,TOI-1244,transit,2024,6.400316483,2.467,6.6,4599.0,0.721,0.73,0.02076594887800949,0.22009099830493356,inner,0.0,True,True,True
TOI-1246 b,TOI-1246,transit,2022,4.30744,3.01,8.1,5151.0,0.86,0.87,0.02548548271392074,0.26853421357837454,inner,0.0,True,True,True
TOI-1246 c,TOI-1246,transit,2022,5.904137,2.45109846,9.1,5213.0,0.8649,0.8889,0.028631838604528236,0.21867235792666606,inner,0.0,True,True,True
TOI-1246 d,TOI-1246,transit,2022,18.654874,3.43139739,5.4,5213.0,0.8649,0.8889,0.016990321809280493,0.3061287706307432,inner,0.0,True,True,True
TOI-1246 e,TOI-1246,transit,2022,37.92548,3.5141875,14.5,5213.0,0.8649,0.8889,0.04562216041380873,0.3135148095280578,inner,0.0,True,True,True
TOI-1248 b,TOI-1248,transit,2024,4.3601561,6.8084859,27.4,5205.0,0.8686,0.9042,0.08621015140264546,0.6074124275136051,inner,0.0,True,True,True
TOI-1249 b,TOI-1249,transit,2024,13.079151,3.2710301,11.9,5497.0,0.9785,1.0062,0.03744163509822924,0.29182175930056203,inner,0.0,True,True,True
TOI-125 b,TOI-125,transit,2019,4.65382,2.726,9.5,5320.0,0.848,0.859,0.029890380960771238,0.243197430636096,inner,0.0,True,True,True
TOI-125 c,TOI-125,transit,2019,9.15059,2.759,6.63,5320.0,0.848,0.859,0.020860339554727717,0.2461414934427692,inner,0.0,True,True,True
TOI-125 d,TOI-125,transit,2020,19.98,2.93,13.6,5320.0,0.848,0.859,0.04279044011226198,0.2613970916228031,inner,0.0,True,True,True
TOI-1259 A b,TOI-1259 A,transit,2021,3.477978,11.45557828,140.162327487,4775.0,0.711,0.744,0.4410005647299798,1.021998240699438,inner,0.0,True,True,True
TOI-1260 b,TOI-1260,transit,2021,3.127463,2.41,8.56,4227.0,0.672,0.679,0.02693280642360019,0.2150057989115889,inner,0.0,True,True,True
TOI-1260 c,TOI-1260,transit,2021,7.493134,2.76,13.2,4227.0,0.672,0.679,0.04153189775601898,0.24623070746721384,inner,0.0,True,True,True
TOI-1260 d,TOI-1260,transit,2022,16.608164,3.12,11.84,4227.0,0.672,0.679,0.037252853744792785,0.27834775626728525,inner,0.0,True,True,True
TOI-1266 b,TOI-1266,transit,2020,10.8945,2.52,4.46,3563.0,0.4232,0.437,0.014032747272109444,0.2248193416004996,inner,0.0,True,True,True
TOI-1266 c,TOI-1266,transit,2020,18.8027,1.98,3.17,3563.0,0.4232,0.437,0.00997394817322577,0.17664376840039256,habitable,0.0,True,True,True
TOI-1266 d,TOI-1266,transit timing variations,2025,32.509,1.74,3.68,3563.0,0.4232,0.437,0.011578589677435596,0.1552324025336783,outer,0.0,True,True,True
TOI-1268 b,TOI-1268,transit,2022,8.1577094,9.1,96.4,5300.0,0.92,0.96,0.3033087078545629,0.8118476224462485,inner,0.0,True,True,True
TOI-1269 b,TOI-1269,transit,2024,4.2529913,2.40144286,6.4,5499.0,0.8521,0.9027,0.020136677699887993,0.21424238201445267,inner,0.0,True,True,True
TOI-1272 b,TOI-1272,transit,2022,3.31599,4.13204907,27.0,5065.0,0.7934,0.8772,0.08495160904640246,0.36863672673744313,inner,0.0,True,True,True
TOI-1272 c,TOI-1272,radial velocity,2022,8.6811,4.95,,5065.0,0.7934,0.8772,,0.4416094210009814,inner,,False,True,True
TOI-1273 b,TOI-1273,transit,2024,4.631296,11.09689089,70.557906354,5690.0,1.06,1.06,0.22200028428584015,0.9899982951199928,inner,0.0,True,True,True
TOI-1278 b,TOI-1278,transit,2021,14.47567,12.21778896,5879.8255295,3799.0,0.573,0.54,18.500023690486678,1.0899981229369258,inner,0.0,True,True,True
TOI-1279 b,TOI-1279,transit,2024,9.61419,2.66146528,10.6,5457.0,0.8426,0.8784,0.03335137244043949,0.2374400285484878,inner,0.0,True,True,True
TOI-128.01,TOI-128,transit,2024,4.9404681,2.21898,,6086.0,1.13,0.851969,,0.19796413596217327,inner,,False,True,True
TOI-1288 b,TOI-1288,transit,2022,2.6998279,4.96846551,44.1,5388.0,0.9583,0.9552,0.13875429477579068,0.44325680346150415,inner,0.0,True,True,True
TOI-1288 c,TOI-1288,radial velocity,2022,416.0,11.1,,5388.0,0.9583,0.9552,,0.990275671335534,habitable,,False,True,True
TOI-1294 b,TOI-1294,transit,2024,3.915292,10.12369881,63.9,5718.0,1.5566,1.1578,0.20105214140981917,0.9031759131055402,inner,0.0,True,True,True
TOI-1294 c,TOI-1294,radial velocity,2024,159.9,14.3,,5718.0,1.5566,1.1578,,1.2757605495583906,inner,,False,True,True
TOI-1295 b,TOI-1295,transit,2024,3.1968838,15.69257298,451.31633794,6280.0,1.7,1.38,1.4200018184049235,1.3999975894370595,inner,0.0,True,True,True
TOI-1296 b,TOI-1296,transit,2021,3.9443736,14.11645916,95.3,5567.0,1.7031,1.1576,0.2998477163748946,1.2593861325720404,inner,0.0,True,True,True
TOI-1298 b,TOI-1298,transit,2021,4.537143,9.65807033,99.0,5752.0,1.4536,1.2187,0.3114892331701424,0.8616353225086983,inner,0.0,True,True,True
TOI-1301.01,TOI-1301,transit,2024,6.096407209,2.477,,4820.0,0.732,0.77,,0.22098313854937995,inner,,False,True,True
TOI-132 b,TOI-132,transit,2020,2.1097019,3.42,22.4,5397.0,0.9,0.97,0.07047837194960796,0.30511196360067805,inner,0.0,True,True,True
TOI-1333 b,TOI-1333,transit,2021,4.720219,15.647764,753.2571,6274.0,1.925,1.464,2.370014913726922,1.3960000000000001,inner,0.0,True,True,True
TOI-1338 b,TOI-1338 A,transit,2020,95.4001,7.661,11.3,5723.2,1.313,1.0936,0.03555382156386474,0.6834686412704077,inner,0.0,True,True,True
TOI-1338 c,TOI-1338 A,radial velocity,2023,215.79,10.3,75.4,5723.2,1.313,1.0936,0.23723523415180542,0.9189044517798198,inner,0.0,True,True,True
TOI-1346 b,TOI-1346,transit,2025,1.7622538,2.39,,5099.0,0.78,0.82,,0.21322151842269607,inner,,False,True,True
TOI-1346 c,TOI-1346,transit,2025,5.502558,2.23,,5099.0,0.78,0.82,,0.19894727451155322,inner,,False,True,True
TOI-1347 b,TOI-1347,transit,2024,0.84742346,1.8,11.1,5464.0,0.83,0.913,0.034924550385743235,0.16058524400035687,inner,0.0,True,True,True
TOI-1347 c,TOI-1347,transit,2024,4.841962,1.6,6.4,5464.0,0.83,0.913,0.020136677699887993,0.14274243911142834,inner,0.0,True,True,True
TOI-1386 b,TOI-1386,transit,2024,25.8401,6.2163865,45.8,5735.0,1.0235,1.0363,0.14410309978982344,0.5545888571683468,inner,0.0,True,True,True
TOI-1386 c,TOI-1386,radial velocity,2024,232.0,10.3,,5735.0,1.0235,1.0363,,0.9189044517798198,inner,,False,True,True
TOI-139 b,TOI-139,transit,2023,11.07085,2.4566,,4570.0,0.7007,0.69,,0.21916317245070924,inner,,False,True,True
TOI-1408 b,TOI-1408,transit,2023,4.42587,25.0,593.0,6117.0,1.53,1.312,1.8657890431302466,2.2303506111160676,inner,0.0,True,True,True
TOI-1408 c,TOI-1408,transit timing variations,2024,2.1664,2.22,7.6,6117.0,1.53,1.312,0.02391230476861699,0.1980551342671068,inner,0.0,True,True,True
TOI-1410 c,TOI-1410,radial velocity,2024,47.56,5.63,,4635.0,0.7558,0.7941,,0.5022749576233384,inner,,False,True,True
TOI-1410.01,TOI-1410,transit,2024,1.21687,3.10083009,12.5,4635.0,0.7558,0.7941,0.03932944863259373,0.2766375314479436,inner,0.0,True,True,True
TOI-1411 b,TOI-1411,transit,2022,1.4520527,1.19880592,2.0,4115.0,0.614,0.6045,0.0062927117812149975,0.10695030065126239,inner,0.2790548585963539,True,True,True
TOI-1416 b,TOI-1416,transit,2023,1.0697568,1.62,3.48,4884.0,0.793,0.798,0.010949318499314095,0.14452671960032118,inner,0.0,True,True,True
TOI-1420 b,TOI-1420,transit,2023,6.9561063,11.89,25.1,5510.0,0.923,0.987,0.07897353285424823,1.0607547506468018,inner,0.0,True,True,True
TOI-1422 b,TOI-1422,transit,2022,12.9972,3.96,9.0,5840.0,1.019,0.981,0.028317203015467488,0.3532875368007851,inner,0.0,True,True,True
TOI-1431 b,TOI-1431,transit,2021,2.650237,16.70138124,991.62462984,7690.0,1.92,1.9,3.1200039953685645,1.489997434204657,inner,0.0,True,True,True
TOI-1437 b,TOI-1437,transit,2024,18.840942,2.24,9.6,6008.0,1.17,1.1,0.030205016549831987,0.19983941475599967,inner,0.0,True,True,True
TOI-1439 b,TOI-1439,transit,2024,27.644,4.2427861,38.5,5841.0,1.6184,1.2313,0.1211347017883887,0.37851602283879027,inner,0.0,True,True,True
TOI-1442 b,TOI-1442,transit,2022,0.4090677,1.17,,3330.0,0.31,0.29,,0.10438040860023196,inner,,False,True,True
TOI-1443 b,TOI-1443,transit,2024,23.540678,2.30381001,30.0,5224.0,0.7511,0.7663,0.09439067671822496,0.20553216254795253,inner,0.0,True,True,True
TOI-1444 b,TOI-1444,transit,2021,0.4702743,1.41792246,3.58,5460.0,0.9105,0.9513,0.011263954088374845,0.12649856900704792,inner,0.0,True,True,True
TOI-1448 b,TOI-1448,transit,2024,8.112245,2.749,19.5,3412.0,0.38,0.372,0.06135393986684622,0.2452493531983228,inner,0.0,True,True,True
TOI-1450 A b,TOI-1450 A,transit,2024,2.0439274,1.13,1.258,3437.0,0.483,0.48,0.003958115710384233,0.10081184762244624,inner,0.7957158841221375,True,True,True
TOI-1450 A c,TOI-1450 A,transit,2024,5.0688,1.13,,3437.0,0.483,0.48,,0.10081184762244624,inner,,False,True,True
TOI-1451 b,TOI-1451,transit,2024,16.537944,2.61143902,15.2,5801.0,1.0162,1.0022,0.04782460953723398,0.2329769845659738,inner,0.0,True,True,True
TOI-1452 b,TOI-1452,transit,2022,11.06201,1.672,4.82,3185.0,0.275,0.249,0.015165435392728145,0.1491658488714426,outer,0.0,True,True,True
TOI-1453 b,TOI-1453,transit,2025,4.3135225,1.173,2.32,4975.0,0.72,0.715,0.007299545666209396,0.10464805067356589,inner,0.05863689258607563,True,True,True
TOI-1453 c,TOI-1453,transit,2025,6.5886982,2.224,2.95,4975.0,0.72,0.715,0.009281749877292121,0.19841199036488538,inner,0.0,True,True,True
TOI-1467 b,TOI-1467,transit,2024,5.97114713,1.92,9.0,3834.0,0.491,0.489,0.028317203015467488,0.17129092693371398,inner,0.0,True,True,True
TOI-1468 b,TOI-1468,transit,2022,1.8805201,1.401,3.04,3376.0,0.3714,0.3527,0.009564921907446795,0.12498884824694442,inner,0.0,True,True,True
TOI-1468 c,TOI-1468,transit,2022,15.532477,2.126,4.1,3376.0,0.3714,0.3527,0.012900059151490744,0.18966901596931038,outer,0.0,True,True,True
TOI-1470 b,TOI-1470,transit,2023,2.527093,2.18,7.32,3709.0,0.469,0.471,0.023031325119246892,0.1944865732893211,inner,0.0,True,True,True
TOI-1470 c,TOI-1470,transit,2023,18.08816,2.47,7.24,3709.0,0.469,0.471,0.02277961664799829,0.2203586403782675,inner,0.0,True,True,True
TOI-1472 b,TOI-1472,transit,2024,6.36381,4.15964583,16.5,5133.0,0.8377,0.9154,0.05191487219502373,0.37109874475867605,inner,0.0,True,True,True
TOI-1478 b,TOI-1478,transit,2021,10.1802117,11.99360935,279.68899816,5597.0,1.048,0.947,0.8800011268988258,1.0699981577303952,inner,0.0,True,True,True
TOI-150.01,TOI-150,transit,2019,5.857487,14.067295,797.7533,6255.0,1.526,1.351,2.510015794706571,1.2550000000000001,inner,0.0,True,True,True
TOI-1516 b,TOI-1516,transit,2022,2.056014,15.24421375,1004.33776612,6520.0,1.14,1.14,3.1600040465912382,1.3599976581318585,inner,0.0,True,True,True
TOI-1518 b,TOI-1518,transit,2021,1.902603,21.01683881,731.0053361,7300.0,1.95,1.79,2.3000029453037496,1.8749967713444553,inner,0.0,True,True,True
TOI-157 b,TOI-157,transit,2020,2.0845435,14.414774,375.0394,5404.0,1.167,0.948,1.180007425399902,1.286,inner,0.0,True,True,True
TOI-1601 b,TOI-1601,transit,2021,5.33175,14.19902343,387.0,5982.0,2.195,1.5055,1.217639729665102,1.2667520233740746,inner,0.0,True,True,True
TOI-163 b,TOI-163,transit,2019,4.231306,16.690201,387.7526,6495.0,1.648,1.4352,1.220007677108373,1.4889999999999999,inner,0.0,True,True,True
TOI-1630.01,TOI-1630,transit,2024,12.055734733,2.417,,5504.0,0.83,0.95,,0.2156302970827014,inner,,False,True,True
TOI-1634 b,TOI-1634,transit,2021,0.9893455,1.773,7.57,3472.0,0.45,0.451,0.023817914091898765,0.1581764653403515,inner,0.0,True,True,True
TOI-1634 c,TOI-1634,radial velocity,2022,103.0,,,3472.0,0.45,0.451,,,outer,,False,False,True
TOI-1659.01,TOI-1659,transit,2024,5.877556328,2.255,,5977.0,1.006,1.1,,0.2011776251226693,inner,,False,True,True
TOI-1669 b,TOI-1669,radial velocity,2023,500.0,14.1,,5497.0,1.0561,0.9867,,1.257917744669462,habitable,,False,True,True
TOI-1669 c,TOI-1669,transit,2024,2.6800535,2.2963977,13.0,5497.0,1.0561,0.9867,0.040902626577897484,0.20487088054242128,inner,0.0,True,True,True
TOI-1670 b,TOI-1670,transit,2022,10.98462,2.06,41.31769291,6170.0,1.316,1.21,0.13000016647369017,0.18378089035596396,inner,0.0,True,True,True
TOI-1670 c,TOI-1670,transit,2022,40.74976,11.06326395,200.23189641,6170.0,1.316,1.21,0.6300008067571139,0.9869983004728343,inner,0.0,True,True,True
TOI-1680 b,TOI-1680,transit,2023,4.8026345,1.466,,3225.0,0.2106,0.1798,,0.1307877598358462,outer,,False,True,True
TOI-1683.01,TOI-1683,transit,2024,3.0575356,2.6382,,4402.0,0.7,0.694661,,0.23536443928985637,inner,,False,True,True
TOI-1685 b,TOI-1685,transit,2021,0.66913924,1.468,3.03,3575.0,0.4555,0.454,0.00953345834854072,0.1309661878847355,inner,0.0,True,True,True
TOI-169 b,TOI-169,transit,2020,2.2554477,12.172974,251.40353,5880.0,1.288,1.147,0.791004977535019,1.086,inner,0.0,True,True,True
TOI-1691 b,TOI-1691,transit,2024,16.736888935,3.66,14.6,5759.0,1.0,1.03,0.04593679600286948,0.3265233294673923,inner,0.0,True,True,True
TOI-1693 b,TOI-1693,transit,2022,1.7666957,1.41,,3499.0,0.46,0.49,,0.1257917744669462,inner,,False,True,True
TOI-1694 b,TOI-1694,transit,2023,3.770107,5.3422266,31.3,5058.0,0.8036,0.853,0.09848093937601471,0.47660153448122045,inner,0.0,True,True,True
TOI-1694 c,TOI-1694,radial velocity,2023,393.1,13.8,,5058.0,0.8036,0.853,,1.2311535373360694,outer,,False,True,True
TOI-1695 b,TOI-1695,transit,2022,3.1342791,1.9,6.36,3690.0,0.515,0.513,0.020010823464263694,0.16950664644482114,inner,0.0,True,True,True
TOI-1696 b,TOI-1696,transit,2022,2.500311,3.09,48.8,3185.0,0.2775,0.255,0.15354216746164592,0.27567133553394596,inner,0.0,True,True,True
TOI-1710 b,TOI-1710,transit,2022,24.283377,5.20315158,22.4,5684.0,0.9574,1.0258,0.07047837194960796,0.4641940922473013,inner,0.0,True,True,True
TOI-1716.01,TOI-1716,transit,2024,8.082376554,3.143,,5879.0,1.24,1.07,,0.280399678829512,inner,,False,True,True
TOI-172 b,TOI-172,transit,2019,9.47725,10.816685,1722.6386,5645.0,1.777,1.128,5.420034106497854,0.965,inner,0.0,True,True,True
TOI-1723 b,TOI-1723,transit,2024,13.727012643,3.435,10.4,5777.0,1.09,1.04,0.03272210126231799,0.3064501739673477,inner,0.0,True,True,True
TOI-1728 b,TOI-1728,transit,2020,3.49151,5.05,26.78,3980.0,0.6243,0.646,0.08425941075046882,0.45053082344544565,inner,0.0,True,True,True
TOI-1736 b,TOI-1736,transit,2023,7.073076,3.18175535,12.3,5636.0,1.4286,1.0373,0.03870017745447223,0.2838571995717727,inner,0.0,True,True,True
TOI-1736 c,TOI-1736,radial velocity,2023,571.25,12.5,2800.0,5636.0,1.4286,1.0373,8.809796493700997,1.1151753055580338,inner,0.0,True,True,True
TOI-1739 b,TOI-1739,transit,2024,8.303341406,1.946,,4814.0,0.781,0.78,,0.1736104915692747,inner,,False,True,True
TOI-1742 b,TOI-1742,transit,2024,21.269084,2.36507598,9.7,5815.0,1.131,1.0861,0.030519652138892735,0.21099794629315727,inner,0.0,True,True,True
TOI-1744.01,TOI-1744,transit,2024,22.341702927,2.68,,6179.0,1.14,1.18,,0.23909358551164245,inner,,False,True,True
TOI-1749 b,TOI-1749,transit,2021,2.38839,1.39,57.0,3985.0,0.55,0.58,0.17934228576462743,0.12400749397805334,inner,0.0,True,True,True
TOI-1749 c,TOI-1749,transit,2021,4.4929,2.12,14.0,3985.0,0.55,0.58,0.04404898246850498,0.18913373182264254,inner,0.0,True,True,True
TOI-1749 d,TOI-1749,transit,2021,9.0497,2.52,15.0,3985.0,0.55,0.58,0.04719533835911248,0.2248193416004996,inner,0.0,True,True,True
TOI-1751 b,TOI-1751,transit,2024,37.46852,2.9507845,19.5,5970.0,1.3137,0.9382,0.06135393986684622,0.2632513605138728,inner,0.0,True,True,True
TOI-1753 b,TOI-1753,transit,2024,5.3846104,2.47852533,16.6,5621.0,0.9715,0.9483,0.05222950778408448,0.22111921937728612,inner,0.0,True,True,True
TOI-1758 b,TOI-1758,transit,2024,20.705074685,3.62,6.9,5169.0,0.81,0.88,0.02170985564519174,0.3229547684896066,inner,0.0,True,True,True
TOI-1759 b,TOI-1759,transit,2022,18.85019,3.14,10.8,4065.0,0.597,0.606,0.033980643618560985,0.2801320367561781,inner,0.0,True,True,True
TOI-1768.01,TOI-1768,transit,2024,7.337703649,3.453,,5994.0,1.1,1.1,,0.30805602640735125,inner,,False,True,True
TOI-1772.01,TOI-1772,transit,2024,8.054246874,2.905,,5583.0,0.995,0.99,,0.259166741011687,inner,,False,True,True
TOI-1775 b,TOI-1775,transit,2024,10.2405549,8.04728896,96.0,5284.0,0.8288,0.9218,0.30205016549831987,0.7179310339905433,inner,0.0,True,True,True
TOI-1776 b,TOI-1776,transit,2024,2.799868,1.21612741,1.4,5785.0,0.9356,0.9196,0.0044048982468504975,0.10849562048354001,inner,0.6785104532389055,True,True,True
TOI-1777.01,TOI-1777,transit,2024,14.650111974,2.246,,5859.0,0.98,1.06,,0.20037469890266751,inner,,False,True,True
TOI-178 b,TOI-178,transit,2021,1.914558,1.152,1.5,4316.0,0.651,0.65,0.004719533835911248,0.10277455616022839,inner,0.6304705695076507,True,True,True
TOI-178 c,TOI-178,transit,2021,3.23845,1.669,4.77,4316.0,0.651,0.65,0.015008117598197767,0.14889820679810867,inner,0.0,True,True,True
TOI-178 d,TOI-178,transit,2021,6.5577,2.572,3.01,4316.0,0.651,0.65,0.00947053123072857,0.22945847087162102,inner,0.0,True,True,True
TOI-178 e,TOI-178,transit,2021,9.961881,2.207,3.86,4316.0,0.651,0.65,0.012144933737744945,0.19689535194932642,inner,0.0,True,True,True
TOI-178 f,TOI-178,transit,2021,15.231915,2.287,7.72,4316.0,0.651,0.65,0.02428986747548989,0.20403247390489784,inner,0.0,True,True,True
TOI-178 g,TOI-178,transit,2021,20.7095,2.87,3.94,4316.0,0.651,0.65,0.012396642208993544,0.2560442501561246,inner,0.0,True,True,True
TOI-1782.01,TOI-1782,transit,2024,4.987641028,2.368,,4336.0,0.669,0.68,,0.2112588098849139,inner,,False,True,True
TOI-1782.02,TOI-1782,transit,2024,1.829024227,1.839,,4336.0,0.669,0.68,,0.16406459095369794,inner,,False,True,True
TOI-1789 b,TOI-1789,transit,2021,3.208664,16.14093221,222.4798849,5991.0,2.168,1.507,0.7000008963967933,1.4399975207422606,inner,0.0,True,True,True
TOI-1794 b,TOI-1794,transit,2024,8.765528,3.29701268,8.7,5631.0,1.3162,0.9698,0.027373296248285234,0.2941397698278169,inner,0.0,True,True,True
TOI-1798.01,TOI-1798,transit,2024,8.021522331,2.448,6.5,5165.0,0.78,0.87,0.020451313288948742,0.21839593184048534,inner,0.0,True,True,True
TOI-1798.02,TOI-1798,transit,2024,0.437811822,1.464,5.6,5165.0,0.78,0.87,0.01761959298740199,0.1306093317869569,inner,0.0,True,True,True
TOI-1799 b,TOI-1799,transit,2024,7.094570865,1.642,4.0,5690.0,0.957,1.01,0.012585423562429995,0.1464894281381033,inner,0.0,True,True,True
TOI-1801 b,TOI-1801,transit,2023,10.64387,2.079,5.738,3863.0,0.547,0.556,0.01805379010030583,0.18547595682041218,inner,0.0,True,True,True
TOI-1803 b,TOI-1803,transit,2025,6.293287,2.99,10.32,4687.0,0.715,0.756,0.032470392791069384,0.2667499330894817,inner,0.0,True,True,True
TOI-1803 c,TOI-1803,transit,2025,12.885779,4.29,8.0,4687.0,0.715,0.756,0.02517084712485999,0.3827281648675172,inner,0.0,True,True,True
TOI-1806.01,TOI-1806,transit,2024,15.1454693,3.4095367,,3272.0,0.401575,0.392935,,0.3041784904987064,habitable,,False,True,True
TOI-1807 b,TOI-1807,transit,2021,0.54937097,1.49681583,2.44,4914.0,0.746,0.8048,0.007677108373082296,0.13353696404674817,inner,0.0,True,True,True
TOI-181 b,TOI-181,transit,2023,4.532,6.9559,46.1687,4994.0,0.745,0.822,0.14526316120669042,0.6205638326344901,inner,0.0,True,True,True
TOI-1811 b,TOI-1811,transit,2023,3.7130765,11.14172682,308.929211604,4766.0,0.769,0.817,0.9720012447109758,0.9939982888750112,inner,0.0,True,True,True
TOI-1820 b,TOI-1820,transit,2022,4.860674,12.778238,731.0053361,5734.0,1.51,1.04,2.3000029453037496,1.1399980372914622,inner,0.0,True,True,True
TOI-1823 b,TOI-1823,transit,2024,38.8,7.5406241,67.4,4927.0,0.8049,0.8414,0.21206438702694544,0.6727294227852618,inner,0.0,True,True,True
TOI-1824 b,TOI-1824,transit,2024,22.808533,2.7438269,16.0,5165.0,0.8123,0.8801,0.05034169424971998,0.24478784012846821,inner,0.0,True,True,True
TOI-1836 b,TOI-1836,transit,2024,20.380799,8.00321222,38.457237247,6380.0,1.577,1.307,0.12100015494858855,0.7139987706307431,inner,0.0,True,True,True
TOI-1836 c,TOI-1836,transit,2024,1.7727471,2.59987579,8.0,6237.0,1.6454,1.2518,0.02517084712485999,0.23194538228209474,inner,0.0,True,True,True
TOI-1842 b,TOI-1842,transit,2021,9.5739181,12.3485023,89.4,6039.0,2.032,1.4643,0.2812842166203104,1.1016595860469265,inner,0.0,True,True,True
TOI-1846 b,TOI-1846,transit,2025,3.9306737,1.792,,3568.0,0.397,0.418,,0.1598715318047997,inner,,False,True,True
TOI-1853 b,TOI-1853,transit,2023,1.2436258,3.46,73.2,4985.0,0.808,0.837,0.2303132511924689,0.30868052457846373,inner,0.0,True,True,True
TOI-1855 b,TOI-1855,transit,2024,1.36414864,18.49481816,360.099585131,5359.0,1.041,0.987,1.1330014508822384,1.6499971594254619,inner,0.0,True,True,True
TOI-1859 b,TOI-1859,transit,2023,63.48347,9.75181321,,6341.0,1.36,1.287,,0.8699985020965296,inner,,False,True,True
TOI-1860 b,TOI-1860,transit,2022,1.0662107,1.31,,5752.0,0.94,0.99,,0.11687037202248195,inner,,False,True,True
TOI-1883 b,TOI-1883,transit,2024,4.50638,5.65,,3477.0,0.494,0.492,,0.5040592381122313,inner,,False,True,True
TOI-1898 b,TOI-1898,transit,2024,45.52234,9.39553231,129.0,6241.0,1.6131,1.2484,0.4058799098883673,0.8382132491747704,inner,0.0,True,True,True
TOI-1899 b,TOI-1899,transit,2020,29.090312,11.09689089,212.94503269,3926.0,0.607,0.632,0.6700008579797879,0.9899982951199928,inner,0.0,True,True,True
TOI-1937 A b,TOI-1937 A,transit,2023,0.94667944,13.97759893,638.83509807,5814.0,1.08,1.072,2.0100025739393637,1.2469978526184315,inner,0.0,True,True,True
TOI-198 b,TOI-198,transit,2023,10.2152,1.44,,3650.0,0.441,0.467,,0.1284681952002855,inner,,False,True,True
TOI-199 b,TOI-199,transit,2023,104.854,9.07927437,54.03082919,5255.0,0.82,0.936,0.1700002176963641,0.809998605584798,inner,0.0,True,True,True
TOI-199 c,TOI-199,transit timing variations,2023,273.69,11.4,88.99195396,5255.0,0.82,0.936,0.28000035855871735,1.0170398786689268,habitable,0.0,True,True,True
TOI-1994 b,TOI-1994,transit,2024,4.0337142,13.67495645,7024.0077947,7700.0,2.3,1.86,22.10002830052733,1.2199978990097244,inner,0.0,True,True,True
TOI-2000 b,TOI-2000,transit,2023,3.09833,2.7,11.0,5611.0,1.134,1.082,0.03460991479668248,0.24087786600053532,inner,0.0,True,True,True
TOI-2000 c,TOI-2000,transit,2023,9.127055,8.14,81.7,5611.0,1.134,1.082,0.25705727626263264,0.7262021589793917,inner,0.0,True,True,True
TOI-2005 b,TOI-2005,transit,2025,17.305904,11.99360935,2034.1018048,7130.0,2.02,1.59,6.400008195627825,1.0699981577303952,inner,0.0,True,True,True
TOI-201 b,TOI-201,transit,2021,52.977946,11.82547464,184.34047606,6394.0,1.339,1.316,0.5800007427287716,1.0549981836024622,inner,0.0,True,True,True
TOI-201 c,TOI-201,transit timing variations,2025,2800.0,11.13051784,4513.1633794,6394.0,1.339,1.316,14.200018184049235,0.9929982906592917,outer,0.0,True,True,True
TOI-2010 b,TOI-2010,transit,2023,141.834025,11.81426566,408.727331402,5929.0,1.079,1.112,1.286001646808966,1.0539981853867428,inner,0.0,True,True,True
TOI-2015 b,TOI-2015,transit,2023,3.348237,3.309,9.2,3297.0,0.3273,0.3041,0.028946474193588985,0.2952092068873227,inner,0.0,True,True,True
TOI-2015 c,TOI-2015,transit timing variations,2025,5.582796,2.93,8.91,3297.0,0.3273,0.3041,0.028034030985312812,0.2613970916228031,habitable,0.0,True,True,True
TOI-2018 b,TOI-2018,transit,2023,7.435583,2.268,9.2,4174.0,0.62,0.57,0.028946474193588985,0.20233740744044962,inner,0.0,True,True,True
TOI-2019 b,TOI-2019,transit,2024,15.3444,5.33275337,34.4,5626.0,1.7457,1.1832,0.10823464263689794,0.47575638950843074,inner,0.0,True,True,True
TOI-2025 b,TOI-2025,transit,2022,8.8720982,11.89272852,1144.1822652,5977.0,1.459,1.199,3.6000046100406515,1.0609981728967794,inner,0.0,True,True,True
TOI-2031 A b,TOI-2031 A,transit,2025,5.71548654,14.20177855,254.2627256,6490.0,1.241,1.174,0.8000010244534781,1.2669978187171025,inner,0.0,True,True,True
TOI-2046 b,TOI-2046,transit,2022,1.4971842,16.14093221,731.0053361,6250.0,1.21,1.13,2.3000029453037496,1.4399975207422606,inner,0.0,True,True,True
TOI-2048 b,TOI-2048,transit,2022,13.79019,2.61,,5185.0,0.79,0.83,,0.23284860380051745,inner,,False,True,True
TOI-206 b,TOI-206,transit,2022,0.7363104,1.3,,3383.0,0.35,0.35,,0.11597823177803551,inner,,False,True,True
TOI-2068 b,TOI-2068,transit,2024,7.768915,1.821,,3710.0,0.535,0.559,,0.16245873851369436,inner,,False,True,True
TOI-2076 b,TOI-2076,transit,2021,10.355235,2.39,16.1,5201.0,0.774,0.883,0.05065632983878073,0.21322151842269607,inner,0.0,True,True,True
TOI-2076 c,TOI-2076,transit,2021,21.015327,3.69441587,55.0,5192.0,0.796,0.8557,0.17304957398341242,0.3295937077348559,inner,0.0,True,True,True
TOI-2076 d,TOI-2076,transit,2021,35.125686,3.43087751,29.0,5192.0,0.796,0.8557,0.09124432082761746,0.3060823900437149,inner,0.0,True,True,True
TOI-2076 e,TOI-2076,transit,2025,3.0223445,1.355,,5192.0,0.796,0.8557,,0.12088500312249086,inner,,False,True,True
TOI-2081 b,TOI-2081,transit,2022,10.50534,2.04,,3800.0,0.534,0.54,,0.1819966098670711,inner,,False,True,True
TOI-2084 b,TOI-2084,transit,2023,6.0784247,2.47,,3551.0,0.475,0.453,,0.2203586403782675,inner,,False,True,True
TOI-2088 b,TOI-2088,transit,2024,124.72997,3.6831179,37.0,5081.0,0.8481,0.9027,0.11641516795247744,0.3285857703631011,inner,0.0,True,True,True
TOI-2095 b,TOI-2095,transit,2023,17.66484,1.25,4.1,3759.0,0.44,0.44,0.012900059151490744,0.11151753055580338,habitable,0.0,True,True,True
TOI-2095 c,TOI-2095,transit,2023,28.17232,1.33,7.4,3759.0,0.44,0.44,0.02328303359049549,0.1186546525113748,habitable,0.0,True,True,True
TOI-2096 b,TOI-2096,transit,2023,3.1190633,1.243,,3300.0,0.235,0.231,,0.11089303238469089,outer,,False,True,True
TOI-2096 c,TOI-2096,transit,2023,6.38784,1.914,,3300.0,0.235,0.231,,0.17075564278704614,outer,,False,True,True
TOI-2107 b,TOI-2107,transit,2024,2.4545467,13.57407563,263.79757781,5627.0,0.932,0.961,0.8300010628704835,1.2109979150682486,inner,0.0,True,True,True
TOI-2109 b,TOI-2109,transit,2021,0.67247414,15.098497,1595.49860314,6540.0,1.698,1.453,5.0200064284455745,1.3469976804353645,inner,0.0,True,True,True
TOI-2120 b,TOI-2120,transit,2024,5.7998164,2.122,6.8,3131.0,0.245,0.211,0.02139522005613099,0.1893121598715318,outer,0.0,True,True,True
TOI-2128 b,TOI-2128,transit,2024,16.34136,2.08874836,4.5,5968.0,1.1174,1.0251,0.014158601507733744,0.18634564724774733,inner,0.0,True,True,True
TOI-2134 b,TOI-2134,transit,2023,9.2292005,2.69,9.13,4580.0,0.709,0.744,0.028726229281246466,0.23998572575608887,inner,0.0,True,True,True
TOI-2134 c,TOI-2134,transit,2023,95.5,7.27,41.89,4580.0,0.709,0.744,0.13180084825754812,0.6485859577125523,inner,0.0,True,True,True
TOI-2136 b,TOI-2136,transit,2022,7.851928,2.19,6.37,3342.0,0.34,0.34,0.020042287023169767,0.1953787135337675,habitable,0.0,True,True,True
TOI-2141 b,TOI-2141,transit,2023,18.26157,3.05,24.0,5659.0,0.98,0.94,0.07551254137457997,0.2721027745561602,inner,0.0,True,True,True
TOI-2145 b,TOI-2145,transit,2023,10.261127,12.41899699,1767.0,6200.0,2.7505,1.7169,5.55961085870345,1.107948701043804,inner,0.0,True,True,True
TOI-2152 A b,TOI-2152,transit,2023,3.3773512,14.35870428,899.45439181,6630.0,1.612,1.516,2.8300036240041786,1.2809977946293156,inner,0.0,True,True,True
TOI-2154 b,TOI-2154,transit,2023,3.8240801,16.28664896,292.40213444,6280.0,1.396,1.233,0.9200011781214997,1.4529974984387546,inner,0.0,True,True,True
TOI-2158 b,TOI-2158,transit,2022,8.60077,10.76062147,260.61929374,5673.0,1.41,1.12,0.8200010500648149,0.9599983468641271,inner,0.0,True,True,True
TOI-216.01,TOI-216,transit,2019,34.525528,10.1,177.98390792,5026.0,0.748,0.77,0.5600007171174347,0.9010616468908913,inner,0.0,True,True,True
TOI-216.02,TOI-216,transit,2019,17.16073,8.0,18.751876013,5026.0,0.748,0.77,0.059000075553444005,0.7137121955571416,inner,0.0,True,True,True
TOI-2169 A b,TOI-2169 A,transit,2025,8.2148282,12.50922246,329.588058059,6270.0,1.82,1.42,1.037001327947821,1.1159980783299135,inner,0.0,True,True,True
TOI-2180 b,TOI-2180,transit,2022,260.79,11.32107051,875.617261285,5695.0,1.636,1.111,2.7550035279616654,1.0099982612186635,inner,0.0,True,True,True
TOI-2184 b,TOI-2184,transit,2022,6.90683,11.39953337,206.58846455,5966.0,2.9,1.53,0.6500008323684509,1.0169982487287001,inner,0.0,True,True,True
TOI-2193 A b,TOI-2193 A,transit,2022,2.1225735,19.83989584,298.75870258,5966.0,1.248,1.082,0.9400012037328366,1.769996952448925,inner,0.0,True,True,True
TOI-2194 b,TOI-2194,transit,2023,15.337597,1.9892,,4756.0,0.6909,0.74,,0.17746453742528326,inner,,False,True,True
TOI-2196 b,TOI-2196,transit,2022,1.1947268,3.51,26.0,5634.0,1.043,1.032,0.08180525315579497,0.31314122580069587,inner,0.0,True,True,True
TOI-220 b,TOI-220,transit,2021,10.695264,3.03,13.8,5298.0,0.858,0.825,0.04341971129038348,0.2703184940672674,inner,0.0,True,True,True
TOI-2202 b,TOI-2202,transit,2021,11.9126075,10.95117414,287.316879928,5169.0,0.808,0.841,0.9040011576324302,0.976998317423499,inner,0.0,True,True,True
TOI-2202 c,TOI-2202,transit timing variations,2021,24.6744,13.4,117.278682183,5144.0,0.794,0.823,0.36900047252916673,1.1954679275582123,inner,0.0,True,True,True
TOI-2207 b,TOI-2207,transit,2022,8.001968,11.1529358,203.41018048,6101.0,1.564,1.296,0.6400008195627824,0.9949982870907307,inner,0.0,True,True,True
TOI-2211.01,TOI-2211,transit,2024,3.092686757,1.561,,5253.0,0.834,0.9,,0.13926309215808724,inner,,False,True,True
TOI-2236 b,TOI-2236,transit,2022,3.5315902,14.36991326,502.16888306,6248.0,1.573,1.343,1.5800020232956191,1.2819977928450352,inner,0.0,True,True,True
TOI-2257 b,TOI-2257,transit,2021,35.189346,2.194,,3430.0,0.313,0.328,,0.1957355696315461,outer,,False,True,True
TOI-2260 b,TOI-2260,transit,2022,0.3524728,1.62,,5534.0,0.94,0.99,,0.14452671960032118,inner,,False,True,True
TOI-2266 b,TOI-2266,transit,2024,2.326318,1.54,,3200.0,0.24,0.23,,0.13738959764474976,habitable,,False,True,True
TOI-2274 b,TOI-2274,transit,2024,2.67963,2.45,,3943.0,0.631,0.612,,0.21857435988937463,inner,,False,True,True
TOI-2285 b,TOI-2285,transit,2021,13.635109,1.77,19.5,3491.0,0.464,0.454,0.06135393986684622,0.15790882326701758,inner,0.0,True,True,True
TOI-2295 b,TOI-2295,transit,2024,30.033302,16.47720163,278.099856125,5730.0,1.459,1.168,0.8750011204959915,1.4699974689981266,inner,0.0,True,True,True
TOI-2295 c,TOI-2295,radial velocity,2024,966.5,12.8,,5730.0,1.459,1.168,,1.1419395128914267,habitable,,False,True,True
TOI-2328 b,TOI-2328,transit,2025,17.10197,9.97599282,50.85254512,5525.0,0.9,0.95,0.1600002048906956,0.8899984673030601,inner,0.0,True,True,True
TOI-2337 b,TOI-2337,transit,2022,2.99432,10.08808263,508.5254512,4780.0,3.22,1.325,1.6000020489069562,0.8999984503523955,inner,0.0,True,True,True
TOI-2338 b,TOI-2338,transit,2023,22.65398,11.2089807,1900.61387386,5581.0,1.05,0.99,5.9800076577897485,0.9999982781693282,inner,0.0,True,True,True
TOI-2346 b,TOI-2346,transit,2025,3.3312029,16.11851425,394.10722468,6480.0,1.38,1.271,1.240001587902891,1.4379975243108218,inner,0.0,True,True,True
TOI-2364 b,TOI-2364,transit,2023,4.0197517,8.60849718,71.511391575,5306.0,0.886,0.954,0.22500028812754072,0.7679986778481578,inner,0.0,True,True,True
TOI-2368 b,TOI-2368,transit,2024,5.1750073,10.83908434,206.58846455,5360.0,0.846,0.897,0.6500008323684509,0.9669983352663039,inner,0.0,True,True,True
TOI-237 b,TOI-237,transit,2020,5.436098,1.44,,3212.0,0.211,0.179,,0.1284681952002855,outer,,False,True,True
TOI-2373 b,TOI-2373,transit,2023,13.33668,10.42435205,2955.8041851,5651.0,1.102,1.041,9.300011909271682,0.9299983986082612,inner,0.0,True,True,True
TOI-2374 b,TOI-2374,transit,2024,4.31361,6.81,56.64,4802.0,0.69,0.75,0.17820959764400873,0.6075475064680168,inner,0.0,True,True,True
TOI-2379 b,TOI-2379,transit,2024,5.4693827,11.72459381,1830.69162432,3707.0,0.622,0.645,5.760007376065042,1.0459981987688465,inner,0.0,True,True,True
TOI-238 b,TOI-238,transit,2024,1.273114,1.612,3.4,5080.0,0.75,0.788,0.010697610028065496,0.14381300740476405,inner,0.0,True,True,True
TOI-238 c,TOI-238,radial velocity,2024,8.465651,2.18,6.7,5059.0,0.733,0.79,0.021080584467070243,0.1944865732893211,inner,0.0,True,True,True
TOI-2382 b,TOI-2382,transit,2025,4.6612061,12.25141591,235.19302118,6033.0,1.417,1.26,0.7400009476194671,1.0929981184762245,inner,0.0,True,True,True
TOI-2384 b,TOI-2384,transit,2024,2.13570304,11.48920522,624.850648162,3943.0,0.6113,0.635,1.9660025175944222,1.0249982353465965,inner,0.0,True,True,True
TOI-2406 b,TOI-2406,transit,2021,3.0766891,2.86,15.6,3100.0,0.204,0.166,0.04908315189347698,0.25515210991167814,outer,0.0,True,True,True
TOI-2407 b,TOI-2407,transit,2025,2.702969,4.26,,3530.0,0.567,0.548,,0.38005174413417786,inner,,False,True,True
TOI-2411 b,TOI-2411,transit,2022,0.7826942,1.68,,4099.0,0.68,0.65,,0.14987956106699973,inner,,False,True,True
TOI-2416 b,TOI-2416,transit,2023,8.275479,9.86390302,953.485221,5808.0,1.236,1.118,3.0000038417005426,0.879998485145865,inner,0.0,True,True,True
TOI-2420 b,TOI-2420,transit,2024,5.842641,15.02003414,294.626933289,5707.0,2.369,1.158,0.9270011870854677,1.3399976929253279,inner,0.0,True,True,True
TOI-2421 b,TOI-2421,transit,2022,4.3474032,10.36830715,105.836859531,5607.0,1.75,1.131,0.33300042642876027,0.9249984075296637,inner,0.0,True,True,True
TOI-2427 b,TOI-2427,transit,2022,1.3060011,1.8,,4072.0,0.65,0.64,,0.16058524400035687,inner,,False,True,True
TOI-244 b,TOI-244,transit,2023,7.397225,1.52,2.68,3433.0,0.426,0.428,0.008432233786828097,0.1356053171558569,inner,0.0,True,True,True
TOI-2443 b,TOI-2443,transit,2023,15.66858,2.363,4.8,4375.0,0.631,0.642,0.015102508274915993,0.2108127397626907,inner,0.0,True,True,True
TOI-2445 b,TOI-2445,transit,2022,0.3711281,1.25,,3333.0,0.27,0.25,,0.11151753055580338,inner,,False,True,True
TOI-2447 b,TOI-2447,transit,2024,69.33684,9.60609646,124.906563951,5730.0,1.006,1.034,0.3930005032627711,0.8569985244000357,inner,0.0,True,True,True
TOI-2458 b,TOI-2458,transit,2024,3.73659,2.83,13.31,6005.0,1.31,1.05,0.04187799690398581,0.25247568917833885,inner,0.0,True,True,True
TOI-2458 c,TOI-2458,radial velocity,2024,16.553,3.18,,6005.0,1.31,1.05,,0.2837005977339638,inner,,False,True,True
TOI-2459 b,TOI-2459,transit,2023,19.104718,2.9531,,4195.0,0.6751,0.66,,0.2634579355874744,inner,,False,True,True
TOI-2485 b,TOI-2485,transit,2024,11.23479,12.1393261,766.602117684,6016.4,1.72,1.163,2.412003088727236,1.0829981354268892,inner,0.0,True,True,True
TOI-2497 b,TOI-2497,transit,2023,10.655669,11.14172682,1531.93292174,7360.0,2.36,1.859,4.820006172332205,0.9939982888750112,inner,0.0,True,True,True
TOI-2498 b,TOI-2498,transit,2023,3.738252,6.06,34.62,5905.0,1.26,1.12,0.1089268409328316,0.5406369881345348,inner,0.0,True,True,True
TOI-251 b,TOI-251,transit,2021,4.93777,2.74,317.83,5875.0,0.881,1.036,1.0000062927117812,0.24444642697832103,inner,0.0,True,True,True
TOI-2524 b,TOI-2524,transit,2023,7.18585,11.2089807,203.41018048,5831.0,1.119,1.007,0.6400008195627824,0.9999982781693282,inner,0.0,True,True,True
TOI-2525 b,TOI-2525,transit,2023,23.2856,8.67575106,26.697586188,5096.0,0.785,0.849,0.0840001075676152,0.7739986671424748,inner,0.0,True,True,True
TOI-2525 c,TOI-2525,transit,2023,49.2519,10.13291855,208.813263399,5096.0,0.785,0.849,0.6570008413324189,0.9039984432152735,inner,0.0,True,True,True
TOI-2529 b,TOI-2529,transit,2024,64.5949,11.54525012,743.71847238,5802.0,1.7,1.11,2.3400029965264233,1.0299982264251941,inner,0.0,True,True,True
TOI-2537 b,TOI-2537,transit,2024,94.1022,11.25381662,415.401727949,4870.0,0.771,0.771,1.3070016737008698,1.0039982710322064,inner,0.0,True,True,True
TOI-2537 c,TOI-2537,radial velocity,2024,1920.0,12.7,,4870.0,0.771,0.771,,1.1330181104469623,outer,,False,True,True
TOI-2545 b,TOI-2545,transit,2022,7.994037,2.75,,5846.29,1.25324,1.055,,0.24533856722276742,inner,,False,True,True
TOI-2567 b,TOI-2567,transit,2022,5.983944,10.92875618,63.883509807,5611.0,1.686,1.13,0.20100025739393637,0.9749983209920601,inner,0.0,True,True,True
TOI-257 b,TOI-257,transit,2021,18.38818,7.16253867,43.860320166,6095.0,1.867,1.407,0.13800017671822495,0.6389988999910786,inner,0.0,True,True,True
TOI-2570 b,TOI-2570,transit,2022,2.9887615,13.64132951,260.61929374,5771.0,1.095,1.063,0.8200010500648149,1.2169979043625658,inner,0.0,True,True,True
TOI-2580 b,TOI-2580,transit,2024,3.39775,17.37392009,200.23189641,6120.0,1.81,1.33,0.6300008067571139,1.5499973316085287,inner,0.0,True,True,True
TOI-2583 A b,TOI-2583 A,transit,2023,4.5207265,14.4595851,79.45710175,5936.0,1.477,1.215,0.2500003201417119,1.2899977785707915,inner,0.0,True,True,True
TOI-2587 A b,TOI-2587 A,transit,2023,5.45664,12.07207221,69.286592726,5760.0,1.726,1.15,0.21800027916357276,1.0769981452404318,inner,0.0,True,True,True
TOI-2589 b,TOI-2589,transit,2023,61.6277,12.10569916,1112.3994245,5579.0,1.07,0.93,3.500004481983966,1.0799981407797306,inner,0.0,True,True,True
TOI-260 b,TOI-260,transit,2024,13.475853,1.71,4.23,4026.0,0.607,0.616,0.01330908541726972,0.15255598180033902,inner,0.0,True,True,True
TOI-261.01,TOI-261,transit,2024,3.3639254,3.0449863,,5890.3,1.28018,0.496728,,0.27165548220180213,inner,,False,True,True
TOI-262 b,TOI-262,transit,2023,11.14529,2.07,,5310.0,0.853,0.913,,0.18467303060041038,inner,,False,True,True
TOI-2641 b,TOI-2641,transit,2023,4.880974,18.10250383,122.681765102,6100.0,1.336,1.16,0.3860004942988032,1.6149972191988582,inner,0.0,True,True,True
TOI-2669 b,TOI-2669,transit,2022,6.2034,19.72780603,193.87532827,4800.0,4.1,1.19,0.610000781145777,1.7599969693995896,inner,0.0,True,True,True
TOI-269 b,TOI-269,transit,2021,3.6977104,2.77,8.8,3514.0,0.398,0.3917,0.02768793183734599,0.2471228477116603,inner,0.0,True,True,True
TOI-270 b,TOI-270,transit,2019,3.3601538,1.206,1.58,3506.0,0.378,0.386,0.004971242307159848,0.10759211348023909,inner,0.5647782174568924,True,True,True
TOI-270 c,TOI-270,transit,2019,5.6605731,2.355,6.15,3506.0,0.378,0.386,0.019350088727236116,0.21009902756713356,inner,0.0,True,True,True
TOI-270 d,TOI-270,transit,2019,11.379573,2.133,4.78,3506.0,0.378,0.386,0.015039581157103844,0.1902935141404229,habitable,0.0,True,True,True
TOI-2714 b,TOI-2714,transit,2024,2.499387,13.72,228.0,5665.0,1.25,1.07,0.7173691430585097,1.224016415380498,inner,0.0,True,True,True
TOI-2719 b,TOI-2719,transit,2025,3.37594,5.98,,5762.0,1.69,1.02,,0.5334998661789634,inner,,False,True,True
TOI-2768 b,TOI-2768,transit,2024,1.50801,2.63,,4008.0,0.657,0.63,,0.2346328842894103,inner,,False,True,True
TOI-277 b,TOI-277,transit,2022,3.994,2.65,,4031.0,0.362,0.16,,0.23641716477830316,outer,,False,True,True
TOI-2796 b,TOI-2796,transit,2023,4.8084983,17.26183028,139.84449908,5764.0,1.069,1.063,0.4400005634494129,1.5399973485591938,inner,0.0,True,True,True
TOI-2803 A b,TOI-2803 A,transit,2023,1.96229325,18.11371281,309.882696825,6280.0,1.245,1.118,0.9750012485526763,1.6159972174145776,inner,0.0,True,True,True
TOI-2818 b,TOI-2818,transit,2023,4.039709,15.27784069,225.65816897,5721.0,1.229,0.977,0.7100009092024617,1.3629976527790169,inner,0.0,True,True,True
TOI-2842 b,TOI-2842,transit,2023,3.5514058,12.84549188,117.59651059,5910.0,1.265,1.135,0.37000047380973355,1.1459980265857794,inner,0.0,True,True,True
TOI-286 b,TOI-286,transit,2024,4.5117244,1.42,4.53,5152.0,0.78,0.832,0.01425299218445197,0.12668391471139262,inner,0.0,True,True,True
TOI-286 c,TOI-286,transit,2024,39.361826,1.88,3.72,5152.0,0.78,0.832,0.011704443913059895,0.16772236595592827,inner,0.0,True,True,True
TOI-2876 b,TOI-2876,transit,2025,6.2996431,9.6397234,54.03082919,5271.0,0.873,0.939,0.1700002176963641,0.8599985190471942,inner,0.0,True,True,True
TOI-2886 b,TOI-2886,transit,2025,1.60200105,18.6405349,444.9597698,6240.0,1.241,1.229,1.4000017927935866,1.6629971362298153,inner,0.0,True,True,True
TOI-2969 b,TOI-2969,transit,2025,1.8237146,12.32987877,368.68095212,4738.0,0.7,0.71,1.1600014854575431,1.0999981059862611,inner,0.0,True,True,True
TOI-2977 b,TOI-2977,transit,2023,2.3505614,13.15934334,533.95172376,5691.0,1.073,0.936,1.680002151352304,1.1739979784102061,inner,0.0,True,True,True
TOI-2981 b,TOI-2981,transit,2024,3.601501,13.4,638.0,5940.0,1.08,1.03,2.007375058207584,1.1954679275582123,inner,0.0,True,True,True
TOI-2986 b,TOI-2986,transit,2025,3.2783662,9.292245,96.619835728,5906.0,1.458,1.122,0.30400038929232165,0.8289985725756088,inner,0.0,True,True,True
TOI-2989 b,TOI-2989,transit,2025,3.122832,12.55405838,953.485221,4672.0,0.76,0.77,3.0000038417005426,1.1199980711927917,inner,0.0,True,True,True
TOI-2992 b,TOI-2992,transit,2025,3.007812,13.75341932,1058.36859531,6000.0,1.545,1.21,3.3300042642876027,1.2269978874119012,inner,0.0,True,True,True
TOI-3023 b,TOI-3023,transit,2023,3.9014971,16.43236571,197.05361234,5760.0,1.668,1.12,0.6200007939514455,1.4659974761352483,inner,0.0,True,True,True
TOI-3071 b,TOI-3071,transit,2024,1.266938,7.16,68.2,6177.0,1.31,1.29,0.21458147173943143,0.6387724150236418,inner,0.0,True,True,True
TOI-3082 b,TOI-3082,transit,2023,1.926907,3.6621,,4263.0,0.6847,0.664,,0.32671067891872607,inner,,False,True,True
TOI-3135 b,TOI-3135,transit,2025,3.7065585,13.65253849,327.36325921,5890.0,0.985,1.044,1.030001318983853,1.2179979025782852,inner,0.0,True,True,True
TOI-3160 A b,TOI-3160 A,transit,2025,3.971281,13.7646283,378.21580433,6190.0,1.346,1.088,1.1900015238745487,1.2279978856276208,inner,0.0,True,True,True
TOI-3235 b,TOI-3235,transit,2023,2.59261842,11.39953337,211.355890655,3388.8,0.3697,0.3939,0.6650008515769537,1.0169982487287001,inner,0.0,True,True,True
TOI-3261 b,TOI-3261,transit,2024,0.8831331,3.82,30.3,5068.0,0.849,0.861,0.09533458348540721,0.3407975733785351,inner,0.0,True,True,True
TOI-329 b,TOI-329,transit,2024,5.70439,4.94057819,40.4,5614.0,1.5326,1.0678,0.12711277798054293,0.4407688634133286,inner,0.0,True,True,True
TOI-332 b,TOI-332,transit,2023,0.777038,3.2,57.2,5251.0,0.87,0.88,0.17997155694274894,0.2854848782228567,inner,0.0,True,True,True
TOI-3321 b,TOI-3321,transit,2024,3.6525145,15.55806521,176.076937478,5850.0,1.549,1.041,0.5540007094340336,1.3879976099562852,inner,0.0,True,True,True
TOI-3331 A b,TOI-3331 A,transit,2022,2.0180231,12.97999965,721.47048389,5609.0,0.952,1.016,2.2700029068867438,1.1579980060665538,inner,0.0,True,True,True
TOI-3353.01,TOI-3353,transit,2024,4.6657965,2.6667555,,6365.0,1.0207,1.332089,,0.23791199036488536,inner,,False,True,True
TOI-3362 b,TOI-3362,transit,2021,18.09547,12.80065596,1598.359058803,6532.0,1.83,1.445,5.029006439970676,1.1419980337229012,inner,0.0,True,True,True
TOI-3364 b,TOI-3364,transit,2023,5.8768918,12.22899794,530.77343969,5706.0,1.419,1.186,1.6700021385466355,1.0909981211526452,inner,0.0,True,True,True
TOI-3464 b,TOI-3464,transit,2025,3.6515568,13.7646283,397.28550875,6370.0,1.56,1.363,1.2500016007085595,1.2279978856276208,inner,0.0,True,True,True
TOI-3474 b,TOI-3474,transit,2025,3.8795105,14.67255574,193.87532827,6020.0,1.256,1.121,0.610000781145777,1.3089977464537426,inner,0.0,True,True,True
TOI-3486 b,TOI-3486,transit,2025,2.21778105,10.5700688,99.162462984,4930.0,0.788,0.837,0.31200039953685643,0.9429983763047551,inner,0.0,True,True,True
TOI-3493 b,TOI-3493,transit,2025,8.1594667,3.22,8.97,5844.0,1.228,1.023,0.028222812338749265,0.2872691587117495,inner,0.0,True,True,True
TOI-3523 A b,TOI-3523 A,transit,2025,2.30458952,15.9727975,435.42491759,6450.0,1.448,1.131,1.3700017543765812,1.4249975466143279,inner,0.0,True,True,True
TOI-3540 A b,TOI-3540 A,transit,2022,3.119999,23.53885947,375.03752026,5810.0,1.228,1.081,1.1800015110688802,2.099996384155589,inner,0.0,True,True,True
TOI-3568 b,TOI-3568,transit,2024,4.417965,5.3,26.4,4969.0,0.719,0.78,0.08306379551203796,0.4728343295566063,inner,0.0,True,True,True
TOI-3593 b,TOI-3593,transit,2025,3.8212867,11.02963701,565.73456446,5550.0,0.918,1.015,1.7800022794089887,0.9839983058256758,inner,0.0,True,True,True
TOI-3629 b,TOI-3629,transit,2022,3.936551,8.29464572,82.63538582,3870.0,0.6,0.63,0.26000033294738034,0.739998726023731,inner,0.0,True,True,True
TOI-3682 b,TOI-3682,transit,2025,3.3462406,12.80065596,69.286592726,5703.0,1.735,1.32,0.21800027916357276,1.1419980337229012,inner,0.0,True,True,True
TOI-3688 A b,TOI-3688 A,transit,2023,3.246075,13.08088048,311.47183886,5950.0,1.302,1.199,0.9800012549555106,1.1669979909001695,inner,0.0,True,True,True
TOI-3693 b,TOI-3693,transit,2022,9.088516,12.59889431,324.18497514,5321.0,0.791,0.867,1.0200013061781845,1.1239980649478098,inner,0.0,True,True,True
TOI-3714 b,TOI-3714,transit,2022,2.154849,11.32107051,222.4798849,3660.0,0.51,0.53,0.7000008963967933,1.0099982612186635,inner,0.0,True,True,True
TOI-3757 b,TOI-3757,transit,2022,3.438753,12.0,85.3,3913.0,0.62,0.64,0.2683841574688196,1.0705682933357124,inner,0.0,True,True,True
TOI-3785 b,TOI-3785,transit,2023,4.6747373,5.14,14.95,3576.0,0.5,0.52,0.0470380205645821,0.45856008564546347,inner,0.0,True,True,True
TOI-3807 b,TOI-3807,transit,2023,2.8989727,18.49481816,330.54154328,5772.0,1.468,1.181,1.0400013317895214,1.6499971594254619,inner,0.0,True,True,True
TOI-3819 b,TOI-3819,transit,2023,3.2443141,13.13692538,352.78953177,5859.0,1.538,1.242,1.1100014214292009,1.171997981978767,inner,0.0,True,True,True
TOI-3837 b,TOI-3837,transit,2025,11.88865,10.87271128,187.51876013,5905.0,1.2,0.89,0.5900007555344401,0.9699983299134625,inner,0.0,True,True,True
TOI-3856 b,TOI-3856,transit,2025,2.04360352,13.59649359,171.62733978,5622.0,1.055,1.096,0.5400006915060976,1.2129979114996878,inner,0.0,True,True,True
TOI-3877 b,TOI-3877,transit,2025,4.123596,11.67975789,99.798119798,5731.0,1.445,1.16,0.31400040209799013,1.0419982059059685,inner,0.0,True,True,True
TOI-3884 b,TOI-3884,transit,2022,4.5445828,6.43,32.59,3180.0,0.302,0.298,0.10253973847489839,0.5736461771790525,habitable,0.0,True,True,True
TOI-3894 b,TOI-3894,transit,2024,4.33454,15.27784069,260.61929374,6000.0,1.502,1.138,0.8200010500648149,1.3629976527790169,inner,0.0,True,True,True
TOI-3912 b,TOI-3912,transit,2023,3.4936264,14.28024141,129.038333242,5725.0,1.392,1.088,0.4060005199101401,1.2739978062271389,inner,0.0,True,True,True
TOI-3919 b,TOI-3919,transit,2024,7.433234,12.31866979,1233.17421916,6100.0,1.319,1.208,3.8800049685993683,1.0989981077705415,inner,0.0,True,True,True
TOI-3976 A b,TOI-3976 A,transit,2023,6.607662,12.27383387,55.619971225,5975.0,1.501,1.254,0.17500022409919833,1.0949981149076635,inner,0.0,True,True,True
TOI-3980 b,TOI-3980,transit,2025,3.6089254,14.4595851,187.51876013,5840.0,1.626,1.24,0.5900007555344401,1.2899977785707915,inner,0.0,True,True,True
TOI-3984 A b,TOI-3984 A,transit,2023,4.353326,7.9,44.0,3476.0,0.47,0.49,0.13843965918672993,0.7047907931126773,inner,0.0,True,True,True
TOI-4010 b,TOI-4010,transit,2023,1.348335,3.02,11.0,4960.0,0.83,0.88,0.03460991479668248,0.269426353822821,inner,0.0,True,True,True
TOI-4010 c,TOI-4010,transit,2023,5.414654,5.93,20.31,4960.0,0.83,0.88,0.06390248813823829,0.5290391649567312,inner,0.0,True,True,True
TOI-4010 d,TOI-4010,transit,2023,14.70886,6.18,38.15,4960.0,0.83,0.88,0.12003347722667607,0.5513426710678919,inner,0.0,True,True,True
TOI-4010 e,TOI-4010,radial velocity,2023,762.0,13.3,,4960.0,0.83,0.88,,1.186546525113748,outer,,False,True,True
TOI-406 c,TOI-406,transit,2024,3.307441,1.32,2.08,3392.0,0.41,0.408,0.006544420252463597,0.11776251226692837,inner,0.2035076899304049,True,True,True
TOI-406.01,TOI-406,transit,2024,13.175682,2.08,6.57,3392.0,0.41,0.408,0.020671558201291268,0.18556517084485682,inner,0.0,True,True,True
TOI-4087 b,TOI-4087,transit,2023,3.1774835,13.04725353,232.01473711,6060.0,1.112,1.178,0.7300009348137987,1.1639979953608708,inner,0.0,True,True,True
TOI-411 b,HD 22946,transit,2022,4.040295,1.362,13.71,6169.0,1.117,1.098,0.04313653926022881,0.12150950129360337,inner,0.0,True,True,True
TOI-411 c,HD 22946,transit,2022,9.573083,2.328,9.72,6169.0,1.117,1.098,0.03058257925670489,0.2076902489071282,inner,0.0,True,True,True
TOI-4127 b,TOI-4127,transit,2023,56.39879,12.28504285,731.0053361,6096.0,1.293,1.23,2.3000029453037496,1.0959981131233831,inner,0.0,True,True,True
TOI-4137 b,TOI-4137,transit,2022,3.8016122,13.57407563,457.67290608,6202.0,1.438,1.313,1.4400018440162605,1.2109979150682486,inner,0.0,True,True,True
TOI-4145 A b,TOI-4145 A,transit,2023,4.0664428,13.30506009,136.66621501,5281.0,0.859,0.905,0.43000055064374443,1.1869979561067,inner,0.0,True,True,True
TOI-4153 b,TOI-4153,transit,2024,4.6174141,16.11851425,365.50266805,6860.0,1.605,1.572,1.1500014726518748,1.4379975243108218,inner,0.0,True,True,True
TOI-4155 b,TOI-4155,transit,2025,3.320729,3.21,,5724.0,0.95,1.16,,0.28637701846730307,inner,,False,True,True
TOI-4184 b,TOI-4184,transit,2023,4.9019804,2.43,,3238.0,0.2347,0.2109,,0.21679007940048178,outer,,False,True,True
TOI-4201 b,TOI-4201,transit,2023,3.5819194,13.67495645,788.21444936,3794.0,0.63,0.61,2.480003175805782,1.2199978990097244,inner,0.0,True,True,True
TOI-421 b,TOI-421,transit,2020,5.197576,2.64,6.7,5291.0,0.866,0.833,0.021080584467070243,0.23552502453385674,inner,0.0,True,True,True
TOI-421 c,TOI-421,transit,2020,16.067541,5.09,14.1,5291.0,0.866,0.833,0.04436361805756573,0.45409938442323133,inner,0.0,True,True,True
TOI-4214 b,TOI-4214,transit,2025,3.4913885,10.68215861,165.27077164,6370.0,1.434,1.382,0.5200006658947607,0.9529983593540905,inner,0.0,True,True,True
TOI-4308 b,TOI-4308,transit,2023,9.151201,2.4189,,5243.0,0.7934,0.9,,0.2157998037291462,inner,,False,True,True
TOI-431 b,TOI-431,transit,2021,0.490047,1.28,3.07,4850.0,0.731,0.78,0.00965931258416502,0.11419395128914266,inner,0.0,True,True,True
TOI-431 c,TOI-431,radial velocity,2021,4.8494,1.49,,4850.0,0.731,0.78,,0.13292889642251762,inner,,False,True,True
TOI-431 d,TOI-431,transit,2021,12.46103,3.29,9.9,4850.0,0.731,0.78,0.031148923317014236,0.2935141404228745,inner,0.0,True,True,True
TOI-4329 b,TOI-4329,transit,2022,2.9223,16.81347105,143.02278315,6000.0,2.31,1.538,0.45000057625508144,1.4999974172539925,inner,0.0,True,True,True
TOI-4336 A b,TOI-4336 A,transit,2024,16.336334,2.12,,3298.0,0.328,0.331,,0.18913373182264254,outer,,False,True,True
TOI-4342 b,TOI-4342,transit,2023,5.5382498,2.266,,3901.0,0.599,0.6296,,0.20215897939156036,inner,,False,True,True
TOI-4342 c,TOI-4342,transit,2023,10.688716,2.415,,3901.0,0.599,0.6296,,0.21545186903381214,inner,,False,True,True
TOI-4364 b,TOI-4364,transit,2025,5.424019,2.01,,3528.0,0.4684,0.487,,0.17932018913373182,inner,,False,True,True
TOI-4377 b,TOI-4377,transit,2023,4.378081,15.10970598,304.161785499,4974.0,3.52,1.36,0.9570012255024731,1.3479976786510839,inner,0.0,True,True,True
TOI-4379 b,TOI-4379,transit,2024,3.25352,16.69017226,353.743016991,6020.0,1.976,1.372,1.1130014252709013,1.4889974359889375,inner,0.0,True,True,True
TOI-4406 b,TOI-4406,transit,2023,30.08364,11.2089807,95.3485221,6219.0,1.29,1.19,0.30000038417005426,0.9999982781693282,inner,0.0,True,True,True
TOI-4438 b,TOI-4438,transit,2024,7.44628,2.52,5.4,3422.0,0.372,0.368,0.016990321809280493,0.2248193416004996,inner,0.0,True,True,True
TOI-444 b,TOI-444,transit,2023,17.9636,2.77,,5225.0,0.779,0.96,,0.2471228477116603,inner,,False,True,True
TOI-4443.01,TOI-4443,transit,2024,1.8498567,1.7193265,,5834.0,1.01733,1.049133,,0.15338803639932197,inner,,False,True,True
TOI-4463 A b,TOI-4463 A,transit,2023,2.8807198,13.26022417,252.355755158,5640.0,1.062,1.056,0.794001016770077,1.1829979632438221,inner,0.0,True,True,True
TOI-4465 b,TOI-4465,transit,2025,101.94054,14.01122587,1872.00931723,5545.0,1.014,0.93,5.890007542538732,1.2499978472655902,inner,0.0,True,True,True
TOI-4479 b,TOI-4479,transit,2022,1.1589,2.82,,3400.0,0.451,0.452,,0.2515835489338924,inner,,False,True,True
TOI-4487 A b,TOI-4487 A,transit,2025,3.9540709,14.60530185,397.28550875,6206.0,1.634,1.378,1.2500016007085595,1.3029977562672852,inner,0.0,True,True,True
TOI-4495.01,TOI-4495,transit,2024,5.1830043,3.63045,,6156.0,1.34,1.168817,,0.3238870550450531,inner,,False,True,True
TOI-4504 b,TOI-4504,transit,2024,2.42614,2.691,,5315.0,0.92,0.89,,0.2400749397805335,inner,,False,True,True
TOI-4504 c,TOI-4504,transit,2024,82.97213,11.09689089,1197.3231748504,5315.0,0.92,0.89,3.767204824151428,0.9899982951199928,inner,0.0,True,True,True
TOI-4504 d,TOI-4504,transit timing variations,2024,40.5634,13.6,450.2357213562,5315.0,0.92,0.89,1.4166018140509962,1.2133107324471406,inner,0.0,True,True,True
TOI-451 b,TOI-451,transit,2020,1.858703,1.91,,5550.0,0.879,0.95,,0.17039878668926756,inner,,False,True,True
TOI-451 c,TOI-451,transit,2020,9.192522,3.1,,5550.0,0.879,0.95,,0.27656347577839235,inner,,False,True,True
TOI-451 d,TOI-451,transit,2020,16.364988,4.07,,5550.0,0.879,0.95,,0.36310107948969583,inner,,False,True,True
TOI-4515 b,TOI-4515,transit,2024,15.266446,12.17,637.0,5433.0,0.86,0.949,2.0042287023169765,1.0857346774913017,inner,0.0,True,True,True
TOI-4527.01,TOI-4527,transit,2024,0.3994445,0.9086617,,3702.0,0.485948,0.483901,,0.0810653671157106,inner,,False,True,True
TOI-4551 b,TOI-4551,transit,2023,9.95581,11.85910158,473.56432643,4896.0,3.55,1.31,1.4900019080446028,1.057998178249621,inner,0.0,True,True,True
TOI-4559 b,TOI-4559,transit,2024,3.965991,1.415,,3558.0,0.374,0.392,,0.12623784458916942,inner,,False,True,True
TOI-4562 b,TOI-4562,transit,2023,225.1064,12.53,732.0,6096.0,1.152,1.192,2.303132511924689,1.117851726291373,inner,0.0,True,True,True
TOI-4562 c,TOI-4562,transit timing variations,2024,3990.0,12.8,1833.86990839,6096.0,1.152,1.192,5.77000738887071,1.1419395128914267,outer,0.0,True,True,True
TOI-4582 b,TOI-4582,transit,2023,31.034,10.53644186,168.44905571,5190.0,2.5,1.34,0.5300006787004292,0.9399983816575966,inner,0.0,True,True,True
TOI-4600 b,TOI-4600,transit,2023,82.6869,6.8,959.84178914,5170.0,0.81,0.89,3.0200038673118796,0.6066553662235703,inner,0.0,True,True,True
TOI-4600 c,TOI-4600,transit,2023,482.8191,9.42,2946.26933289,5170.0,0.81,0.89,9.270011870854677,0.8403961102685342,outer,0.0,True,True,True
TOI-4602.01,TOI-4602,transit,2024,3.9812091,2.550449,,6011.9,1.15664,1.116795,,0.22753581943081452,inner,,False,True,True
TOI-4603 b,TOI-4603,transit,2023,7.24599,11.67975789,4096.80816623,6264.0,2.738,1.765,12.890016506506665,1.0419982059059685,inner,0.0,True,True,True
TOI-4633 c,TOI-4633,transit,2024,271.9445,3.2,123.0,5800.0,1.05,1.1,0.38700177454472234,0.2854848782228567,inner,0.0,True,True,True
TOI-4638.01,TOI-4638,transit,2024,10.283918787,2.933,,5700.0,0.895,1.02,,0.261664733696137,inner,,False,True,True
TOI-4641 b,TOI-4641,transit,2023,22.09341,8.18255591,1229.99593509,6560.0,1.72,1.41,3.8700049557937004,0.7299987429743956,inner,0.0,True,True,True
TOI-470 b,TOI-470,transit,2023,12.19148,4.34,,5190.0,0.831,0.87,,0.3871888660897493,inner,,False,True,True
TOI-4734 b,TOI-4734,transit,2025,6.235633,10.9175472,61.658710958,6070.0,1.857,1.391,0.19400024842996844,0.9739983227763405,inner,0.0,True,True,True
TOI-4791 b,TOI-4791,transit,2023,4.28088,12.44196858,734.18362017,6058.0,1.409,1.242,2.310002958109418,1.1099980890355963,inner,0.0,True,True,True
TOI-4794 b,TOI-4794,transit,2025,3.5658116,14.35870428,308.29355479,6390.0,1.451,1.25,0.9700012421498421,1.2809977946293156,inner,0.0,True,True,True
TOI-480 b,TOI-480,transit,2024,6.866196,2.85372018,20.8,6174.0,1.4877,1.2793,0.06544420252463598,0.25459186189669014,inner,0.0,True,True,True
TOI-481 b,TOI-481,transit,2020,10.33111,11.09691,486.2799,5735.0,1.66,1.14,1.5300096278490254,0.99,inner,0.0,True,True,True
TOI-4860 b,TOI-4860,transit,2023,1.5227591,8.7,86.7,3260.0,0.358,0.34,0.27278905571567014,0.7761620126683915,inner,0.0,True,True,True
TOI-4914 b,TOI-4914,transit,2024,10.60057,12.87,227.0,5805.0,1.0,1.03,0.7142227871679022,1.1481844946025515,inner,0.0,True,True,True
TOI-4961 b,TOI-4961,transit,2025,7.479182,12.34108775,572.0911326,5380.0,0.912,0.912,1.8000023050203258,1.1009981042019805,inner,0.0,True,True,True
TOI-4994 b,TOI-4994,transit,2024,21.491984,8.54124329,88.99195396,5640.0,1.055,1.005,0.28000035855871735,0.7619986876617005,inner,0.0,True,True,True
TOI-500 b,TOI-500,transit,2022,0.548177,1.166,1.42,4440.0,0.678,0.74,0.004467825364662648,0.10402355250245338,inner,0.6806600557399687,True,True,True
TOI-500 c,TOI-500,radial velocity,2022,6.6356,2.09,,4440.0,0.678,0.74,,0.18645731108930322,inner,,False,True,True
TOI-500 d,TOI-500,radial velocity,2022,26.233,6.35,,4440.0,0.678,0.74,,0.5665090552234812,inner,,False,True,True
TOI-500 e,TOI-500,radial velocity,2022,61.3,3.99,,4440.0,0.678,0.74,,0.3559639575341244,inner,,False,True,True
TOI-5005 b,TOI-5005,transit,2024,6.3085044,6.25,32.7,5749.0,0.93,0.97,0.10288583762286521,0.5575876527790169,inner,0.0,True,True,True
TOI-5027 b,TOI-5027,transit,2025,10.24368,10.76062147,642.01338214,5909.0,0.92,1.02,2.020002586745032,0.9599983468641271,inner,0.0,True,True,True
TOI-5076 b,TOI-5076,transit,2024,23.443162,3.48935569,16.1456830756,4780.0,0.844,0.789,0.050800065052795856,0.3112994638237131,inner,0.0,True,True,True
TOI-5082.01,TOI-5082,transit,2024,4.240122,2.54811,,5670.0,0.93,0.99665,,0.2273271478276385,inner,,False,True,True
TOI-5108 b,TOI-5108,transit,2025,6.753581,6.6,32.0,5808.0,1.29,1.1,0.10068338849943996,0.5888125613346418,inner,0.0,True,True,True
TOI-5110 b,TOI-5110,transit,2024,30.158577,11.98240037,921.7023803,6160.0,2.333,1.469,2.9000037136438577,1.0689981595146758,inner,0.0,True,True,True
TOI-512 b,TOI-512,transit,2025,7.18886,1.54,3.57,5277.0,0.89,0.74,0.01123249052946877,0.13738959764474976,inner,0.0,True,True,True
TOI-5126 b,TOI-5126,transit,2023,5.4588385,4.74,,6150.0,1.241,1.24,,0.4228744758676064,inner,,False,True,True
TOI-5126 c,TOI-5126,transit,2023,17.8999,3.86,,6150.0,1.241,1.24,,0.3443661343563208,inner,,False,True,True
TOI-5143 c,TOI-5143,transit,2025,5.2097118,16.25302201,,5183.0,0.852,0.864,,1.4499975028994556,inner,,False,True,True
TOI-5153 b,TOI-5153,transit,2022,20.33003,11.88151954,1036.12060682,6300.0,1.4,1.24,3.2600041746479227,1.0599981746810598,inner,0.0,True,True,True
TOI-5174 b,TOI-5174,transit,2022,12.214286,5.351,,5643.77,1.09457,1.0,,0.47738424480328306,inner,,False,True,True
TOI-5181 A b,TOI-5181 A,transit,2025,3.8922295,13.34989601,330.54154328,6060.0,1.53,1.25,1.0400013317895214,1.1909979489695781,inner,0.0,True,True,True
TOI-519 b,TOI-519,transit,2021,1.2652328,11.54525012,147.154552441,3322.0,0.35,0.335,0.4630005929024504,1.0299982264251941,inner,0.0,True,True,True
TOI-5205 b,TOI-5205,transit,2023,1.630757,11.6,343.0,3430.0,0.394,0.392,1.079200070478372,1.0348826835578553,inner,0.0,True,True,True
TOI-5210 b,TOI-5210,transit,2025,4.5661061,10.72699453,81.999729006,5723.0,1.209,1.105,0.25800033038624665,0.9569983522169686,inner,0.0,True,True,True
TOI-5218 b,TOI-5218,transit,2024,4.291452,9.86,657.0,4230.0,0.708,0.739,2.0671558201291265,0.879650281024177,inner,0.0,True,True,True
TOI-5232 b,TOI-5232,transit,2024,4.0966692,12.778238,743.71847238,6500.0,1.785,1.389,2.3400029965264233,1.1399980372914622,inner,0.0,True,True,True
TOI-5238 b,TOI-5238,transit,2022,4.872171,5.22,,5631.0,1.02283,1.0,,0.4656972076010349,inner,,False,True,True
TOI-5293 A b,TOI-5293 A,transit,2023,2.930289,11.9,170.4,3586.0,0.52,0.54,0.5361390437595178,1.0616468908912482,inner,0.0,True,True,True
TOI-530 b,TOI-530,transit,2021,6.387597,9.30345398,127.1313628,3659.0,0.54,0.53,0.40000051222673905,0.8299985707913284,inner,0.0,True,True,True
TOI-5300 b,TOI-5300,transit,2025,2.262196,9.86390302,190.6970442,4610.0,0.65,0.67,0.6000007683401085,0.879998485145865,inner,0.0,True,True,True
TOI-5301 b,TOI-5301,transit,2024,5.858858,13.09208946,1182.32167404,6240.0,2.19,1.483,3.720004763708673,1.1679979891158891,inner,0.0,True,True,True
TOI-5319 b,TOI-5319,transit,2024,4.07853,2.83,,3580.0,0.485,0.5,,0.25247568917833885,inner,,False,True,True
TOI-532 b,TOI-532,transit,2021,2.3266508,5.82,61.5,3927.0,0.612,0.639,0.19350088727236117,0.5192256222678205,inner,0.0,True,True,True
TOI-5322 b,TOI-5322,transit,2025,5.4233207,16.6117094,184.022647653,5692.0,1.462,0.998,0.5790007414482048,1.481997448478901,inner,0.0,True,True,True
TOI-5340 b,TOI-5340,transit,2025,4.9394392,15.07607904,270.15414595,5990.0,1.842,1.35,0.8500010884818204,1.3449976840039255,inner,0.0,True,True,True
TOI-5344 b,TOI-5344,transit,2023,3.792622,10.60369574,130.945303684,3747.0,0.588,0.612,0.4120005275935412,0.9459983709519136,inner,0.0,True,True,True
TOI-5386 A b,TOI-5386 A,transit,2025,3.62156552,14.70618268,155.100262616,6094.0,1.245,1.165,0.48800062491662166,1.3119977411009012,inner,0.0,True,True,True
TOI-5388.01,TOI-5388,transit,2024,2.594675,1.89426,,3495.0,0.31,0.28572,,0.16899455794450888,inner,,False,True,True
TOI-5398 b,TOI-5398,transit,2022,10.590547,10.3,58.7,6000.0,1.051,1.146,0.18469109077866017,0.9189044517798198,inner,0.0,True,True,True
TOI-5398 c,TOI-5398,transit,2023,4.77271,3.52,11.8,6000.0,1.051,1.146,0.037126999509168486,0.3140333660451423,inner,0.0,True,True,True
TOI-540 b,TOI-540,transit,2020,1.2391491,0.903,,3216.0,0.1895,0.159,,0.08056026407351236,outer,,False,True,True
TOI-544 b,TOI-544,transit,2022,1.548352,2.018,2.89,4169.0,0.623,0.631,0.009092968523855672,0.18003390132928895,inner,0.0,True,True,True
TOI-544 c,TOI-544,radial velocity,2023,50.089,4.92,,4169.0,0.623,0.631,,0.4389330002676421,inner,,False,True,True
TOI-5542 b,TOI-5542,transit,2022,75.12375,11.30986153,419.53349724,5700.0,1.058,0.89,1.3200016903482388,1.008998263002944,inner,0.0,True,True,True
TOI-5573 b,TOI-5573,transit,2025,8.79758977,9.75,112.0,3790.0,0.594,0.619,0.3523918597480398,0.8698367383352663,inner,0.0,True,True,True
TOI-558 b,TOI-558,transit,2021,14.574071,12.17295304,1147.36054927,6466.0,1.496,1.349,3.61000462284632,1.0859981300740476,inner,0.0,True,True,True
TOI-559 b,TOI-559,transit,2021,6.9839095,12.22899794,1910.14872607,5925.0,1.233,1.026,6.010007696206754,1.0909981211526452,inner,0.0,True,True,True
TOI-5592 b,TOI-5592,transit,2025,2.6085846,17.14974047,285.727737893,6237.0,1.393,1.194,0.8990011512295959,1.5299973655098582,inner,0.0,True,True,True
TOI-561 b,TOI-561,transit,2020,0.4465697,1.397,2.02,5342.0,0.843,0.806,0.006355638899027147,0.12463199214916586,inner,0.22604619000873183,True,True,True
TOI-561 c,TOI-561,transit,2020,10.778838,2.865,5.93,5342.0,0.843,0.806,0.018657890431302466,0.25559818003390133,inner,0.0,True,True,True
TOI-561 d,TOI-561,transit,2020,25.71268,2.615,13.33,5342.0,0.843,0.806,0.04194092402179796,0.23329467392274067,inner,0.0,True,True,True
TOI-561 e,TOI-561,transit,2020,77.144,2.517,12.4,5342.0,0.843,0.806,0.039014813043532985,0.22455169952716567,inner,0.0,True,True,True
TOI-5616 b,TOI-5616,transit,2024,2.002849,10.78,624.0,3996.0,0.646,0.666,1.9633260757390791,0.9617271835132483,inner,0.0,True,True,True
TOI-5634 A b,TOI-5634 A,transit,2024,2.2035373,10.42,588.0,3896.0,0.54,0.556,1.8500572636772092,0.9296101347131769,inner,0.0,True,True,True
TOI-564 b,TOI-564,transit,2020,1.651144,11.43318,464.98529,5640.0,1.088,0.998,1.463009206237336,1.02,inner,0.0,True,True,True
TOI-5678 b,TOI-5678,transit,2023,47.73022,4.91,20.0,5485.0,0.938,0.905,0.06292711781214998,0.4380408600231957,inner,0.0,True,True,True
TOI-5688 A b,TOI-5688 A,transit,2024,2.94815527,10.3,124.0,3713.0,0.57,0.6,0.3901481304353298,0.9189044517798198,inner,0.0,True,True,True
TOI-5704 b,TOI-5704,transit,2023,3.771116,3.2274,,4590.0,0.7575,0.73,,0.28792934249263985,inner,,False,True,True
TOI-5713 b,TOI-5713,transit,2024,10.441989,1.77,,3225.0,0.2992,0.2653,,0.15790882326701758,outer,,False,True,True
TOI-5720 b,TOI-5720,transit,2024,1.4344555,1.09,4.3,3325.0,0.383,0.383,0.013529330329612243,0.09724328664466055,inner,0.0,True,True,True
TOI-5726.01,TOI-5726,transit,2024,5.491125215,2.554,,5874.0,1.106,1.06,,0.22785261843161744,inner,,False,True,True
TOI-5786 b,TOI-5786,transit,2025,12.779107,8.54,73.0,6235.0,1.36,1.23,0.2296839800143474,0.7618877687572486,inner,0.0,True,True,True
TOI-5795 b,TOI-5795,transit,2025,6.1406325,5.62,23.66,5715.0,1.082,0.901,0.07444278037177342,0.501382817378892,inner,0.0,True,True,True
TOI-5799 b,TOI-5799,transit,2024,4.164663198,1.858,,3521.0,0.343,0.327,,0.16575965741814613,inner,,False,True,True
TOI-5800 b,TOI-5800,transit,2025,2.6278838,2.46,9.5,4850.0,0.773,0.778,0.029890380960771238,0.21946650013382105,inner,0.0,True,True,True
TOI-5803 b,TOI-5803,transit,2023,5.38305,3.2732,,5134.0,0.7625,0.87,,0.2920153448122045,inner,,False,True,True
TOI-5817 b,TOI-5817,transit,2025,15.61031,3.08,10.3,5770.0,1.427,0.97,0.03240746567325724,0.2747791952894995,inner,0.0,True,True,True
TOI-5882 b,TOI-5882,transit,2025,7.148972,11.46678726,6995.40323807,5920.0,2.26,1.334,22.010028185276315,1.0229982389151575,inner,0.0,True,True,True
TOI-6000 b,TOI-6000,transit,2025,0.448959,0.94,,3419.0,0.38,0.37,,0.08386118297796413,inner,,False,True,True
TOI-6002 b,TOI-6002,transit,2024,10.904821,1.65,,3229.0,0.2432,0.2101,,0.14720314033366044,outer,,False,True,True
TOI-6008 b,TOI-6008,transit,2024,0.8574347,1.03,4.0,3075.0,0.242,0.23,0.012585423562429995,0.09189044517798198,inner,0.0,True,True,True
TOI-6016 b,TOI-6016,transit,2024,4.023687,13.67495645,371.85923619,6110.0,1.51,1.31,1.1700014982632116,1.2199978990097244,inner,0.0,True,True,True
TOI-6029 b,TOI-6029,transit,2024,5.7987,14.39233122,519.649445445,6223.0,2.338,1.548,1.6350020937267957,1.2839977892764745,inner,0.0,True,True,True
TOI-6034 b,TOI-6034,transit,2024,2.576184,11.92,254.0,3635.0,0.489,0.514,0.7991743962143046,1.063431171380141,inner,0.0,True,True,True
TOI-6038 A b,TOI-6038 A,transit,2025,5.8267311,6.41,78.5,6110.0,1.648,1.291,0.24698893741268865,0.5718618966901597,inner,0.0,True,True,True
TOI-6054.01,TOI-6054,transit,2024,7.492991423,2.642,,6112.0,1.612,1.15,,0.235703452582746,inner,,False,True,True
TOI-6054.02,TOI-6054,transit,2024,12.574998029,2.864,,6112.0,1.612,1.15,,0.25550896600945666,inner,,False,True,True
TOI-6086 b,TOI-6086,transit,2024,1.3888725,1.18,,3200.0,0.259,0.254,,0.10527254884467838,inner,,False,True,True
TOI-6130 b,TOI-6130,transit,2024,2.392679,14.3474953,333.71982735,6110.0,1.51,1.31,1.05000134459519,1.2799977964135962,inner,0.0,True,True,True
TOI-615 b,TOI-615,transit,2023,4.6615983,18.97680433,138.255357045,6850.0,1.732,1.449,0.4350005570465787,1.6929970853778216,inner,0.0,True,True,True
TOI-620 b,TOI-620,transit,2022,5.0988179,3.76,,3708.0,0.55,0.577,,0.33544473191185653,inner,,False,True,True
TOI-622 b,TOI-622,transit,2023,6.402513,9.2362001,96.302007321,6400.0,1.415,1.313,0.30300038801175483,0.8239985814970113,inner,0.0,True,True,True
TOI-6255 b,TOI-6255,transit,2024,0.23818244,1.079,1.44,3421.0,0.37,0.353,0.004530752482474798,0.09626193237576947,inner,0.6838979595130712,True,True,True
TOI-628 b,TOI-628,transit,2021,3.4095675,11.88154,2011.8639,6250.0,1.345,1.311,6.330039832865576,1.06,inner,0.0,True,True,True
TOI-6324 b,TOI-6324,transit,2025,0.279221,1.059,1.17,3247.0,0.293,0.269,0.0036812363920107733,0.09447765188687661,inner,0.8727581043838155,True,True,True
TOI-6383 A b,TOI-6383 A,transit,2024,1.79058695,11.29,331.0,3444.0,0.457,0.458,1.0414437997910821,1.007226335980016,inner,0.0,True,True,True
TOI-640 b,TOI-640,transit,2021,5.003777,19.2794468,181.16219199,6460.0,2.082,1.536,0.5700007299231031,1.7199970380943883,inner,0.0,True,True,True
TOI-6478 b,TOI-6478,transit,2025,34.005019,4.6,,3230.0,0.234,0.23,,0.4103845124453564,outer,,False,True,True
TOI-654.01,TOI-654,transit,2024,1.527561,2.378,8.71,3521.0,0.43,0.419,0.027404759807191315,0.21215095012936036,inner,0.0,True,True,True
TOI-6628 b,TOI-6628,transit,2025,18.18424,10.98480109,235.19302118,5463.0,1.01,0.97,0.7400009476194671,0.9799983129627977,inner,0.0,True,True,True
TOI-663 b,TOI-663,transit,2024,2.598902,2.27,4.45,3681.0,0.512,0.514,0.01400128371320337,0.20251583548933894,inner,0.0,True,True,True
TOI-663 c,TOI-663,transit,2024,4.6955507,2.26,3.65,3681.0,0.512,0.514,0.01148419900071737,0.2016236952448925,inner,0.0,True,True,True
TOI-663 d,TOI-663,transit,2024,7.1027268,1.92,5.2,3681.0,0.512,0.514,0.016361050631158995,0.17129092693371398,inner,0.0,True,True,True
TOI-6651 b,TOI-6651,transit,2024,5.056973,5.09,61.0,5940.0,1.721,1.323,0.1919277093270574,0.45409938442323133,inner,0.0,True,True,True
TOI-669 b,TOI-669,transit,2023,3.945152,2.58606487,10.0,5597.0,0.9882,0.9245,0.03146355890607499,0.23071325452761174,inner,0.0,True,True,True
TOI-6695 b,TOI-6695,transit,2025,80.389,9.52763359,66.74396547,6400.0,1.517,1.338,0.210000268919038,0.8499985359978589,inner,0.0,True,True,True
TOI-6695 c,TOI-6695,radial velocity,2025,242.4,13.6,,6400.0,1.517,1.338,,1.2133107324471406,inner,,False,True,True
TOI-672 b,TOI-672,transit,2023,3.633575,5.2604,,3765.0,0.5441,0.5399,,0.4693014541885984,inner,,False,True,True
TOI-674 b,TOI-674,transit,2021,1.977143,5.25,23.6,3514.0,0.42,0.42,0.07425399901833697,0.4683736283343742,inner,0.0,True,True,True
TOI-677 b,TOI-677,transit,2020,11.2365985,13.11450742,392.200254238,6295.0,1.28,1.181,1.23400158021949,1.1699979855473281,inner,0.0,True,True,True
TOI-6894 b,TOI-6894,transit,2025,3.37077196,9.5836785,53.395172376,3007.0,0.2276,0.207,0.1680002151352304,0.8549985279685967,outer,0.0,True,True,True
TOI-700 b,TOI-700,transit,2020,9.977219,0.914,,3459.0,0.421,0.415,,0.08154161834240344,inner,,False,True,True
TOI-700 c,TOI-700,transit,2020,16.051137,2.6,,3459.0,0.421,0.415,,0.23195646355607102,habitable,,False,True,True
TOI-700 d,TOI-700,transit,2020,37.42396,1.073,,3459.0,0.421,0.415,,0.09572664822910161,outer,,False,True,True
TOI-700 e,TOI-700,transit,2023,27.80978,0.953,,3459.0,0.421,0.415,,0.08502096529574449,outer,,False,True,True
TOI-7041 b,TOI-7041,transit,2025,9.691,11.43316031,114.41822652,4700.0,4.1,1.07,0.36000046100406513,1.0199982433758588,inner,0.0,True,True,True
TOI-712 b,TOI-712,transit,2022,9.531361,2.049,,4622.0,0.674,0.732,,0.1827995360870729,inner,,False,True,True
TOI-712 c,TOI-712,transit,2022,51.69906,2.701,,4622.0,0.674,0.732,,0.24096708002497993,inner,,False,True,True
TOI-712 d,TOI-712,transit,2022,84.8396,2.474,,4622.0,0.674,0.732,,0.22071549647604605,inner,,False,True,True
TOI-7149 b,TOI-7149,transit,2025,2.65206166,13.2,224.0,3363.0,0.351,0.344,0.7047837194960797,1.1776251226692835,inner,0.0,True,True,True
TOI-715 b,TOI-715,transit,2023,19.288004,1.55,,3075.0,0.24,0.225,,0.13828173788919618,outer,,False,True,True
TOI-733 b,TOI-733,transit,2023,4.884765,1.992,5.72,5585.0,0.949,0.956,0.017997155694274892,0.17771433669372827,inner,0.0,True,True,True
TOI-757 b,TOI-757,transit,2024,17.46819,2.5,10.5,5278.0,0.78,0.8,0.033036736851378735,0.22303506111160676,inner,0.0,True,True,True
TOI-762 A b,TOI-762 A,transit,2024,3.4716826,8.33948164,79.774930157,3266.0,0.425,0.442,0.25100032142227874,0.7439987188866091,inner,0.0,True,True,True
TOI-763 b,TOI-763,transit,2020,5.6057,2.28,9.79,5450.0,0.897,0.917,0.030802824169047407,0.20340797573378533,inner,0.0,True,True,True
TOI-763 c,TOI-763,transit,2020,12.2737,2.63,9.32,5450.0,0.897,0.917,0.029324036900461887,0.2346328842894103,inner,0.0,True,True,True
TOI-771 b,TOI-771,transit,2024,2.3260155,1.36,2.47,3370.0,0.232,0.22,0.0077714990498005225,0.12133107324471408,habitable,0.0,True,True,True
TOI-771 c,TOI-771,radial velocity,2025,7.61,1.5,,3370.0,0.232,0.22,,0.13382103666696404,outer,,False,True,True
TOI-776 b,TOI-776,transit,2020,8.24662,1.798,5.0,3725.0,0.547,0.542,0.015731779453037494,0.16040681595146758,inner,0.0,True,True,True
TOI-776 c,TOI-776,transit,2020,15.665323,2.047,6.9,3725.0,0.547,0.542,0.02170985564519174,0.18262110803818363,inner,0.0,True,True,True
TOI-778 b,TOI-778,transit,2023,4.633611,15.4,878.0,6643.0,1.71,1.4,2.7625004719533837,1.3738959764474976,inner,0.0,True,True,True
TOI-782 b,TOI-782,transit,2024,8.0240015,2.734,19.1,3370.0,0.413,0.397,0.06009539751060323,0.24391114283165313,inner,0.0,True,True,True
TOI-784 b,HD 307842,transit,2023,2.7970365,1.93,9.67,5558.0,0.907,0.91,0.030425261462174513,0.1721830671781604,inner,0.0,True,True,True
TOI-813 b,TOI-813,transit,2020,83.8911,6.71,,5907.0,1.94,1.32,,0.5986261040235525,inner,,False,True,True
TOI-815 b,TOI-815,transit,2024,11.197259,2.94,7.6,4869.0,0.77,0.776,0.02391230476861699,0.26228923186724956,inner,0.0,True,True,True
TOI-815 c,TOI-815,transit,2024,34.976145,2.62,23.5,4869.0,0.77,0.776,0.07393936342927622,0.2337407440449639,inner,0.0,True,True,True
TOI-824 b,TOI-824,transit,2020,1.392978,2.926,18.467,4600.0,0.695,0.71,0.05810375423184867,0.26104023552502453,inner,0.0,True,True,True
TOI-833 b,TOI-833,transit,2022,1.0418777,1.27,,3920.0,0.6,0.61,,0.11330181104469624,inner,,False,True,True
TOI-836 b,TOI-836,transit,2023,3.81673,1.704,4.53,4552.0,0.665,0.678,0.01425299218445197,0.15202069765367116,inner,0.0,True,True,True
TOI-836 c,TOI-836,transit,2023,8.59545,2.587,9.6,4552.0,0.665,0.678,0.030205016549831987,0.2307966812382907,inner,0.0,True,True,True
TOI-837 b,TOI-837,transit,2020,8.3249113,9.16894621,120.456966253,5995.0,1.052,1.142,0.3790004853348352,0.817998591310554,inner,0.0,True,True,True
TOI-849 b,TOI-849,transit,2020,0.765548,3.64,41.8,5257.0,0.97,0.97,0.13151767622739344,0.3247390489784994,inner,0.0,True,True,True
TOI-858 B b,TOI-858 B,transit,2023,3.2797178,14.06727078,349.6112477,5842.0,1.308,1.081,1.1000014086235324,1.254997839236328,inner,0.0,True,True,True
TOI-871 b,TOI-871,transit,2024,14.362565,1.664,,4929.0,0.719,0.758,,0.14845213667588544,inner,,False,True,True
TOI-880.02,TOI-880,transit,2024,2.5735943,2.7779229,,4935.0,0.816999,0.805415,,0.24782968150593274,inner,,False,True,True
TOI-892 b,TOI-892,transit,2020,10.62656,11.99363,301.9385,6261.0,1.39,1.28,0.9500059780761921,1.07,inner,0.0,True,True,True
TOI-904 b,TOI-904,transit,2023,10.8772,2.426,,3770.2,0.527,0.557,,0.2164332233027032,inner,,False,True,True
TOI-904 c,TOI-904,transit,2023,83.9997,2.167,,3770.2,0.527,0.557,,0.1933267909715407,outer,,False,True,True
TOI-905 b,TOI-905,transit,2020,3.739494,13.125739,211.99261,5570.0,0.918,0.968,0.6670041972387581,1.171,inner,0.0,True,True,True
TOI-907.01,TOI-907,transit,2024,4.5849129,9.6158851,,6272.0,2.059789,1.069357,,0.8578718083682755,inner,,False,True,True
TOI-908 b,TOI-908,transit,2023,3.183792,3.186,16.137,5626.0,1.028,0.95,0.050772745006733205,0.28423588188063165,inner,0.0,True,True,True
TOI-913 b,TOI-913,transit,2023,11.098644,2.4528,,4969.0,0.7325,0.82,,0.2188241591578196,inner,,False,True,True
TOI-942 b,TOI-942,transit,2020,4.32421,3.89,16.0,4969.0,0.894,0.822,0.05034169424971998,0.34704255508966014,inner,0.0,True,True,True
TOI-942 c,TOI-942,transit,2020,10.156272,4.67,37.0,4969.0,0.894,0.822,0.11641516795247744,0.41662949415648143,inner,0.0,True,True,True
TOI-954 b,TOI-954,transit,2020,3.6849729,9.550068,55.30242,5710.0,1.892,1.201,0.17400109493184993,0.852,inner,0.0,True,True,True
TOI-969 b,TOI-969,transit,2022,1.8237305,2.765,9.1,4435.0,0.671,0.734,0.028631838604528236,0.24667677758943707,inner,0.0,True,True,True
TOI-969 c,TOI-969,radial velocity,2022,1700.0,12.4,,4435.0,0.671,0.734,,1.1062539031135694,outer,,False,True,True
TRAPPIST-1 b,TRAPPIST-1,transit,2016,1.510826,1.116,1.374,2566.0,0.1192,0.0898,0.0043230929936947035,0.09956285128022126,outer,0.7231137417638787,True,True,True
TRAPPIST-1 c,TRAPPIST-1,transit,2016,2.421937,1.097,1.308,2566.0,0.1192,0.0898,0.004115433504914608,0.09786778481577305,outer,0.7716658150867461,True,True,True
TRAPPIST-1 d,TRAPPIST-1,transit,2016,4.049219,0.788,0.388,2566.0,0.1192,0.0898,0.0012207860855557096,0.07030065126237846,outer,0.5420218345816037,True,True,True
TRAPPIST-1 e,TRAPPIST-1,transit,2017,6.101013,0.92,0.692,2566.0,0.1192,0.0898,0.0021772782763003888,0.08207690248907129,outer,0.7749844449821301,True,True,True
TRAPPIST-1 f,TRAPPIST-1,transit,2017,9.20754,1.045,1.039,2566.0,0.1192,0.0898,0.003269063770341191,0.09322865554465161,outer,0.9578929934571455,True,True,True
TRAPPIST-1 g,TRAPPIST-1,transit,2017,12.352446,1.129,1.321,2566.0,0.1192,0.0898,0.004156336131492505,0.10072263359800161,outer,0.7553757984172458,True,True,True
TRAPPIST-1 h,TRAPPIST-1,transit,2017,18.772866,0.755,0.326,2566.0,0.1192,0.0898,0.0010257120203380446,0.06735658845570525,outer,0.49289991126011434,True,True,True
TYC 0434-04538-1 b,TYC 0434-04538-1,radial velocity,2021,193.2,12.7,,4679.0,9.99,1.04,,1.1330181104469623,inner,,False,True,True
TYC 1422-614-1 b,TYC 1422-614-1,radial velocity,2014,198.4,13.3,,4806.0,6.85,1.15,,1.186546525113748,inner,,False,True,True
TYC 1422-614-1 c,TYC 1422-614-1,radial velocity,2014,559.3,12.5,,4806.0,6.85,1.15,,1.1151753055580338,inner,,False,True,True
TYC 2187-512-1 b,TYC 2187-512-1,radial velocity,2022,691.9,12.5,,3734.0,0.495,0.498,,1.1151753055580338,outer,,False,True,True
TYC 3318-01333-1 b,TYC 3318-01333-1,radial velocity,2018,562.0,13.1,,4776.0,5.9,1.19,,1.1687037202248194,inner,,False,True,True
TYC 3667-1280-1 b,TYC 3667-1280-1,radial velocity,2016,26.468,12.8,,5130.0,6.26,1.87,,1.1419395128914267,inner,,False,True,True
TYC 4282-00605-1 b,TYC 4282-00605-1,radial velocity,2017,101.54,12.4,,4300.0,16.21,0.97,,1.1062539031135694,inner,,False,True,True
TYC 8998-760-1 b,TYC 8998-760-1,imaging,2020,,12.3,4449.62,4573.0,0.953811,1.0,14.000088097964937,1.0973325006691053,unknown,0.0,True,True,True
TYC 8998-760-1 c,TYC 8998-760-1,imaging,2020,,12.3299,1906.98,4573.0,0.953811,1.0,6.000037756270688,1.1,unknown,0.0,True,True,True
Teegarden's Star b,Teegarden's Star,radial velocity,2019,4.90634,1.05,,3034.0,0.12,0.097,,0.09367472566687483,outer,,False,True,True
Teegarden's Star c,Teegarden's Star,radial velocity,2019,11.416,1.02,,3034.0,0.12,0.097,,0.09099830493353556,outer,,False,True,True
Teegarden's Star d,Teegarden's Star,radial velocity,2024,26.13,0.954,,3034.0,0.12,0.097,,0.08511017932018913,outer,,False,True,True
TrES-1 b,TrES-1,transit,2004,3.03007,12.66617,266.9772,5230.0,0.85,1.04,0.8400052858778962,1.13,inner,0.0,True,True,True
TrES-2 b,TrES-2,transit,2006,2.47063,15.24424,473.5667,5850.0,1.12,1.36,1.4900093761405542,1.36,inner,0.0,True,True,True
TrES-3 b,TrES-3,transit,2007,1.30618581,14.975,607.03,5650.0,0.829,0.928,1.9099324162754698,1.3359800160585245,inner,0.0,True,True,True
TrES-4 b,TrES-4,transit,2007,3.55395,18.04649,247.9074,6200.0,1.66,1.08,0.7800049083151894,1.6099999999999999,inner,0.0,True,True,True
TrES-5 b,TrES-5,transit,2011,1.48224686,13.383546,568.9157,5171.0,0.868,0.901,1.7900112639540886,1.1940000000000002,inner,0.0,True,True,True
UCAC3 113-933 b,UCAC3 113-933,imaging,2024,,12.1,6674.396547,3864.0,0.564484,0.61,21.0000268919038,1.0794896957801767,unknown,0.0,True,True,True
UCAC4 328-061594 b,UCAC4 328-061594,imaging,2024,,12.1,6674.396547,,,1.19,21.0000268919038,1.0794896957801767,unknown,0.0,True,True,False
UKIRT-2017-BLG-001L b,UKIRT-2017-BLG-001L,microlensing,2018,,13.7,407.0,,,0.81,1.280566847477252,1.222232134891605,unknown,0.0,True,True,False
USco CTIO 108 b,USco CTIO 108,imaging,2008,,12.3,4449.62,2700.0,0.345365,0.06,14.000088097964937,1.0973325006691053,unknown,0.0,True,True,True
USco1556 b,USco1556 A,imaging,2019,,12.3,4767.45,3410.0,0.668108,0.33,15.000094390676718,1.0973325006691053,unknown,0.0,True,True,True
USco1621 b,USco1621 A,imaging,2019,,12.2,5085.28,3460.0,0.710071,0.36,16.0001006833885,1.0884110982246409,unknown,0.0,True,True,True
UZ For b,UZ For,eclipse timing variations,2011,5840.0,,2002.2,5286.9,,0.7,6.299633764174334,,unknown,,True,False,False
UZ For c,UZ For,eclipse timing variations,2011,1916.25,,2447.2,5286.9,,0.7,7.69976213549467,,unknown,,True,False,False
V0391 Peg b,V0391 Peg,pulsation timing variations,2007,1170.0,13.1,,29300.0,0.23,0.5,,1.1687037202248194,outer,,False,True,True
V1298 Tau b,V1298 Tau,transit,2019,24.1396,10.27,203.41018048,4941.0,1.345,1.101,0.6400008195627824,0.9162280310464805,inner,0.0,True,True,True
V1298 Tau c,V1298 Tau,transit,2019,8.24958,5.59,76.27881768,4941.0,1.345,1.101,0.2400003073360434,0.49870639664555266,inner,0.0,True,True,True
V1298 Tau d,V1298 Tau,transit,2019,12.4032,6.41,98.52680617,4941.0,1.345,1.101,0.31000039697572274,0.5718618966901597,inner,0.0,True,True,True
V1298 Tau e,V1298 Tau,transit,2019,53.5,9.97599282,321.00669107,4941.0,1.43,1.26,1.010001293372516,0.8899984673030601,inner,0.0,True,True,True
V830 Tau b,V830 Tau,radial velocity,2016,4.927,14.0,222.481,4250.0,2.0,1.0,0.7000044048982469,1.248996342224998,inner,0.0,True,True,True
VHS J125601.92-125723.9 b,VHS J125601.92-125723.9,imaging,2015,5800000.0,13.67495645,5085.254512,2620.0,,0.07,16.000020489069563,1.2199978990097244,unknown,0.0,True,True,False
WASP-1 b,WASP-1,transit,2007,2.5199454,16.623,271.415,6110.0,1.47,1.24,0.8539681840492344,1.4830047283432957,inner,0.0,True,True,True
WASP-10 b,WASP-10,transit,2008,3.0927616,12.106,1001.12,4675.0,0.698,0.75,3.149879809204979,1.0800249799268444,inner,0.0,True,True,True
WASP-100 b,WASP-100,transit,2014,2.84938,14.90797,400.4658,6900.0,1.57,0.77,1.2600079288168444,1.33,inner,0.0,True,True,True
WASP-101 b,WASP-101,transit,2014,3.58572,16.02887,162.0933,6380.0,1.31,1.41,0.5100032092830085,1.4300000000000002,inner,0.0,True,True,True
WASP-102 b,WASP-102,transit,2025,2.709813,14.90794433,197.689269154,5990.0,1.375,1.08,0.6220007965125791,1.3299977098759925,inner,0.0,True,True,True
WASP-103 b,WASP-103,transit,2014,0.925542,17.127,473.547,6110.0,1.436,1.22,1.4899473929295093,1.5279685966633954,inner,0.0,True,True,True
WASP-104 b,WASP-104,transit,2014,1.7554137,12.745,404.263,5475.0,0.963,1.076,1.2719552714046591,1.1370327415469712,inner,0.0,True,True,True
WASP-105 b,WASP-105,transit,2017,7.87288,10.76064,572.094,5070.0,0.9,0.89,1.8000113268812066,0.9600000000000001,inner,0.0,True,True,True
WASP-106 b,WASP-106,transit,2014,9.28969,12.10569916,613.40882551,6002.0,1.47,1.175,1.9300024714940158,1.0799981407797306,inner,0.0,True,True,True
WASP-107 b,WASP-107,transit,2017,5.7214742,10.53646,30.5,4425.0,0.67,0.683,0.0959638546635287,0.9400000000000001,inner,0.0,True,True,True
WASP-107 c,WASP-107,radial velocity,2020,1088.0,13.2,,4425.0,0.67,0.683,,1.1776251226692835,outer,,False,True,True
WASP-11 b,WASP-11,transit,2008,3.72247,12.44199,251.0857,4800.0,0.89,1.42,0.7900049712423073,1.11,inner,0.0,True,True,True
WASP-110 b,WASP-110,transit,2021,3.77840121,13.87671811,162.09248757,5400.0,0.863922,0.95,0.5100006530890923,1.2379978686769562,inner,0.0,True,True,True
WASP-113 b,WASP-113,transit,2016,4.54216874538,15.793481,150.96925,5890.0,1.608,1.318,0.47500298903809607,1.409,inner,0.0,True,True,True
WASP-114 b,WASP-114,transit,2016,1.5487743,15.008851,562.24127,5940.0,1.43,1.289,1.769011131807141,1.339,inner,0.0,True,True,True
WASP-116 b,WASP-116,transit,2025,6.6132,13.67495645,203.41018048,6250.0,1.426,1.25,0.6400008195627824,1.2199978990097244,inner,0.0,True,True,True
WASP-117 b,WASP-117,transit,2014,10.02165,11.88154,95.349,6040.0,1.22,1.29,0.3000018878135344,1.06,inner,0.0,True,True,True
WASP-118 b,WASP-118,transit,2016,4.0460435,16.14096,163.36462,6410.0,1.696,1.32,0.5140032344538555,1.44,inner,0.0,True,True,True
WASP-119 b,WASP-119,transit,2016,2.49979,15.6926,390.9309,5650.0,1.2,1.02,1.230007740035491,1.4000000000000001,inner,0.0,True,True,True
WASP-12 b,WASP-12,transit,2008,1.091418901,22.02564708,467.2101,6265.0,1.69,1.325,1.4700092502863185,1.964996617004193,inner,0.0,True,True,True
WASP-120 b,WASP-120,transit,2016,3.6112706,16.510857,1541.4755,6450.0,1.87,1.393,4.850030519652139,1.473,inner,0.0,True,True,True
WASP-121 b,WASP-121,transit,2016,1.27492504,19.64934317,367.727466899,6776.0,1.458,1.358,1.1570014816158425,1.7529969818895532,inner,0.0,True,True,True
WASP-123 b,WASP-123,transit,2016,2.9776412,14.773462,285.72917,5740.0,1.285,1.166,0.8990056571478914,1.318,inner,0.0,True,True,True
WASP-124 b,WASP-124,transit,2016,3.37265,13.89916,190.698,6050.0,1.02,1.07,0.6000037756270687,1.24,inner,0.0,True,True,True
WASP-126 b,WASP-126,transit,2016,3.28883,10.51358773,90.3,5800.0,1.27,1.12,0.2841159369218571,0.9379594727451155,inner,0.0,True,True,True
WASP-126 c,WASP-126,transit timing variations,2019,7.63,9.38,64.2,5800.0,1.27,1.12,0.20199604817700142,0.8368275492907487,inner,0.0,True,True,True
WASP-127 b,WASP-127,transit,2016,4.17806203,14.694999,52.346601,5620.0,1.333,0.95,0.16470103640963038,1.311,inner,0.0,True,True,True
WASP-129 b,WASP-129,transit,2016,5.748145,10.42437,317.83,5900.0,0.9,1.0,1.0000062927117812,0.93,inner,0.0,True,True,True
WASP-13 b,WASP-13,transit,2009,4.35301,13.67498,114.4188,5950.0,1.37,0.72,0.3600022653762413,1.22,inner,0.0,True,True,True
WASP-130 b,WASP-130,transit,2016,11.55098,9.97601,390.9309,5625.0,0.96,1.04,1.230007740035491,0.8900000000000001,inner,0.0,True,True,True
WASP-131 b,WASP-131,transit,2016,5.3220125,13.74221034,86.767155111,5990.0,1.561,1.06,0.27300034959474934,1.2259978891961816,inner,0.0,True,True,True
WASP-132 b,WASP-132,transit,2016,7.1335164,10.09929161,136.030558196,4686.0,0.758,0.789,0.42800054808261073,0.900998448568115,inner,0.0,True,True,True
WASP-132 c,WASP-132,transit,2022,1.01153624,1.841,6.26,4686.0,0.758,0.789,0.019696187875202942,0.1642430190025872,inner,0.0,True,True,True
WASP-132 d,WASP-132,radial velocity,2024,1816.6,12.8,,4686.0,0.758,0.789,,1.1419395128914267,outer,,False,True,True
WASP-133 b,WASP-133,transit,2016,2.176423,13.56289,368.6828,5700.0,1.44,1.16,1.1600072995456663,1.21,inner,0.0,True,True,True
WASP-135 b,WASP-135,transit,2015,1.4013794,14.5717,603.877,5675.0,0.96,0.98,1.9000119561523843,1.3,inner,0.0,True,True,True
WASP-136 b,WASP-136,transit,2016,5.215357,15.46842,479.9233,6260.0,2.21,1.41,1.5100095019947897,1.3800000000000001,inner,0.0,True,True,True
WASP-138 b,WASP-138,transit,2016,3.634433,12.21781,387.7526,6272.0,1.36,1.22,1.220007677108373,1.09,inner,0.0,True,True,True
WASP-139 b,WASP-139,transit,2016,5.924262,8.9672,37.18611,5310.0,0.8,0.92,0.11700073624727841,0.8,inner,0.0,True,True,True
WASP-14 b,WASP-14,transit,2008,2.24375,15.46842,2809.6172,6475.0,1.4,1.62,8.840055627572147,1.3800000000000001,inner,0.0,True,True,True
WASP-140 b,WASP-140,transit,2016,2.2359835,16.14096,775.5052,5260.0,0.87,0.9,2.440015354216746,1.44,inner,0.0,True,True,True
WASP-141 b,WASP-141,transit,2016,3.310651,13.56289,854.9627,5900.0,1.37,1.25,2.6900169273946917,1.21,inner,0.0,True,True,True
WASP-142 b,WASP-142,transit,2016,2.052868,17.14977,266.9772,6010.0,1.64,1.33,0.8400052858778962,1.53,inner,0.0,True,True,True
WASP-144 b,WASP-144,transit,2018,2.2783152,9.52765,139.8452,5200.0,0.81,0.81,0.4400027687931838,0.85,inner,0.0,True,True,True
WASP-145 A b,WASP-145 A,transit,2018,1.7690381,10.0881,282.8687,4900.0,0.68,0.76,0.8900056005134853,0.9000000000000001,inner,0.0,True,True,True
WASP-147 b,WASP-147,transit,2018,4.60273,12.498035,87.40325,5702.0,1.429,1.044,0.27500173049573984,1.115,inner,0.0,True,True,True
WASP-148 b,WASP-148,transit,2020,8.803809,8.47398941,91.216752809,5555.0,0.912,0.954,0.28700036752268526,0.7559986983673833,inner,0.0,True,True,True
WASP-148 c,WASP-148,radial velocity,2020,34.524,13.9,124.588735544,5555.0,0.912,0.954,0.39200050198220426,1.2400749397805335,inner,0.0,True,True,True
WASP-149 b,WASP-149,transit,2025,1.332813,15.24421375,314.967951337,5750.0,1.08,1.05,0.9910012690417459,1.3599976581318585,inner,0.0,True,True,True
WASP-15 b,WASP-15,transit,2009,3.7521,15.80469,171.6282,6300.0,1.48,1.18,0.5400033980643619,1.4100000000000001,inner,0.0,True,True,True
WASP-150 b,WASP-150,transit,2020,5.644207,11.99363,2688.8418,6218.0,1.651,1.394,8.46005323634167,1.07,inner,0.0,True,True,True
WASP-151 b,WASP-151,transit,2017,4.5334775,13.30506009,100.433776612,5871.0,1.181,1.081,0.3160004046591238,1.1869979561067,inner,0.0,True,True,True
WASP-153 b,WASP-153,transit,2017,3.332609,17.37395,123.9537,5914.0,1.73,1.336,0.3900024541575947,1.55,inner,0.0,True,True,True
WASP-154 b,WASP-154,transit,2025,3.811678,10.76062147,198.960582782,4774.0,0.823,0.8,0.6260008016348465,0.9599983468641271,inner,0.0,True,True,True
WASP-155 b,WASP-155,transit,2025,3.110413,13.45077684,276.828542497,5660.0,1.24,1.09,0.8710011153737243,1.1999979338031939,inner,0.0,True,True,True
WASP-156 b,WASP-156,transit,2017,3.8361623,6.02802815,41.8,4987.0,0.8268,0.8712,0.13151767622739344,0.5377846507270944,inner,0.0,True,True,True
WASP-157 b,WASP-157,transit,2016,3.951623,11.19,182.43442,5772.0,1.1,1.06,0.5740036120165625,0.9983049335355518,inner,0.0,True,True,True
WASP-158 b,WASP-158,transit,2018,3.656333,11.99363,886.7457,6350.0,1.39,1.38,2.79001755666587,1.07,inner,0.0,True,True,True
WASP-159 b,WASP-159,transit,2018,3.840401,15.46842,174.8065,6120.0,2.11,1.41,0.5500034609914797,1.3800000000000001,inner,0.0,True,True,True
WASP-16 b,WASP-16,transit,2009,3.1186,13.67498,394.1092,5700.0,1.14,1.78,1.2400078029626087,1.22,inner,0.0,True,True,True
WASP-160 B b,WASP-160 B,transit,2018,3.7684952,12.21781,88.35674,5298.0,0.868,0.87,0.27800174937387523,1.09,inner,0.0,True,True,True
WASP-161 b,WASP-161,transit,2018,5.4060425,12.811887,791.3967,6400.0,1.712,1.39,2.4900156688523354,1.143,inner,0.0,True,True,True
WASP-162 b,WASP-162,transit,2018,9.62468,11.209,1652.716,5300.0,1.11,0.95,5.2000327221012626,1.0,inner,0.0,True,True,True
WASP-163 b,WASP-163,transit,2018,1.6096884,13.473218,594.3421,5500.0,1.015,0.97,1.8700117673710308,1.202,inner,0.0,True,True,True
WASP-164 b,WASP-164,transit,2018,1.7771255,12.643752,676.9779,5806.0,0.932,0.946,2.1300134034760942,1.128,inner,0.0,True,True,True
WASP-165 b,WASP-165,transit,2018,3.465509,14.12334,209.13214,5599.0,1.75,1.248,0.6580041406043521,1.26,inner,0.0,True,True,True
WASP-166 b,WASP-166,transit,2019,5.44354,7.06167,32.10083,6050.0,1.22,1.19,0.10100063556388991,0.63,inner,0.0,True,True,True
WASP-167 b,WASP-167,transit,2017,2.0219596,17.71022,2542.64,7000.0,1.79,1.59,8.00005034169425,1.58,inner,0.0,True,True,True
WASP-168 b,WASP-168,transit,2018,4.153658,16.8135,133.4886,6000.0,1.12,1.08,0.4200026429389481,1.5000000000000002,inner,0.0,True,True,True
WASP-169 b,WASP-169,transit,2019,5.6114118,14.616536,178.30263,6110.0,2.011,1.337,0.5610035302113093,1.304,inner,0.0,True,True,True
WASP-17 b,WASP-17,transit,2009,3.73543,20.96083,247.9074,6550.0,1.49,2.28,0.7800049083151894,1.87,inner,0.0,True,True,True
WASP-170 b,WASP-170,transit,2018,2.34478022,12.285064,508.528,5600.0,0.938,0.93,1.60001006833885,1.096,inner,0.0,True,True,True
WASP-171 b,WASP-171,transit,2019,3.8186244,10.98482,344.52772,5965.0,1.637,1.171,1.0840068212995708,0.98,inner,0.0,True,True,True
WASP-172 b,WASP-172,transit,2018,5.477433,17.59813,149.3801,6900.0,1.91,1.49,0.4700029575745372,1.57,inner,0.0,True,True,True
WASP-173 A b,WASP-173 A,transit,2018,1.38665318,13.4508,1172.7927,5800.0,1.11,1.05,3.6900232201064727,1.2,inner,0.0,True,True,True
WASP-174 b,WASP-174,transit,2018,4.2337005,16.10730527,104.88337431,6399.0,1.347,1.24,0.3300004225870597,1.4369975260951022,inner,0.0,True,True,True
WASP-175 b,WASP-175,transit,2019,3.0652907,13.540472,314.6517,6229.0,1.204,1.212,0.9900062297846635,1.208,inner,0.0,True,True,True
WASP-176 b,WASP-176,transit,2020,3.899052,16.869545,271.74465,5941.0,1.925,1.345,0.855005380268573,1.505,inner,0.0,True,True,True
WASP-177 b,WASP-177,transit,2019,3.071722,17.71022,161.45764,5017.0,0.885,0.876,0.5080031966975849,1.58,inner,0.0,True,True,True
WASP-178 b,WASP-178,transit,2019,3.3448285,20.28829,527.5978,9360.0,1.67,2.07,1.660010445901557,1.81,inner,0.0,True,True,True
WASP-18 b,WASP-18,transit,2009,0.94145223,13.89913607,3241.8497514,6432.0,1.319,1.294,10.200013061781846,1.2399978651083952,inner,0.0,True,True,True
WASP-18 c,WASP-18,transit timing variations,2019,2.1558,8.58,55.2,6400.0,1.23,1.22,0.17367884516153392,0.7654563297350344,inner,0.0,True,True,True
WASP-180 A b,WASP-180 A,transit,2019,3.409264,13.89916,286.047,6600.0,1.19,1.3,0.9000056634406033,1.24,inner,0.0,True,True,True
WASP-181 b,WASP-181,transit,2019,4.5195064,13.271456,95.03117,5839.0,0.965,1.04,0.29900188152082263,1.1840000000000002,inner,0.0,True,True,True
WASP-182 b,WASP-182,transit,2019,3.3769848,9.52765,47.03884,5638.0,1.34,1.076,0.14800093132134362,0.85,inner,0.0,True,True,True
WASP-183 b,WASP-183,transit,2019,4.1117771,16.47723,159.55066,5313.0,0.871,0.784,0.5020031589413142,1.47,inner,0.0,True,True,True
WASP-184 b,WASP-184,transit,2019,5.1817,14.90797,181.1631,6000.0,1.65,1.23,0.5700035868457153,1.33,inner,0.0,True,True,True
WASP-185 b,WASP-185,transit,2019,9.38755,14.01125,311.4734,5900.0,1.5,1.12,0.9800061668575457,1.25,inner,0.0,True,True,True
WASP-186 b,WASP-186,transit,2020,5.026799,12.44199,1341.2426,6361.0,1.47,1.22,4.2200265552437175,1.11,inner,0.0,True,True,True
WASP-187 b,WASP-187,transit,2020,5.147878,18.38276,254.264,6150.0,2.83,1.54,0.800005034169425,1.6400000000000001,inner,0.0,True,True,True
WASP-188 b,WASP-188,transit,2025,5.748916,14.81827249,458.626391301,6850.0,1.83,1.5,1.4430018478579612,1.3219977241502365,inner,0.0,True,True,True
WASP-189 b,WASP-189,transit,2020,2.724033,18.14733975,632.47852993,8000.0,2.36,2.03,1.9900025483280268,1.6189972120617362,inner,0.0,True,True,True
WASP-19 b,WASP-19,transit,2009,0.78883852,15.86070769,366.773981678,5616.0,1.006,0.965,1.154001477774142,1.4149975635649925,inner,0.0,True,True,True
WASP-190 b,WASP-190,transit,2019,5.367753,12.89035,317.83,6400.0,1.6,1.35,1.0000062927117812,1.15,inner,0.0,True,True,True
WASP-192 b,WASP-192,transit,2019,2.8786765,13.78707,731.009,5910.0,1.32,1.09,2.300014473237097,1.23,inner,0.0,True,True,True
WASP-193 b,WASP-193,transit,2023,6.2463345,16.40994774,44.178148573,6078.0,1.239,1.059,0.1390001779987918,1.4639974788116692,inner,0.0,True,True,True
WASP-194 b,WASP-194,transit,2025,3.183387,15.47960235,373.130549818,6405.0,1.409,1.29,1.1740015033854792,1.3809976224462486,inner,0.0,True,True,True
WASP-195 b,WASP-195,transit,2025,5.051928,10.31226224,33.054154328,6300.0,1.578,1.3,0.10400013317895215,0.9199984155589259,inner,0.0,True,True,True
WASP-197 b,WASP-197,transit,2025,5.167228,14.44837612,403.324248483,6050.0,2.112,1.36,1.2690016250393297,1.2889977803550718,inner,0.0,True,True,True
WASP-2 b,WASP-2,transit,2007,2.152175,12.116929,295.89973,5180.0,0.866,0.895,0.9310058585146683,1.0810000000000002,inner,0.0,True,True,True
WASP-20 b,WASP-20,transit,2015,4.8996284,16.388,98.841,5940.0,1.392,1.2,0.31098896258353576,1.4620394325988046,inner,0.0,True,True,True
WASP-21 b,WASP-21,transit,2010,4.322482,11.99,95.345,5800.0,1.06,1.01,0.29998930238997196,1.069676153091266,inner,0.0,True,True,True
WASP-22 b,WASP-22,transit,2010,3.53269,13.78707,212.9461,6000.0,1.24,1.46,0.6700042161168934,1.23,inner,0.0,True,True,True
WASP-23 b,WASP-23,transit,2010,2.9444256,10.783,280.95,5150.0,0.765,0.78,0.8839686874661767,0.9619948255865822,inner,0.0,True,True,True
WASP-24 b,WASP-24,transit,2010,2.34121,15.46842,394.1092,6075.0,1.42,1.43,1.2400078029626087,1.3800000000000001,inner,0.0,True,True,True
WASP-25 b,WASP-25,transit,2010,3.76483,11.99363,139.8452,5750.0,0.8,0.67,0.4400027687931838,1.07,inner,0.0,True,True,True
WASP-26 b,WASP-26,transit,2010,2.7566,13.56289,270.1555,6034.0,1.22,0.86,0.8500053488050141,1.21,inner,0.0,True,True,True
WASP-28 b,WASP-28,transit,2014,3.40883495,13.66374747,282.549453823,6084.0,1.083,0.993,0.8890011384239276,1.2189979007940048,inner,0.0,True,True,True
WASP-29 b,WASP-29,transit,2010,3.92273,8.63093,73.1009,4800.0,0.79,0.77,0.2300014473237097,0.77,inner,0.0,True,True,True
WASP-3 b,WASP-3,transit,2007,1.84683,15.91678,772.3269,6400.0,1.44,1.62,2.4300152912896285,1.42,inner,0.0,True,True,True
WASP-31 b,WASP-31,transit,2010,3.4059096,17.363,151.916,6302.0,1.252,1.163,0.4779818014775288,1.5490231064323312,inner,0.0,True,True,True
WASP-32 b,WASP-32,transit,2010,2.71866,10.76064,835.8929,6140.0,0.95,0.72,2.630016549831985,0.9600000000000001,inner,0.0,True,True,True
WASP-33 b,WASP-33,transit,2010,1.21987,17.855937,665.21819,7430.0,1.444,1.495,2.0930131706457584,1.5930000000000002,inner,0.0,True,True,True
WASP-34 b,WASP-34,transit,2010,4.31768,11.209,177.9848,5700.0,0.91,0.96,0.5600035239185975,1.0,inner,0.0,True,True,True
WASP-35 b,WASP-35,transit,2011,3.16158,14.5717,225.6593,5990.0,1.08,1.05,0.7100044678253647,1.3,inner,0.0,True,True,True
WASP-36 b,WASP-36,transit,2011,1.53736596,14.874343,750.39663,5959.0,0.985,1.081,2.3610148570925156,1.327,inner,0.0,True,True,True
WASP-37 b,WASP-37,transit,2010,3.577469,13.002,572.07,5800.0,1.003,0.925,1.7999358143398319,1.1599607458292445,inner,0.0,True,True,True
WASP-38 b,WASP-38,transit,2010,6.87188,13.78707,1093.3352,6180.0,1.52,1.76,3.4400216469285274,1.23,inner,0.0,True,True,True
WASP-39 b,WASP-39,transit,2011,4.0552842,14.930388,88.989,5485.0,0.918,0.93,0.27999106434927074,1.332,inner,0.0,True,True,True
WASP-4 b,WASP-4,transit,2007,1.338231466,14.807089,376.94638,5400.0,0.893,0.864,1.1860074631561726,1.321,inner,0.0,True,True,True
WASP-41 b,WASP-41,transit,2012,3.0524,12.3299,270.1555,5545.0,0.83,0.81,0.8500053488050141,1.1,inner,0.0,True,True,True
WASP-41 c,WASP-41,radial velocity,2015,421.0,13.1,,5545.0,0.87,0.93,,1.1687037202248194,outer,,False,True,True
WASP-42 b,WASP-42,transit,2012,4.9816819,12.576498,167.49641,5315.0,0.892,0.951,0.5270033162591088,1.122,inner,0.0,True,True,True
WASP-43 b,WASP-43,transit,2011,0.813475,10.424,565.714,4400.0,0.6,0.58,1.7799375762991307,0.9299669908109555,inner,0.0,True,True,True
WASP-44 b,WASP-44,transit,2011,2.423804,12.3299,276.5121,5420.0,0.906,0.935,0.8700054746592496,1.1,inner,0.0,True,True,True
WASP-45 b,WASP-45,transit,2011,3.126089,10.603714,306.38812,5150.0,0.855,0.85,0.9640060661741572,0.9460000000000001,inner,0.0,True,True,True
WASP-46 b,WASP-46,transit,2011,1.43036763,13.159366,607.0553,5600.0,0.858,0.828,1.9100120190795022,1.1740000000000002,inner,0.0,True,True,True
WASP-47 b,WASP-47,transit,2012,4.159151,12.86,374.0,5565.0,1.156,1.058,1.1767371030872045,1.147292354358105,inner,0.0,True,True,True
WASP-47 c,WASP-47,radial velocity,2015,589.57,,447.0,5565.0,1.156,1.058,1.406421083101552,,habitable,,True,False,True
WASP-47 d,WASP-47,transit,2015,9.030501,3.65,15.5,5565.0,1.156,1.058,0.048768516304416226,0.32563118922294587,inner,0.0,True,True,True
WASP-47 e,WASP-47,transit,2015,0.78961,1.83,9.0,5565.0,1.156,1.058,0.028317203015467488,0.16326166473369616,inner,0.0,True,True,True
WASP-48 b,WASP-48,transit,2011,2.14363,16.8135,254.264,5920.0,1.58,0.88,0.800005034169425,1.5000000000000002,inner,0.0,True,True,True
WASP-49 b,WASP-49,transit,2012,2.78174,12.44199,117.5971,5600.0,0.97,0.92,0.37000232830335905,1.11,inner,0.0,True,True,True
WASP-5 b,WASP-5,transit,2008,1.6284279,12.184,502.15,5700.0,1.029,0.96,1.5799426104685554,1.0869836738335266,inner,0.0,True,True,True
WASP-50 b,WASP-50,transit,2011,1.9551,13.069694,466.828704,5400.0,0.843,0.892,1.4688092427350645,1.1660000000000001,inner,0.0,True,True,True
WASP-52 b,WASP-52,transit,2012,1.7497798,14.24,146.2,5000.0,0.79,0.87,0.4599972312068163,1.270407708091712,inner,0.0,True,True,True
WASP-53 b,WASP-53,transit,2017,3.3098443,12.038466,677.61356,4953.0,0.798,0.839,2.132013416061518,1.074,inner,0.0,True,True,True
WASP-53 c,WASP-53,radial velocity,2017,2840.0,,,4953.0,0.798,0.839,,,outer,,False,False,True
WASP-54 b,WASP-54,transit,2012,3.69364,17.71022,187.5197,6100.0,1.76,1.08,0.590003712699951,1.58,inner,0.0,True,True,True
WASP-55 b,WASP-55,transit,2012,4.46563,14.90797,193.8763,5900.0,1.09,1.11,0.6100038385541865,1.33,inner,0.0,True,True,True
WASP-56 b,WASP-56,transit,2012,4.6171,10.53646,143.0235,5600.0,0.96,0.71,0.45000283172030164,0.9400000000000001,inner,0.0,True,True,True
WASP-57 b,WASP-57,transit,2012,2.83891856,11.76945,204.68252,5600.0,0.927,0.886,0.6440040525063871,1.05,inner,0.0,True,True,True
WASP-58 b,WASP-58,transit,2012,5.01718,16.02887,308.2951,5800.0,1.22,1.06,0.9700061039304279,1.4300000000000002,inner,0.0,True,True,True
WASP-59 b,WASP-59,transit,2012,7.919585,8.687,274.276,4650.0,0.613,0.719,0.8629699082522624,0.7750022303506111,inner,0.0,True,True,True
WASP-6 b,WASP-6,transit,2009,3.36101,11.54527,117.5971,5450.0,0.73,0.55,0.37000232830335905,1.03,inner,0.0,True,True,True
WASP-60 b,WASP-60,transit,2012,4.305,9.86392,174.8065,5900.0,1.17,1.19,0.5500034609914797,0.88,inner,0.0,True,True,True
WASP-61 b,WASP-61,transit,2012,3.8559,15.80469,851.7844,6250.0,1.55,1.82,2.6800168644675737,1.4100000000000001,inner,0.0,True,True,True
WASP-62 b,WASP-62,transit,2012,4.41195,14.79588,165.2716,6230.0,1.23,1.11,0.5200032722101263,1.32,inner,0.0,True,True,True
WASP-63 b,WASP-63,transit,2012,4.37808,15.80469,117.5971,5550.0,1.86,1.28,0.37000232830335905,1.4100000000000001,inner,0.0,True,True,True
WASP-64 b,WASP-64,transit,2012,1.5732918,14.247,403.945,5400.0,1.058,1.004,1.2709547302314461,1.2710322062628245,inner,0.0,True,True,True
WASP-65 b,WASP-65,transit,2013,2.3114243,12.464,492.62,5600.0,1.01,0.93,1.549957838831066,1.1119636006780267,inner,0.0,True,True,True
WASP-66 b,WASP-66,transit,2012,4.08605,15.6926,746.9005,6600.0,1.76,1.33,2.350014787872686,1.4000000000000001,inner,0.0,True,True,True
WASP-67 b,WASP-67,transit,2012,4.61442,12.89035,136.6669,5200.0,0.88,0.91,0.4300027058660659,1.15,inner,0.0,True,True,True
WASP-68 b,WASP-68,transit,2014,5.0843,14.79588,343.2564,5910.0,1.79,1.49,1.0800067961287239,1.32,inner,0.0,True,True,True
WASP-69 b,WASP-69,transit,2014,3.86814,12.44199,92.1707,4700.0,0.86,0.98,0.29000182488641657,1.11,inner,0.0,True,True,True
WASP-7 b,WASP-7,transit,2008,4.9546416,14.90797,305.1168,6400.0,1.432,1.276,0.9600060410033101,1.33,inner,0.0,True,True,True
WASP-70 A b,WASP-70 A,transit,2014,3.7130203,13.047,187.512,5763.0,1.215,1.106,0.5899794857595932,1.1639753769292533,inner,0.0,True,True,True
WASP-71 b,WASP-71,transit,2012,2.90367,13.22662,441.7837,6050.0,1.82,0.76,1.390008746869376,1.1800000000000002,inner,0.0,True,True,True
WASP-72 b,WASP-72,transit,2012,2.21673,14.45961,731.009,6250.0,2.18,2.78,2.300014473237097,1.29,inner,0.0,True,True,True
WASP-73 b,WASP-73,transit,2014,4.08722,15.91678,908.9938,6030.0,2.55,2.52,2.8600179971556945,1.42,inner,0.0,True,True,True
WASP-74 b,WASP-74,transit,2015,2.13775,15.24424,228.8376,5990.0,1.42,0.98,0.7200045307524826,1.36,inner,0.0,True,True,True
WASP-75 b,WASP-75,transit,2013,2.484193,14.235,340.06,6100.0,1.26,1.14,1.069949784159986,1.2699616379694887,inner,0.0,True,True,True
WASP-76 b,WASP-76,transit,2016,1.80988198,20.78145022,284.138595858,6329.0,1.756,1.458,0.8940011448267616,1.8539968079222053,inner,0.0,True,True,True
WASP-77 A b,WASP-77 A,transit,2012,1.360029395,13.56,529.3114290178,5617.0,0.91,0.903,1.665402132656028,1.209742171469355,inner,0.0,True,True,True
WASP-78 b,WASP-78,transit,2012,2.17518,21.63337,352.7913,6100.0,2.46,1.87,1.110006984910077,1.93,inner,0.0,True,True,True
WASP-79 b,WASP-79,transit,2012,3.662392,17.14974047,270.15414595,6600.0,1.51,1.39,0.8500010884818204,1.5299973655098582,inner,0.0,True,True,True
WASP-8 b,WASP-8,transit,2010,8.15872,12.66617,807.2882,5600.0,1.03,1.34,2.5400159834879243,1.13,inner,0.0,True,True,True
WASP-8 c,WASP-8,radial velocity,2013,4323.0,12.5,,5600.0,1.03,1.04,,1.1151753055580338,outer,,False,True,True
WASP-80 b,WASP-80,transit,2012,3.06785234,11.197791,170.99254,4143.0,0.586,0.577,0.5380033854789383,0.9990000000000001,inner,0.0,True,True,True
WASP-81 b,WASP-81,transit,2017,2.7164762,16.017661,231.69807,5870.0,1.283,1.08,0.7290045873868886,1.429,inner,0.0,True,True,True
WASP-82 b,WASP-82,transit,2015,2.70579,18.15858,371.8611,6480.0,2.1,1.48,1.1700073624727843,1.62,inner,0.0,True,True,True
WASP-83 b,WASP-83,transit,2015,4.971252,11.65736,95.349,5510.0,1.05,1.11,0.3000018878135344,1.04,inner,0.0,True,True,True
WASP-84 b,WASP-84,transit,2014,8.52349648,10.72,220.0,5280.0,0.768,0.853,0.6921982959336497,0.9563743420465698,inner,0.0,True,True,True
WASP-84 c,WASP-84,transit,2023,1.4468849,1.95,15.2,5280.0,0.768,0.853,0.04782460953723398,0.17396734766705327,inner,0.0,True,True,True
WASP-85 A b,WASP-85 A,transit,2016,2.6556777,13.89916,402.05495,6112.0,0.935,1.09,1.2650079602804034,1.24,inner,0.0,True,True,True
WASP-87 b,WASP-87,transit,2016,1.682795,15.524465,692.8694,6450.0,1.627,1.204,2.180013718111683,1.385,inner,0.0,True,True,True
WASP-88 b,WASP-88,transit,2014,4.954,16.36514,133.4886,6430.0,1.8,0.94,0.4200026429389481,1.46,inner,0.0,True,True,True
WASP-89 b,WASP-89,transit,2015,3.3564227,11.65736,1875.197,5130.0,0.88,0.92,5.900037126999509,1.04,inner,0.0,True,True,True
WASP-90 b,WASP-90,transit,2016,3.916243,18.27067,200.2329,6430.0,1.98,1.55,0.6300039644084222,1.63,inner,0.0,True,True,True
WASP-91 b,WASP-91,transit,2017,2.798581,11.54527,425.8922,4920.0,0.86,0.84,1.3400084322337869,1.03,inner,0.0,True,True,True
WASP-92 b,WASP-92,transit,2016,2.1746742,16.376349,255.85315,6280.0,1.341,1.19,0.8050050656329839,1.461,inner,0.0,True,True,True
WASP-93 b,WASP-93,transit,2016,2.7325321,17.900773,467.2101,6700.0,1.524,1.334,1.4700092502863185,1.5970000000000002,inner,0.0,True,True,True
WASP-94 A b,WASP-94 A,transit,2014,3.95019,17.71022,158.915,6170.0,1.48,1.67,0.5000031463558906,1.58,inner,0.0,True,True,True
WASP-94 B b,WASP-94 B,radial velocity,2014,2.00839,14.1,,6040.0,1.35,1.24,,1.257917744669462,inner,,False,True,True
WASP-95 b,WASP-95,transit,2014,2.18467,13.78707,457.6752,5830.0,1.23,1.46,1.4400090615049652,1.23,inner,0.0,True,True,True
WASP-96 b,WASP-96,transit,2014,3.4252602,13.45,152.55,5540.0,1.05,1.06,0.47997659111217394,1.1999286287804443,inner,0.0,True,True,True
WASP-97 b,WASP-97,transit,2014,2.07276,12.77826,432.2488,5640.0,1.08,1.18,1.3600085580880226,1.14,inner,0.0,True,True,True
WASP-98 b,WASP-98,transit,2014,2.96264036,12.823096,293.03926,5473.0,0.741,0.809,0.9220058018802624,1.144,inner,0.0,True,True,True
WASP-99 b,WASP-99,transit,2014,5.75251,11.43318,772.3269,6150.0,1.64,1.21,2.4300152912896285,1.02,inner,0.0,True,True,True
WD 0806-661 b,WD 0806-661,imaging,2011,,12.6,2542.627256,9552.0,,0.62,8.000010244534781,1.124096708002498,unknown,0.0,True,True,False
WD 1856+534 b,WD 1856+534,transit,2020,1.4079405,10.4,4386.054,4710.0,0.0131,0.518,13.800086839422582,0.9278258542242841,outer,0.0,True,True,True
WISE J033605.05-014350.4 b,WISE J033605.05-014350.4,imaging,2023,2560.0,12.6,2622.08435775,415.0,,0.0131,8.250010564676492,1.124096708002498,unknown,0.0,True,True,False
WISEP J121756.91+162640.2 A b,WISEP J121756.91+162640.2 A,imaging,2012,,10.468,6992.0,575.0,0.091,0.029,21.999320387127632,0.9338924078865198,unknown,0.0,True,True,True
WTS-1 b,WTS-1,transit,2012,3.352057,16.7,1274.44,6250.0,1.15,1.2,4.009841801225821,1.489874208225533,inner,0.0,True,True,True
WTS-2 b,WTS-2,transit,2014,1.0187068,15.277867,355.9696,5000.0,0.752,0.82,1.120007047837195,1.363,inner,0.0,True,True,True
Wendelstein-1 b,Wendelstein-1,transit,2020,2.663416,11.5609626,188.15536,4251.0,0.61,0.65,0.5920037252853745,1.0314,inner,0.0,True,True,True
Wendelstein-2 b,Wendelstein-2,transit,2020,1.7522239,12.9934728,232.33373,4591.0,0.66,0.73,0.7310045999723122,1.1592,inner,0.0,True,True,True
Wolf 1061 b,Wolf 1061,radial velocity,2015,4.8869,1.21,,3342.0,0.307,0.294,,0.10794896957801767,habitable,,False,True,True
Wolf 1061 c,Wolf 1061,radial velocity,2015,17.8719,1.66,,3342.0,0.307,0.294,,0.14809528057810686,outer,,False,True,True
Wolf 1061 d,Wolf 1061,radial velocity,2015,217.21,2.69,,3342.0,0.307,0.294,,0.23998572575608887,outer,,False,True,True
Wolf 1069 b,Wolf 1069,radial velocity,2023,15.564,1.08,,3158.0,0.1813,0.167,,0.09635114640021412,outer,,False,True,True
Wolf 327 b,Wolf 327,transit,2024,0.5734745,1.24,2.53,3542.0,0.406,0.405,0.007960280403236972,0.11062539031135694,inner,0.0,True,True,True
Wolf 503 b,Wolf 503,transit,2018,6.00127,2.043,6.27,4716.0,0.689,0.688,0.019727651434109015,0.18226425194040505,inner,0.0,True,True,True
XO-1 b,XO-1,transit,2006,3.94153,12.77826,263.7989,5750.0,0.88,0.88,0.8300052229507785,1.14,inner,0.0,True,True,True
XO-2 N b,XO-2 N,transit,2007,2.61586178,11.130537,179.89178,5340.0,0.99,0.971,0.5660035616748682,0.9930000000000001,inner,0.0,True,True,True
XO-2 S b,XO-2 S,radial velocity,2014,18.157,10.9,,5399.0,1.0,0.98,,0.9724328664466054,inner,,False,True,True
XO-2 S c,XO-2 S,radial velocity,2014,120.8,13.6,,5399.0,1.02,0.982,,1.2133107324471406,inner,,False,True,True
XO-3 b,XO-3,transit,2007,3.19154,15.80469,2316.9807,6429.0,1.54,0.58,7.290045873868886,1.4100000000000001,inner,0.0,True,True,True
XO-4 b,XO-4,transit,2010,4.12508,14.01125,451.3186,6397.0,1.45,1.1,1.4200089356507295,1.25,inner,0.0,True,True,True
XO-5 b,XO-5,transit,2008,4.1877558,12.78,378.2,5430.0,1.13,1.04,1.189951797827756,1.1401552324025337,inner,0.0,True,True,True
XO-6 b,XO-6,transit,2016,3.7650007,23.20263,1398.452,6720.0,1.93,1.47,4.400027687931837,2.07,inner,0.0,True,True,True
XO-7 b,XO-7,transit,2019,2.8641424,15.389957,225.34147,6250.0,1.48,1.405,0.709004461532653,1.3730000000000002,inner,0.0,True,True,True
YSES 2 b,YSES 2,imaging,2021,,12.7,2002.3189641,4749.0,1.193,1.1,6.300008067571139,1.1330181104469623,unknown,0.0,True,True,True
YZ Cet b,YZ Cet,radial velocity,2017,2.02087,0.913,,3151.0,0.157,0.142,,0.08145240431795879,outer,,False,True,True
YZ Cet c,YZ Cet,radial velocity,2017,3.05989,1.05,,3151.0,0.157,0.142,,0.09367472566687483,outer,,False,True,True
YZ Cet d,YZ Cet,radial velocity,2017,4.65626,1.03,,3151.0,0.157,0.142,,0.09189044517798198,outer,,False,True,True
ZTF J1230-2655 b,ZTF J1230-2655,transit,2025,0.23597766,13.78704626,7024.0077947,10000.0,0.0123,0.646,22.10002830052733,1.2299978820590598,habitable,0.0,True,True,True
ZTF J1828+2308 b,ZTF J1828+2308,transit,2025,0.1120067,11.13051784,6356.56814,15900.0,0.0131,0.61,20.00002561133695,0.9929982906592917,inner,0.0,True,True,True
alf Ari b,alf Ari,radial velocity,2010,380.8,13.4,,4553.0,13.9,1.5,,1.1954679275582123,inner,,False,True,True
alf Tau b,alf Tau,radial velocity,2015,628.96,12.7,,4055.0,45.1,1.13,,1.1330181104469623,inner,,False,True,True
b Cen AB b,b Cen A,imaging,2021,1790000.0,12.4,3464.3296363,,,5.5,10.900013958178638,1.1062539031135694,unknown,0.0,True,True,False
bet Cnc b,bet Cnc,radial velocity,2014,605.2,12.6,,4092.1,47.2,1.7,,1.124096708002498,inner,,False,True,True
bet Pic b,bet Pic,imaging,2008,8617.50952,18.49485,3727.809385703,8038.68,1.54416,1.795,11.729015019768555,1.65,outer,0.0,True,True,True
bet Pic c,bet Pic,radial velocity,2019,1192.77951,12.5,3222.462218573,8038.68,1.54416,1.795,10.139012983667268,1.1151753055580338,inner,0.0,True,True,True
bet UMi b,bet UMi,radial velocity,2014,522.3,12.7,,4126.0,38.3,1.4,,1.1330181104469623,inner,,False,True,True
eps CrB b,eps CrB,radial velocity,2012,417.9,12.7,,4406.0,21.0,1.7,,1.1330181104469623,inner,,False,True,True
eps Eri b,eps Eri,radial velocity,2000,2671.0,14.1,209.76674862,5020.38,0.759106,0.82,0.6600008451741194,1.257917744669462,outer,0.0,True,True,True
eps Ind A b,eps Ind A,radial velocity,2019,16510.0,12.7,2005.49724817,4760.0,0.679,0.76,6.310008080376808,1.1330181104469623,outer,0.0,True,True,True
eps Tau b,eps Tau,radial velocity,2006,585.82,12.7,,4877.0,12.35,2.57,,1.1330181104469623,inner,,False,True,True
gam Cep b,gam Cep,radial velocity,2003,913.0,12.7,2097.6674862,4775.0,4.74,1.27,6.600008451741194,1.1330181104469623,inner,0.0,True,True,True
gam Lib b,gam Lib,radial velocity,2018,414.88,13.7,,4879.0,12.38,1.78,,1.222232134891605,inner,,False,True,True
gam Lib c,gam Lib,radial velocity,2018,966.49,12.8,,4879.0,12.38,1.78,,1.1419395128914267,inner,,False,True,True
gam Psc b,gam Psc,radial velocity,2021,555.1,13.6,,4742.0,11.2,0.99,,1.2133107324471406,inner,,False,True,True
gam1 Leo b,gam1 Leo,radial velocity,2009,428.5,12.5,,4330.0,31.88,1.23,,1.1151753055580338,inner,,False,True,True
iot Dra b,iot Dra,radial velocity,2002,510.8544,12.4,,4504.0,11.79,1.54,,1.1062539031135694,inner,,False,True,True
iot Dra c,iot Dra,radial velocity,2022,25000.0,12.2,,4504.0,11.79,1.54,,1.0884110982246409,inner,,False,True,True
kap And b,kap And,imaging,2012,,12.3,4327.36,10900.0,2.31229,2.6,13.615414626779264,1.0973325006691053,unknown,0.0,True,True,True
kap CrB b,kap CrB,radial velocity,2007,1253.68,13.4,591.1638,4840.0,4.68,1.33,1.8600117044439133,1.1954679275582123,inner,0.0,True,True,True
mu Leo b,mu Leo,radial velocity,2014,357.8,13.3,,4538.2,11.4,1.5,,1.186546525113748,inner,,False,True,True
mu2 Sco b,mu2 Sco,imaging,2022,,12.3,4576.7290608,21700.0,5.6,9.1,14.400018440162606,1.0973325006691053,unknown,0.0,True,True,True
nu Oct A b,nu Oct A,radial velocity,2016,402.4,13.3,696.04421133,4910.0,5.04,1.57,2.1900028044413964,1.186546525113748,inner,0.0,True,True,True
nu Oph b,nu Oph,radial velocity,2012,529.93,12.0,7057.73298,4887.0,12.24,2.61,22.206139735957816,1.0705682933357124,inner,0.0,True,True,True
nu Oph c,nu Oph,radial velocity,2012,3180.6,12.0,7838.32346,4887.0,12.24,2.61,24.66215519085795,1.0705682933357124,inner,0.0,True,True,True
ome Ser b,ome Ser,radial velocity,2013,278.59,14.0,,4724.0,10.99,1.01,,1.248996342224998,inner,,False,True,True
omi CrB b,omi CrB,radial velocity,2012,187.01,13.7,,4769.0,11.87,1.3,,1.222232134891605,inner,,False,True,True
omi UMa b,omi UMa,radial velocity,2012,1569.81,13.0,,5075.0,13.84,2.72,,1.159782317780355,inner,,False,True,True
pi Men c,HD 39091,transit,2018,6.267852,2.11,4.3,5998.0,1.17,1.07,0.013529330329612243,0.1882415915781961,inner,0.0,True,True,True
pi Men d,HD 39091,radial velocity,2022,124.64,3.72,,5998.0,1.19,1.07,,0.33187617093407085,inner,,False,True,True
psi1 Dra B b,psi1 Dra B,radial velocity,2015,3117.0,13.5,,6212.0,1.255735,1.19,,1.2043893300026765,outer,,False,True,True
rho CrB b,rho CrB,radial velocity,1997,39.8438,13.7,,5817.0,1.34,0.95,,1.222232134891605,inner,,False,True,True
rho CrB c,rho CrB,radial velocity,2016,102.19,5.78,,5817.0,1.34,0.95,,0.5156570612900349,inner,,False,True,True
rho CrB d,rho CrB,radial velocity,2023,282.2,4.94,,5817.0,1.34,0.95,,0.440717280756535,inner,,False,True,True
rho CrB e,rho CrB,radial velocity,2023,12.949,1.77,,5817.0,1.34,0.95,,0.15790882326701758,inner,,False,True,True
tau Boo b,tau Boo,radial velocity,1996,3.3124568,12.8,1891.0,6466.27,1.42588,1.32,5.94975898913878,1.1419395128914267,inner,0.0,True,True,True
tau Cet e,tau Cet,radial velocity,2017,162.87,1.81,,5310.0,0.83,0.783,,0.1614773842448033,habitable,,False,True,True
tau Cet f,tau Cet,radial velocity,2017,636.13,1.81,,5310.0,0.83,0.783,,0.1614773842448033,outer,,False,True,True
tau Cet g,tau Cet,radial velocity,2017,20.0,1.18,,5310.0,0.83,0.783,,0.10527254884467838,inner,,False,True,True
tau Cet h,tau Cet,radial velocity,2017,49.41,1.19,,5310.0,0.83,0.783,,0.10616468908912481,inner,,False,True,True
tau Gem b,tau Gem,radial velocity,2013,305.5,12.1,,4388.0,26.8,2.3,,1.0794896957801767,inner,,False,True,True
ups And b,ups And,radial velocity,1996,4.617033,14.0,,6156.77,1.56,1.3,,1.248996342224998,inner,,False,True,True
ups And c,ups And,radial velocity,1999,241.258,12.3,4443.24112986,6156.77,1.56,1.3,13.980017902324528,1.0973325006691053,inner,0.0,True,True,True
ups And d,ups And,radial velocity,1999,1276.46,12.5,3257.74117175,6156.77,1.56,1.3,10.250013125810188,1.1151753055580338,habitable,0.0,True,True,True
ups Leo b,ups Leo,radial velocity,2021,385.2,14.2,,4836.0,11.22,1.48,,1.2668391471139262,inner,,False,True,True
xi Aql b,xi Aql,radial velocity,2007,136.97,13.4,,4841.0,10.86,1.74,,1.1954679275582123,inner,,False,True,True
