pl_name,hostname,discoverymethod,disc_year,pl_orbper,pl_rade,pl_masse,st_teff,st_rad,st_mass
HD 70642 b,HD 70642,Radial Velocity,2003,2124.54,,,5732,0.984,1.078
Kepler-20 d,Kepler-20,Transit,2011,77.61184,2.75,20.1,5455,0.944,0.912
Kepler-976 b,Kepler-976,Transit,2016,105.9564148,3.81,,5308,0.796,0.887
Kepler-188 c,Kepler-188,Transit,2014,5.996537113,,,5704,1.06544,1.02
K2-151 b,K2-151,Transit,2018,3.835376,1.5,,,0.45,
HAT-P-54 b,HAT-P-54,Transit,2015,3.7999139,10.8,,4171,0.64,
Kepler-61 b,Kepler-61,Transit,2013,59.87756,2.15,,4017,0.62,0.635
Kepler-818 b,Kepler-818,Transit,2016,10.0354073,,,5624,0.913187,1
Kepler-407 b,Kepler-407,Transit,2014,0.669309686,1.21,,5626,1.067,1.051
WASP-15 b,WASP-15,Transit,2009,3.7520997,,,,,
Kepler-890 b,Kepler-890,Transit,2016,,10.703,,6235,1.39,
WASP-58 b,WASP-58,Transit,2012,5.01718,15.35633,285.72917,5800,1.17,0.94
Kepler-199 c,Kepler-199,Transit,2014,67.09342695,,,5698.3,0.917774,1.01
Kepler-902 b,Kepler-902,Transit,2016,40.10999,3,,5966,0.93,1.024
Kepler-176 b,Kepler-176,Transit,2014,5.43312169,1.268,,5106,0.787,0.86
Kepler-1295 b,Kepler-1295,Transit,2016,3.81371423,1.37,,5547,0.82,0.918
Kepler-903 c,Kepler-903,Transit,2016,62.9147,1.98,,5726,0.85,0.959
K2-369 b,K2-369,Transit,2022,5.7619248,1.37,,5350,0.83,
Kepler-647 c,Kepler-647,Transit,2020,29.66629667,2.7,,5955,1.053,0.93
Kepler-1552 b,Kepler-1552,Transit,2016,184.771853,2.17,,5220,0.677,0.714
Kepler-1998 b,Kepler-1998,Transit,2023,3.03263998,0.69419998,,5640,0.921,0.962
OGLE-2018-BLG-1126L b,OGLE-2018-BLG-1126L,Microlensing,2022,,,19.06970442,,,0.69
Kepler-1907 c,Kepler-1907,Transit,2021,14.86386959,7.44,,4866,0.665,0.673
Kepler-480 b,Kepler-480,Transit,2016,4.919583795,2.43,,6495,1.168,1.19
WASP-130 b,WASP-130,Transit,2016,11.5509796,,,5625,0.96,1.04
KELT-9 b,KELT-9,Transit,2017,1.48111871,,,,,
Kepler-1608 b,Kepler-1608,Transit,2016,16.47375729,,,,,
WASP-76 b,WASP-76,Transit,2016,1.80988452,,,,,
Kepler-150 d,Kepler-150,Transit,2014,12.56092796,2.671,,5588,0.863,0.956
K2-232 b,K2-232,Transit,2018,11.168459,11.859122,123.00021,5888,1.233,1.039
Kepler-392 b,Kepler-392,Transit,2014,5.341853157,,,6026.51,1.14758,1.12
Kepler-262 b,Kepler-262,Transit,2014,13.0607936,,,5435.5,0.959919,0.95
Kepler-391 b,Kepler-391,Transit,2014,7.41683033,,,5032.18,2.74314,
HD 8574 b,HD 8574,Radial Velocity,2002,227,,,6050,,1.122
Kepler-1203 b,Kepler-1203,Transit,2016,0.5879933,1.01,,4115,0.532,0.557
Kepler-1347 b,Kepler-1347,Transit,2016,14.00948631,0.98,,5153,0.767,0.763
Kepler-258 c,Kepler-258,Transit,2014,33.6529701,3.17,,4951,0.77,0.82
Kepler-605 c,Kepler-605,Transit,2016,2.358951515,0.8,,5438,0.82,0.92
GJ 229 A c,GJ 229,Radial Velocity,2020,121.995,,,,,0.58
Kepler-1642 b,Kepler-1642,Transit,2016,12.2064304,,,5095,0.805577,0.855
Kepler-79 c,Kepler-79,Transit,2012,27.4029,3.72,5.9,6174,1.302,1.165
GJ 3634 b,GJ 3634,Radial Velocity,2010,2.64561,,8.4,,0.43,0.45
Kepler-1588 b,Kepler-1588,Transit,2016,7.84931877,,,5697.81,1.48384,1.01
Kepler-368 c,Kepler-368,Transit,2014,72.3826983,,,5395.36,2.18669,0.94
Kepler-1263 b,Kepler-1263,Transit,2016,4.5513988,,,5157.25,0.777685,0.87
Kepler-83 c,Kepler-83,Transit,2012,20.09,2.33,11.4,,0.592,0.632
Kepler-1243 b,Kepler-1243,Transit,2016,16.8320695,,,5492.85,0.834193,0.96
HD 222582 b,HD 222582,Radial Velocity,1999,572.38,,,5790,1.13,1.12
Kepler-1521 b,Kepler-1521,Transit,2016,47.14840805,6.46,,5089,1.945,1.029
Kepler-408 b,Kepler-408,Transit,2014,2.465031,0.78,,6027,1.31,1.055
Kepler-1915 b,Kepler-1915,Transit,2021,13.8353959,,,5743,1.08403,1.03
Kepler-751 b,Kepler-751,Transit,2016,17.44490636,2.46,,5387,0.84,0.87
Kepler-211 b,Kepler-211,Transit,2014,4.138536769,2.49,,5244,1.56,0.929
Kepler-1167 b,Kepler-1167,Transit,2016,1.003931703,,,4806,0.778285,0.78
TOI-2274 b,TOI-2274,Transit,2024,2.679616364,1.83347689,,3943,0.63072,
Kepler-615 b,Kepler-615,Transit,2016,10.35585454,,,,,
HD 134060 b,HD 134060,Radial Velocity,2019,3.2696,,,5966,,1.095
Kepler-1745 b,Kepler-1745,Transit,2021,3.016190052,1.92872921,,5611,1.4,0.995
Kepler-367 c,Kepler-367,Transit,2014,53.5782,1.08,,4739,0.654,0.677
Kepler-1315 c,Kepler-1315,Transit,2021,6.5660634,,,4710.62,0.728751,0.75
Kepler-385 b,Kepler-385,Transit,2014,10.04372368,,,5829,1.157,1.05
TOI-1347 b,TOI-1347,Transit,2024,0.847421802,1.75365438,,5300,0.846387,
Kepler-223 e,Kepler-223,Transit,2014,19.7240891,31.46,,5825,1.003,0.902
Kepler-26 c,Kepler-26,Transit,2011,,2.976,,3884,0.606,
Kepler-252 b,Kepler-252,Transit,2014,6.66834872,1.2,,4208,0.59,0.61
Kepler-176 c,Kepler-176,Transit,2014,12.75934834,2.371,,5106,0.787,0.86
OGLE-2018-BLG-0506L b,OGLE-2018-BLG-0506L,Microlensing,2022,,,16.3,,,0.63
HD 189733 b,HD 189733,Radial Velocity,2005,2.21857567,,,,,
Kepler-271 b,Kepler-271,Transit,2014,10.43547805,1.32,,5516,0.895,0.82
Kepler-1693 c,Kepler-1693,Transit,2021,5.363717,0.89,,5677,0.84,0.943
Kepler-11 g,Kepler-11,Transit,2010,118.37867,,50.4464,,1.064,0.986
Kepler-284 c,Kepler-284,Transit,2014,37.5140693,2.95,,5487,0.87,0.91
Kepler-1484 b,Kepler-1484,Transit,2016,30.4549136,2.3,,6283,0.984,1.047
HD 134606 d,HD 134606,Radial Velocity,2024,966.5,,,5576,1.158,1.046
Kepler-1997 b,Kepler-1997,Transit,2023,26.75749969,2.44300008,,6215,1.052,1.111
HD 43691 b,HD 43691,Radial Velocity,2007,36.9987,,,6093,1.6,1.32
HD 164509 b,HD 164509,Radial Velocity,2010,282.4,,,5922,1.06,1.13
HD 175167 b,HD 175167,Radial Velocity,2009,1175,,4703.860424,,,1.09
Kepler-1184 b,Kepler-1184,Transit,2016,53.59889507,,,5922,1.02417,1.08
Kepler-640 b,Kepler-640,Transit,2016,22.24820572,,,5581.5,1.04068,0.99
TOI-2048 b,TOI-2048,Transit,2022,13.7905315,2.60168,,5021.6,0.76,
WASP-100 b,WASP-100,Transit,2014,2.84938206,,,,,
Kepler-160 b,Kepler-160,Transit,2014,4.309381978,1.89,,5541,1.089,0.929
Kepler-222 c,Kepler-222,Transit,2014,10.08881066,,,5154,0.850048,0.87
Kepler-221 d,Kepler-221,Transit,2014,10.041555,2.81,,5324,0.81,0.816
K2-274 b,K2-274,Transit,2018,14.130142,2.41,,,0.794,
HD 176986 b,HD 176986,Radial Velocity,2017,6.4898,,,4931,0.782,0.789
Kepler-398 d,Kepler-398,Transit,2016,6.83437001,0.85,,4494,0.659,0.698
Kepler-151 c,Kepler-151,Transit,2014,24.67464211,2.09,,5460,0.818,0.874
Kepler-304 b,Kepler-304,Transit,2014,3.295703644,3.8,,4910,0.892,0.828
K2-117 c,K2-117,Transit,2017,5.44425,1.94,,3676,0.513,0.532
HD 114783 b,HD 114783,Radial Velocity,2001,496.9,,,5084,0.839444,0.85
Kepler-625 b,Kepler-625,Transit,2016,7.75192755,1.89,,5604,0.912,1.004
WASP-47 d,WASP-47,Transit,2015,9.03079,3.6,10.4,5576,1.11133,0.984
HAT-P-8 b,HAT-P-8,Transit,2008,3.0763373,,483.1016,6200,,
Kepler-1238 b,Kepler-1238,Transit,2016,4.14787559,1.57,,6337,1.198,1.26
Kepler-1981 b,Kepler-1981,Transit,2023,453.543999,3.71,,6109,1.179,1.038
K2-85 b,K2-85,Transit,2016,0.684559,1.2,,4427,0.68,
Kepler-26 c,Kepler-26,Transit,2011,17.25121397,,,4486,0.460589,0.7
KOI-2513.01,KOI-2513,Transit,2023,19.00547,2.80224517,7310.053361,5900,1.2,0.91
Kepler-245 c,Kepler-245,Transit,2014,17.46082827,,,5031,0.834548,0.84
Kepler-841 b,Kepler-841,Transit,2016,124.4198398,4.67,,5446,0.72,0.781
Kepler-465 b,Kepler-465,Transit,2016,9.940666412,2.87,,6215,1.259,1.17
Kepler-175 c,Kepler-175,Transit,2014,34.035257,3.1,,6064,1.01,
Kepler-1783 b,Kepler-1783,Transit,2021,8.27741559,,,5111.02,0.758799,0.859
Kepler-1047 b,Kepler-1047,Transit,2016,56.1886436,,,5566.56,1.75095,0.98
Kepler-339 c,Kepler-339,Transit,2014,6.98800953,,,5495.56,0.769161,0.96
GJ 1214 b,GJ 1214,Transit,2009,1.58040433,2.742,8.17,3250,0.215,0.178
HD 11964 b,HD 11964,Radial Velocity,2005,1945,,,5303,2.00971,0.91
Kepler-728 b,Kepler-728,Transit,2016,,4.624,,5905,1.317,
Kepler-1543 b,Kepler-1543,Transit,2016,6.96704926,,,6620.14,1.33155,1.39
Qatar-10 b,Qatar-10,Transit,2019,1.645321,17.295487,233.92288,6124,1.254,1.156
Kepler-135 c,Kepler-135,Transit,2014,11.4485946,1.07,,6388,1.209,1.187
Kepler-1695 b,Kepler-1695,Transit,2020,4.73292085,1.03,,5583,0.79,0.865
CoRoT-12 b,CoRoT-12,Transit,2010,2.828042,15.13215,281.91521,5675,1.046,1.018
Kepler-825 b,Kepler-825,Transit,2016,3.773682,1.41,,6290,1.09,1.12
Kepler-1620 b,Kepler-1620,Transit,2016,101.9520232,,,,,
HAT-P-33 b,HAT-P-33,Transit,2011,3.47447703,,,6446,1.637,1.375
K2-283 b,K2-283,Transit,2018,1.921076,3.8,,,0.86,
Kepler-196 d,Kepler-196,Transit,2021,122.0800018,2.66065673,,5132,0.77,0.805
HD 108874 c,HD 108874,Radial Velocity,2005,,,,,,0.99
WASP-100 b,WASP-100,Transit,2014,2.849375,18.94321,645.1949,,2,1.57
Kepler-708 b,Kepler-708,Transit,2016,3.167891938,2.87,,5895,0.94,1.026
KELT-6 b,KELT-6,Transit,2014,7.8456049,,,,,
Kepler-783 b,Kepler-783,Transit,2016,4.29263699,0.68,,5357,0.863,0.854
WASP-187 b,WASP-187,Transit,2020,5.1478828,,,,,
Kepler-158 b,Kepler-158,Transit,2014,16.70920692,2.419,,4618,0.639,0.652
Kepler-1534 b,Kepler-1534,Transit,2016,5.71668872,1.95,,5638,0.883,0.875
Kepler-24 e,Kepler-24,Transit,2014,18.9985279,,,5998.38,1.09069,1.11
Kepler-1019 b,Kepler-1019,Transit,2016,1.411229847,1.36,,4350,0.625,0.611
Kepler-257 c,Kepler-257,Transit,2014,6.58148439,,,4972,0.87259,0.82
Kepler-578 b,Kepler-578,Transit,2016,1.616883696,2.54,,5417,1.066,0.877
HATS-30 b,HATS-30,Transit,2016,3.17435131,,,5943,1.061,1.093
Kepler-443 b,Kepler-443,Transit,2015,177.669112,2.069,,4781,0.697,0.752
Kepler-223 e,Kepler-223,Transit,2014,19.7240891,31.46,,5825,1.003,0.902
Kepler-1334 b,Kepler-1334,Transit,2016,15.64585493,,,5674,1.06825,1.01
WASP-46 b,WASP-46,Transit,2011,1.4303707,,,5600,0.858,0.828
Kepler-401 d,Kepler-401,Transit,2016,184.262741,,,6132,1.70021,1.16
Kepler-1894 b,Kepler-1894,Transit,2021,2.76263462,1.26,,5772,0.901,0.999
Kepler-106 d,Kepler-106,Transit,2014,23.9802348,0.99,,5881,1.029,0.944
Kepler-722 b,Kepler-722,Transit,2016,4.093573252,2.46,,6077,0.999,1.077
WASP-190 b,WASP-190,Transit,2019,5.3677675,,,6400,1.6,1.35
K2-381 b,K2-381,Transit,2022,7.939256,1.08322371,,4661,0.645652,
Kepler-580 b,Kepler-580,Transit,2016,,2.336,,4213,0.63,
Kepler-259 b,Kepler-259,Transit,2014,8.115313,2.9,,5931,0.91,1.015
WASP-60 b,WASP-60,Transit,2012,4.3050011,9.64,163.358,5900,1.14,1.078
Kepler-137 c,Kepler-137,Transit,2014,18.73577127,,,5265,0.858396,0.9
KOI-1783.02,KOI-1783,Transit,2020,284.0423,5.2,,6235,1.03,1.115
KOI-94 e,KOI-94,Transit,2013,54.31998605,6.116,,,,1.177
Kepler-194 b,Kepler-194,Transit,2014,2.092269993,1.48,,6085,1.005,0.962
Kepler-514 b,Kepler-514,Transit,2016,,1.859,,6155,1.34,
Kepler-321 b,Kepler-321,Transit,2014,,1.519,,5741,0.993,
HAT-P-29 b,HAT-P-29,Transit,2011,5.723186,12.408,247.261,6087,1.224,1.207
Kepler-618 b,Kepler-618,Transit,2016,3.595769645,2.39,,6108,1.011,1.052
WASP-106 b,WASP-106,Transit,2014,9.289715,12.161765,606.73747,6000,1.393,1.192
Kepler-712 c,Kepler-712,Transit,2016,226.89047,4.48,,5330,0.718,0.77
Kepler-1096 b,Kepler-1096,Transit,2016,2.892217506,1.17,,4156,0.594,0.602
Kepler-1818 b,Kepler-1818,Transit,2021,4.64495172,,,5908,1.28905,1.07
XO-1 b,XO-1,Transit,2006,3.941501,,,5729,0.919086,1.023
HD 192310 b,HD 192310,Radial Velocity,2011,74.062,,,5181.11,0.857922,0.844324
Kepler-542 b,Kepler-542,Transit,2016,13.14497566,1.8,,5696,1.001,0.954
Kepler-1188 b,Kepler-1188,Transit,2016,17.1369543,2.17,,6217,1.09,1.098
K2-381 c,K2-381,Transit,2022,16.034656,2,,4473,0.675,0.754
Kepler-80 d,Kepler-80,Transit,2014,3.072149196,1.7,,4638,0.71,0.76
Kepler-659 b,Kepler-659,Transit,2016,,2.783,,4868,0.783,
KOI-984 b,KOI-984,Transit,2022,4.287455473,2.78,,5505,0.871,0.992
TIC 172900988 b,TIC 172900988 Aa,Transit,2021,151.2,,,,,1.23681
Kepler-666 b,Kepler-666,Transit,2016,4.49876092,2.21,,6075,0.969,1.048
Kepler-1334 b,Kepler-1334,Transit,2016,,2.492,,5891,1.046,
Kepler-1875 b,Kepler-1875,Transit,2021,34.4584231,2.01,,6150,0.851,0.95
Kepler-326 c,Kepler-326,Transit,2014,4.58,2.79,17.4,,1.593,0.93
OGLE-2019-BLG-0468L b,OGLE-2019-BLG-0468L,Microlensing,2022,,,1090.151436,,,0.92
Kepler-9 b,Kepler-9,Transit,2010,19.243,8.2,43.5,,,1
Kepler-400 b,Kepler-400,Transit,2014,9.024389,1.65,,5886,1.145,
Kepler-60 d,Kepler-60,Transit,2012,11.8984932,1.747,,5834,1.433,1
Kepler-1408 b,Kepler-1408,Transit,2016,2.99793191,0.84,,6295,1.236,1.068
HD 285507 b,HD 285507,Radial Velocity,2013,6.0881,,,4503,0.69,0.82
HD 38801 b,HD 38801,Radial Velocity,2009,696.29999,,,5277,2.38,1.64
Kepler-61 b,Kepler-61,Transit,2013,,2.696,,4158,0.63,0.665
Kepler-527 b,Kepler-527,Transit,2016,13.28534769,,,6283.5,1.22347,1.23
Kepler-1365 b,Kepler-1365,Transit,2016,7.699939,0.75,,5789,0.9,0.957
Kepler-1814 b,Kepler-1814,Transit,2021,2.93535874,,,4761,0.821079,0.77
HAT-P-12 b,HAT-P-12,Transit,2009,3.21305751,,,4650,0.701,0.733
Kepler-1135 b,Kepler-1135,Transit,2016,76.9611,2.07,,5886,1.08,0.964
Kepler-1087 b,Kepler-1087,Transit,2016,0.693842855,0.61,,5589,0.94,0.96
K2-100 b,K2-100,Transit,2016,1.67344228,,,6115.49,1.21742,1.153
Kepler-370 b,Kepler-370,Transit,2014,4.57950946,1.526,,5649,1.029,0.982
Kepler-299 b,Kepler-299,Transit,2014,2.92721119,,,5631,0.999357,1
Kepler-265 e,Kepler-265,Transit,2014,67.83183963,,,5963,0.942897,1.09
BD-10 3166 b,BD-10 3166,Radial Velocity,2000,3.487,,,5400,,1.1
Kepler-547 b,Kepler-547,Transit,2016,6.010383339,3.8,,4882,0.738,0.718
Kepler-335 b,Kepler-335,Transit,2014,6.56228956,,,5928.73,1.84315,1.08
Kepler-146 c,Kepler-146,Transit,2014,76.7325168,2.91,,6197,1.06,0.986
Kepler-131 c,Kepler-131,Transit,2014,25.51571026,,,5755,1.03161,1.03
KOI-1257 b,KOI-1257,Transit,2014,86.64764448,9.4,,5522,1.12,0.963
Kepler-1941 b,Kepler-1941,Transit,2021,31.3351397,1.99,,6418,1.171,1.241
HATS-45 b,HATS-45,Transit,2018,4.187615382,13.90023688,,6675,1.23733,
Kepler-1836 b,Kepler-1836,Transit,2021,5.254169941,2.55303229,,6123,0.987,1.053
EPIC 220674823 b,EPIC 220674823,Transit,2016,0.571336,1.8,,,0.97,
Kepler-549 c,Kepler-549,Transit,2016,117.040498,2.93,,5360,0.84,0.88
Kepler-386 c,Kepler-386,Transit,2014,25.19368069,,,4993,0.841271,0.83
Kepler-189 b,Kepler-189,Transit,2014,10.40006,1.17,,5220,0.72,0.824
HD 40979 b,HD 40979,Radial Velocity,2002,264.15,,,6089,,1.154
Kepler-171 b,Kepler-171,Transit,2014,4.166962173,2.44,,5641,0.831,0.908
Kepler-1481 b,Kepler-1481,Transit,2016,5.94220998,1.27,,4922,0.795,0.765
WASP-77 A b,WASP-77 A,Transit,2012,1.360029395,,529.311429,5617,0.91,0.903
HD 40307 c,HD 40307,Radial Velocity,2009,9.6184,,,4956,,0.77
Kepler-302 c,Kepler-302,Transit,2014,127.282184,12.45,,5740,1.22,
Kepler-51 c,Kepler-51,Transit,2012,85.316,6.4,3.9,,,1.1
Kepler-755 b,Kepler-755,Transit,2016,1.269090374,1.78,,5095,0.771,0.733
TOI-1136 e,TOI-1136,Transit,2022,18.80693,2.5456702,24,5805,0.9573,1.0404
Kepler-293 b,Kepler-293,Transit,2014,19.25404023,,,5412,0.870183,0.94
Kepler-207 b,Kepler-207,Transit,2014,1.611883974,,,5966,1.73156,1.09
Kepler-803 b,Kepler-803,Transit,2016,50.28638192,3.2,,5642,0.945,0.875
Kepler-271 b,Kepler-271,Transit,2014,10.43547805,1.247,,5470,0.849,0.829
Kepler-68 c,Kepler-68,Transit,2013,9.604869,1.11,,5793,1.242,1.075
Kepler-129 c,Kepler-129,Transit,2014,82.1997,2.04,,5795,1.36,1.185
Kepler-1392 b,Kepler-1392,Transit,2016,15.1410397,2.04,,5926,0.887,0.978
Kepler-1729 b,Kepler-1729,Transit,2021,4.220970154,3.89404186,,3837,0.517,0.544
Kepler-192 d,Kepler-192,Transit,2016,6.470296415,,,5500.71,0.987806,0.96
Kepler-41 b,Kepler-41,Transit,2011,1.85555754,10.5,,5730,0.97,0.98
Kepler-1339 b,Kepler-1339,Transit,2016,1.341555127,1.08,,5738,1.407,0.938
Kepler-1237 b,Kepler-1237,Transit,2016,,2.518,,5419,0.864,
TOI-216.01,TOI-216,Transit,2019,34.5073,,,5026,0.838,0.874
Kepler-42 b,Kepler-42,Transit,2011,1.2137672,0.78,,3068,0.17,0.13
K2-216 b,K2-216,Transit,2018,2.1747824,1.79105,,4542,0.71,
Kepler-79 b,Kepler-79,Transit,2012,13.484577,,10.3,,1.283,1.244
Kepler-1951 b,Kepler-1951,Transit,2021,20.6577602,0.88,,5497,0.9,0.782
Kepler-1408 b,Kepler-1408,Transit,2016,2.99792926,1.12,,5888,1.645,1.136
HD 159868 b,HD 159868,Radial Velocity,2006,1178.40002,,,5566,1.97,1.42
Kepler-1356 b,Kepler-1356,Transit,2016,0.634002937,1.45,,5238,0.752,0.836
Kepler-11 d,Kepler-11,Transit,2010,22.68714105,3.382,,,,0.986
Kepler-1050 b,Kepler-1050,Transit,2016,15.3787546,1.6,,6010,1.13,1.09
Kepler-377 b,Kepler-377,Transit,2014,12.5094525,1.491,,5924,1.172,1.043
Kepler-1689 b,Kepler-1689,Transit,2020,8.48293296,0.815,,5741,0.971,0.893
Kepler-220 c,Kepler-220,Transit,2014,9.03419765,,,4457.96,0.769859,0.699
WASP-8 b,WASP-8,Transit,2010,8.15872562,,,5600,,
KMT-2022-BLG-1013L b,KMT-2022-BLG-1013L,Microlensing,2023,,,98.52680617,,,0.18
HD 95089 c,HD 95089,Radial Velocity,2018,1785,,,4918,5.08,1.54
KOI-1833 d,Kepler-968,Transit,2021,7.684334874,1.95,,4397,0.577,0.568
Kepler-1182 b,Kepler-1182,Transit,2016,11.17394617,2.05,,5911,0.914,1.006
Kepler-228 d,Kepler-228,Transit,2014,11.09435443,,,5675,1.1757,1.01
Kepler-1166 b,Kepler-1166,Transit,2016,33.2406882,1.69,,5446,0.86,0.9
Kepler-976 b,Kepler-976,Transit,2016,105.9564148,3.96,,5232,0.83,0.87
Kepler-1983 b,Kepler-1983,Transit,2023,7.32851947,,,5022,0.759486,0.835
Kepler-975 b,Kepler-975,Transit,2016,1.9703213,1.5,,4765,0.7,0.68
Kepler-111 b,Kepler-111,Transit,2014,,1.519,,5905,1.123,
K2-121 b,K2-121,Transit,2017,5.1857539,7.52,,4690,0.67,0.69
Kepler-272 b,Kepler-272,Transit,2014,,1.871,,5439,1.233,
Kepler-396 c,Kepler-396,Transit,2013,88.51067812,,,5509.61,0.939951,0.967
Kepler-620 b,Kepler-620,Transit,2016,12.91385906,,,6142.88,1.30709,1.16
Kepler-127 d,Kepler-127,Transit,2014,,2.554,,6125,1.394,
WASP-75 b,WASP-75,Transit,2013,2.4841976,,,6100,1.26,1.14
Kepler-870 b,Kepler-870,Transit,2016,21.35870629,,,5725.95,1.06759,1.02
Kepler-152 c,Kepler-152,Transit,2014,88.2553729,2.96,,5176,0.738,0.826
Kepler-729 b,Kepler-729,Transit,2016,,5.045,,6010,1.318,
HD 175607 b,HD 175607,Radial Velocity,2015,29.01,,,5392,0.7,0.71
Kepler-1922 b,Kepler-1922,Transit,2021,13.2226208,1.47,,5933,0.861,0.95
HD 109749 b,HD 109749,Radial Velocity,2005,5.239891,,,5824,1.22,1.13
WASP-20 b,WASP-20,Transit,2015,4.8996284,16.388,98.841,5940,1.392,1.2
TOI-677 b,TOI-677,Transit,2020,11.2366063,,,6295,1.28,1.181
HD 39194 d,HD 39194,Radial Velocity,2021,33.91,,,5205,,0.67
HD 3167 b,HD 3167,Transit,2016,0.959641,1.67,4.97,5261,0.88,0.837
Kepler-157 c,Kepler-157,Transit,2014,13.5405,2.24,,5774,1.044,
Kepler-1668 b,Kepler-1668,Transit,2020,15.43400996,,,5542,1.01738,0.98
Kepler-223 b,Kepler-223,Transit,2014,7.384430535,,,5803,1.51701,1.04
Kepler-1670 b,Kepler-1670,Transit,2020,20.4998763,2.8,,6249,1.076,1.13
Kepler-377 b,Kepler-377,Transit,2014,12.5094525,1.16,,6167,0.913,0.933
Kepler-260 c,Kepler-260,Transit,2014,76.0498163,1.75,,5251,0.849,0.821
Kepler-1112 b,Kepler-1112,Transit,2016,14.36267939,2.55,,6661,1.29,1.33
TOI-4791 b,TOI-4791,Transit,2023,4.2809767,13.0113,,5964,1.49,
Kepler-623 b,Kepler-623,Transit,2016,9.07098164,2.94,,5672,0.929,1.008
Kepler-1447 b,Kepler-1447,Transit,2016,56.6747285,2.84,,5910,0.94,1.032
Kepler-969 b,Kepler-969,Transit,2016,34.17319689,,,5216.22,0.782639,0.89
Kepler-445 b,Kepler-445,Transit,2015,,0.576,,3157,0.187,0.159
Kepler-172 e,Kepler-172,Transit,2014,35.1188577,,,5429,1.08963,0.95
MOA-2008-BLG-379L b,MOA-2008-BLG-379L,Microlensing,2013,,,1300,,,0.56
HATS-52 b,HATS-52,Transit,2017,1.36665436,15.490838,711.9392,6010,1.046,1.111
KOI-351 d,KOI-351,Transit,2013,59.7371443,,,6031.13,1.24773,1.12
Kepler-698 b,Kepler-698,Transit,2016,,6.064,,5875,1.595,
Kepler-1377 b,Kepler-1377,Transit,2016,0.740928422,1.32,,5618,0.874,0.87
HD 204313 b,HD 204313,Radial Velocity,2010,2041.11539,,1466.778098,,,1.03
Kepler-268 b,Kepler-268,Transit,2014,25.9340674,2.35,,6322,1.131,1.074
TOI-564 b,TOI-564,Transit,2020,1.65114558,7.7514065,,5752,1.12196,
Kepler-902 b,Kepler-902,Transit,2016,40.1099547,2.49,,5960,0.906,0.983
Kepler-1555 b,Kepler-1555,Transit,2016,8.10501635,1.55,,6208,1.009,1.072
K2-34 b,K2-34,Transit,2016,2.995633,13.96,,6071,1.44,1.15
TOI-880.02,TOI-880,Transit,2024,2.573594282,2.77792285,,4935,0.816999,
OGLE-2017-BLG-1434L b,OGLE-2017-BLG-1434L,Microlensing,2018,,,,,,
XO-4 b,XO-4,Transit,2010,4.1250828,14.425983,491.68301,6397,1.531,1.285
Kepler-141 c,Kepler-141,Transit,2014,7.01062745,1.63,,4996,0.79,0.84
GJ 436 b,GJ 436,Radial Velocity,2004,2.64389846,,,3456,0.425432,0.419868
Kepler-363 c,Kepler-363,Transit,2014,7.542383639,,,5529.7,1.65796,0.97
Kepler-131 b,Kepler-131,Transit,2014,16.092,2.41,16.13,5685,1.03,1.02
Kepler-149 d,Kepler-149,Transit,2014,160.0200597,3.84,,5377,0.9,0.92
Kepler-335 b,Kepler-335,Transit,2014,6.56225728,1.69,,6003,0.932,1.019
Kepler-1192 b,Kepler-1192,Transit,2016,25.20299395,,,5511,0.946325,0.97
Kepler-879 b,Kepler-879,Transit,2016,33.3856176,,,5644,1.08687,1
Kepler-82 b,Kepler-82,Transit,2012,26.444,3.95,51,,0.928,0.97
Kepler-190 c,Kepler-190,Transit,2014,3.763041531,,,5088,0.774964,0.85
K2-136 d,K2-136,Transit,2017,25.575065,1.45,,4499,0.66,0.74
Kepler-452 b,Kepler-452,Transit,2015,384.843022,1.13,,5578,0.794,0.87
Kepler-883 b,Kepler-883,Transit,2016,12.98495573,1.53,,6212,0.945,0.838
Kepler-874 b,Kepler-874,Transit,2016,40.0686713,,,5747,1.18184,1.03
Kepler-278 b,Kepler-278,Transit,2014,30.159863,4.23,,4991,2.935,1.298
Kepler-107 d,Kepler-107,Transit,2014,7.95792901,,,5805,1.50416,1.04
Kepler-1683 b,Kepler-1683,Transit,2020,15.03353729,,,5429,0.900327,0.95
Kepler-215 c,Kepler-215,Transit,2014,14.6673,1.57,,5922,1.07,0.977
Kepler-215 b,Kepler-215,Transit,2014,9.36059705,,,5697.97,0.896627,1.015
Kepler-142 c,Kepler-142,Transit,2014,4.761705259,2.78,,5726,1.243,0.933
HIP 55507 b,HIP 55507,Radial Velocity,2022,5138.43727,,2585.534091,,,0.65
Kepler-1946 b,Kepler-1946,Transit,2021,3.035208688,3163.54,,5505,0.873,0.887
Kepler-926 b,Kepler-926,Transit,2016,52.06878869,,,5733,1.23679,1.02
HD 7449 b,HD 7449,Radial Velocity,2011,1275,,,6047,0.97,1.14
Kepler-515 b,Kepler-515,Transit,2016,19.96371318,1.75,,5780,1,1
Kepler-1718 b,Kepler-1718,Transit,2021,135.1898,2.52,,5714,0.909,0.84
HIP 67522 b,HIP 67522,Transit,2020,6.959503,10.07,,5675,1.38,1.22
Kepler-271 c,Kepler-271,Transit,2014,7.41086267,0.95,,5555,0.87,0.9
Kepler-17 b,Kepler-17,Transit,2011,1.485710994,14.48,,5624,1.018,1.021
Kepler-682 b,Kepler-682,Transit,2016,12.61190667,7.66,,5795,0.919,0.992
K2-18 b,K2-18,Transit,2015,32.94488,2.24,,3503,0.394,0.413
Kepler-1370 b,Kepler-1370,Transit,2016,20.2642023,,,6212.47,1.4625,1.2
TOI-1820 b,TOI-1820,Transit,2022,4.860674,12.778238,731.0053361,5734,1.51,1.04
Kepler-1498 b,Kepler-1498,Transit,2016,48.0506878,2.36,,5332,1.453,0.932
HR 858 d,HR 858,Transit,2019,11.230511,2.001,7.1,6354,1.258,1.204
Kepler-728 b,Kepler-728,Transit,2016,5.743477265,3.34,,5660,0.93,0.95
OGLE-2018-BLG-0799L b,OGLE-2018-BLG-0799L,Microlensing,2022,,,82.63538582,,,0.093
Kepler-106 c,Kepler-106,Transit,2014,13.57076622,2.387,,,,0.959
Kepler-1057 b,Kepler-1057,Transit,2016,14.08826442,,,6014,0.915006,1.11
Kepler-1476 b,Kepler-1476,Transit,2016,10.35863224,1.8,,5893,1.02,1.005
Kepler-210 b,Kepler-210,Transit,2014,2.453234,2.94,,4559,0.65,
Kepler-122 b,Kepler-122,Transit,2014,5.76616658,2.26,,6076,1.15,1.08
Kepler-1578 b,Kepler-1578,Transit,2016,1.450886907,1.24,,6046,1.023,1.011
K2-277 b,K2-277,Transit,2018,6.326796,2.2,,,1.01,
Kepler-497 b,Kepler-497,Transit,2016,3.573202801,5.81,,5646,1.08,0.996
Kepler-1034 b,Kepler-1034,Transit,2016,12.12400283,,,5099,0.773178,0.86
HD 134606 b,HD 134606,Radial Velocity,2024,12.089,,,5576,1.158,1.046
Kepler-654 b,Kepler-654,Transit,2016,,3.002,,5846,1.65,
Kepler-919 b,Kepler-919,Transit,2016,11.04594184,,,5784,1.20645,1.04
Kepler-800 b,Kepler-800,Transit,2016,14.13175309,,,5293,0.787518,0.91
TIC 139270665 b,TIC 139270665,Transit,2024,23.624,7.22979255,147.1545524,5844,1.016,1.035
Kepler-830 b,Kepler-830,Transit,2016,11.29692398,,,,,
Kepler-817 b,Kepler-817,Transit,2016,3.99010399,,,5593,1.176,0.99
Kepler-166 d,Kepler-166,Transit,2016,1.55400389,,,5230,0.781826,0.89
Kepler-1069 b,Kepler-1069,Transit,2016,,2.696,,5579,1.597,
K2-70 b,K2-70,Transit,2016,13.9782,2.69,,,0.783,
Kepler-201 b,Kepler-201,Transit,2014,25.67212848,2.63,,6150,1.2,1.18
K2-336 b,K2-336,Transit,2021,21.1976,1.33,,,0.7747,
Kepler-104 d,Kepler-104,Transit,2014,51.75529576,3.41,,5755,1.361,0.814
Kepler-87 c,Kepler-87,Transit,2013,191.239133,6.47,,5597,1.699,0.969
HD 191939 d,HD 191939,Transit,2020,38.3524,,,5348,0.94,0.81
Kepler-324 c,Kepler-324,Transit,2014,51.8096695,3.25,,5355,0.803,0.901
Kepler-1584 b,Kepler-1584,Transit,2016,13.39942875,,,6030,1.22504,1.12
Kepler-191 b,Kepler-191,Transit,2014,9.93962361,,,5144.15,0.781226,0.87
K2-68 b,K2-68,Transit,2016,8.05423,1.73,,,0.655,
Kepler-373 c,Kepler-373,Transit,2014,16.7261969,1.56,,5588,1.1,0.946
Kepler-1165 c,Kepler-1165,Transit,2021,29.96870041,3.36093385,,6249,1.076,1.13
Kepler-1317 b,Kepler-1317,Transit,2016,0.568871953,,,5057.15,0.809194,0.84
Kepler-944 b,Kepler-944,Transit,2016,43.3167737,2.46,,5668,0.785,0.855
Kepler-1217 b,Kepler-1217,Transit,2016,2.032319072,1.87,,6156,1.05,1.114
Kepler-1645 b,Kepler-1645,Transit,2016,16.17803,2.25,,5929,1.069,1.079
Kepler-1254 d,Kepler-1254,Transit,2016,5.72716067,,,4898.13,0.718755,0.8
Kepler-1254 d,Kepler-1254,Transit,2016,5.727167083,,,4898.13,0.718755,0.8
Kepler-446 d,Kepler-446,Transit,2015,5.14892826,,,3386,0.218498,0.187619
Kepler-308 b,Kepler-308,Transit,2014,9.69502544,2.23,,5896,0.914,1
Kepler-83 c,Kepler-83,Transit,2012,20.09031319,,,4648,,
Kepler-291 b,Kepler-291,Transit,2014,3.54653414,2.17,,5993,0.986,1.093
Kepler-1522 b,Kepler-1522,Transit,2016,1.847889171,1.56,,5770,0.853,0.943
HD 156668 b,HD 156668,Radial Velocity,2010,4.6426,,,4849.92,0.760432,0.79
Kepler-356 b,Kepler-356,Transit,2014,4.6126736,1.6,,6140,1.277,1.094
HD 209458 b,HD 209458,Radial Velocity,1999,3.52474955,,,6065,1.155,1.119
Kepler-106 d,Kepler-106,Transit,2014,23.9802348,1.03,,5955,1.05,1.05
Kepler-769 c,Kepler-769,Transit,2016,,1.516,,6047,1.103,
Kepler-208 e,Kepler-208,Transit,2014,16.25950974,,,6000.9,1.32062,1.11
kap CrB b,kap CrB,Radial Velocity,2007,1208,,,4970,4.71,1.8
Kepler-200 c,Kepler-200,Transit,2014,10.22214214,1.99,,6053,1.277,1.038
Kepler-929 b,Kepler-929,Transit,2016,0.921016725,,,5814,1.67525,1.05
Kepler-397 c,Kepler-397,Transit,2014,135.4977745,6.35,,5231,0.76,0.79
HD 48265 b,HD 48265,Radial Velocity,2008,762,,,,,0.93
Kepler-1775 b,Kepler-1775,Transit,2021,85.6542476,3.56,,5818,1.647,1.149
WASP-141 b,WASP-141,Transit,2016,3.310667,,,,,
K2-3 c,K2-3,Transit,2015,24.645013,1.9,,3927,0.58,
Kepler-896 c,Kepler-896,Transit,2023,29.5422963,3.23,,5514,0.808,0.875
WASP-39 b,WASP-39,Transit,2011,4.0552947,14.23543,87.40325,5400,0.895,0.93
Kepler-286 d,Kepler-286,Transit,2014,5.9142668,1.31,,5576,0.829,0.8
Kepler-283 c,Kepler-283,Transit,2014,92.749023,38.67,,5189,0.72,0.76
HATS-5 b,HATS-5,Transit,2014,4.76338959,,,5304,0.871,0.936
Kepler-589 b,Kepler-589,Transit,2016,16.54964934,2.52,,5372,0.916,0.832
Kepler-500 b,Kepler-500,Transit,2016,8.508403512,,,5674.12,1.18285,1.01
Kepler-842 b,Kepler-842,Transit,2016,1.21956827,1.58,,4845,0.714,0.765
Kepler-1282 b,Kepler-1282,Transit,2016,2.131945045,1.66,,5845,1.013,1.102
Kepler-773 b,Kepler-773,Transit,2016,3.749103,1.57,,5746,1.05,1.011
Kepler-1218 b,Kepler-1218,Transit,2016,22.92295825,,,5861.91,1.47249,1.06
Kepler-1605 b,Kepler-1605,Transit,2016,85.7565495,2.635,,5087,2.036,0.886
HAT-P-18 b,HAT-P-18,Transit,2010,,,,,,
WASP-18 c,WASP-18,Transit Timing Variations,2019,2.1558,,55.2,6400,1.23,1.22
TrES-2 b,TrES-2,Transit,2006,2.47063,14.258,381.1,5854,1.01613,1.057
TOI-2202 b,TOI-2202,Transit,2021,11.9126075,10.95117414,287.3168799,5169,0.808,0.841
TOI-4087 b,TOI-4087,Transit,2023,3.1774835,13.04725353,232.0147371,6060,1.112,1.178
Kepler-254 c,Kepler-254,Transit,2014,12.41217869,2.28,,5941,0.885,0.975
Kepler-932 b,Kepler-932,Transit,2016,,1.718,,5166,0.827,
Kepler-632 b,Kepler-632,Transit,2016,30.99660733,2.42,,5275,0.918,0.825
Kepler-150 e,Kepler-150,Transit,2014,30.8264713,2.734,,5588,0.863,0.956
Kepler-520 c,Kepler-520,Transit,2016,5.21104261,1.05,,6108,1.03,1.132
Kepler-133 c,Kepler-133,Transit,2014,31.51780119,,,5734.01,1.62549,1.02
Kepler-1513 b,Kepler-1513,Transit,2016,160.8842,8.594,48.30991786,5491,0.95,0.943
Kepler-972 b,Kepler-972,Transit,2016,7.03937093,,,5960,1.16898,1.09
HAT-P-45 b,HAT-P-45,Transit,2014,3.12899506,,,6330,1.319,1.259
Kepler-370 b,Kepler-370,Transit,2014,4.57948235,,,5651.01,1.05062,1
K2-123 b,K2-123,Transit,2017,30.953,,,3856,0.609039,0.595401
Kepler-1181 b,Kepler-1181,Transit,2016,4.89343316,,,6495.28,1.36041,1.33
Kepler-82 b,Kepler-82,Transit,2012,26.44435456,4.7,,5739,0.928,0.966
WASP-145 A b,WASP-145 A,Transit,2018,1.76903814,,,4900,0.68,0.76
CoRoT-17 b,CoRoT-17,Transit,2011,3.7681,11.43318,765.9703,5740,1.59,1.04
HD 85390 b,HD 85390,Radial Velocity,2009,799.52,,,5186,,0.758
Kepler-1136 b,Kepler-1136,Transit,2016,2.361724329,1.54,,4478,0.651,0.637
Kepler-113 b,Kepler-113,Transit,2014,4.75400115,1.9,,4591,0.709,0.696
Kepler-194 b,Kepler-194,Transit,2014,2.092269993,1.48,,6085,1.005,0.962
Kepler-621 b,Kepler-621,Transit,2016,2.628113746,1.9,,3941,0.56,0.58
KMT-2017-BLG-0165L b,KMT-2017-BLG-0165L,Microlensing,2018,,,,,,
Kepler-9 d,Kepler-9,Transit,2010,1.59295975,1.48,,5779,0.956,1.034
K2-5 c,K2-5,Transit,2015,10.93406,1.92,,4102,0.52,0.53
Kepler-437 b,Kepler-437,Transit,2015,66.65056819,,,,,
Kepler-1027 b,Kepler-1027,Transit,2016,1.907810683,,,5348.19,1.17894,0.92
K2-85 b,K2-85,Transit,2016,0.68458757,,,4222,0.734112,0.66
Kepler-343 c,Kepler-343,Transit,2014,23.22181264,,,5750.81,1.2921,1.03
Kepler-323 c,Kepler-323,Transit,2014,3.5538229,1.57,6.8,6004,1.12,1.015
K2-157 c,K2-157,Radial Velocity,2025,25.942,,,5334,0.86,0.89
HD 76700 b,HD 76700,Radial Velocity,2002,3.97097,,,5668,,1.13
Kepler-838 b,Kepler-838,Transit,2016,15.74958583,,,5773,0.89231,1.03
HD 77946 b,HD 77946,Transit,2024,6.527363,2.89646124,10.9,6007,1.3174,1.1973
HD 8673 b,HD 8673,Radial Velocity,2009,1634,,,6389.05,1.50225,1.28
WASP-2 b,WASP-2,Transit,2007,2.152175,12.116929,295.89973,5180,0.866,0.895
TOI-2076 d,TOI-2076,Transit,2021,35.1257472,3.17021,,5149.6,0.77,
Kepler-20 f,Kepler-20,Transit,2011,19.5776073,0.9,,5465,0.925,0.876
K2-386 b,K2-386,Transit,2022,7.47331,2.74,,,1.012,
Kepler-1211 b,Kepler-1211,Transit,2016,11.01816836,2.69,,6075,0.969,1.048
WASP-3 b,WASP-3,Transit,2007,,,617.86152,,,1.2
Kepler-1235 b,Kepler-1235,Transit,2016,4.16055856,0.79,,5541,0.9,0.93
Kepler-1964 b,Kepler-1964,Transit,2021,2.440836404,14.68,,4798,0.71,0.733
Kepler-519 b,Kepler-519,Transit,2016,24.3078946,2.1,,5260,0.8,0.89
K2-10 b,K2-10,Transit,2015,19.3037,4.37,,5581,1.08,0.92
K2-318 b,K2-318,Transit,2020,7.01,1.66,,3851,0.552,0.561
HATS-72 b,HATS-72,Transit,2020,7.327945,9.49027,,4521,0.79,
Kepler-1249 b,Kepler-1249,Transit,2016,24.3344939,1.74,,6091,0.967,1.045
Kepler-1552 b,Kepler-1552,Transit,2016,184.7702826,,,4871.52,1.11332,0.79
K2-123 b,K2-123,Transit,2017,30.96028326,,,3856,0.609039,0.595401
OGLE-2012-BLG-0838L b,OGLE-2012-BLG-0838L,Microlensing,2020,,,53.1,,,0.4
Kepler-532 b,Kepler-532,Transit,2016,12.92491623,2.62,,5088,0.806,0.763
Kepler-928 b,Kepler-928,Transit,2016,,1.416,,4834,0.668,
Kepler-104 b,Kepler-104,Transit,2014,11.42755098,,,5921,1.05316,1.08
Kepler-341 c,Kepler-341,Transit,2014,8.010320599,,,5669,1.20017,1.01
Kepler-351 b,Kepler-351,Transit,2014,37.05489764,,,5313,0.756405,0.91
Kepler-1849 b,Kepler-1849,Transit,2021,57.29373924,,,4687,0.707472,0.75
Kepler-288 c,Kepler-288,Transit,2014,19.30572737,,,5670,1.10538,1.01
Kepler-1877 b,Kepler-1877,Transit,2021,2.37752807,0.48,,5637,0.821,0.902
Kepler-213 c,Kepler-213,Transit,2014,4.82297735,1.85,,5744,1,1.07
Kepler-1587 b,Kepler-1587,Transit,2016,9.4060467,1.32,,5855,1.268,1.02
HD 13908 b,HD 13908,Radial Velocity,2013,19.382,,,6255,1.67,1.29
Kepler-462 c,Kepler-462,Transit,2020,207.5829306,,,7735,1.61687,1.82
KMT-2017-BLG-0428L b,KMT-2017-BLG-0428L,Microlensing,2023,,,5.55,,,0.34
Kepler-182 b,Kepler-182,Transit,2014,,3.358,,5960,1.381,
Kepler-237 b,Kepler-237,Transit,2014,4.715106,1.41,,4861,0.725,
Kepler-1298 b,Kepler-1298,Transit,2016,7.12806885,,,6058.57,2.38684,1.13
Kepler-1619 b,Kepler-1619,Transit,2016,23.6225913,0.76,,6137,1.005,0.972
Kepler-1312 b,Kepler-1312,Transit,2016,5.448321078,2.17,,5721,0.905,0.983
Kepler-1006 b,Kepler-1006,Transit,2016,19.76176209,,,,,
Kepler-645 b,Kepler-645,Transit,2016,3.275818716,,,6284.97,1.41768,1.23
Kepler-20 f,Kepler-20,Transit,2011,19.5776286,0.99,,5465,0.925,0.876
Kepler-422 b,Kepler-422,Transit,2014,7.891448958,,,5883,1.27992,1.07
HR 8799 d,HR 8799,Imaging,2008,41627.54000000000,,,,,1.51
Kepler-200 c,Kepler-200,Transit,2014,10.222157,1.59,,5678,0.944,
Kepler-177 b,Kepler-177,Transit,2013,36.8601,3.5,5.84,5732,1.324,0.921
K2-237 b,K2-237,Transit,2018,2.18053332,16.06246934,434.153604,6180,1.236,1.256
Kepler-1046 b,Kepler-1046,Transit,2016,14.37517,1.39,,5990,0.93,1.03
Kepler-199 b,Kepler-199,Transit,2014,,3.027,,5721,0.919,
Kepler-144 c,Kepler-144,Transit,2014,10.104648,1.26,,6377,1.116,1.154
Kepler-67 b,Kepler-67,Transit,2013,15.72589064,,,5135,0.819231,0.87
Kepler-203 b,Kepler-203,Transit,2014,3.162691238,2.29,,5949,0.937,1.013
Kepler-60 d,Kepler-60,Transit,2012,11.899,1.6,3.9,,,1
Kepler-179 c,Kepler-179,Transit,2014,6.400147394,2.26,,5294,0.761,0.849
HD 95089 b,HD 95089,Radial Velocity,2009,464.4,,,4918,5.08,1.54
KOI-217 b,KOI-217,Transit,2010,3.905081685,12.78,,5543,0.887,0.997
Kepler-62 f,Kepler-62,Transit,2013,267.282521,1.43,,4926,0.662,0.727
Kepler-580 b,Kepler-580,Transit,2016,8.222419656,2.57,,4298,0.64,0.67
Kepler-633 c,Kepler-633,Transit,2021,23.783247,2.45,,6282,1.549,1.03
TOI-3714 b,TOI-3714,Transit,2022,2.15484802,11.14172682,218.9837724,3652,0.4958,0.522
Kepler-845 b,Kepler-845,Transit,2016,0.927859786,,,4655.78,0.766119,0.74
Kepler-1272 b,Kepler-1272,Transit,2016,51.13163246,,,5807,1.51323,1.04
Kepler-1259 b,Kepler-1259,Transit,2016,0.663086512,,,5100,0.873036,0.86
Kepler-223 e,Kepler-223,Transit,2014,19.7243672,,,5803,1.51701,1.04
Kepler-183 b,Kepler-183,Transit,2014,5.68799383,,,5670.06,1.06777,1.01
Kepler-601 b,Kepler-601,Transit,2016,5.378868001,,,5102.59,0.781605,0.86
Kepler-313 b,Kepler-313,Transit,2014,14.9702081,2.682,,5709,1.507,1.114
OGLE-2018-BLG-1212L b,OGLE-2018-BLG-1212L,Microlensing,2022,,,63.5656814,,,0.16
Kepler-924 b,Kepler-924,Transit,2016,61.0373591,,,6070,1.29774,1.13
HD 204313 b,HD 204313,Radial Velocity,2010,1920.1,,,5760,,1.02
Kepler-341 d,Kepler-341,Transit,2014,27.6666375,,,5669,1.20017,1.01
Kepler-298 d,Kepler-298,Transit,2014,77.4740991,2.63,,4463,0.611,0.662
Kepler-1626 b,Kepler-1626,Transit,2016,4.139526807,,,6697,1.50068,1.42
Kepler-14 b,Kepler-14,Transit,2011,6.790098111,9.75484809,,6378,2.00068,
55 Cnc c,55 Cnc,Radial Velocity,2004,43.93,,,,,0.95
Kepler-1767 b,Kepler-1767,Transit,2021,59.6585348,3.59,,5243,0.831,0.887
CoRoT-2 b,CoRoT-2,Transit,2008,1.7429964,16.42116,1051.973,,,
Kepler-385 d,Kepler-385,Transit,2020,56.4148314,,,5829,1.157,1.05
Kepler-1211 b,Kepler-1211,Transit,2016,11.01816836,2.55,,5705,0.94,0.96
Kepler-256 c,Kepler-256,Transit,2014,3.388011854,2.1,,5607,1.14,0.97
Kepler-92 b,Kepler-92,Transit,2013,13.74882983,,,5904.34,1.81719,1.07
HD 34445 c,HD 34445,Radial Velocity,2017,214.67,,,5836,1.38,1.07
Kepler-536 b,Kepler-536,Transit,2016,1.82708193,,,5500.86,0.860125,0.965
Kepler-312 c,Kepler-312,Transit,2014,19.74732846,3.642,,6224,1.661,1.314
Kepler-1567 b,Kepler-1567,Transit,2016,153.979362,2.53,,5858,0.903,0.944
Kepler-652 b,Kepler-652,Transit,2016,4.182002531,2.57,,5392,0.893,0.861
Kepler-1924 b,Kepler-1924,Transit,2021,15.3317719,,,5683.3,1.73618,1.01
KELT-20 b,KELT-20,Transit,2017,3.4741085,19.514869,1074.90106,8720,1.565,1.76
Kepler-337 c,Kepler-337,Transit,2014,9.693201,2.05,,5684,1.761,
TOI-4479 b,TOI-4479,Transit,2022,1.158901294,2.68297219,,3449,0.427389,
Kepler-1137 b,Kepler-1137,Transit,2016,23.9210791,2.23,,7143,1.785,1.466
Kepler-404 c,Kepler-404,Transit,2014,,1.492,,5326,0.785,
Kepler-544 b,Kepler-544,Transit,2016,21.41616926,2.02,,6343,1.137,1.213
HD 128311 b,HD 128311,Radial Velocity,2002,422,,,,,0.8
Kepler-1016 b,Kepler-1016,Transit,2016,,2.447,,5780,1.166,
WASP-77 A b,WASP-77 A,Transit,2012,1.36002869,,,,,
WASP-131 b,WASP-131,Transit,2016,5.322012,,,6030,1.53,1.06
Kepler-394 c,Kepler-394,Transit,2014,12.13070414,,,5977,0.991788,1.1
KMT-2023-BLG-0735L b,KMT-2023-BLG-0735L,Microlensing,2024,,,38.77506565,,,0.61
Kepler-165 b,Kepler-165,Transit,2014,8.18086953,2.404,,5100,0.738,0.746
Kepler-132 c,Kepler-132,Transit,2014,6.414914,1.28,,6003,1.178,
Kepler-464 b,Kepler-464,Transit,2016,7.256962446,3.53,,5858,1.549,1.133
Kepler-1772 b,Kepler-1772,Transit,2021,3.215106337,2.244,,5620,1.79,1.091
Kepler-1642 b,Kepler-1642,Transit,2016,12.2064304,5.41,,5254,1.514,0.937
HD 28185 b,HD 28185,Radial Velocity,2001,385.9,,,5546,,0.98
Kepler-489 b,Kepler-489,Transit,2016,17.27630085,,,4998.39,0.734486,0.828
Kepler-370 c,Kepler-370,Transit,2014,19.023152,1.91,,5845,0.874,0.968
Kepler-920 b,Kepler-920,Transit,2016,6.53192704,2.57,,5638,0.903,1.005
Kepler-57 c,Kepler-57,Transit,2012,11.609,1.68,7.4,,0.791,0.88
Kepler-1300 b,Kepler-1300,Transit,2016,22.2420032,2.04,,5979,2.164,1.219
Kepler-102 e,Kepler-102,Transit,2013,,2.43,,4909,0.726,
Kepler-229 b,Kepler-229,Transit,2014,6.252962249,,,4881,0.752766,0.8
Kepler-244 d,Kepler-244,Transit,2014,20.05018325,,,5461,0.831792,0.95
Kepler-196 b,Kepler-196,Transit,2014,20.73989166,,,5168,0.793822,0.87
Kepler-463 b,Kepler-463,Transit,2016,8.981016833,3.62,,5567,1.069,0.822
TOI-1443 b,TOI-1443,Transit,2024,23.540678,2.30381001,30,5224,0.7511,0.7663
Kepler-1714 b,Kepler-1714,Transit,2021,10.27530003,3.26437302,,6150,2.086,1.448
WASP-107 b,WASP-107,Transit,2017,5.72149,10.53646,38.1396,4430,0.66,0.69
TOI-2498 b,TOI-2498,Transit,2023,3.738252,6.06,34.62,5905,1.26,1.12
Kepler-1201 b,Kepler-1201,Transit,2016,15.18701,1.91,,6166,1.08,1.07
Kepler-1894 c,Kepler-1894,Transit,2023,5.053618,1.17,,5740,0.86,0.963
Kepler-633 c,Kepler-633,Transit,2021,23.783247,2.45,,6282,1.549,1.03
Kepler-25 c,Kepler-25,Transit,2011,12.72037435,4.51,,6270,1.309,1.187
WASP-6 b,WASP-6,Transit,2009,3.36100239,13.719816,153.51189,5450,0.87,0.88
Kepler-659 b,Kepler-659,Transit,2016,17.671796,2.33,,4867,0.696,0.753
Kepler-208 e,Kepler-208,Transit,2014,16.2596374,,,6000.9,1.32062,1.11
NGTS-9 b,NGTS-9,Transit,2019,4.4352884,11.21102312,,6245,1.38,
Kepler-1508 b,Kepler-1508,Transit,2016,20.7057153,,,6024,1.70392,1.12
Kepler-928 b,Kepler-928,Transit,2016,3.932461302,1.59,,4700,0.7,0.73
K2-375 b,K2-375,Transit,2022,14.443,,,5826.08,1.54893,1.05
Kepler-150 e,Kepler-150,Transit,2014,30.8264713,2.95,,5862,0.931,0.963
Kepler-142 b,Kepler-142,Transit,2014,2.024143568,,,5812,1.11566,1.045
KMT-2017-BLG-1038L b,KMT-2017-BLG-1038L,Microlensing,2019,,,640,,,0.37
Kepler-265 c,Kepler-265,Transit,2014,,2.321,,5871,0.973,
K2-35 c,K2-35,Transit,2016,5.60906,1.69,,4426,0.601,0.663
TOI-4329 b,TOI-4329,Transit,2022,2.9223,16.81347105,143.0227832,6000,2.31,1.538
Kepler-784 c,Kepler-784,Transit,2023,17.157236,1.55,,5676,1.487,1.016
Kepler-724 b,Kepler-724,Transit,2016,3.314947362,3.94,,5609,0.944,0.983
HD 17156 b,HD 17156,Radial Velocity,2007,21.216464,13.1431,,5925,1.55,
Kepler-1674 b,Kepler-1674,Transit,2020,62.56160747,,,5473.91,0.877273,0.96
Kepler-940 b,Kepler-940,Transit,2016,59.62209462,,,5505.07,1.02988,0.97
Kepler-1564 b,Kepler-1564,Transit,2016,18.0540381,1.39,,5576,0.852,0.953
HD 189733 b,HD 189733,Radial Velocity,2005,2.22,12.77826,362.3262,5023,0.776484,0.84
Kepler-942 b,Kepler-942,Transit,2016,44.96417488,2.02,,4684,0.708,0.743
KOI-351 g,KOI-351,Transit,2013,210.6013843,,,6031.13,1.24773,1.12
Kepler-491 b,Kepler-491,Transit,2016,4.225384512,9.16,,5649,1.055,1.071
Kepler-394 d,Kepler-394,Transit,2021,5.61357629,1.5,,6426,1.154,1.145
K2-123 b,K2-123,Transit,2017,30.954,3.07,,,0.637,
Kepler-360 c,Kepler-360,Transit,2014,7.1864526,2.11,,6052,1.028,1.022
Kepler-77 b,Kepler-77,Transit,2013,3.578780551,10.518,,5596,0.984,1.067
Kepler-1470 b,Kepler-1470,Transit,2016,16.2950903,1.18,,4984,0.809,0.777
Kepler-1621 b,Kepler-1621,Transit,2016,,2.456,,6087,1.42,
Kepler-169 e,Kepler-169,Transit,2014,13.76708539,2.75,,5173,0.939,0.85
Kepler-964 b,Kepler-964,Transit,2016,13.52252364,,,5368.85,0.812628,0.93
HD 86264 b,HD 86264,Radial Velocity,2009,1475,,,6210,1.88,1.42
Kepler-203 b,Kepler-203,Transit,2014,,2.508,,5887,1.041,
WASP-197 b,WASP-197,Transit,2025,5.167228,14.44837612,403.3242485,6050,2.112,1.36
Kepler-1259 b,Kepler-1259,Transit,2016,0.663085361,1.6,,5172,0.767,0.878
Kepler-1279 b,Kepler-1279,Transit,2016,23.4774101,1.75,,6221,1.33,1.21
HD 149026 b,HD 149026,Radial Velocity,2005,2.87589,8.29466,120.7754,6179,1.41,1.42
Kepler-1438 b,Kepler-1438,Transit,2016,2.31942009,0.94,,5530,0.96,0.97
Kepler-69 c,Kepler-69,Transit,2013,242.46712,1.74,,5637,0.943,0.813
Kepler-569 b,Kepler-569,Transit,2016,34.18883069,,,5690,0.910167,1.01
Kepler-332 b,Kepler-332,Transit,2014,7.626324541,,,4925,0.701442,0.808
Kepler-168 b,Kepler-168,Transit,2014,,1.854,,5947,1.39,
Kepler-873 b,Kepler-873,Transit,2016,20.5533844,3.32,,6343,1.137,1.213
Kepler-1765 b,Kepler-1765,Transit,2021,10.41890782,2.82,,5692,1.064,0.946
Kepler-192 c,Kepler-192,Transit,2014,21.22341,2.08,,5524,0.8,0.905
Kepler-1710 b,Kepler-1710,Transit,2021,14.91094205,2.587,,,,0.931
Kepler-507 b,Kepler-507,Transit,2016,3.568096926,1.22,,6036,1.213,1.127
Kepler-257 c,Kepler-257,Transit,2014,6.581484,5.41,,5180,1.037,
Kepler-351 d,Kepler-351,Transit,2016,142.545,,,5313,0.756405,0.91
GJ 9827 d,GJ 9827,Transit,2017,6.20142,2.04,2.35,4219,0.622,0.637
Kepler-238 b,Kepler-238,Transit,2014,2.09081565,1.706,,5800,1.567,1.229
Kepler-1431 b,Kepler-1431,Transit,2016,5.866033,1.59,,5969,1,1
WASP-187 b,WASP-187,Transit,2020,5.147878,18.38276,254.264,6150,2.83,1.54
Kepler-129 b,Kepler-129,Transit,2014,15.79193725,2.21,,5533,1.56,1.07
Kepler-320 b,Kepler-320,Transit,2014,8.37159554,,,6036.53,1.40661,1.12
Kepler-625 c,Kepler-625,Transit,2016,4.165471,1.22,,6125,1.199,1.223
HATS-60 b,HATS-60,Transit,2018,3.5608112,10.4972,,5659,1.47,
Kepler-1102 b,Kepler-1102,Transit,2016,51.3285623,2.66,,5724,0.94,0.96
Kepler-1517 b,Kepler-1517,Transit,2016,5.546083089,22.27,,7358,4.037,2.054
Kepler-925 b,Kepler-925,Transit,2016,,2.328,,4568,0.697,
Kepler-996 b,Kepler-996,Transit,2016,3.77058174,,,5830.38,1.29567,1.05
Kepler-240 c,Kepler-240,Transit,2014,7.953547,2.25,,4768,0.779,0.759
K2-268 c,K2-268,Transit,2018,9.327527,2.69,,5106,0.78,0.84
Kepler-782 b,Kepler-782,Transit,2016,158.6845633,,,5681.6,1.17135,1.01
Kepler-1924 b,Kepler-1924,Transit,2021,15.3317018,1.2,,6028,0.844,0.89
KOBE-1 c,KOBE-1,Radial Velocity,2025,29.671,,,4135,0.619,0.629
Kepler-543 b,Kepler-543,Transit,2016,13.89961966,2.43,,4538,0.663,0.65
Kepler-982 b,Kepler-982,Transit,2016,15.7738221,2.87,,6260,1.614,1.14
Kepler-909 b,Kepler-909,Transit,2016,13.93290318,1.22,,6028,1.047,1.149
Kepler-1208 b,Kepler-1208,Transit,2016,11.08507658,2.5,,5080,0.793,0.792
Kepler-133 b,Kepler-133,Transit,2014,8.13000457,1.59,,5730,1.32,1.04
HD 189733 b,HD 189733,Radial Velocity,2005,2.2185752,12.755842,356.92309,5040,0.756,0.806
HATS-67 b,HATS-67,Transit,2018,1.6091845,16.7675,,6393,1.43,
Kepler-546 b,Kepler-546,Transit,2016,4.147020258,7,,5967,1.15,1.11
Kepler-722 b,Kepler-722,Transit,2016,4.093573252,2.63,,5863,1.05,1.03
Kepler-1478 b,Kepler-1478,Transit,2016,26.0841212,1.35,,6083,0.835,0.933
WASP-29 b,WASP-29,Transit,2010,3.9227186,8.877528,77.86835,4800,0.808,0.825
Kepler-360 b,Kepler-360,Transit,2014,3.289684,1.74,,6037,1.03,1.025
HD 2638 b,HD 2638,Radial Velocity,2005,3.458,,,,,0.92
55 Cnc c,55 Cnc,Radial Velocity,2004,44.3787,,,5250,0.963515,0.9
Kepler-704 b,Kepler-704,Transit,2016,3.76182115,2.59,,5653,0.949,0.974
CoRoT-6 b,CoRoT-6,Transit,2009,8.886593,13.069694,937.5985,6090,1.025,1.05
Kepler-1256 b,Kepler-1256,Transit,2016,,1.598,,5994,1.436,
WTS-2 b,WTS-2,Transit,2014,1.0187068,15.277867,403.6441,5000,0.75,0.82
Kepler-133 b,Kepler-133,Transit,2014,8.12999858,,,5734.01,1.62549,1.02
Kepler-145 c,Kepler-145,Transit,2013,42.88247951,,,6080.6,1.99793,1.14
HD 62364 c,HD 62364,Radial Velocity,2022,74839.94555000000,,7923.462187,,,1.19
81 Cet b,81 Cet,Radial Velocity,2008,1005.57,,,4734,11.21,1.23
Kepler-1329 b,Kepler-1329,Transit,2016,,2.404,,4442,0.652,
Kepler-828 b,Kepler-828,Transit,2016,0.567857136,1.4,,5076,0.727,0.794
Kepler-1783 b,Kepler-1783,Transit,2021,8.27744313,1.024,,5170,0.767,0.852
WASP-79 b,WASP-79,Transit,2012,3.6623907,,,6600,1.6,1.43
Kepler-851 b,Kepler-851,Transit,2016,8.50699658,1.92,,5822,0.986,0.951
Kepler-450 c,Kepler-450,Transit,2015,15.41312391,,,6197.21,1.64162,1.19
Kepler-122 c,Kepler-122,Transit,2014,12.46599556,4.66,,6103,0.949,1.028
K2-19 b,K2-19,Transit,2015,7.9194,7.74,28.5,5430,0.86,0.93
GJ 682 b,GJ 682,Radial Velocity,2014,17.478,,,3028,,0.27
Kepler-1405 b,Kepler-1405,Transit,2016,28.22749654,,,5653,1.06976,1
WASP-170 b,WASP-170,Transit,2018,2.34478022,12.285064,508.528,5600,0.938,0.93
K2-74 b,K2-74,Transit,2016,19.565557,2.95906745,,5929,1.086156,0.987182
Kepler-60 b,Kepler-60,Transit,2012,7.132,,4.1,5883,1.47227,1.07
Kepler-897 b,Kepler-897,Transit,2016,8.04730283,,,5633,1.46212,1
Kepler-132 e,Kepler-132,Transit,2016,110.2869374,1.125,,5910,1.038,0.929
K2-198 c,K2-198,Transit,2019,3.3596055,1.423,,5212.9,0.757,0.799
Kepler-765 b,Kepler-765,Transit,2016,27.6652847,,,5811,1.16715,1.04
Kepler-1311 c,Kepler-1311,Transit,2016,2.535716569,,,5719,1.75366,1.02
Kepler-1933 b,Kepler-1933,Transit,2021,4.943290234,1.17984089,,5661,1.008,0.964
Kepler-326 c,Kepler-326,Transit,2014,4.580338622,2.79,,5192,1.593,0.933
Kepler-297 d,Kepler-297,Transit,2023,150.0191,14.7,,6138,1.04,1.07
Kepler-320 b,Kepler-320,Transit,2014,8.37160502,1.258,,6134,1.246,1.072
Kepler-238 c,Kepler-238,Transit,2014,6.15560285,,,5630,1.72535,1
Kepler-383 c,Kepler-383,Transit,2014,31.20013,1.26,,4701,0.645,0.669
Kepler-700 b,Kepler-700,Transit,2016,80.8720639,4.73,,5665,0.764,0.779
Kepler-1667 b,Kepler-1667,Transit,2020,83.5783259,2.87,,5864,1.065,0.883
HD 210277 b,HD 210277,Radial Velocity,1998,442.19,,,5555,,1.01
Kepler-61 b,Kepler-61,Transit,2013,59.8780258,2.19,,4016,0.599,0.595
Kepler-1184 b,Kepler-1184,Transit,2016,,2.455,,6319,1.016,
Kepler-539 b,Kepler-539,Transit,2016,125.6291479,,,5672.02,0.965916,1.008
Kepler-703 b,Kepler-703,Transit,2016,,6.273,,5814,1.021,
Kepler-670 b,Kepler-670,Transit,2016,2.816504893,,,5413,1.01304,0.94
Kepler-604 b,Kepler-604,Transit,2016,25.85501786,2.42,,6122,0.964,1.041
Kepler-135 b,Kepler-135,Transit,2014,6.002535939,1.91,,6251,1.35,1.25
HD 209458 b,HD 209458,Radial Velocity,1999,,9.19136417,,6091,1.19,1.23
Kepler-915 b,Kepler-915,Transit,2016,4.59492,1.36,,6454,1.26,1.18
Kepler-1977 b,Kepler-1977,Transit,2023,4.536993,1.44,,4771,0.633,0.717
Kepler-128 b,Kepler-128,Transit,2013,15.08960174,1.48,,6136,1.7,1.22
Kepler-238 b,Kepler-238,Transit,2014,2.090863664,,,5630,1.72535,1
Kepler-338 d,Kepler-338,Transit,2014,44.4306962,,,5860.88,1.90361,1.06
Kepler-1900 b,Kepler-1900,Transit,2021,2.98616791,1.19,,6173,1.041,1.104
WASP-61 b,WASP-61,Transit,2012,3.855898,13.56289,654.7298,6250,1.39,1.27
Kepler-144 b,Kepler-144,Transit,2014,5.885,1.78,,6157,1.491,1.126
Kepler-219 b,Kepler-219,Transit,2014,4.585466941,3.29,,5788,1.495,1.179
Kepler-1913 b,Kepler-1913,Transit,2021,14.1960001,1.51852059,,6214,1.076,1.169
Kepler-517 b,Kepler-517,Transit,2016,60.92818866,2.78,,5638,1.023,0.871
WASP-37 b,WASP-37,Transit,2010,3.577469,13.002,572.07,5800,1.003,0.925
WASP-133 b,WASP-133,Transit,2016,2.1764231,,,5700,1.44,1.16
GJ 9827 d,GJ 9827,Transit,2017,6.20141,2.1,,4255,0.651,0.659
Kepler-1987 d,Kepler-1987,Transit,2023,5.644914154,,,4711,0.738369,0.75
TOI-2134 c,TOI-2134,Transit,2023,95.8531625,5.95763,,4406,0.77,
Kepler-335 c,Kepler-335,Transit,2014,67.844469,3.07,,5877,1.854,
Kepler-141 c,Kepler-141,Transit,2014,7.0106324,1.5,,4908,0.782,0.824
Kepler-889 b,Kepler-889,Transit,2016,3.744439,1.06,,5849,1.225,1.094
Kepler-789 b,Kepler-789,Transit,2016,8.63847725,2.1,,6178,0.988,1.039
Kepler-292 c,Kepler-292,Transit,2014,3.71545593,1.46,,5296,0.808,0.821
Kepler-60 b,Kepler-60,Transit,2012,7.131,2.2,23.1,,1.448,1.1
CoRoT-7 b,CoRoT-7,Transit,2009,0.853585,1.68,21,5275,0.87,0.93
Kepler-852 b,Kepler-852,Transit,2016,,4.669,,6236,2.186,
WASP-46 b,WASP-46,Transit,2011,1.43036763,13.159366,607.0553,5600,0.858,0.828
Kepler-605 b,Kepler-605,Transit,2016,3.383538066,1.33,,5438,0.82,0.92
HAT-P-34 b,HAT-P-34,Transit,2011,5.452647,,,6509,1.56954,1.336
Kepler-1897 b,Kepler-1897,Transit,2021,24.22047026,,,4962,0.863787,0.82
HD 160691 e,HD 160691,Radial Velocity,2006,307.475,,,5771.56,1.37818,1.03
Kepler-938 b,Kepler-938,Transit,2016,52.62978192,,,5329.46,,
Kepler-1722 b,Kepler-1722,Transit,2021,9.17858526,,,5406,0.937744,0.94
Kepler-1991 b,Kepler-1991,Transit,2023,13.26084292,1.409,,5486,0.961,0.941
Kepler-306 e,Kepler-306,Transit,2014,44.8412214,2.74,,5219,0.851,0.871
Kepler-920 b,Kepler-920,Transit,2016,6.531953431,,,5340,0.946461,0.92
Kepler-84 c,Kepler-84,Transit,2012,12.88296485,3.14,,6039,1.11,1.06
K2-273 b,K2-273,Transit,2018,11.7195663,3.05,,5161,0.85,0.89
Kepler-216 c,Kepler-216,Transit,2014,17.40665938,2.87,,6142,1.2,1.11
K2-72 d,K2-72,Transit,2016,7.7599,0.73,,3497,0.232,0.217
HD 128311 c,HD 128311,Radial Velocity,2005,921.538,,1204.25787,,0.76,0.828
Kepler-1078 b,Kepler-1078,Transit,2016,,3.867,,5675,1.93,
Kepler-1578 b,Kepler-1578,Transit,2016,1.450886907,1.24,,6046,1.023,1.011
Kepler-44 b,Kepler-44,Transit,2011,3.2467293,12.22,317.82,5800,1.35,1.12
HD 47536 b,HD 47536,Radial Velocity,2002,712.13,,,4380,23.47,2.1
KMT-2016-BLG-1836L b,KMT-2016-BLG-1836L,Microlensing,2019,,,700,,,0.49
BD-17 63 b,BD-17 63,Radial Velocity,2008,655.57,,1639.99458,,,0.741
Kepler-229 c,Kepler-229,Transit,2014,,4.879,,5002,0.719,
Kepler-198 c,Kepler-198,Transit,2014,49.5675359,2.44,,5733,0.855,0.947
Kepler-851 b,Kepler-851,Transit,2016,8.506866923,,,5585,0.780021,0.99
Kepler-1265 b,Kepler-1265,Transit,2016,,1.616,,4770,0.684,
Kepler-400 c,Kepler-400,Transit,2014,17.34088462,1.5,,6099,1.146,1.07
KMT-2023-BLG-1431L b,KMT-2023-BLG-1431L,Microlensing,2024,,,13.4,,,0.57
HD 191939 b,HD 191939,Transit,2020,8.8803256,3.41,10,5348,0.94,0.81
Kepler-226 d,Kepler-226,Transit,2014,8.109068,,,5338,0.887751,0.92
HD 75302 b,HD 75302,Radial Velocity,2023,4356,,1716.273398,,,1.06
Kepler-1467 b,Kepler-1467,Transit,2016,47.05670887,,,5311.62,0.788751,0.91
Kepler-1241 b,Kepler-1241,Transit,2016,18.5525701,2.73,,5561,0.836,0.919
Kepler-1309 b,Kepler-1309,Transit,2016,28.8432647,2.27,,5151,0.785,0.758
Kepler-493 b,Kepler-493,Transit,2016,3.003876581,11.42,,6299,1.167,1.249
Kepler-139 c,Kepler-139,Transit,2014,157.03,,13,5630,1.045,1.078
HAT-P-54 b,HAT-P-54,Transit,2015,3.799878,11.8,,,0.693,
TOI-561 c,TOI-561,Transit,2020,10.778849,2.92706747,6.9,5342,0.8566,0.7601
Kepler-951 b,Kepler-951,Transit,2016,71.52539312,,,4689,0.72373,0.748
Kepler-915 b,Kepler-915,Transit,2016,4.59489604,1.5,,6173,1.38,1.21
Kepler-122 b,Kepler-122,Transit,2014,5.76616658,1.84,,6103,0.949,1.028
KOI-984 c,KOI-984,Transit Timing Variations,2022,21.512,,209.8,5295,0.818,0.928
K2-351 b,K2-351,Transit,2021,7.80651068,,,5739,1.03974,1.03
Kepler-1912 b,Kepler-1912,Transit,2021,6.059219837,1.35670508,,5734,0.962,0.977
K2-189 c,K2-189,Transit,2018,6.67934,2.48429818,,5503,0.862285,0.927528
Kepler-320 c,Kepler-320,Transit,2014,17.9346563,1.41,,6412,1.04,1.084
XO-4 b,XO-4,Transit,2010,4.1250672,,,,,
Kepler-377 b,Kepler-377,Transit,2014,12.5094525,1.16,,6167,0.913,0.933
Kepler-249 d,Kepler-249,Transit,2014,15.36834908,1.17,,3635,0.512465,0.510238
Kepler-32 d,Kepler-32,Transit,2012,22.78068566,2.3,,3791,0.574432,0.566709
Kepler-186 d,Kepler-186,Transit,2014,13.34295116,1.28,,3876,0.547805,0.543276
Kepler-104 d,Kepler-104,Transit,2014,51.75530504,,,5921,1.05316,1.08
Kepler-267 b,Kepler-267,Transit,2014,3.353728,1.98,,4258,0.555,
Kepler-303 b,Kepler-303,Transit,2014,1.937055,0.89,,3944,0.485,
Kepler-138 c,Kepler-138,Transit,2014,13.78164,1.61,3.83,3871,0.54,0.57
Kepler-138 d,Kepler-138,Transit,2014,23.08933,1.61,1.01,3871,0.54,0.57
WASP-17 b,WASP-17,Transit,2009,,,168.13207,,,1.286
Kepler-186 b,Kepler-186,Transit,2014,3.8867907,1.07,,3788,0.472,0.478
Kepler-186 e,Kepler-186,Transit,2014,22.407704,1.27,,3788,0.472,0.478
Kepler-186 c,Kepler-186,Transit,2014,7.267302,1.25,,3788,0.472,0.478
Kepler-186 d,Kepler-186,Transit,2014,13.342996,1.4,,3788,0.472,0.478
Kepler-186 f,Kepler-186,Transit,2014,129.9459,1.11,,3788,0.472,0.478
Kepler-54 b,Kepler-54,Transit,2012,8.011,2.19,21.5,,0.527,0.565
Kepler-32 b,Kepler-32,Transit,2011,5.901,2.25,9.4,,0.529,0.566
Kepler-52 c,Kepler-52,Transit,2012,16.385,2.2,62.9,,0.623,0.66
Kepler-231 c,Kepler-231,Transit,2014,19.271,2.13,24.1,,0.611,0.65
Kepler-28 c,Kepler-28,Transit,2011,8.986,2.77,10.9,,0.57,0.59
Kepler-32 c,Kepler-32,Transit,2011,8.752,2.02,7.7,,0.529,0.566
Kepler-52 b,Kepler-52,Transit,2012,7.877,2.52,79.6,,0.623,0.66
Kepler-267 b,Kepler-267,Transit,2014,3.354,2.11,37.9,,0.552,0.592
Kepler-327 c,Kepler-327,Transit,2014,5.212,1.18,20.3,,0.541,0.58
Kepler-138 b,Kepler-138,Transit,2014,10.312,0.71,0.5,,0.553,0.593
Kepler-231 b,Kepler-231,Transit,2014,10.065,2.2,35.4,,0.611,0.65
Kepler-54 c,Kepler-54,Transit,2012,12.072,1.32,19.8,,0.527,0.565
Kepler-138 c,Kepler-138,Transit,2014,13.781,1.75,1.6,,0.553,0.593
Kepler-28 b,Kepler-28,Transit,2011,5.912,2.93,8.8,,0.57,0.59
Kepler-327 b,Kepler-327,Transit,2014,2.55,,,,0.541,0.58
Kepler-267 c,Kepler-267,Transit,2014,6.877,,,,0.552,0.592
WASP-17 b,WASP-17,Transit,2009,3.7354417,19.5,156,6550,1.38,1.2
HD 118203 b,HD 118203,Radial Velocity,2005,6.1335,,,5600,,1.23
Kepler-303 b,Kepler-303,Transit,2014,1.93703537,0.95,,4066.55,0.622034,0.636
Kepler-249 c,Kepler-249,Transit,2014,7.11369666,1.25,,3635,0.512465,0.510238
Kepler-186 c,Kepler-186,Transit,2014,7.26737224,1.26,,3876,0.547805,0.543276
Kepler-32 b,Kepler-32,Transit,2011,5.90129534,2.13,,3791,0.574432,0.566709
Kepler-235 d,Kepler-235,Transit,2014,20.0599308,2.14,,4074,0.635754,0.64
Kepler-249 b,Kepler-249,Transit,2014,3.30656751,0.99,,3635,0.512465,0.510238
Kepler-303 c,Kepler-303,Transit,2014,7.06117534,1.16,,4066.55,0.622034,0.636
Kepler-32 e,Kepler-32,Transit,2012,2.89601166,1.09,,3791,0.574432,0.566709
Kepler-186 b,Kepler-186,Transit,2014,3.88677934,1.06,,3876,0.547805,0.543276
Kepler-235 e,Kepler-235,Transit,2014,46.18428829,1.9,,4074,0.635754,0.64
Kepler-353 c,Kepler-353,Transit,2014,8.41102527,1.51,,3915,0.633367,0.614503
Kepler-125 b,Kepler-125,Transit,2014,4.1643806,2.61,,3800,0.546506,0.542101
Kepler-52 c,Kepler-52,Transit,2012,16.38481298,1.9,,4116,0.675624,0.64
Kepler-231 c,Kepler-231,Transit,2014,19.27103179,1.81,,4079,0.591335,0.64
Kepler-32 c,Kepler-32,Transit,2011,8.75208025,1.98,,3791,0.574432,0.566709
Kepler-267 b,Kepler-267,Transit,2014,3.35372553,1.86,,3886,0.545921,0.541571
Kepler-327 b,Kepler-327,Transit,2014,2.54954597,1.12,,3864,0.604708,0.591913
Kepler-235 b,Kepler-235,Transit,2014,3.34022436,2.11,,4074,0.635754,0.64
Kepler-52 d,Kepler-52,Transit,2014,36.44516433,1.96,,4116,0.675624,0.64
Kepler-231 b,Kepler-231,Transit,2014,10.06525147,1.54,,4079,0.591335,0.64
Kepler-235 c,Kepler-235,Transit,2014,7.82527952,1.09,,4074,0.635754,0.64
Kepler-125 c,Kepler-125,Transit,2014,5.7744684,0.9,,3800,0.546506,0.542101
Kepler-267 c,Kepler-267,Transit,2014,6.87749137,2.1,,3886,0.545921,0.541571
Kepler-267 d,Kepler-267,Transit,2014,28.46416009,1.93,,3886,0.545921,0.541571
Kepler-353 b,Kepler-353,Transit,2014,5.79529807,1,,3915,0.633367,0.614503
Kepler-327 d,Kepler-327,Transit,2014,13.96935372,1.81,,3864,0.604708,0.591913
Kepler-327 c,Kepler-327,Transit,2014,5.21231974,1.16,,3864,0.604708,0.591913
Kepler-32 f,Kepler-32,Transit,2012,0.74295972,0.91,,3791,0.574432,0.566709
Kepler-186 e,Kepler-186,Transit,2014,22.40788397,1.18,,3876,0.547805,0.543276
Kepler-395 c,Kepler-395,Transit,2014,34.98870981,0.96,,3897,0.644287,0.622827
Kepler-186 f,Kepler-186,Transit,2014,129.9418818,1.02,,3876,0.547805,0.543276
WASP-17 b,WASP-17,Transit,2009,3.73,21.18501,162.0933,6548,1.57323,1.354
Kepler-45 b,Kepler-45,Transit,2011,2.45524122,11.197791,158.915,3820,0.539,0.57
WASP-17 b,WASP-17,Transit,2009,3.735433,22.261074,143.97699,6650,1.579,1.2
Kepler-205 b,Kepler-205,Transit,2014,,1.649,,4121,0.622,0.659
Kepler-303 b,Kepler-303,Transit,2014,,1.099,,4045,0.603,0.642
Kepler-54 b,Kepler-54,Transit,2012,,2.188,,3797,0.527,0.565
Kepler-249 c,Kepler-249,Transit,2014,,1.394,,3630,0.456,0.481
Kepler-186 c,Kepler-186,Transit,2014,,1.401,,3761,0.513,0.549
Kepler-138 b,Kepler-138,Transit,2014,,0.712,,3871,0.553,0.593
Kepler-32 b,Kepler-32,Transit,2011,,2.251,,3801,0.529,0.566
Kepler-235 d,Kepler-235,Transit,2014,,2.246,,4000,0.591,0.631
Kepler-249 b,Kepler-249,Transit,2014,,1.045,,3630,0.456,0.481
Kepler-303 c,Kepler-303,Transit,2014,,1.645,,4045,0.603,0.642
Kepler-32 e,Kepler-32,Transit,2012,,1.501,,3801,0.529,0.566
Kepler-186 b,Kepler-186,Transit,2014,,1.289,,3761,0.513,0.549
Kepler-235 e,Kepler-235,Transit,2014,,2.142,,4000,0.591,0.631
Kepler-353 c,Kepler-353,Transit,2014,,1.727,,3909,0.565,0.605
Kepler-125 b,Kepler-125,Transit,2014,,2.765,,3770,0.517,0.553
Kepler-52 c,Kepler-52,Transit,2012,,2.196,,4127,0.623,0.66
Kepler-231 c,Kepler-231,Transit,2014,,2.135,,4078,0.611,0.65
Kepler-249 d,Kepler-249,Transit,2014,,1.394,,3630,0.456,0.481
Kepler-32 d,Kepler-32,Transit,2012,,2.713,,3801,0.529,0.566
Kepler-45 b,Kepler-45,Transit,2011,,10.465,,3820,0.536,0.574
Kepler-205 c,Kepler-205,Transit,2014,,2.043,,4121,0.622,0.659
Kepler-186 d,Kepler-186,Transit,2014,,1.738,,3761,0.513,0.549
Kepler-138 c,Kepler-138,Transit,2014,,1.751,,3871,0.553,0.593
Kepler-32 c,Kepler-32,Transit,2011,,2.021,,3801,0.529,0.566
HD 160691 e,HD 160691,Radial Velocity,2006,310.55,,,,,1.08
Kepler-206 d,Kepler-206,Transit,2014,23.44281,1.19,,5764,1.185,
Kepler-339 c,Kepler-339,Transit,2014,6.98803345,1.18,,5627,0.808,0.88
Kepler-1860 b,Kepler-1860,Transit,2021,12.73719978,1.13863767,,5420,0.868,0.874
Kepler-32 e,Kepler-32,Transit,2012,2.896009,1.11,,4061,0.524,0.549
Kepler-32 f,Kepler-32,Transit,2012,0.742956,0.86,,4061,0.524,0.549
KOI-134 b,KOI-134,Transit,2025,67.42112,13.2,,6043,1.72,1.366
K2-5 b,K2-5,Transit,2015,5.73597,1.5,,4021,0.462,0.52
TOI-4914 b,TOI-4914,Transit,2024,10.60057,12.87,227,5805,1,1.03
Kepler-687 b,Kepler-687,Transit,2016,20.50591318,,,4775,0.760961,0.77
Kepler-1900 b,Kepler-1900,Transit,2021,2.986172,1.14,,6146,0.99,1.08
Kepler-32 c,Kepler-32,Transit,2011,8.752167,1.99,,4061,0.524,0.549
Kepler-32 d,Kepler-32,Transit,2012,22.780806,2.49,,4061,0.524,0.549
Kepler-267 b,Kepler-267,Transit,2014,3.353707,2,,4081,0.527,0.552
Kepler-267 c,Kepler-267,Transit,2014,6.877458,2.32,,4081,0.527,0.552
Kepler-267 d,Kepler-267,Transit,2014,28.46381,2.31,,4081,0.527,0.552
Kepler-1735 b,Kepler-1735,Transit,2021,7.71797,1.06,,4072,0.526,0.55
Kepler-777 b,Kepler-777,Transit,2016,5.728256,1.58,,4149,0.537,0.564
Kepler-787 b,Kepler-787,Transit,2016,0.9282974,1.17,,4317,0.552,0.611
Kepler-801 b,Kepler-801,Transit,2016,11.419267,2.05,,4482,0.597,0.626
Kepler-833 b,Kepler-833,Transit,2016,18.75444,1.89,,4373,0.575,0.606
Kepler-834 b,Kepler-834,Transit,2016,13.32411,1.86,,4518,0.585,0.658
Kepler-1749 b,Kepler-1749,Transit,2021,14.53398,1.25,,4166,0.54,0.567
Kepler-844 b,Kepler-844,Transit,2016,2.613004,1.37,,4168,0.541,0.568
Kepler-303 b,Kepler-303,Transit,2014,1.937034,0.99,,4212,0.547,0.575
Kepler-303 c,Kepler-303,Transit,2014,7.061193,1.49,,4212,0.547,0.575
HIP 41378 d,HIP 41378,Transit,2016,48.1,,,6199,1.35,1.14
HIP 41378 f,HIP 41378,Transit,2016,46.4,,,6199,1.35,1.14
Kepler-52 c,Kepler-52,Transit,2012,16.385,1.93,,4222,0.548,0.577
Kepler-52 b,Kepler-52,Transit,2012,7.877356,2.21,,4222,0.548,0.577
Kepler-898 b,Kepler-898,Transit,2016,5.870719,1.37,,4280,0.558,0.587
Kepler-901 b,Kepler-901,Transit,2016,3.517482,1.24,,4246,0.552,0.581
Kepler-1761 b,Kepler-1761,Transit,2021,4.043539,1.06,,3969,0.513,0.534
Kepler-1650 b,Kepler-1650,Transit,2017,1.5381625,1.54,,3673,0.479,0.487
Kepler-953 b,Kepler-953,Transit,2016,88.40703,4.61,,5689,1.039,1.091
Kepler-974 b,Kepler-974,Transit,2016,4.194525,1.28,,3823,0.494,0.509
Kepler-327 b,Kepler-327,Transit,2014,2.549559,1.2,,4042,0.523,0.547
Kepler-327 d,Kepler-327,Transit,2014,13.969407,2.14,,4042,0.523,0.547
Kepler-327 c,Kepler-327,Transit,2014,5.212275,1.07,,4042,0.523,0.547
Kepler-988 b,Kepler-988,Transit,2016,17.760669,2.04,,4121,0.533,0.559
Kepler-994 b,Kepler-994,Transit,2016,1.1511671,1.49,,4048,0.524,0.548
Kepler-1049 b,Kepler-1049,Transit,2016,3.273459,0.88,,4025,0.521,0.545
Kepler-353 c,Kepler-353,Transit,2014,8.410953,1.51,,4090,0.528,0.553
Kepler-353 b,Kepler-353,Transit,2014,5.7953,0.98,,4090,0.528,0.553
Kepler-1074 b,Kepler-1074,Transit,2016,5.945678,1.12,,4079,0.528,0.553
Kepler-1089 b,Kepler-1089,Transit,2016,5.132541,1.5,,3834,0.5,0.46
Kepler-1798 b,Kepler-1798,Transit,2021,16.85481,1.66,,4142,0.536,0.562
Kepler-1124 b,Kepler-1124,Transit,2016,2.852375,3.3,,4003,0.515,0.538
Kepler-331 b,Kepler-331,Transit,2014,8.457521,2.1,,4496,0.579,0.653
WASP-33 b,WASP-33,Transit,2010,1.219838213,18.21793114,,7398.5,1.60242,
Kepler-601 b,Kepler-601,Transit,2016,5.378901,1.82,,5234,0.75,0.809
HD 213519 b,HD 213519,Radial Velocity,2022,11.12214,,,,,1.05
Kepler-32 b,Kepler-32,Transit,2011,5.90124,2.2,1303,3900,0.53,0.58
Kepler-32 c,Kepler-32,Transit,2011,8.7522,2,158.9,3900,0.53,0.58
Kepler-32 e,Kepler-32,Transit,2012,2.896,1.5,,3900,0.53,0.58
Kepler-45 b,Kepler-45,Transit,2011,2.455239,10.76,160.497,3820,0.55,0.59
Kepler-28 c,Kepler-28,Transit,2011,8.9858,3.4,432.23,4590,0.7,0.75
Kepler-28 b,Kepler-28,Transit,2011,5.9123,3.6,479.9,4590,0.7,0.75
Kepler-32 d,Kepler-32,Transit,2012,22.7802,2.7,,3900,0.53,0.58
Kepler-32 f,Kepler-32,Transit,2012,0.74296,0.82,,3900,0.53,0.58
WASP-62 b,WASP-62,Transit,2012,4.411953,15.581,181.155,6280,1.28,1.25
Kepler-54 b,Kepler-54,Transit,2012,8.0109434,2.1,,3705,0.5,0.51
Kepler-52 c,Kepler-52,Transit,2012,16.3850021,1.84,45.4,4075,0.52,0.54
Kepler-52 b,Kepler-52,Transit,2012,7.8773565,2.1,135,4075,0.52,0.54
Kepler-54 c,Kepler-54,Transit,2012,12.0717249,1.23,,3705,0.5,0.51
Kepler-32 b,Kepler-32,Transit,2011,5.9012,2.2,,3793,0.53,0.54
Kepler-32 c,Kepler-32,Transit,2011,8.7522,2,,3793,0.53,0.54
Kepler-32 e,Kepler-32,Transit,2012,2.896,1.5,,3793,0.53,0.54
Kepler-32 d,Kepler-32,Transit,2012,22.7802,2.7,,3793,0.53,0.54
Kepler-32 f,Kepler-32,Transit,2012,0.74296,0.81,,3793,0.53,0.54
Kepler-235 d,Kepler-235,Transit,2014,20.060548,2.05,,4255,0.554,
Kepler-249 b,Kepler-249,Transit,2014,3.306539,1.09,,3568,0.482,
Kepler-186 b,Kepler-186,Transit,2014,3.886803,1.14,,4048,0.524,
Kepler-235 e,Kepler-235,Transit,2014,46.183669,2.22,,4255,0.554,
Kepler-249 d,Kepler-249,Transit,2014,15.368459,1.57,,3568,0.482,
Kepler-327 b,Kepler-327,Transit,2014,2.549575,1.11,,3799,0.492,
Kepler-395 c,Kepler-395,Transit,2014,34.989262,1.32,,4262,0.556,
Kepler-52 d,Kepler-52,Transit,2014,36.445171,1.95,,4263,0.556,
Kepler-231 b,Kepler-231,Transit,2014,10.065275,1.73,,3767,0.49,
Kepler-235 c,Kepler-235,Transit,2014,7.824904,1.28,,4255,0.554,
Kepler-236 b,Kepler-236,Transit,2014,8.295611,1.57,,3750,0.51,
Kepler-395 b,Kepler-395,Transit,2014,7.054346,1.03,,4262,0.556,
Kepler-353 c,Kepler-353,Transit,2014,8.410894,1.38,,3903,0.504,
Kepler-303 c,Kepler-303,Transit,2014,7.061149,1.14,,3944,0.485,
Kepler-125 c,Kepler-125,Transit,2014,5.774464,0.74,,3810,0.512,
Kepler-267 c,Kepler-267,Transit,2014,6.87745,2.13,,4258,0.555,
Kepler-267 d,Kepler-267,Transit,2014,28.464515,2.27,,4258,0.555,
Kepler-353 b,Kepler-353,Transit,2014,5.795278,0.89,,3903,0.504,
Kepler-125 b,Kepler-125,Transit,2014,4.164389,2.37,,3810,0.512,
Kepler-54 d,Kepler-54,Transit,2014,20.995694,1.53,,4252,0.554,
Kepler-327 d,Kepler-327,Transit,2014,13.969457,1.73,,3799,0.492,
Kepler-327 c,Kepler-327,Transit,2014,5.212333,1.03,,3799,0.492,
Kepler-138 b,Kepler-138,Transit,2014,10.312364,0.61,,4079,0.528,
Kepler-186 e,Kepler-186,Transit,2014,22.407793,1.33,,4048,0.524,
Kepler-235 b,Kepler-235,Transit,2014,3.340222,2.23,,4255,0.554,
Kepler-236 c,Kepler-236,Transit,2014,23.968127,2,,3750,0.51,
Kepler-205 b,Kepler-205,Transit,2014,2.75564,1.51,,4321,0.546,
Kepler-249 c,Kepler-249,Transit,2014,7.113702,1.51,,3568,0.482,
Kepler-186 c,Kepler-186,Transit,2014,7.267277,1.34,,4048,0.524,
Kepler-231 c,Kepler-231,Transit,2014,19.271566,1.93,,3767,0.49,
Kepler-205 c,Kepler-205,Transit,2014,20.306546,1.64,,4321,0.546,
Kepler-186 d,Kepler-186,Transit,2014,13.343058,1.56,,4048,0.524,
Kepler-26 d,Kepler-26,Transit,2014,3.543917895,1.23,,3887,0.53,0.55
Kepler-49 b,Kepler-49,Transit,2012,7.028,1.83,,3903,0.523,0.541
Kepler-142 b,Kepler-142,Transit,2014,2.024145594,1.98,,5726,1.243,0.933
K2-53 b,K2-53,Transit,2016,12.207632,2.47,,4684,0.72,
TOI-1898 b,TOI-1898,Transit,2024,45.52234,9.39553231,129,6241,1.6131,1.2484
TOI-270 b,TOI-270,Transit,2019,3.360156,,,3386,0.38,0.4
Kepler-1350 c,Kepler-1350,Transit,2016,1.7667914,2.1,,3831,0.62,0.5
Kepler-1366 b,Kepler-1366,Transit,2016,2.1645503,1.5,,4025,0.63,0.54
Kepler-1388 b,Kepler-1388,Transit,2016,12.28549,2.6,,3990,0.6,0.52
Kepler-481 b,Kepler-481,Transit,2016,10.06082567,2.89,,5692,1.265,0.931
KOI-351 f,KOI-351,Transit,2013,124.9144,2.88,,6080,1.2,1.2
Kepler-828 b,Kepler-828,Transit,2016,0.567857136,1.51,,5039,0.77,0.81
Kepler-1805 b,Kepler-1805,Transit,2021,8.847813,1.29,,3995,0.516,0.538
Kepler-1152 b,Kepler-1152,Transit,2016,1.646819,1.07,,4072,0.527,0.552
Kepler-1712 b,Kepler-1712,Transit,2021,13.815058,1.94,,3954,0.511,0.532
Kepler-1826 b,Kepler-1826,Transit,2021,1.615349,1.34,,4081,0.527,0.552
Kepler-1308 b,Kepler-1308,Transit,2016,2.104316,0.96,,3696,0.482,0.491
Kepler-1319 b,Kepler-1319,Transit,2016,2.8867627,1.41,,3240,0.27,0.21
Kepler-1321 b,Kepler-1321,Transit,2016,11.128312,5.8,,4210,0.6,0.59
Kepler-1321 c,Kepler-1321,Transit,2016,2.226494,3.1,,4210,0.6,0.59
Kepler-1321 d,Kepler-1321,Transit,2021,5.720856,2.7,,4210,0.6,0.59
Kepler-1350 b,Kepler-1350,Transit,2016,4.49685,2.9,,3831,0.62,0.5
Kepler-1388 c,Kepler-1388,Transit,2016,5.536068,2.3,,3990,0.6,0.52
Kepler-1904 b,Kepler-1904,Transit,2021,4.577026,1.53,,4068,0.513,0.565
Kepler-1439 b,Kepler-1439,Transit,2016,8.07392,2.1,,3679,0.67,0.49
Kepler-138 c,Kepler-138,Transit,2014,13.781052,1.94,,3900,0.612,0.526
Kepler-138 d,Kepler-138,Transit,2014,23.089447,2.06,,3900,0.612,0.526
Kepler-138 b,Kepler-138,Transit,2014,10.31202,0.79,,3900,0.612,0.526
Kepler-551 b,Kepler-551,Transit,2016,12.376487,2.23,,4282,0.559,0.589
Kepler-568 b,Kepler-568,Transit,2016,11.023423,2.64,,3877,0.502,0.519
Kepler-186 c,Kepler-186,Transit,2014,7.267311,1.64,,4031,0.523,0.546
Kepler-186 d,Kepler-186,Transit,2014,13.343025,1.81,,4031,0.523,0.546
Kepler-186 b,Kepler-186,Transit,2014,3.8867901,1.38,,4031,0.523,0.546
Kepler-186 e,Kepler-186,Transit,2014,22.407688,1.66,,4031,0.523,0.546
Kepler-617 b,Kepler-617,Transit,2016,1.6826933,1.37,,3890,0.502,0.519
Kepler-125 b,Kepler-125,Transit,2014,4.1643875,2.59,,3996,0.515,0.537
Kepler-125 c,Kepler-125,Transit,2014,5.77447,0.82,,3996,0.515,0.537
Kepler-2000 b,Kepler-2000,Transit,2023,6.38317,2.34,,4047,0.522,0.546
Kepler-2000 c,Kepler-2000,Transit,2023,20.61867,1.18,,4047,0.522,0.546
Kepler-45 b,Kepler-45,Transit,2011,2.45524051,9.85,,4098,0.531,0.557
Kepler-1855 b,Kepler-1855,Transit,2021,0.727315,1.02,,3716,0.485,0.495
Kepler-1687 b,Kepler-1687,Transit,2020,5.779572,1.15,,4256,0.554,0.584
Kepler-395 c,Kepler-395,Transit,2014,34.98804,1.28,,4050,0.523,0.547
Kepler-395 b,Kepler-395,Transit,2014,7.05441,1.13,,4050,0.523,0.547
Kepler-705 b,Kepler-705,Transit,2016,56.0560538,1.96,,3593,0.47,0.49
Kepler-28 b,Kepler-28,Transit,2011,5.912268297,1.92,,4072,0.57,0.59
Kepler-28 c,Kepler-28,Transit,2011,8.98584768,1.94,,4072,0.57,0.59
Kepler-54 b,Kepler-54,Transit,2012,8.01081478,2.33,,3726,0.47,0.49
Kepler-54 c,Kepler-54,Transit,2012,12.07135949,1.33,,3726,0.47,0.49
Kepler-54 d,Kepler-54,Transit,2014,20.99589959,1.38,,3726,0.47,0.49
Kepler-249 c,Kepler-249,Transit,2014,7.11372736,1.27,,3568,0.42,0.44
Kepler-249 b,Kepler-249,Transit,2014,3.306548978,1.09,,3568,0.42,0.44
Kepler-249 d,Kepler-249,Transit,2014,15.36843606,1.21,,3568,0.42,0.44
Kepler-732 b,Kepler-732,Transit,2016,9.467814048,2.08,,3581,0.44,0.46
Kepler-732 c,Kepler-732,Transit,2016,0.893041236,1.22,,3581,0.44,0.46
Kepler-737 b,Kepler-737,Transit,2016,28.59915399,1.88,,3750,0.46,0.49
Kepler-32 b,Kepler-32,Transit,2011,5.901282819,2.09,,3727,0.5,0.52
Kepler-32 c,Kepler-32,Transit,2011,8.75210645,2.2,,3727,0.5,0.52
Kepler-32 d,Kepler-32,Transit,2012,22.78076945,2.29,,3727,0.5,0.52
Kepler-32 e,Kepler-32,Transit,2012,2.896013787,1.32,,3727,0.5,0.52
Kepler-32 f,Kepler-32,Transit,2012,0.742958836,1.88,,3727,0.5,0.52
KOI-134 b,KOI-134,Transit,2025,67.5952229,12.28,,6038,1.744,1.341
Kepler-267 b,Kepler-267,Transit,2014,3.353730333,2.12,,3807,0.47,0.49
Kepler-267 c,Kepler-267,Transit,2014,6.877449897,2.02,,3807,0.47,0.49
Kepler-267 d,Kepler-267,Transit,2014,28.46462622,2.01,,3807,0.47,0.49
Kepler-1735 b,Kepler-1735,Transit,2021,7.71792296,0.92,,3939,0.52,0.54
Kepler-777 b,Kepler-777,Transit,2016,5.72812599,1.51,,4065,0.57,0.59
Kepler-787 b,Kepler-787,Transit,2016,0.928310498,1.47,,4894,0.72,0.76
Kepler-801 b,Kepler-801,Transit,2016,11.41928253,1.55,,3822,0.49,0.51
Kepler-833 b,Kepler-833,Transit,2016,18.7546998,1.75,,3977,0.54,0.56
Kepler-834 b,Kepler-834,Transit,2016,13.32388301,1.35,,3750,0.45,0.48
Kepler-1749 b,Kepler-1749,Transit,2021,14.53410194,1.38,,4023,0.57,0.59
Kepler-844 b,Kepler-844,Transit,2016,2.613020856,1.51,,3878,0.51,0.53
Kepler-303 b,Kepler-303,Transit,2014,1.937032068,0.95,,3944,0.51,0.52
Kepler-303 c,Kepler-303,Transit,2014,7.06117359,1.15,,3944,0.51,0.52
Kepler-991 b,Kepler-991,Transit,2016,82.5342519,2.29,,4237,0.558,0.564
Kepler-1860 b,Kepler-1860,Transit,2021,12.73672,0.88,,5603,0.82,0.925
Kepler-31 b,Kepler-31,Transit,2011,20.86024027,,,6011.2,1.30436,1.11
kap CrB b,kap CrB,Radial Velocity,2007,1285,,,4871,4.85,1.5
Kepler-1516 b,Kepler-1516,Transit,2016,7.25931979,1.61,,5914,0.987,0.938
WASP-65 b,WASP-65,Transit,2013,2.311420336,13.18791073,,5785.79,1.07008,
Kepler-1481 b,Kepler-1481,Transit,2016,5.94228603,,,4693.28,0.769856,0.75
TOI-954 b,TOI-954,Transit,2020,3.68497,9.05543,,5756,1.93,
HIP 65 A b,HIP 65 A,Transit,2020,0.980972,5.91629233,,4486,0.764401,
Kepler-664 b,Kepler-664,Transit,2016,2.525593315,2.71,,6031,1.046,1.095
Kepler-53 c,Kepler-53,Transit,2012,38.5575914,3.57,,6079,0.945,1.019
Kepler-11 e,Kepler-11,Transit,2010,31.995,3.98,7,,1.046,0.92
Kepler-102 f,Kepler-102,Transit,2014,27.4537294,0.79,,4812,0.755,0.734
Kepler-36 b,Kepler-36,Transit,2012,13.849846,,6.41,,1.629,1.034
Kepler-1265 b,Kepler-1265,Transit,2016,6.494474,1.3,,4727,0.653,0.676
K2-33 b,K2-33,Transit,2016,5.4252061,0.868,,2890,0.16,
Kepler-317 c,Kepler-317,Transit,2014,8.77508519,1.85,,5497,0.936,0.978
TOI-561 c,TOI-561,Transit,2020,10.778838,2.865,5.93,,0.843,0.806
Kepler-9 b,Kepler-9,Transit,2010,19.27082584,7.74,,5779,0.956,1.034
GJ 876 b,GJ 876,Radial Velocity,1998,60.85,,,3271,0.352224,0.336778
Kepler-265 c,Kepler-265,Transit,2014,17.02902786,2.54,,5839,1.067,0.881
Kepler-920 b,Kepler-920,Transit,2016,6.53194024,,,5340,0.946461,0.92
Kepler-396 b,Kepler-396,Transit,2013,,3.168,,5656,0.903,
Kepler-402 e,Kepler-402,Transit,2014,11.24283541,1.59,,6522,1.215,1.14
PSR B1257+12 b,PSR B1257+12,Pulsar Timing,1994,25.262,,0.02,,,1.4
HD 66428 b,HD 66428,Radial Velocity,2005,2263.12,,,5773,1.102,1.083
K2-260 b,K2-260,Transit,2018,2.62669768,,,6367,1.69,1.39
Kepler-953 b,Kepler-953,Transit,2016,88.40655258,4.27,,5688,0.998,1.088
K2-266 c,K2-266,Transit,2018,7.814,0.705,,4285,0.703,0.686
TOI-1749 b,TOI-1749,Transit,2021,2.38839,1.39,57,3985,0.55,0.58
Kepler-901 b,Kepler-901,Transit,2016,3.517494394,1.21,,3916,0.51,0.53
Kepler-1761 b,Kepler-1761,Transit,2021,4.04355143,0.92,,3767,0.479,0.488
Kepler-1650 b,Kepler-1650,Transit,2017,1.538181528,0.75,,3304,0.26,0.242
Kepler-249 c,Kepler-249,Transit,2014,7.11372736,1.27,,3568,0.42,0.44
Kepler-249 b,Kepler-249,Transit,2014,3.306548978,1.09,,3568,0.42,0.44
Kepler-249 d,Kepler-249,Transit,2014,15.36843606,1.21,,3568,0.42,0.44
Kepler-732 b,Kepler-732,Transit,2016,9.467814048,2.08,,3581,0.44,0.46
Kepler-732 c,Kepler-732,Transit,2016,0.893041236,1.22,,3581,0.44,0.46
Kepler-737 b,Kepler-737,Transit,2016,28.59915399,1.88,,3750,0.46,0.49
Kepler-32 b,Kepler-32,Transit,2011,5.901282819,2.09,,3727,0.5,0.52
Kepler-32 c,Kepler-32,Transit,2011,8.75210645,2.2,,3727,0.5,0.52
Kepler-32 d,Kepler-32,Transit,2012,22.78076945,2.29,,3727,0.5,0.52
Kepler-32 e,Kepler-32,Transit,2012,2.896013787,1.32,,3727,0.5,0.52
Kepler-32 f,Kepler-32,Transit,2012,0.742958836,1.88,,3727,0.5,0.52
Kepler-267 b,Kepler-267,Transit,2014,3.353730333,2.12,,3807,0.47,0.49
Kepler-267 c,Kepler-267,Transit,2014,6.877449897,2.02,,3807,0.47,0.49
Kepler-267 d,Kepler-267,Transit,2014,28.46462622,2.01,,3807,0.47,0.49
Kepler-1735 b,Kepler-1735,Transit,2021,7.71792296,0.92,,3939,0.52,0.54
Kepler-777 b,Kepler-777,Transit,2016,5.72812599,1.51,,4065,0.57,0.59
Kepler-787 b,Kepler-787,Transit,2016,0.928310498,1.47,,4894,0.72,0.76
Kepler-801 b,Kepler-801,Transit,2016,11.41928253,1.55,,3822,0.49,0.51
Kepler-833 b,Kepler-833,Transit,2016,18.7546998,1.75,,3977,0.54,0.56
Kepler-834 b,Kepler-834,Transit,2016,13.32388301,1.35,,3750,0.45,0.48
Kepler-1749 b,Kepler-1749,Transit,2021,14.53410194,1.38,,4023,0.57,0.59
Kepler-844 b,Kepler-844,Transit,2016,2.613020856,1.51,,3878,0.51,0.53
Kepler-953 c,Kepler-953,Transit,2016,9.10967112,1.16,,5688,0.998,1.088
Kepler-974 b,Kepler-974,Transit,2016,4.194496514,1.44,,3584,0.45,0.464
Kepler-327 b,Kepler-327,Transit,2014,2.549563296,1.31,,3799,0.492,0.499
Kepler-327 d,Kepler-327,Transit,2014,13.96948245,1.7,,3799,0.492,0.499
Kepler-327 c,Kepler-327,Transit,2014,5.21231585,1.24,,3799,0.492,0.499
Kepler-988 b,Kepler-988,Transit,2016,17.76080053,2.17,,3950,0.56,0.561
Kepler-994 b,Kepler-994,Transit,2016,1.151166506,1.56,,3855,0.53,0.535
Kepler-1049 b,Kepler-1049,Transit,2016,3.273460736,0.87,,3809,0.455,0.464
Kepler-353 c,Kepler-353,Transit,2014,8.41100287,1.76,,3903,0.523,0.541
Kepler-353 b,Kepler-353,Transit,2014,5.7952971,1.08,,3903,0.523,0.541
Kepler-1074 b,Kepler-1074,Transit,2016,5.94566534,1.16,,3900,0.537,0.559
Kepler-1089 b,Kepler-1089,Transit,2016,5.132485618,1.85,,3688,0.497,0.511
Kepler-1798 b,Kepler-1798,Transit,2021,16.85593514,2.08,,3972,0.565,0.568
Kepler-1124 b,Kepler-1124,Transit,2016,2.852348975,1.79,,3694,0.464,0.482
Kepler-1712 b,Kepler-1712,Transit,2021,13.81505213,1.99,,3741,0.49,0.51
Kepler-1805 b,Kepler-1805,Transit,2021,8.84786839,1.01,,3724,0.46,0.471
Kepler-1152 b,Kepler-1152,Transit,2016,1.646801908,0.91,,3900,0.537,0.559
Kepler-125 b,Kepler-125,Transit,2014,4.164383815,2.71,,3810,0.52,0.54
Kepler-125 c,Kepler-125,Transit,2014,5.77442209,0.85,,3810,0.52,0.54
Kepler-2000 b,Kepler-2000,Transit,2023,6.383163462,2.59,,3769,0.56,0.59
Kepler-2000 c,Kepler-2000,Transit,2023,20.6181066,1.4,,3769,0.56,0.59
Kepler-45 b,Kepler-45,Transit,2011,2.45524062,11.03,,3820,0.552,0.563
Kepler-1826 b,Kepler-1826,Transit,2021,1.615359728,1.18,,3815,0.498,0.505
Kepler-1855 b,Kepler-1855,Transit,2021,0.727330426,0.59,,3339,0.288,0.275
Kepler-1687 b,Kepler-1687,Transit,2020,5.77955922,1.34,,4024,0.553,0.565
Kepler-395 c,Kepler-395,Transit,2014,34.9894475,1.25,,3735,0.4,0.413
Kepler-395 b,Kepler-395,Transit,2014,7.05427318,0.78,,3735,0.4,0.413
Kepler-1308 b,Kepler-1308,Transit,2016,2.104338119,0.52,,3410,0.345,0.35
Kepler-1319 b,Kepler-1319,Transit,2016,2.886762645,0.67,,3400,0.266,0.267
Kepler-1321 b,Kepler-1321,Transit,2016,11.12830484,6.63,,4385,0.706,0.736
Kepler-1321 c,Kepler-1321,Transit,2016,2.226491086,3.26,,4385,0.706,0.736
Kepler-1321 d,Kepler-1321,Transit,2021,5.72087524,3.08,,4385,0.706,0.736
Kepler-1350 b,Kepler-1350,Transit,2016,4.4968604,2.13,,3698,0.444,0.465
Kepler-1350 c,Kepler-1350,Transit,2016,1.766789062,1.48,,3698,0.444,0.465
Kepler-1366 b,Kepler-1366,Transit,2016,2.164570968,1.28,,3900,0.54,0.552
Kepler-1388 b,Kepler-1388,Transit,2016,12.2854603,2.23,,3903,0.523,0.541
Kepler-1388 c,Kepler-1388,Transit,2016,5.53608151,1.96,,3903,0.523,0.541
Kepler-1388 d,Kepler-1388,Transit,2016,20.9568158,2.43,,3903,0.523,0.541
Kepler-1388 e,Kepler-1388,Transit,2016,37.6327084,2.09,,3903,0.523,0.541
Kepler-138 c,Kepler-138,Transit,2014,13.78109344,1.33,,3841,0.5,0.52
Kepler-138 d,Kepler-138,Transit,2014,23.08901839,1.52,,3841,0.5,0.52
Kepler-138 b,Kepler-138,Transit,2014,10.31320643,0.58,,3841,0.5,0.52
Kepler-1904 b,Kepler-1904,Transit,2021,4.57699384,1.37,,3805,0.497,0.526
Kepler-1439 b,Kepler-1439,Transit,2016,8.07392849,1.3,,3471,0.38,0.395
Kepler-1455 b,Kepler-1455,Transit,2016,49.276764,1.97,,3894,0.541,0.548
Kepler-440 b,Kepler-440,Transit,2015,101.1114976,1.47,,3813,0.477,0.485
Kepler-551 b,Kepler-551,Transit,2016,12.3764661,2.11,,3797,0.48,0.51
Kepler-52 c,Kepler-52,Transit,2012,16.38489988,2,,4126,0.615,0.633
Kepler-52 b,Kepler-52,Transit,2012,7.8774163,2.16,,4126,0.615,0.633
Kepler-126 c,Kepler-126,Transit,2014,21.86969391,,,6221,1.44854,1.2
HAT-P-57 b,HAT-P-57,Transit,2015,2.4652946,,,7500,1.5,1.47
Kepler-1330 b,Kepler-1330,Transit,2016,,3,,5478,1.775,
Kepler-633 c,Kepler-633,Transit,2021,23.7832097,2.01,,5877,1.265,0.997
Kepler-406 b,Kepler-406,Transit,2014,2.42629,1.43,6.35,5538,1.07,1.07
Kepler-1788 b,Kepler-1788,Transit,2021,2.800118124,1.97,,4786,0.704,0.686
WASP-25 b,WASP-25,Transit,2010,3.76483312,,,,,
Kepler-1655 b,Kepler-1655,Transit,2018,11.87290083,1.94,,6134,1.042,1.032
Kepler-46 b,Kepler-46,Transit,2012,33.60134,9.057,1907,5155,0.938,0.902
Kepler-354 d,Kepler-354,Transit,2014,24.2102171,1.47,,4650,0.706,0.704
HAT-P-17 b,HAT-P-17,Transit,2010,,,,5336.96,0.838682,0.92
Kepler-195 b,Kepler-195,Transit,2014,8.307872,2.03,,5329,0.775,
Kepler-123 b,Kepler-123,Transit,2014,17.232,2.55,55.3,,1.092,1.01
Kepler-1784 b,Kepler-1784,Transit,2021,13.59056583,3.2,,5442,0.974,0.887
Kepler-80 g,Kepler-80,Transit,2017,14.651,1.05,0.065,4540,0.678,0.73
Kepler-1590 b,Kepler-1590,Transit,2016,7.61760804,1.09,,6202,1.072,1.05
HAT-P-23 b,HAT-P-23,Transit,2010,,,,5924,1.29,1.13
Kepler-1616 b,Kepler-1616,Transit,2016,,1.337,,6153,1.806,
Kepler-279 c,Kepler-279,Transit,2013,35.73432746,,,6689.45,1.35292,1.42
Kepler-26 b,Kepler-26,Transit,2011,12.283,2.73,,3853,0.447,0.466
Kepler-250 b,Kepler-250,Transit,2014,4.14808732,1.16,,5162,0.795,0.849
Kepler-1422 b,Kepler-1422,Transit,2016,18.6051942,2.02,,6194,1.23,1.15
Kepler-1022 b,Kepler-1022,Transit,2016,10.99469878,2.36,,4445,0.68,0.71
OGLE-2016-BLG-1190L b,OGLE-2016-BLG-1190L,Microlensing,2017,1220,,4253,,,0.88
Kepler-101 b,Kepler-101,Transit,2014,3.4876812,5.77,51.1,5667,1.56,1.17
Kepler-110 b,Kepler-110,Transit,2014,12.69105209,2.96,,5887,1.843,1.075
K2-10 b,K2-10,Transit,2015,19.292062,,,5533,0.968923,0.973
Kepler-1015 b,Kepler-1015,Transit,2016,16.00494214,2.803,,6443,1.451,1.265
Kepler-106 b,Kepler-106,Transit,2014,6.164876,0.79,,5854,1.012,0.951
HD 217786 b,HD 217786,Radial Velocity,2011,1301.36009,,4402.559094,,,1.14
Kepler-1190 b,Kepler-1190,Transit,2016,10.45843441,1.33,,4730,0.72,0.76
Kepler-875 b,Kepler-875,Transit,2016,,3.316,,5799,1.132,
K2-22 b,K2-22,Transit,2015,0.381078,2.5,444.962,3830,0.57,0.6
Kepler-1236 b,Kepler-1236,Transit,2016,31.05772543,,,5207,0.794153,0.89
Kepler-358 b,Kepler-358,Transit,2014,34.0607677,,,5496.97,0.940506,0.96
HAT-P-67 b,HAT-P-67,Transit,2017,4.8101042,,,6406,2.546,1.642
K2-216 b,K2-216,Transit,2018,2.174782,1.63,,4658,0.69,0.74
Kepler-238 b,Kepler-238,Transit,2014,2.0908113,,3305.02,,1.551,1.229
HATS-54 b,HATS-54,Transit,2019,2.5441765,11.37711541,239.3247905,5621,1.23,1.05
HD 4208 b,HD 4208,Radial Velocity,2001,829,,,,,0.93
K2-115 b,K2-115,Transit,2017,20.273017,,,5657,0.88,0.95
Kepler-364 b,Kepler-364,Transit,2014,25.7457957,,,6199.63,1.29885,1.19
WASP-82 b,WASP-82,Transit,2015,2.70578373,,,,,
Kepler-392 b,Kepler-392,Transit,2014,5.34185804,1.19,,6474,1.403,1.104
WASP-183 b,WASP-183,Transit,2019,4.1117634,,,5313,0.871,0.784
K2-72 c,K2-72,Transit,2016,15.189034,1.16,,3360.47,0.330989,0.271365
Kepler-529 b,Kepler-529,Transit,2016,1.980357663,1.86,,6087,1.14,1.07
HD 7924 b,HD 7924,Radial Velocity,2008,5.39699,,,5136,0.79108,0.87
Kepler-1061 b,Kepler-1061,Transit,2016,2.757982666,1.98,,6067,1.07,1.09
HAT-P-34 b,HAT-P-34,Transit,2011,5.45265,15.13215,2227.9883,6442,1.73,4.26
K2-413 b,K2-413,Transit,2022,0.8094,0.7599,,4116,0.7,0.808
Kepler-1093 b,Kepler-1093,Transit,2016,25.0824626,1.95,,6166,1.2,1.13
Kepler-235 c,Kepler-235,Transit,2014,7.825046,1.201,,3996,0.495,0.507
Kepler-395 b,Kepler-395,Transit,2014,7.054259,1.186,,3931,0.549,0.578
Kepler-1455 b,Kepler-1455,Transit,2016,49.27668,1.93,,3950,0.518,0.544
Kepler-45 b,Kepler-45,Transit,2011,2.45524065,,,3792,0.614823,0.600017
Kepler-617 b,Kepler-617,Transit,2016,1.68269715,,,3691,0.544291,0.540091
Kepler-205 b,Kepler-205,Transit,2014,2.75563813,,,4281.6,0.604434,0.669
Kepler-705 b,Kepler-705,Transit,2016,56.05597307,,,3631,0.553555,0.548441
Kepler-1749 b,Kepler-1749,Transit,2021,14.53399886,,,4238.82,0.621183,0.66
Kepler-834 b,Kepler-834,Transit,2016,13.32381364,,,4423,0.722055,0.69
Kepler-833 b,Kepler-833,Transit,2016,18.75463164,,,4328,0.713732,0.68
Kepler-327 b,Kepler-327,Transit,2014,2.5495625,,,3864,0.604708,0.591913
Kepler-1074 b,Kepler-1074,Transit,2016,5.94564846,,,3917,0.597575,0.586106
Kepler-235 d,Kepler-235,Transit,2014,20.06055885,,,4074,0.635754,0.64
Kepler-249 b,Kepler-249,Transit,2014,3.30654812,,,3635,0.512465,0.510238
Kepler-953 b,Kepler-953,Transit,2016,88.40651396,,,5328.63,,
Kepler-732 c,Kepler-732,Transit,2016,0.89304105,,,3619,0.522369,0.519723
Kepler-801 b,Kepler-801,Transit,2016,11.41926322,,,4390,0.689681,0.69
Kepler-186 b,Kepler-186,Transit,2014,3.88678897,,,3876,0.547805,0.543276
WASP-136 b,WASP-136,Transit,2016,5.215357,15.46842,479.9233,6260,2.21,1.41
TRAPPIST-1 b,TRAPPIST-1,Transit,2016,1.51087081,1.086,0.85,2559,0.117,0.0802
TRAPPIST-1 c,TRAPPIST-1,Transit,2016,2.4218233,1.056,1.38,2559,0.117,0.0802
TRAPPIST-1 d,TRAPPIST-1,Transit,2016,4.04961,0.772,0.41,2559,0.117,0.0802
TRAPPIST-1 e,TRAPPIST-1,Transit,2017,6.099615,0.918,0.62,2559,0.117,0.0802
TRAPPIST-1 f,TRAPPIST-1,Transit,2017,9.20669,1.045,0.68,2559,0.117,0.0802
TRAPPIST-1 g,TRAPPIST-1,Transit,2017,12.35294,1.127,1.34,2559,0.117,0.0802
TRAPPIST-1 h,TRAPPIST-1,Transit,2017,20,0.755,,2559,0.117,0.0802
Kepler-1650 b,Kepler-1650,Transit,2017,1.53818001,0.96,,3410,0.334,0.326
Kepler-1319 b,Kepler-1319,Transit,2016,2.88676239,1.41,,3673,0.539,0.557
Kepler-138 c,Kepler-138,Transit,2014,13.78110882,1.17,,3726,0.454,0.468
Kepler-138 b,Kepler-138,Transit,2014,10.3132068,0.46,,3726,0.454,0.468
Kepler-138 d,Kepler-138,Transit,2014,23.0889203,1.2,,3726,0.454,0.468
TRAPPIST-1 h,TRAPPIST-1,Transit,2017,18.767,0.752,,,0.114827,0.090778
WASP-121 b,WASP-121,Transit,2016,1.2749255,18.988046,,,1.458,
Kepler-235 d,Kepler-235,Transit,2014,20.06039,2.024,,3996,0.495,0.507
Kepler-235 b,Kepler-235,Transit,2014,3.3402178,2.169,,3996,0.495,0.507
Kepler-705 b,Kepler-705,Transit,2016,56.05623,2.76,,3674,0.502,0.534
Kepler-235 e,Kepler-235,Transit,2014,46.18406,2.007,,3996,0.495,0.507
Kepler-395 c,Kepler-395,Transit,2014,34.98956,1.336,,3931,0.549,0.578
Kepler-953 c,Kepler-953,Transit,2016,9.10971907,,,5328.63,,
WASP-17 b,WASP-17,Transit,2009,3.7354845,21.655788,151.60491,,1.583,1.286
WASP-17 b,WASP-17,Transit,2009,3.735438,22.317119,154.46538,6650,1.572,1.306
TRAPPIST-1 b,TRAPPIST-1,Transit,2016,,,,,0.114827,0.090778
TRAPPIST-1 c,TRAPPIST-1,Transit,2016,,,,,0.114827,0.090778
WASP-17 b,WASP-17,Transit,2009,3.735438,19.582123,154.46538,,1.572,1.306
WASP-17 b,WASP-17,Transit,2009,,,,6548,1.57323,1.354
Kepler-994 b,Kepler-994,Transit,2016,,1.413,,3950,0.592,
Kepler-1049 b,Kepler-1049,Transit,2016,,0.956,,3756,0.586,
Kepler-622 b,Kepler-622,Transit,2016,,2.091,,4103,0.685,
Kepler-801 b,Kepler-801,Transit,2016,,2.072,,3822,0.69,
Kepler-1124 b,Kepler-1124,Transit,2016,,1.971,,3754,0.515,
Kepler-205 b,Kepler-205,Transit,2014,,1.577,,4121,0.635,
Kepler-705 b,Kepler-705,Transit,2016,,2.207,,3593,0.559,
Kepler-787 b,Kepler-787,Transit,2016,,1.342,,4109,0.698,
Kepler-28 b,Kepler-28,Transit,2011,,1.971,,4674,0.649,
Kepler-303 b,Kepler-303,Transit,2014,,1.062,,4045,0.595,
Kepler-54 b,Kepler-54,Transit,2012,,1.917,,3712,0.525,
Kepler-249 c,Kepler-249,Transit,2014,,1.447,,3565,0.512,
Kepler-186 c,Kepler-186,Transit,2014,,1.392,,3748,0.539,
Kepler-898 b,Kepler-898,Transit,2016,,1.498,,4168,0.638,
Kepler-901 b,Kepler-901,Transit,2016,,1.54,,4131,0.613,
Kepler-138 b,Kepler-138,Transit,2014,,0.629,,3847,0.537,
Kepler-732 b,Kepler-732,Transit,2016,,2.451,,3582,0.526,
Kepler-1074 b,Kepler-1074,Transit,2016,,1.178,,3974,0.595,
Kepler-737 b,Kepler-737,Transit,2016,,2.029,,3753,0.511,
Kepler-32 b,Kepler-32,Transit,2011,,2.231,,3731,0.574,
Kepler-235 d,Kepler-235,Transit,2014,,2.415,,3949,0.607,
Kepler-249 b,Kepler-249,Transit,2014,,1.134,,3565,0.512,
Kepler-303 c,Kepler-303,Transit,2014,,1.489,,4045,0.595,
Kepler-1152 b,Kepler-1152,Transit,2016,,1.021,,3809,0.606,
Kepler-617 b,Kepler-617,Transit,2016,,1.419,,3670,0.544,
Kepler-732 c,Kepler-732,Transit,2016,,1.42,,3582,0.526,
Kepler-32 e,Kepler-32,Transit,2012,,1.418,,3731,0.574,
Kepler-551 b,Kepler-551,Transit,2016,,2.67,,4202,0.64,
Kepler-568 b,Kepler-568,Transit,2016,,2.507,,3744,0.547,
Kepler-186 b,Kepler-186,Transit,2014,,1.179,,3748,0.539,
Kepler-235 e,Kepler-235,Transit,2014,,2.251,,3949,0.607,
Kepler-353 c,Kepler-353,Transit,2014,,2.13,,3758,0.64,
Kepler-1089 b,Kepler-1089,Transit,2016,,1.644,,3889,0.562,
Kepler-125 b,Kepler-125,Transit,2014,,2.726,,3811,0.544,
Kepler-52 c,Kepler-52,Transit,2012,,2.018,,4127,0.621,
Kepler-674 b,Kepler-674,Transit,2016,,2.313,,4149,0.657,
Kepler-676 b,Kepler-676,Transit,2016,,3.144,,3691,0.561,
Kepler-249 d,Kepler-249,Transit,2014,,1.382,,3565,0.512,
Kepler-32 d,Kepler-32,Transit,2012,,2.504,,3731,0.574,
Kepler-45 b,Kepler-45,Transit,2011,,11.634,,3793,0.624,
Kepler-518 b,Kepler-518,Transit,2016,8.512035877,4.38,,6164,1.825,1.173
Kepler-275 c,Kepler-275,Transit,2014,16.08821,2.84,,6495,1.14,1.198
K2-286 b,K2-286,Transit,2018,27.359,2.1,,3926,0.62,0.64
Kepler-1774 b,Kepler-1774,Transit,2021,59.7711433,3.17,,6214,1.122,1.101
Kepler-368 c,Kepler-368,Transit,2014,72.381301,3.961,,5459,2.086,1.165
Kepler-217 c,Kepler-217,Transit,2014,8.58586259,,,6658.99,1.78903,1.4
HD 65216 b,HD 65216,Radial Velocity,2003,613.1,,,5666,,0.92
Kepler-1432 b,Kepler-1432,Transit,2016,23.9107056,1.91,,6338,1.091,1.137
Kepler-228 d,Kepler-228,Transit,2014,11.09431923,4.562,,5660,1.104,1.006
Kepler-236 c,Kepler-236,Transit,2014,,1.986,,3866,0.551,0.591
Kepler-52 d,Kepler-52,Transit,2014,,2.224,,4127,0.623,0.66
Kepler-231 b,Kepler-231,Transit,2014,,2.202,,4078,0.611,0.65
Kepler-134 b,Kepler-134,Transit,2014,5.317435416,1.634,,5918,0.969,0.956
Kepler-52 b,Kepler-52,Transit,2012,,2.516,,4127,0.623,0.66
Kepler-138 d,Kepler-138,Transit,2014,,1.859,,3871,0.553,0.593
Kepler-267 b,Kepler-267,Transit,2014,,2.109,,3868,0.552,0.592
Kepler-327 b,Kepler-327,Transit,2014,,1.3,,3837,0.541,0.58
Kepler-235 b,Kepler-235,Transit,2014,,2.323,,4000,0.591,0.631
Kepler-235 c,Kepler-235,Transit,2014,,1.368,,4000,0.591,0.631
Kepler-236 b,Kepler-236,Transit,2014,,1.745,,3866,0.551,0.591
Kepler-54 c,Kepler-54,Transit,2012,,1.324,,3797,0.527,0.565
Kepler-125 c,Kepler-125,Transit,2014,,0.79,,3770,0.517,0.553
Kepler-267 c,Kepler-267,Transit,2014,,2.652,,3868,0.552,0.592
Kepler-267 d,Kepler-267,Transit,2014,,2.35,,3868,0.552,0.592
Kepler-353 b,Kepler-353,Transit,2014,,1.172,,3909,0.565,0.605
Kepler-395 b,Kepler-395,Transit,2014,,1.176,,3915,0.567,0.607
Kepler-54 d,Kepler-54,Transit,2014,,1.842,,3797,0.527,0.565
Kepler-327 d,Kepler-327,Transit,2014,,2.66,,3837,0.541,0.58
Kepler-327 c,Kepler-327,Transit,2014,,1.182,,3837,0.541,0.58
Kepler-32 f,Kepler-32,Transit,2012,,0.866,,3801,0.529,0.566
Kepler-186 e,Kepler-186,Transit,2014,,1.401,,3761,0.513,0.549
Kepler-395 c,Kepler-395,Transit,2014,,1.671,,3915,0.567,0.607
Kepler-125 b,Kepler-125,Transit,2014,4.16437101,2.47,,3810,0.52,0.54
Kepler-45 b,Kepler-45,Transit,2011,2.45523906,11.11,,3814,0.55,0.58
Kepler-138 c,Kepler-138,Transit,2014,13.78104973,1.58,,3841,0.5,0.52
Kepler-138 d,Kepler-138,Transit,2014,23.0904007,1.26,,3841,0.5,0.52
Kepler-235 b,Kepler-235,Transit,2014,3.34024,2.06,,3887,0.48,0.51
Kepler-236 c,Kepler-236,Transit,2014,23.97159958,1.84,,3750,0.51,0.54
Kepler-205 b,Kepler-205,Transit,2014,2.75560188,1.32,,3834,0.48,0.51
Kepler-28 b,Kepler-28,Transit,2011,5.91212988,1.86,,4072,0.57,0.59
Kepler-54 b,Kepler-54,Transit,2012,8.01280975,1.8,,3726,0.47,0.49
Kepler-249 c,Kepler-249,Transit,2014,7.11388016,1.28,,3568,0.42,0.44
Kepler-186 c,Kepler-186,Transit,2014,7.26733017,1.21,,3761,0.46,0.48
Kepler-32 b,Kepler-32,Transit,2011,5.90125513,2.02,,3727,0.5,0.52
Kepler-52 c,Kepler-52,Transit,2012,16.38522911,1.69,,3898,0.54,0.56
Kepler-231 c,Kepler-231,Transit,2014,19.26930046,1.69,,3767,0.48,0.51
Kepler-205 c,Kepler-205,Transit,2014,20.30707932,1.22,,3834,0.48,0.51
Kepler-28 c,Kepler-28,Transit,2011,8.98596954,1.73,,4072,0.57,0.59
Kepler-186 d,Kepler-186,Transit,2014,13.34331036,1.41,,3761,0.46,0.48
Kepler-32 c,Kepler-32,Transit,2011,8.75245953,2.08,,3727,0.5,0.52
Kepler-52 b,Kepler-52,Transit,2012,7.87761021,1.93,,3898,0.54,0.56
Kepler-267 b,Kepler-267,Transit,2014,3.35368204,1.79,,3807,0.47,0.49
Kepler-303 b,Kepler-303,Transit,2014,1.937029,0.99,,3944,0.51,0.52
Kepler-235 d,Kepler-235,Transit,2014,20.06085968,1.84,,3887,0.48,0.51
Kepler-249 b,Kepler-249,Transit,2014,3.3065691,0.96,,3568,0.42,0.44
Kepler-32 e,Kepler-32,Transit,2012,2.896029,1.04,,3727,0.5,0.52
Kepler-186 b,Kepler-186,Transit,2014,3.88675809,1.31,,3761,0.46,0.48
Kepler-235 e,Kepler-235,Transit,2014,46.18510056,1.79,,3887,0.48,0.51
Kepler-249 d,Kepler-249,Transit,2014,15.36812973,1.33,,3568,0.42,0.44
Kepler-32 d,Kepler-32,Transit,2012,22.78033066,2.18,,3727,0.5,0.52
Kepler-125 b,Kepler-125,Transit,2014,4.164,2.63,,3743,0.488,0.499
Kepler-186 d,Kepler-186,Transit,2014,13.343,1.68,,3820,0.5,0.506
Kepler-32 c,Kepler-32,Transit,2011,8.752,1.94,,3787,0.506,0.514
Kepler-267 b,Kepler-267,Transit,2014,3.354,1.97,,3878,0.523,0.551
Kepler-45 b,Kepler-45,Transit,2011,2.455,10.74,,3837,0.55,0.56
Kepler-236 c,Kepler-236,Transit,2014,23.968,1.69,,3758,0.474,0.486
Kepler-54 b,Kepler-54,Transit,2012,8.011,1.38,,3579,0.33,0.349
Kepler-249 c,Kepler-249,Transit,2014,7.114,1.27,,3587,0.41,0.429
Kepler-32 b,Kepler-32,Transit,2011,5.901,2.15,,3787,0.506,0.514
Kepler-249 b,Kepler-249,Transit,2014,3.307,0.95,,3587,0.41,0.429
Kepler-32 e,Kepler-32,Transit,2012,2.896,1.43,,3787,0.506,0.514
Kepler-186 b,Kepler-186,Transit,2014,3.887,1.24,,3820,0.5,0.506
Kepler-249 d,Kepler-249,Transit,2014,15.368,1.24,,3587,0.41,0.429
Kepler-32 d,Kepler-32,Transit,2012,22.78,2.58,,3787,0.506,0.514
Kepler-327 b,Kepler-327,Transit,2014,2.55,1.2,,3799,0.492,0.499
Kepler-353 c,Kepler-353,Transit,2014,8.411,1.6,,3903,0.523,0.541
Kepler-186 e,Kepler-186,Transit,2014,22.407,1.39,,3820,0.5,0.506
Kepler-395 c,Kepler-395,Transit,2014,34.987,1.18,,3735,0.4,0.413
Kepler-236 b,Kepler-236,Transit,2014,8.296,1.49,,3758,0.474,0.486
Kepler-54 c,Kepler-54,Transit,2012,12.072,0.81,,3579,0.33,0.349
Kepler-125 c,Kepler-125,Transit,2014,5.775,0.76,,3743,0.488,0.499
Kepler-267 c,Kepler-267,Transit,2014,6.877,2.5,,3878,0.523,0.551
Kepler-267 d,Kepler-267,Transit,2014,28.463,2.22,,3878,0.523,0.551
Kepler-353 b,Kepler-353,Transit,2014,5.795,1.07,,3903,0.523,0.541
Kepler-395 b,Kepler-395,Transit,2014,7.054,0.84,,3735,0.4,0.413
Kepler-54 d,Kepler-54,Transit,2014,20.995,1.14,,3579,0.33,0.349
Kepler-327 d,Kepler-327,Transit,2014,13.969,2.42,,3799,0.492,0.499
Kepler-11 b,Kepler-11,Transit,2010,10.304,1.71,4.3,,1.046,0.92
TYC 0434-04538-1 b,TYC 0434-04538-1,Radial Velocity,2021,193.2,,,4679,9.99,1.04
Kepler-148 b,Kepler-148,Transit,2014,1.729366467,1.77,,5172,0.81,0.86
Kepler-1344 b,Kepler-1344,Transit,2016,4.7683049,1.79,,6237,1.116,1.069
Kepler-208 b,Kepler-208,Transit,2014,4.22864988,1.557,,6054,1.234,1.082
K2-16 c,K2-16,Transit,2015,19.07536,2.14,,4761,0.64,0.67
Kepler-391 b,Kepler-391,Transit,2014,7.41680902,2.9,,5111,3.33,1.03
Kepler-1145 b,Kepler-1145,Transit,2016,3.97076603,1.6,,5178,0.778,0.732
K2-55 b,K2-55,Transit,2016,2.8493,,,4279,0.737576,0.669
TOI-5108 b,TOI-5108,Transit,2025,6.753581,6.6,32,5808,1.29,1.1
Kepler-246 b,Kepler-246,Transit,2014,4.601811819,,,5084,0.80085,0.85
Kepler-1307 b,Kepler-1307,Transit,2016,18.01621096,2.47,,5884,1.08,1.06
Kepler-551 b,Kepler-551,Transit,2016,12.3764661,2.73,,4286,0.63,0.65
Kepler-568 b,Kepler-568,Transit,2016,11.02347475,2.26,,3768,0.53,0.55
Kepler-28 b,Kepler-28,Transit,2011,5.912268297,2.41,,4690,0.71,0.77
Kepler-1542 c,Kepler-1542,Transit,2016,2.89223021,0.83,,5731,1.19,0.866
Kepler-327 c,Kepler-327,Transit,2014,5.212,1.07,,3799,0.492,0.499
Kepler-52 c,Kepler-52,Transit,2012,16.38485646,2.14,,4242,0.63,0.66
Kepler-674 b,Kepler-674,Transit,2016,2.243381847,1.69,,4192,0.57,0.6
Kepler-676 b,Kepler-676,Transit,2016,11.59822172,3.04,,3701,0.49,0.51
Kepler-138 c,Kepler-138,Transit,2014,13.78109344,1.4,,3809,0.53,0.56
Kepler-54 b,Kepler-54,Transit,2012,8.01081478,2.26,,3760,0.46,0.48
Kepler-205 c,Kepler-205,Transit,2014,20.30655662,1.58,,4255,0.58,0.6
Kepler-28 c,Kepler-28,Transit,2011,8.98584768,2.41,,4690,0.71,0.77
Kepler-249 c,Kepler-249,Transit,2014,7.11372736,1.17,,3632,0.38,0.4
Kepler-32 c,Kepler-32,Transit,2011,8.75210645,2.37,,3903,0.54,0.57
Kepler-138 d,Kepler-138,Transit,2014,23.08901839,1.63,,3809,0.53,0.56
Kepler-186 c,Kepler-186,Transit,2014,7.26730117,1.28,,3871,0.49,0.51
Kepler-231 c,Kepler-231,Transit,2014,19.2715468,2.04,,4147,0.57,0.59
Kepler-186 d,Kepler-186,Transit,2014,13.34300789,1.61,,3871,0.49,0.51
Kepler-52 b,Kepler-52,Transit,2012,7.87740709,2.7,,4242,0.63,0.66
Kepler-440 b,Kepler-440,Transit,2015,101.11141,1.86,,4134,0.559,0.575
Kepler-138 d,Kepler-138,Transit,2014,23.0881,1.212,0.64,3841,0.442,0.521
Kepler-801 b,Kepler-801,Transit,2016,11.41928253,2,,4435,0.63,0.67
Kepler-32 e,Kepler-32,Transit,2012,2.896013787,1.42,,3903,0.54,0.57
Kepler-186 b,Kepler-186,Transit,2014,3.886789356,1.12,,3871,0.49,0.51
Kepler-787 b,Kepler-787,Transit,2016,0.928310498,1.28,,4248,0.62,0.65
Kepler-235 e,Kepler-235,Transit,2014,46.18415,2.12,,4067,0.53,0.54
Kepler-249 d,Kepler-249,Transit,2014,15.36843606,1.08,,3632,0.38,0.4
Kepler-32 d,Kepler-32,Transit,2012,22.78076945,2.5,,3903,0.54,0.57
Kepler-994 b,Kepler-994,Transit,2016,1.151166506,1.6,,3934,0.54,0.56
Kepler-1049 b,Kepler-1049,Transit,2016,3.273460736,0.95,,3864,0.49,0.51
Kepler-353 c,Kepler-353,Transit,2014,8.41100287,1.89,,3985,0.56,0.58
Kepler-1089 b,Kepler-1089,Transit,2016,5.132485618,1.83,,3753,0.49,0.52
Kepler-303 b,Kepler-303,Transit,2014,1.937032068,0.94,,4070,0.51,0.52
Kepler-1124 b,Kepler-1124,Transit,2016,2.852348975,1.28,,3658,0.34,0.35
Kepler-267 b,Kepler-267,Transit,2014,3.353730333,2.43,,3973,0.54,0.56
Kepler-898 b,Kepler-898,Transit,2016,5.8706191,1.49,,4223,0.62,0.65
Kepler-901 b,Kepler-901,Transit,2016,3.517494394,1.37,,4184,0.57,0.59
Kepler-974 b,Kepler-974,Transit,2016,4.194496514,1.57,,3687,0.5,0.52
Kepler-777 b,Kepler-777,Transit,2016,5.72812599,1.47,,4043,0.56,0.58
Kepler-844 b,Kepler-844,Transit,2016,2.613020856,1.68,,4128,0.57,0.59
Kepler-988 b,Kepler-988,Transit,2016,17.76080053,2.07,,4005,0.53,0.55
Kepler-236 b,Kepler-236,Transit,2014,8.29559431,1.64,,3931,0.56,0.58
Kepler-1321 c,Kepler-1321,Transit,2016,2.226491086,2.4,,4094,0.53,0.54
Kepler-1388 b,Kepler-1388,Transit,2016,12.2854603,2.59,,4098,0.61,0.63
Kepler-1388 c,Kepler-1388,Transit,2016,5.53608151,2.26,,4098,0.61,0.63
Kepler-54 c,Kepler-54,Transit,2012,12.07135949,1.3,,3760,0.46,0.48
Kepler-125 c,Kepler-125,Transit,2014,5.77442209,0.83,,3824,0.51,0.53
Kepler-267 c,Kepler-267,Transit,2014,6.877449897,2.31,,3973,0.54,0.56
Kepler-267 d,Kepler-267,Transit,2014,28.46462622,2.31,,3973,0.54,0.56
Kepler-353 b,Kepler-353,Transit,2014,5.7952971,1.16,,3985,0.56,0.58
Kepler-186 e,Kepler-186,Transit,2014,22.40777444,1.34,,3871,0.49,0.51
Kepler-1439 b,Kepler-1439,Transit,2016,8.07392849,1.46,,3578,0.43,0.46
Kepler-395 c,Kepler-395,Transit,2014,34.9894475,1.78,,3976,0.56,0.59
Kepler-395 b,Kepler-395,Transit,2014,7.05427318,1.11,,3976,0.56,0.59
Kepler-1308 b,Kepler-1308,Transit,2016,2.104338119,0.52,,3468,0.34,0.35
Kepler-54 d,Kepler-54,Transit,2014,20.99589959,1.36,,3760,0.46,0.48
Kepler-1319 b,Kepler-1319,Transit,2016,2.886762645,1.34,,3655,0.54,0.56
Kepler-440 b,Kepler-440,Transit,2015,101.1114976,1.63,,3959,0.53,0.55
Kepler-303 c,Kepler-303,Transit,2014,7.06117359,1.16,,4070,0.51,0.52
Kepler-1152 b,Kepler-1152,Transit,2016,1.646801908,0.87,,3964,0.53,0.55
Kepler-1321 b,Kepler-1321,Transit,2016,11.12830484,4.92,,4094,0.53,0.54
Kepler-327 d,Kepler-327,Transit,2014,13.96948245,1.92,,3920,0.55,0.57
Kepler-327 c,Kepler-327,Transit,2014,5.21231585,1.38,,3920,0.55,0.57
Kepler-186 f,Kepler-186,Transit,2014,129.94577,1.12,,3871,0.49,0.51
Kepler-138 b,Kepler-138,Transit,2014,10.31320643,0.64,,3809,0.53,0.56
Kepler-1350 b,Kepler-1350,Transit,2016,4.4968604,2.52,,3827,0.53,0.55
Kepler-32 f,Kepler-32,Transit,2012,0.742958836,2.01,,3903,0.54,0.57
Kepler-52 d,Kepler-52,Transit,2014,36.4451982,2.14,,4242,0.63,0.66
Kepler-231 b,Kepler-231,Transit,2014,10.06525843,1.92,,4147,0.57,0.59
Kepler-56 c,Kepler-56,Transit,2012,21.405,9.8,286.8,,4.23,1.32
Kepler-1302 b,Kepler-1302,Transit,2016,8.839110875,,,5071,0.756648,0.85
Kepler-135 b,Kepler-135,Transit,2014,6.002535939,1.72,,6388,1.209,1.187
Kepler-350 c,Kepler-350,Transit,2013,17.84863,3.1,,6234,1.33,1.13
K2-209 b,K2-209,Transit,2018,2.080615,0.86850263,,4720,0.712365,0.74479
Kepler-139 c,Kepler-139,Transit,2014,157.072878,3.38,,5594,1.3,
Kepler-418 b,Kepler-418,Transit,2014,86.67855186,9.88,,6177,1.043,1.039
WASP-91 b,WASP-91,Transit,2017,2.798581,11.54527,425.8922,4920,0.86,0.84
Kepler-403 b,Kepler-403,Transit,2014,7.03144308,1.774,,,,1.299
Kepler-361 c,Kepler-361,Transit,2014,55.1866695,2.24,,6327,1.175,1.064
Kepler-647 b,Kepler-647,Transit,2016,,1.641,,5914,1.488,
Kepler-179 c,Kepler-179,Transit,2014,6.400157105,2.52,,5299,0.766,0.856
Kepler-587 b,Kepler-587,Transit,2016,10.94026745,2.08,,5749,0.864,0.961
Kepler-1280 b,Kepler-1280,Transit,2016,66.5598,1.49,,6255,1.04,1.12
Kepler-175 b,Kepler-175,Transit,2014,11.90350858,2.72,,6063,1.001,1.079
Kepler-1801 b,Kepler-1801,Transit,2021,10.44087398,,,5455,0.866395,0.95
Kepler-1398 b,Kepler-1398,Transit,2016,2.78815679,0.9,,6126,1.18,1.13
Kepler-131 c,Kepler-131,Transit,2014,25.5172744,,,5755,1.03161,1.03
Kepler-341 d,Kepler-341,Transit,2014,27.6665971,1.95,,5755,0.99,1
Kepler-1694 b,Kepler-1694,Transit,2020,3.89526,1.17986031,,4954,0.756284,0.82
Kepler-812 b,Kepler-812,Transit,2016,10.1171684,,,6720.56,1.7531,1.43
Kepler-68 c,Kepler-68,Transit,2013,9.604979,0.927,,5875.23,1.25931,1.064
HAT-P-13 b,HAT-P-13,Transit,2009,2.9162433,,,5653,,
Kepler-125 c,Kepler-125,Transit,2014,5.77442209,0.85,,3810,0.52,0.54
Kepler-2000 b,Kepler-2000,Transit,2023,6.383163462,2.59,,3769,0.56,0.59
Kepler-2000 c,Kepler-2000,Transit,2023,20.6181066,1.4,,3769,0.56,0.59
Kepler-622 b,Kepler-622,Transit,2016,14.282318,1.79,,4208,0.546,0.574
Kepler-205 b,Kepler-205,Transit,2014,2.7556281,1.49,,4303,0.562,0.592
Kepler-205 c,Kepler-205,Transit,2014,20.306591,1.85,,4303,0.562,0.592
Kepler-52 c,Kepler-52,Transit,2012,16.38485646,1.81,,3898,0.54,0.56
Kepler-52 b,Kepler-52,Transit,2012,7.87740709,2.33,,3898,0.54,0.56
Kepler-52 d,Kepler-52,Transit,2014,36.4451982,1.8,,3898,0.54,0.56
Kepler-674 b,Kepler-674,Transit,2016,2.243381847,1.32,,3741,0.45,0.47
Kepler-676 b,Kepler-676,Transit,2016,11.59822172,3.07,,3672,0.49,0.51
Kepler-231 c,Kepler-231,Transit,2014,19.2715468,1.73,,3767,0.48,0.51
Kepler-231 b,Kepler-231,Transit,2014,10.06525843,1.61,,3767,0.48,0.51
Kepler-235 b,Kepler-235,Transit,2014,3.34021995,2.18,,3887,0.48,0.51
Kepler-235 d,Kepler-235,Transit,2014,20.06037454,1.99,,3887,0.48,0.51
Kepler-235 e,Kepler-235,Transit,2014,46.18415,1.94,,3887,0.48,0.51
Kepler-235 c,Kepler-235,Transit,2014,7.82501206,1.22,,3887,0.48,0.51
Kepler-236 c,Kepler-236,Transit,2014,23.9679932,1.85,,3750,0.51,0.54
Kepler-236 b,Kepler-236,Transit,2014,8.29559431,1.53,,3750,0.51,0.54
Kepler-691 b,Kepler-691,Transit,2016,8.114379,2.14,,3721,0.52,0.54
Kepler-974 b,Kepler-974,Transit,2016,4.194496514,1.44,,3584,0.45,0.464
Kepler-327 b,Kepler-327,Transit,2014,2.549563296,1.31,,3799,0.492,0.499
Kepler-327 d,Kepler-327,Transit,2014,13.96948245,1.7,,3799,0.492,0.499
Kepler-327 c,Kepler-327,Transit,2014,5.21231585,1.24,,3799,0.492,0.499
Kepler-988 b,Kepler-988,Transit,2016,17.76080053,2.17,,3950,0.56,0.561
Kepler-994 b,Kepler-994,Transit,2016,1.151166506,1.56,,3855,0.53,0.535
Kepler-1049 b,Kepler-1049,Transit,2016,3.273460736,0.87,,3809,0.455,0.464
Kepler-353 c,Kepler-353,Transit,2014,8.41100287,1.76,,3903,0.523,0.541
Kepler-353 b,Kepler-353,Transit,2014,5.7952971,1.08,,3903,0.523,0.541
Kepler-1074 b,Kepler-1074,Transit,2016,5.94566534,1.16,,3900,0.537,0.559
Kepler-1089 b,Kepler-1089,Transit,2016,5.132485618,1.85,,3688,0.497,0.511
Kepler-1798 b,Kepler-1798,Transit,2021,16.85593514,2.08,,3972,0.565,0.568
Kepler-1124 b,Kepler-1124,Transit,2016,2.852348975,1.79,,3694,0.464,0.482
Kepler-1805 b,Kepler-1805,Transit,2021,8.84786839,1.01,,3724,0.46,0.471
Kepler-1712 b,Kepler-1712,Transit,2021,13.81505213,1.99,,3741,0.49,0.51
Kepler-1152 b,Kepler-1152,Transit,2016,1.646801908,0.91,,3900,0.537,0.559
Kepler-125 b,Kepler-125,Transit,2014,4.164383815,2.71,,3810,0.52,0.54
Kepler-1826 b,Kepler-1826,Transit,2021,1.615359728,1.18,,3815,0.498,0.505
Kepler-45 b,Kepler-45,Transit,2011,2.45524062,11.03,,3820,0.552,0.563
Kepler-1855 b,Kepler-1855,Transit,2021,0.727330426,0.59,,3339,0.288,0.275
Kepler-1687 b,Kepler-1687,Transit,2020,5.77955922,1.34,,4024,0.553,0.565
Kepler-898 b,Kepler-898,Transit,2016,5.8706191,1.38,,4187,0.57,0.59
Kepler-901 b,Kepler-901,Transit,2016,3.517494394,1.21,,3916,0.51,0.53
Kepler-1761 b,Kepler-1761,Transit,2021,4.04355143,0.92,,3767,0.479,0.488
Kepler-1650 b,Kepler-1650,Transit,2017,1.538181528,0.75,,3304,0.26,0.242
Kepler-953 b,Kepler-953,Transit,2016,88.40655258,4.27,,5688,0.998,1.088
Kepler-953 c,Kepler-953,Transit,2016,9.10967112,1.16,,5688,0.998,1.088
Kepler-551 b,Kepler-551,Transit,2016,12.3764661,2.11,,3797,0.48,0.51
Kepler-1049 b,Kepler-1049,Transit,2016,3.273460736,0.87,,3809,0.455,0.464
Kepler-353 c,Kepler-353,Transit,2014,8.41100287,1.76,,3903,0.523,0.541
Kepler-353 b,Kepler-353,Transit,2014,5.7952971,1.08,,3903,0.523,0.541
Kepler-1074 b,Kepler-1074,Transit,2016,5.94566534,1.16,,3900,0.537,0.559
Kepler-1089 b,Kepler-1089,Transit,2016,5.132485618,1.85,,3688,0.497,0.511
Kepler-1798 b,Kepler-1798,Transit,2021,16.85593514,2.08,,3972,0.565,0.568
Kepler-1124 b,Kepler-1124,Transit,2016,2.852348975,1.79,,3694,0.464,0.482
Kepler-1805 b,Kepler-1805,Transit,2021,8.84786839,1.01,,3724,0.46,0.471
Kepler-1712 b,Kepler-1712,Transit,2021,13.81505213,1.99,,3741,0.49,0.51
Kepler-440 b,Kepler-440,Transit,2015,101.1114976,1.47,,3813,0.477,0.485
Kepler-205 b,Kepler-205,Transit,2014,2.755637103,1.17,,3834,0.48,0.51
Kepler-205 c,Kepler-205,Transit,2014,20.30655662,1.29,,3834,0.48,0.51
Kepler-52 c,Kepler-52,Transit,2012,16.38485646,1.81,,3898,0.54,0.56
Kepler-52 b,Kepler-52,Transit,2012,7.87740709,2.33,,3898,0.54,0.56
Kepler-52 d,Kepler-52,Transit,2014,36.4451982,1.8,,3898,0.54,0.56
Kepler-674 b,Kepler-674,Transit,2016,2.243381847,1.32,,3741,0.45,0.47
Kepler-676 b,Kepler-676,Transit,2016,11.59822172,3.07,,3672,0.49,0.51
Kepler-231 c,Kepler-231,Transit,2014,19.2715468,1.73,,3767,0.48,0.51
Kepler-231 b,Kepler-231,Transit,2014,10.06525843,1.61,,3767,0.48,0.51
Kepler-235 b,Kepler-235,Transit,2014,3.34021995,2.18,,3887,0.48,0.51
Kepler-235 d,Kepler-235,Transit,2014,20.06037454,1.99,,3887,0.48,0.51
Kepler-235 e,Kepler-235,Transit,2014,46.18415,1.94,,3887,0.48,0.51
Kepler-235 c,Kepler-235,Transit,2014,7.82501206,1.22,,3887,0.48,0.51
Kepler-236 c,Kepler-236,Transit,2014,23.9679932,1.85,,3750,0.51,0.54
Kepler-236 b,Kepler-236,Transit,2014,8.29559431,1.53,,3750,0.51,0.54
Kepler-691 b,Kepler-691,Transit,2016,8.114379,2.14,,3721,0.52,0.54
Kepler-705 b,Kepler-705,Transit,2016,56.0560538,1.96,,3593,0.47,0.49
Kepler-28 b,Kepler-28,Transit,2011,5.912268297,1.92,,4072,0.57,0.59
Kepler-28 c,Kepler-28,Transit,2011,8.98584768,1.94,,4072,0.57,0.59
Kepler-54 b,Kepler-54,Transit,2012,8.01081478,2.33,,3726,0.47,0.49
Kepler-54 c,Kepler-54,Transit,2012,12.07135949,1.33,,3726,0.47,0.49
Kepler-54 d,Kepler-54,Transit,2014,20.99589959,1.38,,3726,0.47,0.49
Kepler-568 b,Kepler-568,Transit,2016,11.02347475,2.11,,3744,0.5,0.52
Kepler-303 b,Kepler-303,Transit,2014,1.937032068,0.95,,3944,0.51,0.52
Kepler-303 c,Kepler-303,Transit,2014,7.06117359,1.15,,3944,0.51,0.52
Kepler-898 b,Kepler-898,Transit,2016,5.8706191,1.38,,4187,0.57,0.59
Kepler-944 b,Kepler-944,Transit,2016,43.31650965,,,5458.53,1.02239,0.95
Kepler-822 b,Kepler-822,Transit,2016,3.222969273,1.53,,5680,0.967,0.87
Kepler-949 c,Kepler-949,Transit,2023,20.99749865,,,5088.18,0.77394,0.853
Kepler-1199 b,Kepler-1199,Transit,2016,15.0447198,1.08,,5934,1.055,0.908
Kepler-858 b,Kepler-858,Transit,2016,76.13602028,5.41,,5565,1.006,0.868
Kepler-52 c,Kepler-52,Transit,2012,16.38482024,,,4116,0.675624,0.64
Kepler-674 b,Kepler-674,Transit,2016,2.24338122,,,4135,0.68608,0.65
Kepler-676 b,Kepler-676,Transit,2016,11.5982103,,,3655,0.561742,0.555695
Kepler-587 b,Kepler-587,Transit,2016,10.94026745,,,5467,0.847605,0.96
Kepler-235 c,Kepler-235,Transit,2014,7.82501206,1.32,,4067,0.53,0.54
Kepler-235 b,Kepler-235,Transit,2014,3.34021995,2.41,,4067,0.53,0.54
Kepler-236 c,Kepler-236,Transit,2014,23.9679932,2,,3931,0.56,0.58
Kepler-732 b,Kepler-732,Transit,2016,9.467814048,2.18,,3631,0.46,0.49
Kepler-125 b,Kepler-125,Transit,2014,4.164383815,2.67,,3824,0.51,0.53
Kepler-691 b,Kepler-691,Transit,2016,8.114379,2.09,,3715,0.5,0.53
Kepler-737 b,Kepler-737,Transit,2016,28.59915399,1.96,,3813,0.48,0.51
Kepler-32 b,Kepler-32,Transit,2011,5.901282819,2.25,,3903,0.54,0.57
Kepler-622 b,Kepler-622,Transit,2016,14.28226676,2.13,,4201,0.61,0.64
Kepler-45 b,Kepler-45,Transit,2011,2.45524062,11.25,,3906,0.56,0.59
Kepler-617 b,Kepler-617,Transit,2016,1.682696148,1.32,,3712,0.48,0.51
Kepler-205 b,Kepler-205,Transit,2014,2.755637103,1.39,,4255,0.58,0.6
Kepler-705 b,Kepler-705,Transit,2016,56.0560538,2.11,,3722,0.51,0.53
Kepler-834 b,Kepler-834,Transit,2016,13.32388301,2.02,,4554,0.66,0.7
Kepler-833 b,Kepler-833,Transit,2016,18.7546998,2.02,,4339,0.62,0.64
Kepler-327 b,Kepler-327,Transit,2014,2.549563296,1.44,,3920,0.55,0.57
Kepler-1074 b,Kepler-1074,Transit,2016,5.94566534,1.25,,4002,0.57,0.6
Kepler-235 d,Kepler-235,Transit,2014,20.06037454,2.18,,4067,0.53,0.54
Kepler-249 b,Kepler-249,Transit,2014,3.306548978,1,,3632,0.38,0.4
Kepler-732 c,Kepler-732,Transit,2016,0.893041236,1.27,,3631,0.46,0.49
Kepler-1350 c,Kepler-1350,Transit,2016,1.766789062,1.73,,3827,0.53,0.55
Kepler-953 c,Kepler-953,Transit,2016,9.10967112,1.19,,5416,0.99,0.95
Kepler-1388 d,Kepler-1388,Transit,2016,20.9568158,2.86,,4098,0.61,0.63
Kepler-1388 e,Kepler-1388,Transit,2016,37.6327084,2.46,,4098,0.61,0.63
Kepler-1646 b,Kepler-1646,Transit,2016,4.48558383,1.23,,3299,0.26,0.24
TRAPPIST-1 b,TRAPPIST-1,Transit,2016,1.510848,1.113,,2550,0.117,0.08
TRAPPIST-1 c,TRAPPIST-1,Transit,2016,2.421848,1.049,,2550,0.117,0.08
WASP-121 b,WASP-121,Transit,2016,1.2749255,20.904785,375.99289,6459,1.458,1.353
HIP 41378 b,HIP 41378,Transit,2016,15.5712,2.9,,6199,1.4,1.15
HIP 41378 c,HIP 41378,Transit,2016,31.6978,2.56,,6199,1.4,1.15
HIP 41378 d,HIP 41378,Transit,2016,156,3.96,,6199,1.4,1.15
HIP 41378 e,HIP 41378,Transit,2016,131,5.51,,6199,1.4,1.15
HIP 41378 f,HIP 41378,Transit,2016,324,10.2,,6199,1.4,1.15
WASP-121 b,WASP-121,Transit,2016,,,,6776,1.52253,1.45
Kepler-551 b,Kepler-551,Transit,2016,12.3764467,,,4202,0.673244,0.66
Kepler-568 b,Kepler-568,Transit,2016,11.02347673,,,3640,0.543572,0.539436
Kepler-28 b,Kepler-28,Transit,2011,5.91227219,,,4660.99,0.650472,0.742
Kepler-138 c,Kepler-138,Transit,2014,13.7810915,,,3880,0.543991,0.539818
Kepler-54 b,Kepler-54,Transit,2012,8.01080765,,,3768,0.527463,0.524532
Kepler-205 c,Kepler-205,Transit,2014,20.30652965,,,4281.6,0.604434,0.669
Kepler-28 c,Kepler-28,Transit,2011,8.985847,,,4660.99,0.650472,0.742
Kepler-249 c,Kepler-249,Transit,2014,7.11375572,,,3635,0.512465,0.510238
Kepler-32 c,Kepler-32,Transit,2011,8.75208271,,,3791,0.574432,0.566709
Kepler-138 d,Kepler-138,Transit,2014,23.08898875,,,3880,0.543991,0.539818
Kepler-186 c,Kepler-186,Transit,2014,7.26730023,,,3876,0.547805,0.543276
Kepler-231 c,Kepler-231,Transit,2014,19.27153424,,,4079,0.591335,0.64
Kepler-186 d,Kepler-186,Transit,2014,13.34302938,,,3876,0.547805,0.543276
Kepler-52 b,Kepler-52,Transit,2012,7.87742645,,,4116,0.675624,0.64
Kepler-235 b,Kepler-235,Transit,2014,3.34021921,,,4074,0.635754,0.64
Kepler-236 c,Kepler-236,Transit,2014,23.96804824,,,3840,0.609791,0.596005
Kepler-732 b,Kepler-732,Transit,2016,9.46781385,,,3619,0.522369,0.519723
Kepler-125 b,Kepler-125,Transit,2014,4.16438309,,,3800,0.546506,0.542101
Kepler-691 b,Kepler-691,Transit,2016,8.11437059,,,3626,0.564255,0.557898
Kepler-2000 b,Kepler-2000,Transit,2023,6.38316403,,,3886,0.656577,0.632033
Kepler-235 e,Kepler-235,Transit,2014,46.18418752,,,4074,0.635754,0.64
Kepler-249 d,Kepler-249,Transit,2014,15.36844007,,,3635,0.512465,0.510238
Kepler-1798 b,Kepler-1798,Transit,2021,16.85597874,,,4155.94,0.641076,0.65
Kepler-32 d,Kepler-32,Transit,2012,22.78073412,,,3791,0.574432,0.566709
Kepler-994 b,Kepler-994,Transit,2016,1.15116611,,,3878,0.596818,0.585485
Kepler-1049 b,Kepler-1049,Transit,2016,3.27346966,,,3908,0.587443,0.577721
Kepler-353 c,Kepler-353,Transit,2014,8.41102098,,,3915,0.633367,0.614503
Kepler-1089 b,Kepler-1089,Transit,2016,5.13248544,,,3672,0.554903,0.549644
Kepler-303 b,Kepler-303,Transit,2014,1.93703298,,,4066.55,0.622034,0.636
Kepler-1650 b,Kepler-1650,Transit,2017,1.53817991,,,3419,0.365733,0.352361
Kepler-267 b,Kepler-267,Transit,2014,3.35373823,,,3886,0.545921,0.541571
Kepler-901 b,Kepler-901,Transit,2016,3.51749079,,,4110,0.635253,0.643
Kepler-974 b,Kepler-974,Transit,2016,4.19450074,,,3609,0.537958,0.534295
Kepler-1805 b,Kepler-1805,Transit,2021,8.84790854,,,3796,0.596385,0.585129
Kepler-988 b,Kepler-988,Transit,2016,17.76076016,,,3961,0.635838,0.616399
Kepler-1321 c,Kepler-1321,Transit,2016,2.22648583,,,4034,0.758548,0.63
Kepler-1321 d,Kepler-1321,Transit,2021,5.720841,,,4034,0.758548,0.63
Kepler-1388 b,Kepler-1388,Transit,2016,12.28566963,,,3938,0.600757,0.588706
Kepler-1388 c,Kepler-1388,Transit,2016,5.536118,,,3938,0.600757,0.588706
Kepler-54 c,Kepler-54,Transit,2012,12.07130385,,,3768,0.527463,0.524532
Kepler-267 c,Kepler-267,Transit,2014,6.87745863,,,3886,0.545921,0.541571
Kepler-267 d,Kepler-267,Transit,2014,28.46459193,,,3886,0.545921,0.541571
Kepler-186 e,Kepler-186,Transit,2014,22.407791,,,3876,0.547805,0.543276
Kepler-1439 b,Kepler-1439,Transit,2016,8.07397517,,,3548,0.447421,0.443791
Kepler-1455 b,Kepler-1455,Transit,2016,49.2765566,,,3919,0.583405,0.574333
Kepler-395 c,Kepler-395,Transit,2014,34.98953599,,,3897,0.644287,0.622827
Kepler-54 d,Kepler-54,Transit,2014,20.99597271,,,3768,0.527463,0.524532
Kepler-1319 b,Kepler-1319,Transit,2016,2.88676368,,,3527,0.500204,0.498257
Kepler-440 b,Kepler-440,Transit,2015,101.1113551,,,3891,0.6628,0.636635
Kepler-303 c,Kepler-303,Transit,2014,7.06118403,,,4066.55,0.622034,0.636
Kepler-1321 b,Kepler-1321,Transit,2016,11.12830596,,,4034,0.758548,0.63
Kepler-327 d,Kepler-327,Transit,2014,13.96950159,,,3864,0.604708,0.591913
Kepler-327 c,Kepler-327,Transit,2014,5.21231887,,,3864,0.604708,0.591913
Kepler-186 f,Kepler-186,Transit,2014,129.9533307,,,3876,0.547805,0.543276
Kepler-1350 b,Kepler-1350,Transit,2016,4.49685482,,,3786,0.530382,0.527267
Kepler-52 d,Kepler-52,Transit,2014,36.44530957,,,4116,0.675624,0.64
Kepler-231 b,Kepler-231,Transit,2014,10.06523212,,,4079,0.591335,0.64
Kepler-2000 c,Kepler-2000,Transit,2023,20.61811848,,,3886,0.656577,0.632033
Kepler-737 b,Kepler-737,Transit,2016,28.59908593,,,3793,0.517539,0.51512
Kepler-32 b,Kepler-32,Transit,2011,5.9012915,,,3791,0.574432,0.566709
Kepler-1712 b,Kepler-1712,Transit,2021,13.81505985,,,3833,0.583435,0.574359
Kepler-622 b,Kepler-622,Transit,2016,14.2822923,,,4095,0.736801,0.64
K2-147 b,K2-147,Transit,2018,0.961918,0.73,,3775,0.31,
55 Cnc e,55 Cnc,Radial Velocity,2004,0.7365445,,,5317.89,0.964411,0.974708
Kepler-491 b,Kepler-491,Transit,2016,4.225384111,,,5501,1.03122,0.96
Kepler-52 d,Kepler-52,Transit,2014,,2.012,,4127,0.621,
Kepler-1366 b,Kepler-1366,Transit,2016,,1.566,,3943,0.681,
Kepler-231 b,Kepler-231,Transit,2014,,2.002,,4078,0.588,
Kepler-231 c,Kepler-231,Transit,2014,,2.029,,4078,0.588,
Kepler-1650 b,Kepler-1650,Transit,2017,,1.34,,3356,0.366,
Kepler-205 c,Kepler-205,Transit,2014,,1.816,,4121,0.635,
Kepler-28 c,Kepler-28,Transit,2011,,1.879,,4674,0.649,
Kepler-186 d,Kepler-186,Transit,2014,,1.568,,3748,0.539,
Kepler-974 b,Kepler-974,Transit,2016,,1.635,,3705,0.544,
Kepler-32 c,Kepler-32,Transit,2011,,2.112,,3731,0.574,
Kepler-52 b,Kepler-52,Transit,2012,,2.176,,4127,0.621,
WASP-17 b,WASP-17,Transit,2009,3.73543,20.96083,247.9074,6550,1.49,2.28
WASP-62 b,WASP-62,Transit,2012,4.41195,14.79588,165.2716,6230,1.23,1.11
HD 118203 b,HD 118203,Radial Velocity,2005,6.1335,,,5864,2.06,1.84
Kepler-988 b,Kepler-988,Transit,2016,,2.373,,3828,0.633,
Kepler-138 c,Kepler-138,Transit,2014,,1.519,,3847,0.537,
Kepler-138 d,Kepler-138,Transit,2014,,1.323,,3847,0.537,
Kepler-267 b,Kepler-267,Transit,2014,,1.924,,3783,0.537,
Kepler-327 b,Kepler-327,Transit,2014,,1.329,,3717,0.605,
Kepler-777 b,Kepler-777,Transit,2016,,1.619,,3968,0.641,
Kepler-235 b,Kepler-235,Transit,2014,,2.496,,3949,0.607,
Kepler-236 c,Kepler-236,Transit,2014,,2.102,,3747,0.613,
Kepler-691 b,Kepler-691,Transit,2016,,2.32,,3698,0.571,
Kepler-844 b,Kepler-844,Transit,2016,,1.812,,3880,0.626,
Kepler-834 b,Kepler-834,Transit,2016,,1.968,,3750,0.704,
Kepler-833 b,Kepler-833,Transit,2016,,2.139,,3977,0.693,
Kepler-235 c,Kepler-235,Transit,2014,,1.478,,3949,0.607,
Kepler-236 b,Kepler-236,Transit,2014,,2.127,,3747,0.613,
Kepler-1388 b,Kepler-1388,Transit,2016,,1.903,,5052,0.485,
Kepler-54 c,Kepler-54,Transit,2012,,1.441,,3712,0.525,
Kepler-1455 b,Kepler-1455,Transit,2016,,1.909,,3901,0.578,
Kepler-125 c,Kepler-125,Transit,2014,,0.861,,3811,0.544,
Kepler-267 c,Kepler-267,Transit,2014,,2.392,,3783,0.537,
Kepler-267 d,Kepler-267,Transit,2014,,2.18,,3783,0.537,
Kepler-353 b,Kepler-353,Transit,2014,,1.251,,3758,0.64,
Kepler-395 b,Kepler-395,Transit,2014,,1.237,,3765,0.644,
Kepler-54 d,Kepler-54,Transit,2014,,1.456,,3712,0.525,
Kepler-1350 c,Kepler-1350,Transit,2016,,1.659,,3698,0.526,
Kepler-327 d,Kepler-327,Transit,2014,,2.444,,3717,0.605,
Kepler-327 c,Kepler-327,Transit,2014,,1.242,,3717,0.605,
Kepler-1388 d,Kepler-1388,Transit,2016,,2.048,,5052,0.485,
Kepler-1388 e,Kepler-1388,Transit,2016,,1.937,,5052,0.485,
Kepler-1646 b,Kepler-1646,Transit,2016,,1.836,,3227,0.374,
Kepler-32 f,Kepler-32,Transit,2012,,1.697,,3731,0.574,
Kepler-1321 c,Kepler-1321,Transit,2016,,3.028,,3640,0.724,
Kepler-1388 c,Kepler-1388,Transit,2016,,1.895,,5052,0.485,
Kepler-1439 b,Kepler-1439,Transit,2016,,1.766,,3679,0.441,
Kepler-186 e,Kepler-186,Transit,2014,,1.396,,3748,0.539,
Kepler-395 c,Kepler-395,Transit,2014,,1.411,,3765,0.644,
Kepler-1308 b,Kepler-1308,Transit,2016,,0.886,,3628,0.483,
Kepler-440 b,Kepler-440,Transit,2015,,1.899,,4134,0.661,
Kepler-1319 b,Kepler-1319,Transit,2016,,1.597,,3494,0.502,
Kepler-1321 b,Kepler-1321,Transit,2016,,5.814,,3640,0.724,
Kepler-186 f,Kepler-186,Transit,2014,,1.438,,3748,0.539,
Kepler-1350 b,Kepler-1350,Transit,2016,,2.29,,3698,0.526,
WASP-172 b,WASP-172,Transit,2018,5.477433,17.59813,149.3801,6900,1.91,1.49
WASP-173 A b,WASP-173 A,Transit,2018,1.38665318,13.4508,1172.7927,5800,1.11,1.05
WASP-62 b,WASP-62,Transit,2012,4.411953,15.58051,180.52744,6230,1.28,1.25
WASP-17 b,WASP-17,Transit,2009,3.7354845,22.317119,162.72896,6650,1.572,1.306
Kepler-551 b,Kepler-551,Transit,2016,12.37647168,,,4202,0.673244,0.66
Kepler-568 b,Kepler-568,Transit,2016,11.02346978,,,3640,0.543572,0.539436
Kepler-52 c,Kepler-52,Transit,2012,16.38478073,,,4116,0.675624,0.64
Kepler-674 b,Kepler-674,Transit,2016,2.24338029,,,4135,0.68608,0.65
Kepler-676 b,Kepler-676,Transit,2016,11.59820497,,,3655,0.561742,0.555695
Kepler-138 c,Kepler-138,Transit,2014,13.78110068,,,3880,0.543991,0.539818
Kepler-205 c,Kepler-205,Transit,2014,20.30651261,,,4281.6,0.604434,0.669
Kepler-249 c,Kepler-249,Transit,2014,7.113775857,,,3635,0.512465,0.510238
Kepler-186 c,Kepler-186,Transit,2014,7.267147145,,,3876,0.547805,0.543276
Kepler-235 b,Kepler-235,Transit,2014,3.340221524,,,4074,0.635754,0.64
Kepler-236 c,Kepler-236,Transit,2014,23.96799518,,,3840,0.609791,0.596005
Kepler-732 b,Kepler-732,Transit,2016,9.467827621,,,3619,0.522369,0.519723
Kepler-125 b,Kepler-125,Transit,2014,4.164385309,,,3800,0.546506,0.542101
Kepler-691 b,Kepler-691,Transit,2016,8.114375329,,,3626,0.564255,0.557898
Kepler-737 b,Kepler-737,Transit,2016,28.59913147,,,3793,0.517539,0.51512
Kepler-622 b,Kepler-622,Transit,2016,14.2822856,,,4095,0.736801,0.64
Kepler-45 b,Kepler-45,Transit,2011,2.455240585,,,3792,0.614823,0.600017
Kepler-617 b,Kepler-617,Transit,2016,1.682692964,,,3691,0.544291,0.540091
Kepler-205 b,Kepler-205,Transit,2014,2.755638882,,,4281.6,0.604434,0.669
Kepler-705 b,Kepler-705,Transit,2016,56.05602601,,,3631,0.553555,0.548441
Kepler-834 b,Kepler-834,Transit,2016,13.32376674,,,4423,0.722055,0.69
Kepler-833 b,Kepler-833,Transit,2016,18.75422472,,,4328,0.713732,0.68
Kepler-327 b,Kepler-327,Transit,2014,2.549558406,,,3864,0.604708,0.591913
Kepler-235 d,Kepler-235,Transit,2014,20.06031851,,,4074,0.635754,0.64
Kepler-953 b,Kepler-953,Transit,2016,88.40696499,,,5328.63,,
Kepler-1074 b,Kepler-1074,Transit,2016,5.945613784,,,3917,0.597575,0.586106
Kepler-249 b,Kepler-249,Transit,2014,3.30657027,,,3635,0.512465,0.510238
Kepler-32 e,Kepler-32,Transit,2012,2.896022741,,,3791,0.574432,0.566709
Kepler-186 b,Kepler-186,Transit,2014,3.886794692,,,3876,0.547805,0.543276
Kepler-787 b,Kepler-787,Transit,2016,0.928310835,,,4334.53,0.632532,0.68
Kepler-235 e,Kepler-235,Transit,2014,46.18468647,,,4074,0.635754,0.64
Kepler-249 d,Kepler-249,Transit,2014,15.36844088,,,3635,0.512465,0.510238
Kepler-32 d,Kepler-32,Transit,2012,22.7809011,,,3791,0.574432,0.566709
Kepler-994 b,Kepler-994,Transit,2016,1.151166613,,,3878,0.596818,0.585485
Kepler-1049 b,Kepler-1049,Transit,2016,3.273481301,,,3908,0.587443,0.577721
Kepler-353 c,Kepler-353,Transit,2014,8.411022356,,,3915,0.633367,0.614503
Kepler-1089 b,Kepler-1089,Transit,2016,5.132353209,,,3672,0.554903,0.549644
Kepler-303 b,Kepler-303,Transit,2014,1.93703854,,,4066.55,0.622034,0.636
Kepler-975 b,Kepler-975,Transit,2016,1.970342457,1.48,,4897,0.75,0.8
Kepler-361 c,Kepler-361,Transit,2014,55.1866695,2.806,,6145,1.472,1.191
Kepler-1047 b,Kepler-1047,Transit,2016,56.1886887,1.79,,5798,0.958,0.98
Kepler-1142 b,Kepler-1142,Transit,2016,18.3027248,1.47,,5685,0.96,0.97
HD 38529 c,HD 38529,Radial Velocity,2000,2136.1,,,5541,2.56,1.41
EPIC 249893012 b,EPIC 249893012,Transit,2020,3.5951,1.95,8.75,5430,1.71,1.05
Kepler-707 b,Kepler-707,Transit,2016,2.237492751,1.35,,5228,0.755,0.836
Kepler-281 d,Kepler-281,Transit,2021,148.2682,18,,5675,0.84,0.943
HATS-51 b,HATS-51,Transit,2017,3.3488702,15.80469,244.09344,5758,1.44,1.187
Kepler-1536 b,Kepler-1536,Transit,2016,,2.985,,4377,0.651,
Kepler-1382 b,Kepler-1382,Transit,2016,16.35834,1.21,,5983,0.93,1.029
Kepler-23 d,Kepler-23,Transit,2014,15.27458613,,,5861.98,1.53278,1.06
Kepler-1388 e,Kepler-1388,Transit,2016,37.63436421,,,3938,0.600757,0.588706
Kepler-1646 b,Kepler-1646,Transit,2016,4.485562963,,,3391,0.373314,0.361077
Kepler-138 c,Kepler-138,Transit,2014,13.781564,1.67,5.2,,0.582,0.551
HD 165131 b,HD 165131,Radial Velocity,2023,2342.6,,5943.391211,5870,,1.06
Kepler-1990 b,Kepler-1990,Transit,2023,1.73513619,,,5940,1.08041,1.08
Kepler-1124 b,Kepler-1124,Transit,2016,2.852345836,,,3732,0.521234,0.518645
Kepler-267 b,Kepler-267,Transit,2014,3.353731386,,,3886,0.545921,0.541571
Kepler-898 b,Kepler-898,Transit,2016,5.870636698,,,4013.57,0.755197,0.63
Kepler-901 b,Kepler-901,Transit,2016,3.517488241,,,4110,0.635253,0.643
Kepler-974 b,Kepler-974,Transit,2016,4.194504621,,,3609,0.537958,0.534295
Kepler-777 b,Kepler-777,Transit,2016,5.728072444,,,4031,0.672976,0.63
WASP-173 A b,WASP-173 A,Transit,2018,1.3866529,14.403565,1102.8701,5767,1.099,1.092
Kepler-45 b,Kepler-45,Transit,2011,2.4552339,10.76064,153.82972,3820,0.55,0.59
Kepler-303 c,Kepler-303,Transit,2014,7.061173169,,,4066.55,0.622034,0.636
Kepler-1152 b,Kepler-1152,Transit,2016,1.646800794,,,3937,0.608109,0.594655
Kepler-1321 b,Kepler-1321,Transit,2016,11.12832144,,,4034,0.758548,0.63
Kepler-327 d,Kepler-327,Transit,2014,13.96952951,,,3864,0.604708,0.591913
Kepler-327 c,Kepler-327,Transit,2014,5.212325556,,,3864,0.604708,0.591913
Kepler-186 f,Kepler-186,Transit,2014,129.9425112,,,3876,0.547805,0.543276
Kepler-1350 b,Kepler-1350,Transit,2016,4.49683113,,,3786,0.530382,0.527267
Kepler-32 f,Kepler-32,Transit,2012,0.742959054,,,3791,0.574432,0.566709
Kepler-52 d,Kepler-52,Transit,2014,36.44548195,,,4116,0.675624,0.64
Kepler-1366 b,Kepler-1366,Transit,2016,2.164570732,,,3934,0.683869,0.651962
Kepler-231 b,Kepler-231,Transit,2014,10.0652458,,,4079,0.591335,0.64
Kepler-235 c,Kepler-235,Transit,2014,7.824948973,,,4074,0.635754,0.64
Kepler-1350 c,Kepler-1350,Transit,2016,1.766797103,,,3786,0.530382,0.527267
Kepler-953 c,Kepler-953,Transit,2016,9.109768511,,,5328.63,,
Kepler-1388 d,Kepler-1388,Transit,2016,20.95687154,,,3938,0.600757,0.588706
Kepler-138 d,Kepler-138,Transit,2014,23.09302,1.68,1.17,,0.582,0.551
Kepler-138 b,Kepler-138,Transit,2014,10.31368,0.701,0.187,,0.582,0.551
HIP 41378 c,HIP 41378,Transit,2016,31.70648,,,6226,1.343,1.168
HIP 41378 e,HIP 41378,Transit,2016,,,,6226,1.343,1.168
HIP 41378 d,HIP 41378,Transit,2016,1114,,,6226,1.343,1.168
HIP 41378 f,HIP 41378,Transit,2016,1084,,,6226,1.343,1.168
WASP-121 b,WASP-121,Transit,2016,1.2749255,20.1762,,,,
Kepler-236 b,Kepler-236,Transit,2014,8.295629972,,,3840,0.609791,0.596005
Kepler-1321 c,Kepler-1321,Transit,2016,2.226488373,,,4034,0.758548,0.63
Kepler-1388 b,Kepler-1388,Transit,2016,12.28546124,,,3938,0.600757,0.588706
Kepler-1388 c,Kepler-1388,Transit,2016,5.536106976,,,3938,0.600757,0.588706
Kepler-125 c,Kepler-125,Transit,2014,5.774358686,,,3800,0.546506,0.542101
Kepler-267 c,Kepler-267,Transit,2014,6.877446231,,,3886,0.545921,0.541571
Kepler-267 d,Kepler-267,Transit,2014,28.46462805,,,3886,0.545921,0.541571
Kepler-353 b,Kepler-353,Transit,2014,5.795310847,,,3915,0.633367,0.614503
Kepler-186 e,Kepler-186,Transit,2014,22.40757134,,,3876,0.547805,0.543276
Kepler-1439 b,Kepler-1439,Transit,2016,8.074005863,,,3548,0.447421,0.443791
Kepler-1455 b,Kepler-1455,Transit,2016,49.27676,,,3919,0.583405,0.574333
Kepler-395 c,Kepler-395,Transit,2014,34.98998858,,,3897,0.644287,0.622827
Kepler-395 b,Kepler-395,Transit,2014,7.054350711,,,3897,0.644287,0.622827
Kepler-1308 b,Kepler-1308,Transit,2016,2.10434132,,,3505,0.480845,0.478808
Kepler-54 d,Kepler-54,Transit,2014,20.99574839,,,3768,0.527463,0.524532
Kepler-1319 b,Kepler-1319,Transit,2016,2.886760118,,,3527,0.500204,0.498257
Kepler-52 d,Kepler-52,Transit,2014,36.44591,1.96,,4222,0.548,0.577
Kepler-674 b,Kepler-674,Transit,2016,2.24338,1.61,,4215,0.547,0.576
Kepler-676 b,Kepler-676,Transit,2016,11.598192,2.99,,3983,0.516,0.538
Kepler-231 c,Kepler-231,Transit,2014,19.27147,1.93,,4237,0.551,0.58
Kepler-231 b,Kepler-231,Transit,2014,10.065186,1.97,,4237,0.551,0.58
Kepler-235 b,Kepler-235,Transit,2014,3.340219,2.17,,4243,0.552,0.581
Kepler-235 d,Kepler-235,Transit,2014,20.06057,2.1,,4243,0.552,0.581
Kepler-235 e,Kepler-235,Transit,2014,46.18288,2,,4243,0.552,0.581
Kepler-235 c,Kepler-235,Transit,2014,7.82496,1.28,,4243,0.552,0.581
Kepler-236 c,Kepler-236,Transit,2014,23.96812,1.74,,4055,0.524,0.549
Kepler-236 b,Kepler-236,Transit,2014,8.29561,1.96,,4055,0.524,0.549
Kepler-691 b,Kepler-691,Transit,2016,8.114368,2.29,,3935,0.509,0.529
Kepler-705 b,Kepler-705,Transit,2016,56.05628,2.18,,3893,0.503,0.52
Kepler-28 b,Kepler-28,Transit,2011,5.912262,2.17,,4663,0.638,0.662
Kepler-28 c,Kepler-28,Transit,2011,8.9857,2.02,,4663,0.638,0.662
Kepler-54 b,Kepler-54,Transit,2012,8.010944,2.09,,3855,0.498,0.514
Kepler-54 c,Kepler-54,Transit,2012,12.07172,1.23,,3855,0.498,0.514
Kepler-54 d,Kepler-54,Transit,2014,20.9954,1.73,,3855,0.498,0.514
Kepler-249 c,Kepler-249,Transit,2014,7.113726,1.57,,3803,0.492,0.506
Kepler-249 b,Kepler-249,Transit,2014,3.306562,1.2,,3803,0.492,0.506
Kepler-249 d,Kepler-249,Transit,2014,15.36829,1.54,,3803,0.492,0.506
Kepler-732 b,Kepler-732,Transit,2016,9.467839,2.58,,3834,0.496,0.512
Kepler-732 c,Kepler-732,Transit,2016,0.8930477,1.47,,3834,0.496,0.512
Kepler-737 b,Kepler-737,Transit,2016,28.59878,2.48,,3979,0.513,0.534
Kepler-32 b,Kepler-32,Transit,2011,5.901269,2.15,,4061,0.524,0.549
Kepler-219 c,Kepler-219,Transit,2014,,3.17,,5873,1.18,
Kepler-58 b,Kepler-58,Transit,2012,10.21866016,3.1,,6100,1.083,1.017
Kepler-1991 c,Kepler-1991,Transit,2023,22.79020351,,,5477,0.980207,0.96
Kepler-1616 b,Kepler-1616,Transit,2016,6.76284377,1.34,,6153,1.762,1.142
Kepler-1800 b,Kepler-1800,Transit,2021,4.56204856,1.33,,5445,1.46,0.896
K2-351 b,K2-351,Transit,2021,7.80692,3.03,,,1.103,
Kepler-816 b,Kepler-816,Transit,2016,10.50682565,9.41,,5122,0.784,0.859
Kepler-1168 b,Kepler-1168,Transit,2016,55.8224422,,,4934.58,0.743111,0.81
Kepler-461 b,Kepler-461,Transit,2016,8.313783059,2.69,,5900,0.951,1.065
Kepler-905 b,Kepler-905,Transit,2016,5.082746517,1.41,,5461,0.86,0.95
Kepler-1146 b,Kepler-1146,Transit,2016,2.352265797,1.35,,4816,0.757,0.82
Kepler-1101 b,Kepler-1101,Transit,2016,81.3151059,2.47,,5614,0.91,0.94
Kepler-131 c,Kepler-131,Transit,2014,25.51682997,,,5755,1.03161,1.03
Kepler-1618 b,Kepler-1618,Transit,2016,6.1082945,,,6391.96,1.80467,1.28
Kepler-454 b,Kepler-454,Transit,2015,10.57,2.35389,6.05338065,5701,1.05,0.85
Kepler-294 c,Kepler-294,Transit,2014,6.62643626,2.73,,5559,0.93,0.95
Kepler-167 d,Kepler-167,Transit,2016,21.8038763,1.39,,4978,0.808,0.772
Kepler-118 b,Kepler-118,Transit,2014,7.51849479,1.67,,5275,0.978,0.86
Kepler-514 b,Kepler-514,Transit,2016,5.65179605,1.72,,6106,1.44,1.28
Kepler-1428 b,Kepler-1428,Transit,2016,10.67607169,1.95,,6409,1.622,1.151
Kepler-1736 b,Kepler-1736,Transit,2021,37.8102649,2.33,,6085,0.973,0.976
WASP-44 b,WASP-44,Transit,2011,2.42381058,,,,,
Kepler-150 e,Kepler-150,Transit,2014,30.8261043,3.18,,5559,0.914,0.899
Kepler-688 b,Kepler-688,Transit,2016,3.895936525,,,5441,1.09515,0.95
Kepler-1954 b,Kepler-1954,Transit,2021,5.88350251,,,5891,1.01109,1.07
Kepler-287 b,Kepler-287,Transit,2014,20.34212338,,,5486.3,0.94821,0.96
HATS-18 b,HATS-18,Transit,2016,0.8378434,,,,,
Kepler-275 c,Kepler-275,Transit,2014,16.08832318,3.42,,6157,1.33,1.08
Kepler-395 c,Kepler-395,Transit,2014,34.9894475,1.25,,3735,0.4,0.413
Kepler-395 b,Kepler-395,Transit,2014,7.05427318,0.78,,3735,0.4,0.413
Kepler-1308 b,Kepler-1308,Transit,2016,2.104338119,0.52,,3410,0.345,0.35
Kepler-474 b,Kepler-474,Transit,2016,5.660691,3.74,,5723,1.3,0.956
Kepler-508 b,Kepler-508,Transit,2016,25.30889748,2.36,,6283,1.768,1.269
Kepler-1319 b,Kepler-1319,Transit,2016,2.886762645,0.67,,3400,0.266,0.267
Kepler-1321 b,Kepler-1321,Transit,2016,11.12830484,6.63,,4385,0.706,0.736
Kepler-1321 c,Kepler-1321,Transit,2016,2.226491086,3.26,,4385,0.706,0.736
Kepler-1388 c,Kepler-1388,Transit,2016,5.53608151,1.96,,3903,0.523,0.541
Kepler-1904 b,Kepler-1904,Transit,2021,4.57699384,1.37,,3805,0.497,0.526
Kepler-138 c,Kepler-138,Transit,2014,13.78109344,1.33,,3841,0.5,0.52
Kepler-138 d,Kepler-138,Transit,2014,23.08901839,1.52,,3841,0.5,0.52
Kepler-138 b,Kepler-138,Transit,2014,10.31320643,0.58,,3841,0.5,0.52
Kepler-1439 b,Kepler-1439,Transit,2016,8.07392849,1.3,,3471,0.38,0.395
Kepler-52 c,Kepler-52,Transit,2012,16.38485646,1.81,,3898,0.54,0.56
Kepler-52 b,Kepler-52,Transit,2012,7.87740709,2.33,,3898,0.54,0.56
Kepler-52 d,Kepler-52,Transit,2014,36.4451982,1.8,,3898,0.54,0.56
Kepler-674 b,Kepler-674,Transit,2016,2.243381847,1.32,,3741,0.45,0.47
Kepler-676 b,Kepler-676,Transit,2016,11.59822172,3.07,,3672,0.49,0.51
Kepler-231 c,Kepler-231,Transit,2014,19.2715468,1.73,,3767,0.48,0.51
Kepler-231 b,Kepler-231,Transit,2014,10.06525843,1.61,,3767,0.48,0.51
Kepler-235 b,Kepler-235,Transit,2014,3.34021995,2.18,,3887,0.48,0.51
Kepler-235 d,Kepler-235,Transit,2014,20.06037454,1.99,,3887,0.48,0.51
Kepler-235 e,Kepler-235,Transit,2014,46.18415,1.94,,3887,0.48,0.51
Kepler-235 c,Kepler-235,Transit,2014,7.82501206,1.22,,3887,0.48,0.51
Kepler-236 c,Kepler-236,Transit,2014,23.9679932,1.85,,3750,0.51,0.54
Kepler-236 b,Kepler-236,Transit,2014,8.29559431,1.53,,3750,0.51,0.54
Kepler-691 b,Kepler-691,Transit,2016,8.114379,2.14,,3721,0.52,0.54
Kepler-705 b,Kepler-705,Transit,2016,56.0560538,1.96,,3593,0.47,0.49
Kepler-28 b,Kepler-28,Transit,2011,5.912268297,1.92,,4072,0.57,0.59
Kepler-28 c,Kepler-28,Transit,2011,8.98584768,1.94,,4072,0.57,0.59
Kepler-54 b,Kepler-54,Transit,2012,8.01081478,2.33,,3726,0.47,0.49
Kepler-54 c,Kepler-54,Transit,2012,12.07135949,1.33,,3726,0.47,0.49
Kepler-54 d,Kepler-54,Transit,2014,20.99589959,1.38,,3726,0.47,0.49
Kepler-249 c,Kepler-249,Transit,2014,7.11372736,1.27,,3568,0.42,0.44
Kepler-249 b,Kepler-249,Transit,2014,3.306548978,1.09,,3568,0.42,0.44
Kepler-249 d,Kepler-249,Transit,2014,15.36843606,1.21,,3568,0.42,0.44
Kepler-732 b,Kepler-732,Transit,2016,9.467814048,2.08,,3581,0.44,0.46
Kepler-732 c,Kepler-732,Transit,2016,0.893041236,1.22,,3581,0.44,0.46
Kepler-737 b,Kepler-737,Transit,2016,28.59915399,1.88,,3750,0.46,0.49
Kepler-32 b,Kepler-32,Transit,2011,5.901282819,2.09,,3727,0.5,0.52
Kepler-32 c,Kepler-32,Transit,2011,8.75210645,2.2,,3727,0.5,0.52
Kepler-32 d,Kepler-32,Transit,2012,22.78076945,2.29,,3727,0.5,0.52
Kepler-1855 b,Kepler-1855,Transit,2021,0.727330426,0.59,,3339,0.288,0.275
Kepler-1687 b,Kepler-1687,Transit,2020,5.77955922,1.34,,4024,0.553,0.565
Kepler-1321 d,Kepler-1321,Transit,2021,5.72087524,3.08,,4385,0.706,0.736
Kepler-1455 b,Kepler-1455,Transit,2016,49.276764,1.97,,3894,0.541,0.548
Kepler-32 e,Kepler-32,Transit,2012,2.896013787,1.32,,3727,0.5,0.52
Kepler-32 f,Kepler-32,Transit,2012,0.742958836,1.88,,3727,0.5,0.52
KOI-134 b,KOI-134,Transit,2025,67.5952229,12.28,,6038,1.744,1.341
Kepler-267 b,Kepler-267,Transit,2014,3.353730333,2.12,,3807,0.47,0.49
Kepler-267 c,Kepler-267,Transit,2014,6.877449897,2.02,,3807,0.47,0.49
Kepler-267 d,Kepler-267,Transit,2014,28.46462622,2.01,,3807,0.47,0.49
Kepler-1735 b,Kepler-1735,Transit,2021,7.71792296,0.92,,3939,0.52,0.54
Kepler-777 b,Kepler-777,Transit,2016,5.72812599,1.51,,4065,0.57,0.59
Kepler-787 b,Kepler-787,Transit,2016,0.928310498,1.47,,4894,0.72,0.76
Kepler-1350 b,Kepler-1350,Transit,2016,4.4968604,2.13,,3698,0.444,0.465
Kepler-1350 c,Kepler-1350,Transit,2016,1.766789062,1.48,,3698,0.444,0.465
Kepler-1366 b,Kepler-1366,Transit,2016,2.164570968,1.28,,3900,0.54,0.552
Kepler-1388 b,Kepler-1388,Transit,2016,12.2854603,2.23,,3903,0.523,0.541
Kepler-1388 c,Kepler-1388,Transit,2016,5.53608151,1.96,,3903,0.523,0.541
Kepler-1388 d,Kepler-1388,Transit,2016,20.9568158,2.43,,3903,0.523,0.541
Kepler-1388 e,Kepler-1388,Transit,2016,37.6327084,2.09,,3903,0.523,0.541
Kepler-568 b,Kepler-568,Transit,2016,11.02347475,2.11,,3744,0.5,0.52
Kepler-801 b,Kepler-801,Transit,2016,11.41928253,1.55,,3822,0.49,0.51
Kepler-833 b,Kepler-833,Transit,2016,18.7546998,1.75,,3977,0.54,0.56
Kepler-834 b,Kepler-834,Transit,2016,13.32388301,1.35,,3750,0.45,0.48
Kepler-1749 b,Kepler-1749,Transit,2021,14.53410194,1.38,,4023,0.57,0.59
Kepler-844 b,Kepler-844,Transit,2016,2.613020856,1.51,,3878,0.51,0.53
Kepler-138 c,Kepler-138,Transit,2014,13.78109344,1.33,,3841,0.5,0.52
Kepler-138 d,Kepler-138,Transit,2014,23.08901839,1.52,,3841,0.5,0.52
Kepler-138 b,Kepler-138,Transit,2014,10.31320643,0.58,,3841,0.5,0.52
Kepler-1904 b,Kepler-1904,Transit,2021,4.57699384,1.37,,3805,0.497,0.526
Kepler-1439 b,Kepler-1439,Transit,2016,8.07392849,1.3,,3471,0.38,0.395
Kepler-1455 b,Kepler-1455,Transit,2016,49.276764,1.97,,3894,0.541,0.548
Kepler-440 b,Kepler-440,Transit,2015,101.1114976,1.47,,3813,0.477,0.485
Kepler-303 b,Kepler-303,Transit,2014,1.937032068,0.95,,3944,0.51,0.52
Kepler-303 c,Kepler-303,Transit,2014,7.06117359,1.15,,3944,0.51,0.52
Kepler-898 b,Kepler-898,Transit,2016,5.8706191,1.38,,4187,0.57,0.59
Kepler-901 b,Kepler-901,Transit,2016,3.517494394,1.21,,3916,0.51,0.53
Kepler-1761 b,Kepler-1761,Transit,2021,4.04355143,0.92,,3767,0.479,0.488
Kepler-1650 b,Kepler-1650,Transit,2017,1.538181528,0.75,,3304,0.26,0.242
Kepler-953 b,Kepler-953,Transit,2016,88.40655258,4.27,,5688,0.998,1.088
Kepler-953 c,Kepler-953,Transit,2016,9.10967112,1.16,,5688,0.998,1.088
Kepler-974 b,Kepler-974,Transit,2016,4.194496514,1.44,,3584,0.45,0.464
Kepler-327 b,Kepler-327,Transit,2014,2.549563296,1.31,,3799,0.492,0.499
Kepler-327 d,Kepler-327,Transit,2014,13.96948245,1.7,,3799,0.492,0.499
Kepler-327 c,Kepler-327,Transit,2014,5.21231585,1.24,,3799,0.492,0.499
Kepler-988 b,Kepler-988,Transit,2016,17.76080053,2.17,,3950,0.56,0.561
Kepler-994 b,Kepler-994,Transit,2016,1.151166506,1.56,,3855,0.53,0.535
Kepler-186 c,Kepler-186,Transit,2014,7.26730117,1.23,,3761,0.46,0.48
Kepler-186 d,Kepler-186,Transit,2014,13.34300789,1.53,,3761,0.46,0.48
Kepler-186 b,Kepler-186,Transit,2014,3.886789356,1.05,,3761,0.46,0.48
Kepler-186 e,Kepler-186,Transit,2014,22.40777444,1.26,,3761,0.46,0.48
Kepler-186 f,Kepler-186,Transit,2014,129.94577,1.06,,3761,0.46,0.48
Kepler-617 b,Kepler-617,Transit,2016,1.682696148,1.27,,3678,0.47,0.49
Kepler-622 b,Kepler-622,Transit,2016,14.28226676,1.64,,3679,0.47,0.49
Kepler-974 b,Kepler-974,Transit,2016,4.194496867,,,3609,0.537958,0.534295
Kepler-327 b,Kepler-327,Transit,2014,2.549562652,,,3864,0.604708,0.591913
Kepler-327 d,Kepler-327,Transit,2014,13.96950181,,,3864,0.604708,0.591913
Kepler-327 c,Kepler-327,Transit,2014,5.21230171,,,3864,0.604708,0.591913
Kepler-988 b,Kepler-988,Transit,2016,17.76076524,,,3961,0.635838,0.616399
Kepler-994 b,Kepler-994,Transit,2016,1.151166776,,,3878,0.596818,0.585485
Kepler-1049 b,Kepler-1049,Transit,2016,3.27344784,,,3908,0.587443,0.577721
Kepler-353 c,Kepler-353,Transit,2014,8.41100305,,,3915,0.633367,0.614503
Kepler-353 b,Kepler-353,Transit,2014,5.79529495,,,3915,0.633367,0.614503
Kepler-1074 b,Kepler-1074,Transit,2016,5.94565516,,,3917,0.597575,0.586106
Kepler-1089 b,Kepler-1089,Transit,2016,5.132486123,,,3672,0.554903,0.549644
Kepler-551 b,Kepler-551,Transit,2016,12.37646897,,,4202,0.673244,0.66
Kepler-617 b,Kepler-617,Transit,2016,1.682695938,,,3691,0.544291,0.540091
Kepler-622 b,Kepler-622,Transit,2016,14.28228147,,,4095,0.736801,0.64
Kepler-186 c,Kepler-186,Transit,2014,7.26731094,1.14,,3751,0.443,0.452
Kepler-186 d,Kepler-186,Transit,2014,13.3430025,1.29,,3751,0.443,0.452
Kepler-186 b,Kepler-186,Transit,2014,3.886795001,0.97,,3751,0.443,0.452
Kepler-186 e,Kepler-186,Transit,2014,22.40777833,1.15,,3751,0.443,0.452
Kepler-186 f,Kepler-186,Transit,2014,129.945392,1.18,,3751,0.443,0.452
Kepler-1412 b,Kepler-1412,Transit,2016,3.614613943,,,5778.06,1.55149,1.04
Kepler-306 b,Kepler-306,Transit,2014,4.64622383,,,4948,0.792763,0.81
Kepler-1636 b,Kepler-1636,Transit,2016,425.47785,3.23,,5797,1.02,1.01
DMPP-1 c,DMPP-1,Radial Velocity,2019,6.584,,,6196,1.26,1.21
Kepler-257 d,Kepler-257,Transit,2014,24.66461416,5.34,,5188,0.973,0.868
Kepler-986 b,Kepler-986,Transit,2016,56.43504953,,,5515.94,1.03752,0.97
Kepler-691 b,Kepler-691,Transit,2016,8.11437482,,,3626,0.564255,0.557898
Kepler-705 b,Kepler-705,Transit,2016,56.0560754,,,3631,0.553555,0.548441
Kepler-28 b,Kepler-28,Transit,2011,5.912273234,,,4660.99,0.650472,0.742
Kepler-6 b,Kepler-6,Transit,2009,3.234699312,13.41,,5640,1.291,1.047
Kepler-1350 b,Kepler-1350,Transit,2016,4.49686066,,,3786,0.530382,0.527267
Kepler-1350 c,Kepler-1350,Transit,2016,1.766789509,,,3786,0.530382,0.527267
Kepler-1366 b,Kepler-1366,Transit,2016,2.164570593,,,3934,0.683869,0.651962
Kepler-1388 b,Kepler-1388,Transit,2016,12.2854718,,,3938,0.600757,0.588706
Kepler-1388 c,Kepler-1388,Transit,2016,5.53609368,,,3938,0.600757,0.588706
Kepler-1388 d,Kepler-1388,Transit,2016,20.9569985,,,3938,0.600757,0.588706
Kepler-1388 e,Kepler-1388,Transit,2016,37.6333868,,,3938,0.600757,0.588706
Kepler-568 b,Kepler-568,Transit,2016,11.0234748,,,3640,0.543572,0.539436
Kepler-52 c,Kepler-52,Transit,2012,16.38489988,,,4116,0.675624,0.64
Kepler-52 b,Kepler-52,Transit,2012,7.8774163,,,4116,0.675624,0.64
Kepler-52 d,Kepler-52,Transit,2014,36.4454001,,,4116,0.675624,0.64
Kepler-674 b,Kepler-674,Transit,2016,2.243380573,,,4135,0.68608,0.65
Kepler-676 b,Kepler-676,Transit,2016,11.59822233,,,3655,0.561742,0.555695
Kepler-231 c,Kepler-231,Transit,2014,19.27153892,,,4079,0.591335,0.64
Kepler-231 b,Kepler-231,Transit,2014,10.06524317,,,4079,0.591335,0.64
Kepler-235 b,Kepler-235,Transit,2014,3.340218842,,,4074,0.635754,0.64
Kepler-235 d,Kepler-235,Transit,2014,20.06036336,,,4074,0.635754,0.64
Kepler-235 e,Kepler-235,Transit,2014,46.1842039,,,4074,0.635754,0.64
Kepler-235 c,Kepler-235,Transit,2014,7.82502168,,,4074,0.635754,0.64
Kepler-236 c,Kepler-236,Transit,2014,23.96793669,,,3840,0.609791,0.596005
Kepler-236 b,Kepler-236,Transit,2014,8.29561738,,,3840,0.609791,0.596005
Kepler-28 c,Kepler-28,Transit,2011,8.98581901,,,4660.99,0.650472,0.742
Kepler-54 b,Kepler-54,Transit,2012,8.01078456,,,3768,0.527463,0.524532
Kepler-54 c,Kepler-54,Transit,2012,12.07134205,,,3768,0.527463,0.524532
Kepler-54 d,Kepler-54,Transit,2014,20.99587872,,,3768,0.527463,0.524532
Kepler-249 c,Kepler-249,Transit,2014,7.11373257,,,3635,0.512465,0.510238
Kepler-249 b,Kepler-249,Transit,2014,3.306551643,,,3635,0.512465,0.510238
Kepler-249 d,Kepler-249,Transit,2014,15.36845737,,,3635,0.512465,0.510238
Kepler-732 b,Kepler-732,Transit,2016,9.467821474,,,3619,0.522369,0.519723
Kepler-732 c,Kepler-732,Transit,2016,0.893040969,,,3619,0.522369,0.519723
Kepler-737 b,Kepler-737,Transit,2016,28.59914031,,,3793,0.517539,0.51512
Kepler-32 b,Kepler-32,Transit,2011,5.90127815,,,3791,0.574432,0.566709
Kepler-32 c,Kepler-32,Transit,2011,8.75209691,,,3791,0.574432,0.566709
Kepler-32 d,Kepler-32,Transit,2012,22.78078241,,,3791,0.574432,0.566709
Kepler-32 e,Kepler-32,Transit,2012,2.896005211,,,3791,0.574432,0.566709
Kepler-32 f,Kepler-32,Transit,2012,0.742957911,,,3791,0.574432,0.566709
KOI-134 b,KOI-134,Transit,2025,67.5923754,,,6153.94,1.80748,1.17
Kepler-138 c,Kepler-138,Transit,2014,13.78109471,,,3880,0.543991,0.539818
Kepler-138 d,Kepler-138,Transit,2014,23.08902241,,,3880,0.543991,0.539818
Kepler-138 b,Kepler-138,Transit,2014,10.31282204,,,3880,0.543991,0.539818
Kepler-1904 b,Kepler-1904,Transit,2021,4.5770016,,,3833,0.509063,0.506941
Kepler-1439 b,Kepler-1439,Transit,2016,8.07394097,,,3548,0.447421,0.443791
Kepler-568 b,Kepler-568,Transit,2016,11.0234748,2.46,,3744,0.537,0.551
Kepler-267 b,Kepler-267,Transit,2014,3.353732008,,,3886,0.545921,0.541571
Kepler-267 c,Kepler-267,Transit,2014,6.877446033,,,3886,0.545921,0.541571
Kepler-267 d,Kepler-267,Transit,2014,28.46464804,,,3886,0.545921,0.541571
Kepler-1735 b,Kepler-1735,Transit,2021,7.71790675,,,3888,0.558075,0.55246
Kepler-777 b,Kepler-777,Transit,2016,5.72812616,,,4031,0.672976,0.63
Kepler-787 b,Kepler-787,Transit,2016,0.928310036,,,4334.53,0.632532,0.68
Kepler-801 b,Kepler-801,Transit,2016,11.41926141,,,4390,0.689681,0.69
Kepler-1455 b,Kepler-1455,Transit,2016,49.2768448,,,3919,0.583405,0.574333
Kepler-833 b,Kepler-833,Transit,2016,18.75470238,,,4328,0.713732,0.68
Kepler-834 b,Kepler-834,Transit,2016,13.32389352,,,4423,0.722055,0.69
Kepler-1749 b,Kepler-1749,Transit,2021,14.53410833,,,4238.82,0.621183,0.66
Kepler-844 b,Kepler-844,Transit,2016,2.613020421,,,3965.18,0.734025,0.62
Kepler-303 b,Kepler-303,Transit,2014,1.937029968,,,4066.55,0.622034,0.636
Kepler-993 b,Kepler-993,Transit,2016,22.08555894,,,3736,0.580092,0.571534
K2-133 d,K2-133,Transit,2017,11.0234,2.02,,3655,0.47,0.51
Kepler-1449 b,Kepler-1449,Transit,2016,13.2274753,,,5821,1.76594,1.05
Kepler-172 e,Kepler-172,Transit,2014,35.1185226,2.41,,5583,1.007,0.903
K2-372 b,K2-372,Transit,2022,9.844,,,5500.23,0.957455,0.96
K2-16 b,K2-16,Transit,2015,7.61856,1.96,,4800,0.67,0.69
Kepler-1127 b,Kepler-1127,Transit,2016,5.12330347,1.96,,5664,0.95,0.97
Kepler-219 d,Kepler-219,Transit,2014,47.9035211,2.56,,5778,1.332,1.154
Kepler-1134 b,Kepler-1134,Transit,2016,17.13263125,,,5238,0.768625,0.89
HD 74156 c,HD 74156,Radial Velocity,2003,2448.48726,,2753.983147,,,1.1
K2-68 b,K2-68,Transit,2016,8.05428,1.58,,4746,0.675,0.73
Kepler-665 b,Kepler-665,Transit,2016,16.01313877,,,4762,0.740259,0.77
Kepler-357 d,Kepler-357,Transit,2014,49.50046066,,,4870,0.740322,0.79
WASP-168 b,WASP-168,Transit,2018,4.1536624,12.7595,,5818.8,1.09,
Kepler-1041 b,Kepler-1041,Transit,2016,24.7576421,2.59,,6106,0.966,1.043
OGLE-2018-BLG-0799L b,OGLE-2018-BLG-0799L,Microlensing,2022,,,66.74396547,,,0.074
Kepler-157 b,Kepler-157,Transit,2014,,1.462,,5791,1.085,
Kepler-68 c,Kepler-68,Transit,2013,9.60505976,0.91,,5790,1.198,0.997
K2-18 b,K2-18,Transit,2015,32.92801934,,,3464,0.444516,0.440668
Kepler-33 b,Kepler-33,Transit,2011,5.66815436,1.32,,6018,1.52,1.18
Kepler-1921 c,Kepler-1921,Transit,2023,3.15722086,1.41,,6120,2,1.251
Kepler-862 b,Kepler-862,Transit,2016,3.148679,2.54,,5059,1.03,0.97
KPS-1 b,KPS-1,Transit,2018,1.706304,,,5165,0.907,0.892
Kepler-1770 b,Kepler-1770,Transit,2021,16.84183355,,,5520,0.859459,0.97
Kepler-1050 c,Kepler-1050,Transit,2016,,1.349,,5846,1.01,
Kepler-138 e,Kepler-138,Transit Timing Variations,2022,38.23,,0.43,3841,0.535,0.535
TRAPPIST-1 b,TRAPPIST-1,Transit,2016,1.51087,,,,,
TRAPPIST-1 e,TRAPPIST-1,Transit,2017,6.09705,,,,,
TRAPPIST-1 h,TRAPPIST-1,Transit,2017,18.7672745,,,2520,0.1234,0.0898
TOI-5882 b,TOI-5882,Transit,2025,7.1487697,14.1861,,5706,2.35,
Kepler-138 b,Kepler-138,Transit,2014,10.3134,0.64,0.07,3841,0.535,0.535
Kepler-138 c,Kepler-138,Transit,2014,13.7815,1.51,2.3,3841,0.535,0.535
Kepler-138 d,Kepler-138,Transit,2014,23.0923,1.51,2.1,3841,0.535,0.535
TRAPPIST-1 f,TRAPPIST-1,Transit,2017,9.2129,,,,,
Kepler-2000 b,Kepler-2000,Transit,2023,6.383150101,3.31999993,,3757,0.576,0.581
Kepler-2000 c,Kepler-2000,Transit,2023,20.6182003,2.20099998,,3757,0.576,0.581
WASP-62 b,WASP-62,Transit,2012,4.41194014,,,,,
TRAPPIST-1 b,TRAPPIST-1,Transit,2016,1.510944712,1.20389172,,5780,0.114827,
WASP-17 b,WASP-17,Transit,2009,3.73548546,,,6550,,
WASP-17 b,WASP-17,Transit,2009,,19.167357,,6548,1.57323,1.354
HD 118203 b,HD 118203,Radial Velocity,2005,6.1349847,12.06086323,725.2844248,5872,1.993,1.353
HD 118203 b,HD 118203,Radial Velocity,2005,6.134985,12.73340208,688.4163296,5683,2.102,1.251
WASP-121 b,WASP-121,Transit,2016,1.274924762,,,6459,1.458,1.353
WASP-136 b,WASP-136,Transit,2016,5.2153545,,,6260,2.21,1.41
WASP-172 b,WASP-172,Transit,2018,5.4774317,,,6900,1.91,1.49
WASP-173 A b,WASP-173 A,Transit,2018,1.38665333,,,5800,1.11,1.05
WASP-17 b,WASP-17,Transit,2009,3.73548545,,,6550,1.38,1.2
WASP-186 b,WASP-186,Transit,2020,5.0267952,,,6361,1.47,1.22
WASP-62 b,WASP-62,Transit,2012,4.41193868,,,6280,1.28,1.25
XO-7 b,XO-7,Transit,2019,2.8641356,,,6250,1.48,1.405
GJ 341 b,GJ 341,Transit,2025,7.5768334,0.867887,,3766,0.53,
Kepler-28 b,Kepler-28,Transit,2011,5.91,1.959,1.63,4499.3,0.664,0.684
Kepler-28 c,Kepler-28,Transit,2011,8.99,1.857,2.06,4499.3,0.664,0.684
Kepler-52 b,Kepler-52,Transit,2012,7.88,2.4,,4163.9,0.63,0.624
Kepler-52 c,Kepler-52,Transit,2012,16.38,2.122,,4163.9,0.63,0.624
Kepler-54 b,Kepler-54,Transit,2012,8.01,1.856,3.09,3853.9,0.522,0.518
Kepler-54 c,Kepler-54,Transit,2012,12.07,1.688,2.1,3853.9,0.522,0.518
WASP-62 b,WASP-62,Transit,2012,4.41193897,,,,,
HD 118203 b,HD 118203,Radial Velocity,2005,6.134989,12.55405838,693.5015841,5788,2.03,1.22
HD 118203 c,HD 118203,Radial Velocity,2024,5070,,3527.895318,5788,2.03,1.22
HD 118203 b,HD 118203,Radial Velocity,2005,6.13499,12.778238,689.6876432,5683,2.1,1.13
WASP-136 b,WASP-136,Transit,2016,5.215357,15.46839337,479.9208946,6250,2.2,1.41
WASP-148 b,WASP-148,Transit,2020,8.80381,8.0704661,92.17023803,5460,1.03,1
WASP-172 b,WASP-172,Transit,2018,5.477433,17.5980997,149.3793513,6900,1.91,1.49
WASP-173 A b,WASP-173 A,Transit,2018,1.3866532,13.45077684,1172.786822,5700,1.11,1.05
WASP-186 b,WASP-186,Transit,2020,5.026799,12.44196858,1341.235878,6300,1.46,1.21
XO-7 b,XO-7,Transit,2019,2.864142,15.35630356,225.658169,6250,1.48,1.405
KOI-134 b,KOI-134,Transit,2025,67.5952229,12.024,,6236,1.706,1.389
Kepler-28 b,Kepler-28,Transit,2011,5.912268297,2.153,,4674,0.641,0.701
Kepler-28 c,Kepler-28,Transit,2011,8.98584768,2.176,,4674,0.641,0.701
Kepler-1388 b,Kepler-1388,Transit,2016,12.2854603,2.044,,5052,0.48,
Kepler-1388 c,Kepler-1388,Transit,2016,5.53608151,1.798,,5052,0.48,
Kepler-1388 d,Kepler-1388,Transit,2016,20.9568158,2.227,,5052,0.48,
Kepler-1388 e,Kepler-1388,Transit,2016,37.6327084,1.919,,5052,0.48,
Kepler-148 d,Kepler-148,Transit,2016,51.84688575,8.95,,5271,0.838,0.893
K2-22 b,K2-22,Transit,2015,0.381087,4.31,,3830,0.54,
Kepler-446 d,Kepler-446,Transit,2015,5.1489289,2.44,,3485,0.461,0.472
Kepler-1847 b,Kepler-1847,Transit,2021,11.1296971,1.93,,6122,0.964,1.041
Kepler-397 c,Kepler-397,Transit,2014,135.4977745,5.7,,5114,0.682,0.736
Kepler-629 b,Kepler-629,Transit,2016,7.238496406,,,5346.96,0.84085,0.924
Kepler-523 b,Kepler-523,Transit,2016,,1.874,,5529,0.808,
Kepler-132 d,Kepler-132,Transit,2014,18.01017833,,,5904.77,,
Kepler-750 c,Kepler-750,Transit,2016,4.08902,1.31,,6243,1.02,1.12
TOI-2669 b,TOI-2669,Transit,2022,6.2034,19.72780603,193.8753283,4800,4.1,1.19
Kepler-853 b,Kepler-853,Transit,2016,7.169090118,,,6376.52,1.4745,1.27
Kepler-157 d,Kepler-157,Transit,2016,,1.674,,5791,1.085,
Kepler-250 c,Kepler-250,Transit,2014,7.15681773,2.269,,5007,0.748,0.806
TOI-4600 c,TOI-4600,Transit,2023,482.8191,6.90877517,,5073,0.831915,
Kepler-644 b,Kepler-644,Transit,2016,3.17392139,,,6420.67,1.83103,1.29
Kepler-598 c,Kepler-598,Transit,2020,86.4943704,,,5245,0.900316,0.9
Kepler-1388 d,Kepler-1388,Transit,2016,20.96,2.63,,,,
Kepler-1388 e,Kepler-1388,Transit,2016,37.63,2.45,,,,
Kepler-1904 b,Kepler-1904,Transit,2021,4.58,1.36,,,,
Kepler-1439 b,Kepler-1439,Transit,2016,8.07,1.43,,,,
Kepler-1455 b,Kepler-1455,Transit,2016,49.28,1.96,,,,
Kepler-440 b,Kepler-440,Transit,2015,101.11,1.92,,,,
Kepler-1646 b,Kepler-1646,Transit,2016,4.49,1.82,,,,
Kepler-1352 b,Kepler-1352,Transit,2016,1.877878538,0.78,,6324,1.115,1.017
HAT-P-23 b,HAT-P-23,Transit,2010,1.21288,12.21781,425.8922,5905,0.96,0.58
Kepler-1358 b,Kepler-1358,Transit,2016,7.06317341,1.12,,5181,0.79,0.82
Kepler-333 b,Kepler-333,Transit,2014,12.55111099,1.34,,4213,0.598,0.609
Kepler-828 b,Kepler-828,Transit,2016,,1.32,,4965,0.725,
Kepler-1588 b,Kepler-1588,Transit,2016,7.84931739,1.108,,5659,1.407,0.883
Kepler-775 b,Kepler-775,Transit,2016,0.974868926,1.19,,5487,0.832,0.924
Kepler-434 b,Kepler-434,Transit,2015,12.87471182,,,5765.45,1.42462,1.03
Kepler-239 c,Kepler-239,Transit,2014,56.2279697,2.19,,4980,0.734,0.801
Kepler-917 b,Kepler-917,Transit,2016,2.970414375,1.85,,5079,0.751,0.821
Kepler-336 d,Kepler-336,Transit,2014,20.67879355,2.38,,5911,1.21,1.09
Kepler-267 c,Kepler-267,Transit,2014,6.88,2.24,,,,
Kepler-267 d,Kepler-267,Transit,2014,28.46,2.23,,,,
Kepler-1735 b,Kepler-1735,Transit,2021,7.72,0.97,,,,
Kepler-119 b,Kepler-119,Transit,2014,2.422084448,3.6,,5588,0.832,0.914
Kepler-1258 b,Kepler-1258,Transit,2016,0.984944901,,,5761.02,1.11834,1.03
WASP-39 b,WASP-39,Transit,2011,4.05528043,,,5400,0.895,0.93
Kepler-732 c,Kepler-732,Transit,2016,0.89,1.43,,,,
Kepler-737 b,Kepler-737,Transit,2016,28.6,2.05,,,,
Kepler-32 b,Kepler-32,Transit,2011,5.9,2.23,,,,
Kepler-32 c,Kepler-32,Transit,2011,8.75,2.11,,,,
Kepler-32 d,Kepler-32,Transit,2012,22.78,2.49,,,,
Kepler-32 e,Kepler-32,Transit,2012,2.9,1.42,,,,
Kepler-32 f,Kepler-32,Transit,2012,0.74,2.04,,,,
Kepler-267 b,Kepler-267,Transit,2014,3.35,1.96,,,,
Kepler-777 b,Kepler-777,Transit,2016,5.73,1.62,,,,
Kepler-787 b,Kepler-787,Transit,2016,0.93,1.36,,,,
Kepler-801 b,Kepler-801,Transit,2016,11.42,2.09,,,,
Kepler-833 b,Kepler-833,Transit,2016,18.75,2.18,,,,
Kepler-834 b,Kepler-834,Transit,2016,13.32,1.97,,,,
Kepler-1749 b,Kepler-1749,Transit,2021,14.53,1.52,,,,
Kepler-844 b,Kepler-844,Transit,2016,2.61,1.55,,,,
Kepler-303 b,Kepler-303,Transit,2014,1.94,1.08,,,,
Kepler-303 c,Kepler-303,Transit,2014,7.06,1.34,,,,
Kepler-898 b,Kepler-898,Transit,2016,5.87,1.45,,,,
Kepler-901 b,Kepler-901,Transit,2016,3.52,1.44,,,,
Kepler-1761 b,Kepler-1761,Transit,2021,4.04,1.22,,,,
Kepler-1650 b,Kepler-1650,Transit,2017,1.54,1.07,,,,
Kepler-974 b,Kepler-974,Transit,2016,4.19,1.39,,,,
Kepler-327 b,Kepler-327,Transit,2014,2.55,1.34,,,,
Kepler-327 d,Kepler-327,Transit,2014,13.97,2.02,,,,
Kepler-327 c,Kepler-327,Transit,2014,5.21,1.25,,,,
Kepler-988 b,Kepler-988,Transit,2016,17.76,2.3,,,,
Kepler-994 b,Kepler-994,Transit,2016,1.15,1.42,,,,
Kepler-1049 b,Kepler-1049,Transit,2016,3.27,0.96,,,,
Kepler-353 c,Kepler-353,Transit,2014,8.41,1.76,,,,
Kepler-353 b,Kepler-353,Transit,2014,5.8,1.18,,,,
Kepler-1074 b,Kepler-1074,Transit,2016,5.95,1.19,,,,
Kepler-1089 b,Kepler-1089,Transit,2016,5.13,1.69,,,,
Kepler-1798 b,Kepler-1798,Transit,2021,16.86,1.91,,,,
Kepler-1124 b,Kepler-1124,Transit,2016,2.85,1.97,,,,
Kepler-1805 b,Kepler-1805,Transit,2021,8.85,1.27,,,,
Kepler-1152 b,Kepler-1152,Transit,2016,1.65,1.03,,,,
Kepler-1826 b,Kepler-1826,Transit,2021,1.62,1.36,,,,
Kepler-1855 b,Kepler-1855,Transit,2021,0.73,0.97,,,,
Kepler-1687 b,Kepler-1687,Transit,2020,5.78,1.34,,,,
Kepler-395 c,Kepler-395,Transit,2014,34.99,1.4,,,,
Kepler-395 b,Kepler-395,Transit,2014,7.05,1.21,,,,
Kepler-1308 b,Kepler-1308,Transit,2016,2.1,0.77,,,,
Kepler-1319 b,Kepler-1319,Transit,2016,2.89,1.28,,,,
Kepler-1321 b,Kepler-1321,Transit,2016,11.13,5.45,,,,
Kepler-1321 c,Kepler-1321,Transit,2016,2.23,3.03,,,,
Kepler-1350 b,Kepler-1350,Transit,2016,4.5,2.33,,,,
Kepler-1350 c,Kepler-1350,Transit,2016,1.77,1.67,,,,
Kepler-1366 b,Kepler-1366,Transit,2016,2.16,1.56,,,,
Kepler-1388 b,Kepler-1388,Transit,2016,12.29,2.42,,,,
Kepler-1388 c,Kepler-1388,Transit,2016,5.54,2.11,,,,
GJ 876 c,GJ 876,Radial Velocity,2000,30.0784,,266.2,,,0.37
K2-44 b,K2-44,Transit,2016,5.656256,2.08,,5840,1.03,
Kepler-434 b,Kepler-434,Transit,2015,12.87471243,,,5765.45,1.42462,1.03
Kepler-359 c,Kepler-359,Transit,2014,57.68983612,,,5683,0.923027,1.01
Kepler-188 b,Kepler-188,Transit,2014,,1.574,,5706,1.049,
HR 858 b,HR 858,Transit,2019,3.58529,1.77141,,6308.31,1.28,
Kepler-1039 b,Kepler-1039,Transit,2016,0.934884242,3.48,,4777,1.795,0.953
Kepler-153 b,Kepler-153,Transit,2014,18.87020444,,,5289,0.712449,0.91
WASP-107 b,WASP-107,Transit,2017,5.72148926,,,4430,0.66,0.69
Kepler-384 c,Kepler-384,Transit,2014,45.3486381,1.61,,5610,1.104,0.889
Kepler-379 b,Kepler-379,Transit,2014,20.0984215,1.44,,6273,1.139,1.092
Kepler-117 c,Kepler-117,Transit,2014,50.79034619,12.148,,6085,1.568,1.18
HAT-P-41 b,HAT-P-41,Transit,2012,2.69405,22.97845,378.2177,6390,2.05,2.56
Kepler-396 b,Kepler-396,Transit,2013,42.99255302,3.49,,5579,1.06,0.85
Kepler-230 c,Kepler-230,Transit,2014,91.7732862,2.12,,5586,0.798,0.844
TOI-2260 b,TOI-2260,Transit,2022,0.3524728,1.62,,5534,0.94,0.99
Kepler-26 b,Kepler-26,Transit,2011,12.28293091,2.89,,4486,0.460589,0.7
Kepler-51 b,Kepler-51,Transit,2012,45.154,7.1,2.1,6018,0.94,1.04
Kepler-301 c,Kepler-301,Transit,2014,5.41908491,,,5627.92,0.959718,1
Kepler-764 b,Kepler-764,Transit,2016,7.33685101,,,5495,0.943403,0.96
WASP-70 A b,WASP-70 A,Transit,2014,3.71301695,,,5763,1.215,1.106
Kepler-1285 b,Kepler-1285,Transit,2016,14.79655777,,,6032.07,1.5928,1.12
Kepler-440 b,Kepler-440,Transit,2015,101.1107014,,,3891,0.6628,0.636635
Kepler-186 c,Kepler-186,Transit,2014,7.26731094,,,3876,0.547805,0.543276
Kepler-186 d,Kepler-186,Transit,2014,13.3430025,,,3876,0.547805,0.543276
Kepler-536 b,Kepler-536,Transit,2016,1.827082299,6.18,,5311,1.769,0.834
Kepler-210 c,Kepler-210,Transit,2014,7.9725132,3.39,,3914,0.53,0.55
Kepler-303 c,Kepler-303,Transit,2014,7.06117322,,,4066.55,0.622034,0.636
Kepler-1646 b,Kepler-1646,Transit,2016,4.48559215,0.95,,3236,0.193,0.169
Kepler-898 b,Kepler-898,Transit,2016,5.87063416,,,4013.57,0.755197,0.63
Kepler-901 b,Kepler-901,Transit,2016,3.517494725,,,4110,0.635253,0.643
Kepler-1761 b,Kepler-1761,Transit,2021,4.04355245,,,3802,0.599209,0.587443
Kepler-1650 b,Kepler-1650,Transit,2017,1.538180949,,,3419,0.365733,0.352361
Kepler-953 b,Kepler-953,Transit,2016,88.40678718,,,5328.63,,
Kepler-953 c,Kepler-953,Transit,2016,9.10969334,,,5328.63,,
Kepler-186 b,Kepler-186,Transit,2014,3.886795001,,,3876,0.547805,0.543276
Kepler-186 e,Kepler-186,Transit,2014,22.40777833,,,3876,0.547805,0.543276
Kepler-186 f,Kepler-186,Transit,2014,129.945392,,,3876,0.547805,0.543276
Kepler-1646 b,Kepler-1646,Transit,2016,4.48559215,,,3391,0.373314,0.361077
TRAPPIST-1 b,TRAPPIST-1,Transit,2016,1.510826,1.116,1.374,2566,0.1192,0.0898
TRAPPIST-1 c,TRAPPIST-1,Transit,2016,2.421937,1.097,1.308,2566,0.1192,0.0898
TRAPPIST-1 d,TRAPPIST-1,Transit,2016,4.049219,0.788,0.388,2566,0.1192,0.0898
TRAPPIST-1 e,TRAPPIST-1,Transit,2017,6.101013,0.92,0.692,2566,0.1192,0.0898
TRAPPIST-1 f,TRAPPIST-1,Transit,2017,9.20754,1.045,1.039,2566,0.1192,0.0898
TRAPPIST-1 g,TRAPPIST-1,Transit,2017,12.352446,1.129,1.321,2566,0.1192,0.0898
TRAPPIST-1 h,TRAPPIST-1,Transit,2017,18.772866,0.755,0.326,2566,0.1192,0.0898
Kepler-1712 b,Kepler-1712,Transit,2021,13.81499958,2.28372556,,3732,0.509,0.515
Kepler-1749 b,Kepler-1749,Transit,2021,14.53409958,1.61301783,,3957,0.553,0.551
Kepler-1321 d,Kepler-1321,Transit,2021,5.720920086,2.62843782,,3640,0.503,0.513
Kepler-1805 b,Kepler-1805,Transit,2021,8.847940445,1.54502915,,3867,0.552,0.581
Kepler-1855 b,Kepler-1855,Transit,2021,0.727330983,1.216205,,3460,0.356,0.385
Kepler-1735 b,Kepler-1735,Transit,2021,7.71792984,1.19429134,,3975,0.509,0.535
Kepler-1826 b,Kepler-1826,Transit,2021,1.615360022,1.47519116,,3821,0.486,0.49
Kepler-1761 b,Kepler-1761,Transit,2021,4.043540001,1.39109603,,3871,0.532,0.573
Kepler-1798 b,Kepler-1798,Transit,2021,16.85589981,2.30911251,,3967,0.587,0.593
Kepler-1904 b,Kepler-1904,Transit,2021,4.577020168,1.3904994,,3805,0.497,0.526
WASP-121 b,WASP-121,Transit,2016,1.27492504,19.64934317,367.7274669,,1.458,1.358
WASP-62 b,WASP-62,Transit,2012,4.4119395,,,6280,1.28,1.25
WASP-121 b,WASP-121,Transit,2016,1.27492477,,,6459,1.458,1.353
WASP-62 b,WASP-62,Transit,2012,4.4119379,,,6230,1.23,1.11
WASP-121 b,WASP-121,Transit,2016,1.274925,,,6459,1.458,1.353
XO-7 b,XO-7,Transit,2019,2.8641413,,,6250,1.48,1.405
WASP-136 b,WASP-136,Transit,2016,5.2153571,,,6260,2.21,1.41
WASP-17 b,WASP-17,Transit,2009,3.73543,,,6550,1.49,2.28
WASP-148 b,WASP-148,Transit,2020,8.803544,8.96718456,112.5112561,5437,0.905,0.97
WASP-148 c,WASP-148,Radial Velocity,2020,34.527,,,5437,0.905,0.97
WASP-121 b,WASP-121,Transit,2016,1.2749246,22.0328,,6459,1.52,
WASP-62 b,WASP-62,Transit,2012,4.4119378,15.4706,,6280,1.21,
WASP-173 A b,WASP-173 A,Transit,2018,1.386651904,12.98116186,,6286,1.07661,
Kepler-45 b,Kepler-45,Transit,2011,2.455238834,12.99286305,,3792,0.614823,
HIP 41378 b,HIP 41378,Transit,2016,15.5718552,2.44317,,6352.33,1.31,
HIP 41378 c,HIP 41378,Transit,2016,31.71802083,2.29980485,,6352.33,1.30883,
HD 118203 b,HD 118203,Radial Velocity,2005,6.1349783,13.1383,,5828.7,2.05,
WASP-17 b,WASP-17,Transit,2009,3.7354838,21.2315,,6650,1.57,
WASP-136 b,WASP-136,Transit,2016,5.215361788,17.75197015,,6067.2,2.39014,
XO-7 b,XO-7,Transit,2019,2.8641388,15.5276,,6082,1.53,
TOI-1846 b,TOI-1846,Transit,2025,3.930674628,1.79020058,,3512,0.411452,
WASP-172 b,WASP-172,Transit,2018,5.4774433,20.3433,,6942,2.09,
WASP-148 b,WASP-148,Transit,2020,8.803809,8.47398941,91.21675281,5555,0.912,0.954
WASP-148 c,WASP-148,Radial Velocity,2020,34.524,,124.5887355,5555,0.912,0.954
WASP-17 b,WASP-17,Transit,2009,3.7354826,,,,,
WASP-62 b,WASP-62,Transit,2012,4.41193852,,,,,
WASP-121 b,WASP-121,Transit,2016,1.27492483,,,,,
WASP-136 b,WASP-136,Transit,2016,5.2153563,,,,,
WASP-148 b,WASP-148,Transit,2020,8.803843,,,,,
WASP-172 b,WASP-172,Transit,2018,5.4774327,,,,,
WASP-173 A b,WASP-173 A,Transit,2018,1.38665321,,,,,
WASP-186 b,WASP-186,Transit,2020,5.0267992,,,,,
XO-7 b,XO-7,Transit,2019,2.86413545,,,,,
HIP 41378 d,HIP 41378,Transit,2016,278.3618,,,,1.28,
TRAPPIST-1 b,TRAPPIST-1,Transit,2016,1.51088432,,,2520,0.1234,0.0898
TRAPPIST-1 c,TRAPPIST-1,Transit,2016,2.42179346,,,2520,0.1234,0.0898
TRAPPIST-1 d,TRAPPIST-1,Transit,2016,4.04978035,,,2520,0.1234,0.0898
TRAPPIST-1 e,TRAPPIST-1,Transit,2017,6.09956479,,,2520,0.1234,0.0898
TRAPPIST-1 f,TRAPPIST-1,Transit,2017,9.20659399,,,2520,0.1234,0.0898
TRAPPIST-1 g,TRAPPIST-1,Transit,2017,12.3535557,,,2520,0.1234,0.0898
Kepler-1120 b,Kepler-1120,Transit,2016,2.949029052,1.51,,4983,0.807,0.771
Kepler-805 b,Kepler-805,Transit,2016,,3.144,,6112,1.643,
Kepler-487 c,Kepler-487,Transit,2016,38.6519976,2.68,,5444,0.88,0.91
Kepler-705 b,Kepler-705,Transit,2016,56.0560754,1.94,,3593,0.491,0.503
Kepler-28 b,Kepler-28,Transit,2011,5.912273234,1.73,,4072,0.57,0.586
Kepler-28 c,Kepler-28,Transit,2011,8.98581901,1.65,,4072,0.57,0.586
Kepler-52 d,Kepler-52,Transit,2014,36.4454001,1.99,,4126,0.615,0.633
Kepler-674 b,Kepler-674,Transit,2016,2.243380573,1.99,,4149,0.564,0.578
Kepler-676 b,Kepler-676,Transit,2016,11.59822233,2.65,,3688,0.473,0.503
Kepler-231 c,Kepler-231,Transit,2014,19.27153892,1.93,,4077,0.56,0.576
Kepler-231 b,Kepler-231,Transit,2014,10.06524317,1.91,,4077,0.56,0.576
Kepler-235 b,Kepler-235,Transit,2014,3.340218842,2.03,,3950,0.493,0.502
Kepler-235 d,Kepler-235,Transit,2014,20.06036336,1.96,,3950,0.493,0.502
Kepler-235 e,Kepler-235,Transit,2014,46.1842039,1.83,,3950,0.493,0.502
Kepler-235 c,Kepler-235,Transit,2014,7.82502168,1.2,,3950,0.493,0.502
Kepler-236 c,Kepler-236,Transit,2014,23.96793669,1.8,,3747,0.524,0.536
Kepler-236 b,Kepler-236,Transit,2014,8.29561738,1.82,,3747,0.524,0.536
Kepler-691 b,Kepler-691,Transit,2016,8.11437482,2.1,,3692,0.517,0.553
Kepler-54 b,Kepler-54,Transit,2012,8.01078456,1.72,,3713,0.47,0.484
Kepler-54 c,Kepler-54,Transit,2012,12.07134205,1.29,,3713,0.47,0.484
Kepler-54 d,Kepler-54,Transit,2014,20.99587872,1.3,,3713,0.47,0.484
Kepler-249 c,Kepler-249,Transit,2014,7.11373257,1.16,,3561,0.411,0.44
Kepler-249 b,Kepler-249,Transit,2014,3.306551643,0.91,,3561,0.411,0.44
Kepler-249 d,Kepler-249,Transit,2014,15.36845737,1.11,,3561,0.411,0.44
Kepler-1855 b,Kepler-1855,Transit,2021,0.727331746,0.67,,3460,0.356,0.385
Kepler-1687 b,Kepler-1687,Transit,2020,5.77957133,1.5,,4102,0.581,0.599
Kepler-395 c,Kepler-395,Transit,2014,34.9897847,1.14,,3765,0.521,0.526
Kepler-395 b,Kepler-395,Transit,2014,7.05429483,1,,3765,0.521,0.526
Kepler-1308 b,Kepler-1308,Transit,2016,2.10433534,0.79,,3605,0.433,0.47
Kepler-1319 b,Kepler-1319,Transit,2016,2.8867624,1.24,,3483,0.389,0.415
Kepler-1321 b,Kepler-1321,Transit,2016,11.12827427,4.04,,3640,0.503,0.513
Kepler-1321 c,Kepler-1321,Transit,2016,2.226496196,2.1,,3640,0.503,0.513
Kepler-1321 d,Kepler-1321,Transit,2021,5.72084599,1.78,,3640,0.503,0.513
Kepler-568 b,Kepler-568,Transit,2016,11.02347475,2.11,,3744,0.5,0.52
Kepler-732 b,Kepler-732,Transit,2016,9.467821474,2.13,,3582,0.458,0.491
Kepler-732 c,Kepler-732,Transit,2016,0.893040969,1.24,,3582,0.458,0.491
Kepler-737 b,Kepler-737,Transit,2016,28.59914031,1.83,,3755,0.461,0.47
Kepler-32 b,Kepler-32,Transit,2011,5.90127815,1.94,,3731,0.498,0.509
Kepler-32 c,Kepler-32,Transit,2011,8.75209691,1.83,,3731,0.498,0.509
Kepler-32 d,Kepler-32,Transit,2012,22.78078241,2.17,,3731,0.498,0.509
Kepler-32 e,Kepler-32,Transit,2012,2.896005211,1.23,,3731,0.498,0.509
Kepler-32 f,Kepler-32,Transit,2012,0.742957911,1.47,,3731,0.498,0.509
KOI-134 b,KOI-134,Transit,2025,67.5923754,12.1,,6038,1.744,1.341
Kepler-267 b,Kepler-267,Transit,2014,3.353732008,1.65,,3789,0.46,0.467
Kepler-267 c,Kepler-267,Transit,2014,6.877446033,2.05,,3789,0.46,0.467
Kepler-267 d,Kepler-267,Transit,2014,28.46464804,1.87,,3789,0.46,0.467
Kepler-1735 b,Kepler-1735,Transit,2021,7.71790675,0.9,,3975,0.509,0.535
Kepler-777 b,Kepler-777,Transit,2016,5.72812616,1.38,,3968,0.548,0.567
Kepler-1350 b,Kepler-1350,Transit,2016,4.49686066,1.93,,3698,0.444,0.464
Kepler-1350 c,Kepler-1350,Transit,2016,1.766789509,1.4,,3698,0.444,0.464
Kepler-1366 b,Kepler-1366,Transit,2016,2.164570593,1.27,,3941,0.554,0.578
Kepler-1388 b,Kepler-1388,Transit,2016,12.2854718,2.21,,3891,0.564,0.605
Kepler-1388 c,Kepler-1388,Transit,2016,5.53609368,2.2,,3891,0.564,0.605
Kepler-1388 d,Kepler-1388,Transit,2016,20.9569985,2.38,,3891,0.564,0.605
Kepler-1388 e,Kepler-1388,Transit,2016,37.6333868,2.25,,3891,0.564,0.605
Kepler-787 b,Kepler-787,Transit,2016,0.928310036,1.16,,4109,0.602,0.621
Kepler-801 b,Kepler-801,Transit,2016,11.41926141,1.48,,3823,0.492,0.513
Kepler-833 b,Kepler-833,Transit,2016,18.75470238,1.67,,3976,0.54,0.559
Kepler-834 b,Kepler-834,Transit,2016,13.32389352,1.26,,3751,0.45,0.479
Kepler-1749 b,Kepler-1749,Transit,2021,14.53410833,1.36,,3957,0.553,0.551
Kepler-844 b,Kepler-844,Transit,2016,2.613020421,1.5,,3883,0.517,0.516
Kepler-138 c,Kepler-138,Transit,2014,13.78109471,1.42,,3846,0.503,0.505
Kepler-138 d,Kepler-138,Transit,2014,23.08902241,1.24,,3846,0.503,0.505
Kepler-1904 b,Kepler-1904,Transit,2021,4.5770016,1.33,,3805,0.497,0.526
7 CMa b,7 CMa,Radial Velocity,2011,,,,,5.198,1.439
Kepler-1712 b,Kepler-1712,Transit,2021,13.82,1.91,,,,
Kepler-125 b,Kepler-125,Transit,2014,4.16,2.65,,,,
Kepler-125 c,Kepler-125,Transit,2014,5.77,0.85,,,,
K2-6 b,K2-6,Transit,2015,30.9403,2.44,,,0.8649,
Kepler-423 b,Kepler-423,Transit,2014,2.684328485,12.43,,5970,0.908,0.996
GJ 341 b,GJ 341,Transit,2025,7.57686,0.88,4,3770,0.5066,0.48
KOI-1843.03,Kepler-974,Transit,2013,0.176893,0.63,,3673,0.52,
KOI-1843.03,Kepler-974,Transit,2013,0.1768913,0.61,8,3584,0.45,0.46
Kepler-52 c,Kepler-52,Transit,2012,16.3849,,29.9,,0.621,0.633
Kepler-52 b,Kepler-52,Transit,2012,7.877416,,6.27,,0.621,0.633
Kepler-52 d,Kepler-52,Transit,2014,36.4454,,88.8775,,0.621,0.633
Kepler-231 c,Kepler-231,Transit,2014,19.271539,,10.3693,,0.588,0.576
Kepler-231 b,Kepler-231,Transit,2014,10.065243,,91.0363,,0.588,0.576
Kepler-54 b,Kepler-54,Transit,2012,8.010785,,0.98,,0.525,0.484
Kepler-54 c,Kepler-54,Transit,2012,12.071342,,0.7,,0.525,0.484
Kepler-54 d,Kepler-54,Transit,2014,20.995879,,12.0946,,0.525,0.484
Kepler-32 b,Kepler-32,Transit,2011,5.9012781,,1.72,,0.574,0.509
Kepler-32 c,Kepler-32,Transit,2011,8.752097,,1.05,,0.574,0.509
Kepler-32 d,Kepler-32,Transit,2012,22.780782,,67.4815,,0.574,0.509
Kepler-32 e,Kepler-32,Transit,2012,2.8960052,,4.08181,,0.574,0.509
Kepler-32 f,Kepler-32,Transit,2012,0.74295791,,1862.11,,0.574,0.509
Kepler-32 f,Kepler-32,Transit,2012,0.74295791,,969.228,,0.574,0.509
Kepler-32 e,Kepler-32,Transit,2012,2.8960052,,1.11884,,0.574,0.509
Kepler-32 b,Kepler-32,Transit,2011,5.9012781,,2.11872,,0.574,0.509
Kepler-32 c,Kepler-32,Transit,2011,8.752097,,1.29837,,0.574,0.509
Kepler-32 d,Kepler-32,Transit,2012,22.780782,,39.9089,,0.574,0.509
HD 118203 b,HD 118203,Radial Velocity,2005,6.1349779,12.778238,680.152791,5742,2.04,1.27
HD 118203 c,HD 118203,Radial Velocity,2024,5103,,3747.196919,5742,2.04,1.27
Kepler-953 b,Kepler-953,Transit,2016,,4.60975453,,5328.63,1,
TIC 88785435 b,TIC 88785435,Transit,2025,10.508843,5.03,,3998,0.911,0.724
KOI-134 b,KOI-134,Transit,2025,67.1277,12.03844527,346.4329636,6160,1.667,1.407
KOI-134 c,KOI-134,Transit Timing Variations,2025,33.95,,69.92224954,6160,1.667,1.407
TRAPPIST-1 b,TRAPPIST-1,Transit,2016,1.5108261,,,2566,0.1192,0.0898
TRAPPIST-1 c,TRAPPIST-1,Transit,2016,2.4219371,,,2566,0.1192,0.0898
TOI-1846 b,TOI-1846,Transit,2025,3.9306737,1.792,,3568,0.397,0.418
TOI-5882 b,TOI-5882,Transit,2025,7.148972,11.46678726,6995.403238,5920,2.26,1.334
TOI-5882 b,TOI-5882,Transit,2025,7.148973,11.83668362,7720.052006,6060,2.334,1.549
Kepler-2000 b,Kepler-2000,Transit,2023,6.38,3.2,,,,
Kepler-2000 c,Kepler-2000,Transit,2023,20.62,1.85,,,,
Kepler-45 b,Kepler-45,Transit,2011,2.46,11.54,,,,
Kepler-138 c,Kepler-138,Transit,2014,13.78,1.5,,,,
Kepler-138 d,Kepler-138,Transit,2014,23.09,1.33,,,,
Kepler-138 b,Kepler-138,Transit,2014,10.31,0.64,,,,
Kepler-551 b,Kepler-551,Transit,2016,12.38,2.69,,,,
Kepler-568 b,Kepler-568,Transit,2016,11.02,2.31,,,,
Kepler-186 c,Kepler-186,Transit,2014,7.27,1.4,,,,
Kepler-186 d,Kepler-186,Transit,2014,13.34,1.55,,,,
Kepler-186 b,Kepler-186,Transit,2014,3.89,1.19,,,,
Kepler-186 e,Kepler-186,Transit,2014,22.41,1.41,,,,
Kepler-186 f,Kepler-186,Transit,2014,129.95,1.21,,,,
Kepler-617 b,Kepler-617,Transit,2016,1.68,1.45,,,,
Kepler-622 b,Kepler-622,Transit,2016,14.28,2.1,,,,
Kepler-205 b,Kepler-205,Transit,2014,2.76,1.48,,,,
Kepler-205 c,Kepler-205,Transit,2014,20.31,1.71,,,,
Kepler-52 c,Kepler-52,Transit,2012,16.38,2.12,,,,
Kepler-52 b,Kepler-52,Transit,2012,7.88,2.29,,,,
Kepler-52 d,Kepler-52,Transit,2014,36.45,2.13,,,,
Kepler-674 b,Kepler-674,Transit,2016,2.24,1.88,,,,
Kepler-676 b,Kepler-676,Transit,2016,11.6,2.98,,,,
Kepler-231 c,Kepler-231,Transit,2014,19.27,2.06,,,,
Kepler-231 b,Kepler-231,Transit,2014,10.07,1.93,,,,
Kepler-235 b,Kepler-235,Transit,2014,3.34,2.49,,,,
Kepler-235 d,Kepler-235,Transit,2014,20.06,2.38,,,,
Kepler-235 e,Kepler-235,Transit,2014,46.18,2.3,,,,
Kepler-235 c,Kepler-235,Transit,2014,7.83,1.41,,,,
Kepler-236 c,Kepler-236,Transit,2014,23.97,2.11,,,,
Kepler-236 b,Kepler-236,Transit,2014,8.3,1.8,,,,
Kepler-691 b,Kepler-691,Transit,2016,8.11,2.25,,,,
Kepler-705 b,Kepler-705,Transit,2016,56.06,2.24,,,,
Kepler-28 b,Kepler-28,Transit,2011,5.91,2.15,,,,
Kepler-28 c,Kepler-28,Transit,2011,8.99,2.06,,,,
Kepler-54 b,Kepler-54,Transit,2012,8.01,1.9,,,,
Kepler-54 c,Kepler-54,Transit,2012,12.07,1.46,,,,
Kepler-54 d,Kepler-54,Transit,2014,21,1.45,,,,
Kepler-249 c,Kepler-249,Transit,2014,7.11,1.46,,,,
Kepler-249 b,Kepler-249,Transit,2014,3.31,1.15,,,,
Kepler-249 d,Kepler-249,Transit,2014,15.37,1.41,,,,
Kepler-732 b,Kepler-732,Transit,2016,9.47,2.45,,,,
Kepler-1125 b,Kepler-1125,Transit,2016,17.67089,1.78,,5810,0.87,0.98
Kepler-911 b,Kepler-911,Transit,2016,20.310501,2.6,,6112,1.99,1.34
Kepler-1569 b,Kepler-1569,Transit,2016,5.79180156,1.68,,6319,1.4,1.25
K2-3 c,K2-3,Transit,2015,24.646582,1.69,3.3,3835,0.6,0.62
KELT-14 b,KELT-14,Transit,2016,1.7100529,,,5720,1.52,1.239
Kepler-203 d,Kepler-203,Transit,2014,11.3295929,,,5871.24,1.07657,1.06
Kepler-799 b,Kepler-799,Transit,2016,133.461,7,,5976,0.93,1.03
Kepler-962 b,Kepler-962,Transit,2016,12.057086,1.98,,5486,0.79,0.894
WASP-166 b,WASP-166,Transit,2019,5.4435402,,,6050,1.22,
Kepler-998 b,Kepler-998,Transit,2016,5.65378163,,,5822,1.22732,1.05
WASP-39 b,WASP-39,Transit,2011,4.06,14.23543,88.9924,5326.6,1.01342,0.918
K2-101 b,K2-101,Transit,2016,14.6762429,2,,4927,0.76,0.82
CoRoT-6 b,CoRoT-6,Transit,2009,8.886593,13.068,940.74,6090,1.025,1.05
Kepler-128 c,Kepler-128,Transit,2013,22.80303,,2.23,,1.653,1.155
Kepler-403 c,Kepler-403,Transit,2014,54.2812031,1.43,,6086,1.111,1.102
K2-136 d,K2-136,Transit,2017,25.5715,1.55,,4359,0.723,0.686
Kepler-346 b,Kepler-346,Transit,2014,6.511120857,,,5543,0.909664,0.98
Kepler-1010 b,Kepler-1010,Transit,2016,34.2685705,2.47,,5325,0.866,0.809
Kepler-1504 b,Kepler-1504,Transit,2016,82.303914,,,5507.61,1.8831,0.97
Kepler-1523 b,Kepler-1523,Transit,2016,0.938746328,,,5472.95,0.992517,0.96
Kepler-84 b,Kepler-84,Transit,2012,8.72585936,2.75,,6028,1.022,1.005
TOI-1855 b,TOI-1855,Transit,2024,1.3641482,19.5876,,5347,1.08,
GJ 328 b,GJ 328,Radial Velocity,2013,4100,,,3900,,0.69
Kepler-937 b,Kepler-937,Transit,2016,67.6690554,,,5660.37,1.43698,1.01
Kepler-176 c,Kepler-176,Transit,2014,12.760082,2.4,,5166,0.79,0.77
Kepler-677 b,Kepler-677,Transit,2016,6.575315881,5.31,,5992,0.989,0.927
Kepler-1390 b,Kepler-1390,Transit,2016,6.4802138,1.26,,5496,0.983,0.92
Kepler-166 d,Kepler-166,Transit,2016,1.553998059,,,5230,0.781826,0.89
Kepler-651 b,Kepler-651,Transit,2016,21.38521506,2.29,,5655,0.845,0.888
V1298 Tau d,V1298 Tau,Transit,2019,12.4058,6.43395492,98.52680617,5050,1.278,1.17
K2-335 b,K2-335,Transit,2021,12.283211,2.21,,6222,1.33,1.23
Kepler-528 b,Kepler-528,Transit,2016,19.7830344,,,5585.22,1.28083,0.99
TOI-4638.01,TOI-4638,Transit,2024,10.28391879,2.933,,5700,0.895,1.02
K2-344 b,K2-344,Transit,2021,3.3557219,1.9149,,3807,0.56,
Kepler-1083 b,Kepler-1083,Transit,2016,33.4177993,3.22,,5142,0.745,0.825
Kepler-1043 b,Kepler-1043,Transit,2016,,2.611,,5978,0.939,
Kepler-908 b,Kepler-908,Transit,2016,1.340597468,1.07,,5977,1.022,1.133
OGLE-2014-BLG-1722L b,OGLE-2014-BLG-1722L,Microlensing,2018,,,,,,
Kepler-233 c,Kepler-233,Transit,2014,60.4189369,,,5175,0.85322,0.88
Kepler-1120 b,Kepler-1120,Transit,2016,2.949029106,1.48,,4983,0.807,0.771
HD 220689 b,HD 220689,Radial Velocity,2012,2209,,,5921,1.07,1.04
HD 39091 b,HD 39091,Radial Velocity,2001,2088.33,,4004.637928,5998,1.19,1.07
Kepler-826 b,Kepler-826,Transit,2016,4.48758768,1.37,,6060,1.257,0.972
WASP-144 b,WASP-144,Transit,2018,2.2783135,,,,,
Kepler-1998 b,Kepler-1998,Transit,2023,3.03267135,0.6,,5640,0.921,0.962
Kepler-1943 b,Kepler-1943,Transit,2021,4.85018974,1.1,,6032,0.973,1.055
Kepler-117 c,Kepler-117,Transit,2014,50.79034619,9.16,,6466,1.183,1.205
Kepler-584 b,Kepler-584,Transit,2016,35.1810304,4.02,,6466,1.183,1.205
Kepler-270 c,Kepler-270,Transit,2014,25.2630467,1.71,,6071,1.41,1.156
HD 66428 c,HD 66428,Radial Velocity,2021,10478.84437000000,,560.64931,,,1.01
Kepler-1362 b,Kepler-1362,Transit,2016,136.205626,2.43,,4650,0.688,0.699
Kepler-548 b,Kepler-548,Transit,2016,,11.428,,5349,0.889,
Kepler-301 d,Kepler-301,Transit,2014,13.75129636,1.66,,5814,0.881,0.944
Kepler-278 c,Kepler-278,Transit,2014,51.075756,3.36,,4991,2.935,1.298
K2-12 b,K2-12,Transit,2015,8.282455,2.18823473,,5663,1.005112,0.935733
TOI-733 b,TOI-733,Transit,2023,4.8847937,1.94753,,5969,0.94,
Kepler-562 b,Kepler-562,Transit,2016,,6.089,,5823,1.077,
Kepler-1074 b,Kepler-1074,Transit,2016,5.94565516,1.12,,3974,0.564,0.581
Kepler-1089 b,Kepler-1089,Transit,2016,5.132486123,1.69,,3879,0.578,0.619
Kepler-1798 b,Kepler-1798,Transit,2021,16.85592593,1.7,,3967,0.587,0.593
Kepler-1255 b,Kepler-1255,Transit,2016,36.2919336,2.02,,6168,0.96,1.034
Kepler-138 b,Kepler-138,Transit,2014,10.31282204,0.59,,3846,0.503,0.505
Kepler-1439 b,Kepler-1439,Transit,2016,8.07394097,1.59,,3675,0.398,0.428
Kepler-1455 b,Kepler-1455,Transit,2016,49.2768448,1.75,,3899,0.529,0.528
Kepler-303 b,Kepler-303,Transit,2014,1.937029968,0.87,,4042,0.49,0.505
Kepler-303 c,Kepler-303,Transit,2014,7.06117322,1.23,,4042,0.49,0.505
Kepler-898 b,Kepler-898,Transit,2016,5.87063416,1.44,,4166,0.612,0.624
Kepler-901 b,Kepler-901,Transit,2016,3.517494725,1.42,,4132,0.564,0.578
Kepler-1761 b,Kepler-1761,Transit,2021,4.04355245,1.75,,3871,0.532,0.573
Kepler-1646 b,Kepler-1646,Transit,2016,4.48558383,0.97,,3227,0.2,0.176
Kepler-1650 b,Kepler-1650,Transit,2017,1.538180949,1,,3364,0.274,0.26
Kepler-953 b,Kepler-953,Transit,2016,88.40678718,4.55,,5611,1.073,1.026
Kepler-953 c,Kepler-953,Transit,2016,9.10969334,1.32,,5611,1.073,1.026
Kepler-974 b,Kepler-974,Transit,2016,4.194496867,1.57,,3706,0.522,0.555
Kepler-327 b,Kepler-327,Transit,2014,2.549562652,1.11,,3716,0.506,0.513
Kepler-327 d,Kepler-327,Transit,2014,13.96950181,2.04,,3716,0.506,0.513
Kepler-327 c,Kepler-327,Transit,2014,5.21230171,1.04,,3716,0.506,0.513
Kepler-988 b,Kepler-988,Transit,2016,17.76076524,1.93,,3826,0.516,0.54
Kepler-994 b,Kepler-994,Transit,2016,1.151166776,1.28,,3951,0.535,0.561
Kepler-1049 b,Kepler-1049,Transit,2016,3.27344784,0.81,,3758,0.496,0.528
Kepler-353 c,Kepler-353,Transit,2014,8.41100305,1.8,,3757,0.539,0.552
Kepler-353 b,Kepler-353,Transit,2014,5.79529495,1.05,,3757,0.539,0.552
Kepler-1124 b,Kepler-1124,Transit,2016,2.852348262,1.66,,3731,0.433,0.463
Kepler-1712 b,Kepler-1712,Transit,2021,13.81504449,1.91,,3732,0.509,0.515
Kepler-440 b,Kepler-440,Transit,2015,101.1107014,1.61,,4133,0.561,0.578
Kepler-186 c,Kepler-186,Transit,2014,7.26730117,1.23,,3761,0.46,0.48
Kepler-186 d,Kepler-186,Transit,2014,13.34300789,1.53,,3761,0.46,0.48
Kepler-186 b,Kepler-186,Transit,2014,3.886789356,1.05,,3761,0.46,0.48
Kepler-186 e,Kepler-186,Transit,2014,22.40777444,1.26,,3761,0.46,0.48
Kepler-186 f,Kepler-186,Transit,2014,129.94577,1.06,,3761,0.46,0.48
Kepler-617 b,Kepler-617,Transit,2016,1.682696148,1.27,,3678,0.47,0.49
Kepler-622 b,Kepler-622,Transit,2016,14.28226676,1.64,,3679,0.47,0.49
Kepler-205 b,Kepler-205,Transit,2014,2.755637103,1.17,,3834,0.48,0.51
Kepler-205 c,Kepler-205,Transit,2014,20.30655662,1.29,,3834,0.48,0.51
Kepler-1805 b,Kepler-1805,Transit,2021,8.84784273,1.15,,3867,0.552,0.581
Kepler-1152 b,Kepler-1152,Transit,2016,1.646801683,0.86,,3810,0.513,0.543
Kepler-125 b,Kepler-125,Transit,2014,4.164384505,2.54,,3808,0.508,0.534
Kepler-125 c,Kepler-125,Transit,2014,5.77440326,0.8,,3808,0.508,0.534
Kepler-2000 b,Kepler-2000,Transit,2023,6.383159135,2.73,,3757,0.576,0.581
Kepler-2000 c,Kepler-2000,Transit,2023,20.6180348,1.57,,3757,0.576,0.581
Kepler-45 b,Kepler-45,Transit,2011,2.455240626,10.6,,3793,0.568,0.587
Kepler-1826 b,Kepler-1826,Transit,2021,1.615357809,1.37,,3821,0.486,0.49
Kepler-395 c,Kepler-395,Transit,2014,34.9894475,1.25,,3735,0.4,0.413
Kepler-395 b,Kepler-395,Transit,2014,7.05427318,0.78,,3735,0.4,0.413
Kepler-1308 b,Kepler-1308,Transit,2016,2.104338119,0.52,,3410,0.345,0.35
Kepler-1319 b,Kepler-1319,Transit,2016,2.886762645,0.67,,3400,0.266,0.267
Kepler-1321 b,Kepler-1321,Transit,2016,11.12830484,6.63,,4385,0.706,0.736
Kepler-1321 c,Kepler-1321,Transit,2016,2.226491086,3.26,,4385,0.706,0.736
Kepler-1321 d,Kepler-1321,Transit,2021,5.72087524,3.08,,4385,0.706,0.736
Kepler-1350 b,Kepler-1350,Transit,2016,4.4968604,2.13,,3698,0.444,0.465
Kepler-1350 c,Kepler-1350,Transit,2016,1.766789062,1.48,,3698,0.444,0.465
Kepler-1366 b,Kepler-1366,Transit,2016,2.164570968,1.28,,3900,0.54,0.552
Kepler-186 c,Kepler-186,Transit,2014,7.26730117,1.23,,3761,0.46,0.48
Kepler-186 d,Kepler-186,Transit,2014,13.34300789,1.53,,3761,0.46,0.48
Kepler-186 b,Kepler-186,Transit,2014,3.886789356,1.05,,3761,0.46,0.48
Kepler-186 e,Kepler-186,Transit,2014,22.40777444,1.26,,3761,0.46,0.48
Kepler-186 f,Kepler-186,Transit,2014,129.94577,1.06,,3761,0.46,0.48
Kepler-617 b,Kepler-617,Transit,2016,1.682696148,1.27,,3678,0.47,0.49
Kepler-622 b,Kepler-622,Transit,2016,14.28226676,1.64,,3679,0.47,0.49
Kepler-205 b,Kepler-205,Transit,2014,2.755637103,1.17,,3834,0.48,0.51
Kepler-205 c,Kepler-205,Transit,2014,20.30655662,1.29,,3834,0.48,0.51
Kepler-1152 b,Kepler-1152,Transit,2016,1.646801908,0.91,,3900,0.537,0.559
Kepler-125 b,Kepler-125,Transit,2014,4.164383815,2.71,,3810,0.52,0.54
Kepler-125 c,Kepler-125,Transit,2014,5.77442209,0.85,,3810,0.52,0.54
Kepler-2000 b,Kepler-2000,Transit,2023,6.383163462,2.59,,3769,0.56,0.59
Kepler-2000 c,Kepler-2000,Transit,2023,20.6181066,1.4,,3769,0.56,0.59
Kepler-45 b,Kepler-45,Transit,2011,2.45524062,11.03,,3820,0.552,0.563
Kepler-1826 b,Kepler-1826,Transit,2021,1.615359728,1.18,,3815,0.498,0.505
Kepler-551 b,Kepler-551,Transit,2016,12.3764661,2.11,,3797,0.48,0.51
Kepler-1388 b,Kepler-1388,Transit,2016,12.2854603,2.23,,3903,0.523,0.541
Kepler-361 b,Kepler-361,Transit,2014,8.48653576,1.29,,6327,1.175,1.064
Kepler-1052 b,Kepler-1052,Transit,2016,,2.693,,5738,0.95,
KMT-2023-BLG-1642L b,KMT-2023-BLG-1642L,Microlensing,2024,,,406.820361,,,0.13
Kepler-385 c,Kepler-385,Transit,2014,15.16342,2.07,,6084,1.04,1.1
Kepler-60 d,Kepler-60,Transit,2012,11.903,,3.8,5883,1.47227,1.07
Kepler-828 b,Kepler-828,Transit,2016,0.567856484,,,4954,0.726517,0.82
Kepler-1745 b,Kepler-1745,Transit,2021,3.01618319,1.67,,6043,0.999,1.062
Kepler-1222 b,Kepler-1222,Transit,2016,1.916944254,0.79,,5239,0.8,0.84
WD 1856+534 b,WD 1856+534,Transit,2020,1.407936933,,,5780,,
Kepler-800 b,Kepler-800,Transit,2016,14.13173322,,,5293,0.787518,0.91
Kepler-1211 b,Kepler-1211,Transit,2016,11.01816836,2.69,,6075,0.969,1.048
Kepler-350 c,Kepler-350,Transit,2013,17.849,3.1,6.1,,1.25,1
Kepler-1605 b,Kepler-1605,Transit,2016,85.7567919,2.99,,5037,2.213,1.083
HD 3765 b,HD 3765,Radial Velocity,2021,1211,,,5049.8,0.83061,0.851785
Kepler-1180 b,Kepler-1180,Transit,2016,16.85976251,,,6163,1.4184,1.17
HAT-P-40 b,HAT-P-40,Transit,2012,4.457144371,18.03115599,,6074,2.09465,
Kepler-380 c,Kepler-380,Transit,2014,,1.483,,6031,1.27,
Kepler-102 c,Kepler-102,Transit,2014,7.07136076,0.554,,,,0.803
Kepler-400 c,Kepler-400,Transit,2014,17.340824,1.49,,5886,1.145,
Kepler-342 d,Kepler-342,Transit,2014,39.4571522,2.32,,6475,1.178,1.2
Kepler-1624 b,Kepler-1624,Transit,2016,3.290304518,5.7,,3636,0.47,0.5
LHS 1678 c,LHS 1678,Transit,2021,3.694284,0.941,,3490,0.329,0.345
Kepler-960 b,Kepler-960,Transit,2016,,2.016,,4773,0.689,
Kepler-1351 b,Kepler-1351,Transit,2016,,0.551,,4365,0.561,
Kepler-433 b,Kepler-433,Transit,2015,5.3340867,8.1,,6045,1.14,1.02
Kepler-852 b,Kepler-852,Transit,2016,44.9309804,2.54,,6100,1.16,1.19
Kepler-778 b,Kepler-778,Transit,2016,3.75574426,1.72,,5311,0.788,0.884
K2-126 b,K2-126,Transit,2017,7.385453,2,,,0.66,
Kepler-731 b,Kepler-731,Transit,2016,3.85558969,13.96546218,,5741,1.05268,
Kepler-491 b,Kepler-491,Transit,2016,4.225384512,9.16,,5649,1.055,1.071
Kepler-444 e,Kepler-444,Transit,2015,7.743493,0.546,,5046,0.752,0.758
Kepler-1100 b,Kepler-1100,Transit,2016,6.42200058,1.28,,6201,0.989,1.058
Kepler-1330 b,Kepler-1330,Transit,2016,10.10691725,,,5470,1.81783,0.96
Kepler-101 b,Kepler-101,Transit,2014,3.487689428,5.97,,5661,1.655,1.244
Kepler-20 d,Kepler-20,Transit,2011,77.6115987,2.492,,,,0.942
Kepler-179 b,Kepler-179,Transit,2014,2.735903375,1.58,,5294,0.761,0.849
WASP-148 b,WASP-148,Transit,2020,8.8036803,8.9006,,5701,0.94,
WASP-186 b,WASP-186,Transit,2020,5.026799551,12.98147408,,6434,1.47828,
WASP-62 b,WASP-62,Transit,2012,4.41194,15.02006,184.3414,6230,1.29,1.28
TOI-2459 b,TOI-2459,Transit,2023,19.10470192,2.93653367,,4195,0.675093,
Kepler-1282 b,Kepler-1282,Transit,2016,2.131945263,,,5444,0.910714,0.95
WASP-89 b,WASP-89,Transit,2015,3.3564227,11.65736,1875.197,5130,0.88,0.92
K2-342 b,K2-342,Transit,2021,11.561514,2.4,,6140,1.406,
Kepler-1798 b,Kepler-1798,Transit,2021,16.85592593,,,4155.94,0.641076,0.65
Kepler-1124 b,Kepler-1124,Transit,2016,2.852348262,,,3732,0.521234,0.518645
Kepler-1712 b,Kepler-1712,Transit,2021,13.81504449,,,3833,0.583435,0.574359
Kepler-1805 b,Kepler-1805,Transit,2021,8.84784273,,,3796,0.596385,0.585129
Kepler-1152 b,Kepler-1152,Transit,2016,1.646801683,,,3937,0.608109,0.594655
Kepler-125 b,Kepler-125,Transit,2014,4.164384505,,,3800,0.546506,0.542101
Kepler-125 c,Kepler-125,Transit,2014,5.77440326,,,3800,0.546506,0.542101
Kepler-2000 b,Kepler-2000,Transit,2023,6.383159135,,,3886,0.656577,0.632033
Kepler-2000 c,Kepler-2000,Transit,2023,20.6180348,,,3886,0.656577,0.632033
Kepler-45 b,Kepler-45,Transit,2011,2.455240626,,,3792,0.614823,0.600017
Kepler-1826 b,Kepler-1826,Transit,2021,1.615357809,,,3890,0.604869,0.592043
Kepler-205 b,Kepler-205,Transit,2014,2.755637216,,,4281.6,0.604434,0.669
Kepler-205 c,Kepler-205,Transit,2014,20.30652862,,,4281.6,0.604434,0.669
XO-7 b,XO-7,Transit,2019,2.8641424,15.389957,225.34147,6250,1.48,1.405
TRAPPIST-1 b,TRAPPIST-1,Transit,2016,,1.121,1.017,,,0.089
TRAPPIST-1 c,TRAPPIST-1,Transit,2016,,1.095,1.156,,,0.089
TRAPPIST-1 d,TRAPPIST-1,Transit,2016,,0.784,0.297,,,0.089
TRAPPIST-1 e,TRAPPIST-1,Transit,2017,,0.91,0.772,,,0.089
TRAPPIST-1 f,TRAPPIST-1,Transit,2017,,1.046,0.934,,,0.089
TRAPPIST-1 g,TRAPPIST-1,Transit,2017,,1.148,1.148,,,0.089
TRAPPIST-1 h,TRAPPIST-1,Transit,2017,,0.773,0.331,,,0.089
WASP-148 b,WASP-148,Transit,2020,8.80381,8.092898,92.48853,5460,1.03,1
WASP-148 c,WASP-148,Radial Velocity,2020,34.516,,127.132,5460,1.03,1
Kepler-1687 b,Kepler-1687,Transit,2020,5.77954,1.65623882,,4132,0.726119,0.65
WASP-62 b,WASP-62,Transit,2012,4.41193858,,,6391,1.21427,1.28
WASP-186 b,WASP-186,Transit,2020,5.026799,12.44199,1341.2426,6361,1.47,1.22
Kepler-186 c,Kepler-186,Transit,2014,7.267,1.37,,3820,0.5,0.506
Kepler-138 b,Kepler-138,Transit,2014,10.3126,0.522,0.066,3841,0.442,0.521
Kepler-1455 b,Kepler-1455,Transit,2016,49.276764,2.16,,4075,0.6,0.62
Kepler-1366 b,Kepler-1366,Transit,2016,2.164570968,1.43,,4070,0.6,0.62
Kepler-186 d,Kepler-186,Transit,2014,13.34305036,,,3876,0.547805,0.543276
Kepler-732 c,Kepler-732,Transit,2016,0.893040261,,,3619,0.522369,0.519723
Kepler-801 b,Kepler-801,Transit,2016,11.41921431,,,4390,0.689681,0.69
HIP 41378 b,HIP 41378,Transit,2016,15.572098,,,6226,1.343,1.168
Kepler-440 b,Kepler-440,Transit,2015,101.1108113,,,3891,0.6628,0.636635
Kepler-186 f,Kepler-186,Transit,2014,129.9441,1.17,,3755,0.523,0.544
Kepler-138 c,Kepler-138,Transit,2014,13.7813,1.197,1.97,3841,0.442,0.521
Kepler-953 b,Kepler-953,Transit,2016,88.40655258,4.21,,5416,0.99,0.95
Kepler-617 b,Kepler-617,Transit,2016,1.682695938,1.23,,3669,0.47,0.494
Kepler-1855 b,Kepler-1855,Transit,2021,0.727331746,,,3479,0.619862,0.603999
Kepler-1687 b,Kepler-1687,Transit,2020,5.77957133,,,4132,0.726119,0.65
Kepler-395 c,Kepler-395,Transit,2014,34.9897847,,,3897,0.644287,0.622827
Kepler-395 b,Kepler-395,Transit,2014,7.05429483,,,3897,0.644287,0.622827
Kepler-551 b,Kepler-551,Transit,2016,12.37646897,2.53,,4200,0.607,0.622
Kepler-622 b,Kepler-622,Transit,2016,14.28228147,1.82,,4102,0.595,0.612
Kepler-205 b,Kepler-205,Transit,2014,2.755637216,1.37,,4121,0.553,0.57
Kepler-205 c,Kepler-205,Transit,2014,20.30652862,1.58,,4121,0.553,0.57
Kepler-1308 b,Kepler-1308,Transit,2016,2.10433534,,,3505,0.480845,0.478808
Kepler-1319 b,Kepler-1319,Transit,2016,2.8867624,,,3527,0.500204,0.498257
Kepler-1321 b,Kepler-1321,Transit,2016,11.12827427,,,4034,0.758548,0.63
Kepler-1321 c,Kepler-1321,Transit,2016,2.226496196,,,4034,0.758548,0.63
Kepler-1321 d,Kepler-1321,Transit,2021,5.72084599,,,4034,0.758548,0.63
K2-415 b,K2-415,Transit,2023,4.0179694,1.015,7.5,3173,0.1965,0.1635
Kepler-1813 b,Kepler-1813,Transit,2021,2.81814715,,,,,
K2-212 b,K2-212,Transit,2018,9.7954,2.39257704,,4349,0.598075,0.621928
Kepler-637 b,Kepler-637,Transit,2016,23.20584623,2.76,,6722,1.466,1.296
Kepler-36 c,Kepler-36,Transit,2012,16.23192004,3.962,,5979,1.634,1.034
K2-104 b,K2-104,Transit,2016,1.974,,,3578,0.502513,0.500534
HATS-13 b,HATS-13,Transit,2015,3.0440499,13.585308,172.58169,5523,0.887,0.962
Kepler-1987 c,Kepler-1987,Transit,2023,3.648459,1.13,,4601,0.67,0.74
Kepler-1728 b,Kepler-1728,Transit,2021,4.78300387,,,5021,0.818491,0.83
Kepler-1158 b,Kepler-1158,Transit,2016,13.53953595,2.32,,6109,1.997,1.406
Kepler-106 c,Kepler-106,Transit,2014,13.570733,2.47,,5865,1.04,1.002
Kepler-172 c,Kepler-172,Transit,2014,6.38900035,,,5429,1.08963,0.95
Kepler-31 b,Kepler-31,Transit,2011,20.86021267,5.28,,6505,1.163,1.185
Kepler-1161 b,Kepler-1161,Transit,2016,10.71253219,,,4512.48,0.771349,0.71
Kepler-874 b,Kepler-874,Transit,2016,40.0686727,3.41,,6026,0.992,0.924
Kepler-103 b,Kepler-103,Transit,2014,15.96533687,3.14,,5845,1.436,1.094
Kepler-245 b,Kepler-245,Transit,2014,7.49017229,2.98,,5257,0.874,0.804
Kepler-229 d,Kepler-229,Transit,2014,41.19725502,3.86,,5031,0.848,0.801
KOI-12 b,KOI-12,Transit,2015,17.85523216,14.59767531,,6779.2,1.49114,
Kepler-198 d,Kepler-198,Transit,2016,1.311846092,,,5569.29,0.94755,0.982
GJ 179 b,GJ 179,Radial Velocity,2009,2288,,,3370,0.38,0.357
Kepler-903 c,Kepler-903,Transit,2016,62.9212757,,,5562,1.63874,0.98
K2-117 c,K2-117,Transit,2017,5.44425,1.75,,,0.4,
Kepler-1339 b,Kepler-1339,Transit,2016,1.341555127,1.08,,5738,1.407,0.938
KOI-1833 d,Kepler-968,Transit,2021,7.68433346,,,4442,0.701769,0.696
Kepler-58 c,Kepler-58,Transit,2012,15.57363551,2.93,,6100,1.083,1.017
Kepler-156 c,Kepler-156,Transit,2014,15.90686437,2.51,,5075,0.769,0.801
Kepler-276 d,Kepler-276,Transit,2013,48.64703539,,,5746,0.910298,1.03
Kepler-554 b,Kepler-554,Transit,2016,1.902208556,3.92,,5438,0.825,0.938
Qatar-7 b,Qatar-7,Transit,2019,2.032046,19.0553,597.5204,6387,1.564,1.409
55 Cnc b,55 Cnc,Radial Velocity,1996,14.6,,254.25,,,
WASP-18 b,WASP-18,Transit,2009,,,3327.6801,,,1.28
Kepler-286 e,Kepler-286,Transit,2014,29.2215101,1.79,,5742,0.91,0.96
Kepler-167 b,Kepler-167,Transit,2014,4.393157678,1.41,,4799,0.692,0.776
MOA-2010-BLG-117L b,MOA-2010-BLG-117L,Microlensing,2018,,,170,,,0.58
Kepler-910 b,Kepler-910,Transit,2016,2.36436762,,,6117.24,1.57308,1.154
WASP-75 b,WASP-75,Transit,2013,2.4841939,11.8,,5994,1.13,
KMT-2019-BLG-1216L b,KMT-2019-BLG-1216L,Microlensing,2023,,,28.60455663,,,0.37
Kepler-256 b,Kepler-256,Transit,2014,,1.236,,5608,0.985,
K2-155 b,K2-155,Transit,2018,6.34365,1.55,,3919,0.526,0.54
TOI-4515 b,TOI-4515,Transit,2024,15.26646582,12.26639677,,5420.82,0.874078,
TOI-2443 b,TOI-2443,Transit,2023,15.669494,2.7731,,4357,0.7321,0.66
Kepler-193 c,Kepler-193,Transit,2014,50.6984448,2.541,,5976,1.012,1.051
CoRoT-5 b,CoRoT-5,Transit,2009,4.0379156,,,,,
Kepler-354 d,Kepler-354,Transit,2014,24.209842,1.24,,4648,0.674,
Kepler-695 b,Kepler-695,Transit,2016,3.040330424,9.17,,5035,0.791,0.754
Kepler-1948 b,Kepler-1948,Transit,2021,15.57131611,0.7,,3842,0.526,0.531
K2-389 b,K2-389,Transit,2022,8.584043,2.184,,5782,1.084,0.802
Kepler-1852 b,Kepler-1852,Transit,2021,7.97098825,1.88,,5237,0.826,0.927
Kepler-876 b,Kepler-876,Transit,2016,5.1443645,1.55,,5157,0.904,0.83
Kepler-1302 b,Kepler-1302,Transit,2016,8.83922659,1.43,,5236,0.82,0.86
Kepler-1666 b,Kepler-1666,Transit,2020,25.8474596,2.57,,6297,1.031,1.084
Kepler-60 d,Kepler-60,Transit,2012,11.8981,1.99,4.16,5905,1.257,1.041
Kepler-356 b,Kepler-356,Transit,2014,4.61268045,1.3,,6129,1.108,1.072
Kepler-1129 b,Kepler-1129,Transit,2016,24.3397804,2.96,,5831,1,1
GJ 514 b,GJ 514,Radial Velocity,2022,140.43,,,3728,0.5,0.51
Kepler-164 c,Kepler-164,Transit,2014,10.94575474,,,6095,1.02132,1.14
Kepler-176 e,Kepler-176,Transit,2016,51.1658019,,,5047,0.821202,0.84
HR 8799 c,HR 8799,Imaging,2008,,11.209,,7204.58,1.49338,1.61
Kepler-1325 b,Kepler-1325,Transit,2016,33.8786838,2.86,,5550,0.91,0.93
Kepler-841 b,Kepler-841,Transit,2016,124.4197175,10.3,,5066,1.659,0.945
Kepler-750 b,Kepler-750,Transit,2016,9.42887179,2.95,,6495,1.168,1.19
TOI-431 b,TOI-431,Transit,2021,0.490052,,,4850,0.731,0.78
TOI-1248 b,TOI-1248,Transit,2024,4.3601561,6.8084859,27.4,5205,0.8686,0.9042
Kepler-1830 b,Kepler-1830,Transit,2021,56.4931698,,,6273.82,1.75079,1.22
Kepler-645 b,Kepler-645,Transit,2016,3.27581523,,,6284.97,1.41768,1.23
Kepler-155 c,Kepler-155,Transit,2014,52.66187,2.29,,4526,0.606,0.635
Kepler-1279 b,Kepler-1279,Transit,2016,,2.363,,6174,1.975,
Kepler-335 c,Kepler-335,Transit,2014,67.8450771,2.81,,6000,1.768,1.367
Kepler-1976 b,Kepler-1976,Transit Timing Variations,2023,4.959319244,,,5734,1.06251,1.02
Kepler-1391 b,Kepler-1391,Transit,2016,54.4099612,1.56,,5746,1.133,0.954
HAT-P-41 b,HAT-P-41,Transit,2012,2.694034775,18.25137548,,6479,1.65082,
Kepler-411 c,Kepler-411,Transit,2016,7.834430676,,,4837,0.731146,0.785
OGLE-2015-BLG-0966L b,OGLE-2015-BLG-0966L,Microlensing,2016,,,21,,,0.38
Kepler-177 c,Kepler-177,Transit,2013,,9.13,,5732,1.369,
Kepler-357 b,Kepler-357,Transit,2014,6.475403414,,,4870,0.740322,0.79
Kepler-1206 b,Kepler-1206,Transit,2016,1.217000383,1.58,,4859,0.757,0.734
Kepler-264 b,Kepler-264,Transit,2014,40.8065333,3.71,,6207,2.097,1.472
TOI-6002 b,TOI-6002,Transit,2024,10.904821,1.65,,3229,0.2432,0.2101
K2-65 b,K2-65,Transit,2016,12.6475,1.58,,5213,0.84,0.87
Kepler-1542 d,Kepler-1542,Transit,2016,5.992180927,,,5611.29,1.14724,0.99
Kepler-309 b,Kepler-309,Transit,2014,5.92365634,1.03,,3880,0.49,0.51
Kepler-292 f,Kepler-292,Transit,2014,20.8341497,,,5193,0.838226,0.88
Kepler-479 b,Kepler-479,Transit,2016,12.49343755,,,5207,0.767297,0.886
Kepler-417 c,Kepler-417,Transit Timing Variations,2014,,2.488,,5379,0.767,
Kepler-373 b,Kepler-373,Transit,2014,5.535301,1.47,,5803,0.87,0.978
Kepler-1153 b,Kepler-1153,Transit,2016,1.755846,1.51,,5545,0.81,0.91
HAT-P-60 b,HAT-P-60,Transit,2021,4.7947813,18.28184752,182.4335056,6212,2.197,1.435
Kepler-164 c,Kepler-164,Transit,2014,10.94577401,,,6095,1.02132,1.14
Kepler-462 c,Kepler-462,Transit,2020,207.5829306,4.52,,6688,1.79,1.353
Kepler-423 b,Kepler-423,Transit,2014,2.68432897,12.4,,5976,0.93,1.028
Kepler-1830 b,Kepler-1830,Transit,2021,56.4943,2.19,,6428,1.11,1.18
Kepler-1324 b,Kepler-1324,Transit,2016,4.115844679,1.71,,4827,0.823,0.796
Kepler-993 b,Kepler-993,Transit,2016,22.08557563,2.22,,3635,0.41,0.432
K2-58 d,K2-58,Transit,2016,22.88159,1.75221592,,5134,0.803348,0.857874
Kepler-964 b,Kepler-964,Transit,2016,13.5225106,4.15,,5659,1.626,1.08
Kepler-300 c,Kepler-300,Transit,2014,40.7151103,2.15,,5968,0.881,0.97
HATS-66 b,HATS-66,Transit,2018,3.141382453,13.07086402,,6534,1.73409,
Kepler-178 c,Kepler-178,Transit,2014,20.55280793,2.61,,5535,0.92,0.94
Kepler-1734 b,Kepler-1734,Transit,2021,6.79684436,2.12,,6061,0.97,1.05
Kepler-325 c,Kepler-325,Transit,2014,12.76211573,,,5585.15,0.796602,0.99
K2-199 b,K2-199,Transit,2018,3.225369,1.593,,,0.582,
Kepler-176 b,Kepler-176,Transit,2014,5.43312169,1.41,,5229,0.877,0.826
Kepler-234 b,Kepler-234,Transit,2014,2.711502579,3.975,,5911,1.171,1.129
Kepler-305 d,Kepler-305,Transit,2014,16.73865956,2.67,,5117,0.79,0.85
Kepler-293 c,Kepler-293,Transit,2014,54.1558384,,,5412,0.870183,0.94
Kepler-24 e,Kepler-24,Transit,2014,18.99850923,2.353,,6022,1.084,1.046
Kepler-270 b,Kepler-270,Transit,2014,11.476094,2.01,,6067,1.461,
Kepler-1217 b,Kepler-1217,Transit,2016,2.032325072,1.91,,6156,1.05,1.114
Kepler-430 b,Kepler-430,Transit,2015,35.9682344,2.06,,5831,1.238,1.032
Kepler-573 b,Kepler-573,Transit,2016,22.18332255,2.78,,5565,1.03,0.889
Kepler-289 e,Kepler-289,Transit,2025,330.071558,2.94,,5933,1.115,0.998
Kepler-1020 b,Kepler-1020,Transit,2016,96.9151496,2.01,,5229,0.701,0.781
Kepler-446 b,Kepler-446,Transit,2015,,1.147,,3359,0.217,
Kepler-58 d,Kepler-58,Transit,2014,,2.66,,5776,0.986,
Kepler-11 c,Kepler-11,Transit,2010,13.02492819,3.02,,5745,1.07,0.99
Kepler-1303 b,Kepler-1303,Transit,2016,7.561207,1.16,,5823,0.88,0.984
Kepler-1578 b,Kepler-1578,Transit,2016,,1.045,,6050,0.886,
Kepler-1994 b,Kepler-1994,Transit,2023,4.61225043,,,5337.39,1.11473,0.921
K2-35 c,K2-35,Transit,2016,5.60871,1.9,,,0.603,
Kepler-200 b,Kepler-200,Transit,2014,,1.894,,5785,0.99,
Kepler-298 d,Kepler-298,Transit,2014,77.4740724,2.91,,4612,0.65,0.69
Kepler-1987 b,Kepler-1987,Transit,2023,2.345863002,,,4711,0.738369,0.75
Kepler-114 c,Kepler-114,Transit,2013,8.041331208,1.28,,3983,0.54,0.56
Kepler-967 b,Kepler-967,Transit,2016,13.22713379,1.86,,5080,0.628,0.619
HAT-P-4 b,HAT-P-4,Transit,2007,3.0565233,,,5860,1.596,1.248
KELT-6 b,KELT-6,Transit,2014,7.845582,13.22662,140.48086,6272,1.53,1.126
Kepler-283 b,Kepler-283,Transit,2014,11.00823021,3.44,,5189,0.72,0.76
HD 22496 b,HD 22496,Radial Velocity,2021,5.09071,,,4385,0.674,0.684
DMPP-1 b,DMPP-1,Radial Velocity,2019,18.57,,,6196,1.26,1.21
Kepler-225 c,Kepler-225,Transit,2014,18.79398,2.29,,4304,0.563,0.593
OGLE-2012-BLG-0358L b,OGLE-2012-BLG-0358L,Microlensing,2013,,,578,,,0.022
Kepler-1333 b,Kepler-1333,Transit,2016,109.6462783,,,5488.86,0.890843,0.96
Kepler-1827 b,Kepler-1827,Transit,2021,3.700619936,1.85644292,,5423,1.404,0.915
Kepler-241 c,Kepler-241,Transit,2014,36.06587916,2.71,,4702,0.686,0.67
GJ 720 A b,GJ 720 A,Radial Velocity,2021,19.466,,,3837,0.56,0.57
K2-411 b,K2-411,Transit,2022,3.2141,0.9898,,5711,1.375,1.018
Kepler-208 c,Kepler-208,Transit,2014,7.466669415,,,6000.9,1.32062,1.11
K2-280 b,K2-280,Transit,2018,19.89531,8.01,,,1.367,
WASP-77 A b,WASP-77 A,Transit,2012,1.36003,15.46842,727.8307,5365,1.09,1.49
Kepler-1250 b,Kepler-1250,Transit,2016,2.607527573,,,5690,1.52652,1.01
Kepler-163 c,Kepler-163,Transit,2014,21.34736612,,,5410.9,0.97077,0.94
Kepler-199 b,Kepler-199,Transit,2014,23.64219092,3.87,,5989,1.131,0.979
Kepler-251 d,Kepler-251,Transit,2014,30.1329303,3.199,,5492,0.809,0.891
Kepler-361 c,Kepler-361,Transit,2014,55.1866695,2.24,,6327,1.175,1.064
Kepler-1244 b,Kepler-1244,Transit,2016,3.704283556,,,6568.52,2.53418,1.36
K2-346 b,K2-346,Transit,2021,26.19445485,2.99459349,,4678,0.709927,
Kepler-301 d,Kepler-301,Transit,2014,13.75129636,,,5627.92,0.959718,1
Kepler-1964 b,Kepler-1964,Transit,2021,2.440836404,14.68,,4798,0.71,0.733
Kepler-770 d,Kepler-770,Transit,2016,4.15246118,7.62,,4941,4.885,1.808
Kepler-895 b,Kepler-895,Transit,2016,,1.584,,4154,0.655,
Kepler-51 d,Kepler-51,Transit,2014,130.194,9.7,7.6,6018,0.94,1.04
K2-239 d,K2-239,Transit,2018,10.115,1.1,,3420,0.36,0.4
Kepler-1340 b,Kepler-1340,Transit,2016,0.665026916,0.98,,5957,0.937,1.026
K2-151 b,K2-151,Transit,2018,3.835476,1.49,,3695,0.45,0.47
Kepler-94 b,Kepler-94,Transit,2014,2.5080585,3.36,,4786,0.757,0.814
Kepler-727 b,Kepler-727,Transit,2016,5.154484417,2.53,,5441,0.86,0.89
Kepler-1742 b,Kepler-1742,Transit,2021,49.47798785,,,5582,0.865348,0.99
Kepler-1653 b,Kepler-1653,Transit,2017,140.251943,,,,,
Kepler-275 d,Kepler-275,Transit,2014,35.6756963,3.1,,6193,1.28,1.16
Kepler-374 d,Kepler-374,Transit,2014,5.02818614,1.91,,5730,1.341,1.033
Kepler-140 b,Kepler-140,Transit,2014,3.254274054,1.35,,6167,1.064,1.149
Kepler-1389 b,Kepler-1389,Transit,2016,,2.181,,4962,0.717,
TOI-2266 b,TOI-2266,Transit,2024,2.326342966,1.97631873,,3244,0.261162,
Gaia22dkvL b,Gaia22dkvL,Microlensing,2024,,,261.2549506,,,1.046
Kepler-763 b,Kepler-763,Transit,2016,1.19655156,1.22,,5166,0.8,0.84
WASP-15 b,WASP-15,Transit,2009,3.7520656,16.01,172,6300,1.477,1.18
Kepler-694 b,Kepler-694,Transit,2016,6.365845495,,,5568,0.98285,0.98
TOI-700 b,TOI-700,Transit,2020,9.97701,1.01,,3480,0.42,0.416
Kepler-301 c,Kepler-301,Transit,2014,5.41907559,1.478,,5656,0.94,1.022
Kepler-937 b,Kepler-937,Transit,2016,67.668827,3.27,,6126,1.079,0.963
Kepler-357 c,Kepler-357,Transit,2014,16.85827722,2.36,,5029,0.77,0.81
Kepler-324 c,Kepler-324,Transit,2014,51.81024389,,,5214,0.859378,0.89
Kepler-545 b,Kepler-545,Transit,2016,13.24934059,2.69,,5882,1.07,1.04
Kepler-352 d,Kepler-352,Transit,2021,6.88729828,0.66,,5238,0.752,0.836
Kepler-560 b,Kepler-560,Transit,2016,18.47764449,1.57,,3387,0.3,0.3
Kepler-1385 b,Kepler-1385,Transit,2016,2.888796,0.56,,5739,0.85,0.963
HAT-P-4 b,HAT-P-4,Transit,2007,3.0565114,14.93,216.12,,1.602,1.26
HATS-3 b,HATS-3,Transit,2013,3.547851,15.48,340.382,6351,1.404,1.209
HD 135694 b,HD 135694,Transit,2023,15.92347557,2.857,,5712,1.08,1.02
Kepler-329 b,Kepler-329,Transit,2014,7.41634701,,,4475,0.716897,0.702
Kepler-604 b,Kepler-604,Transit,2016,25.85499978,,,5787,1.10571,1.04
HR 5183 b,HR 5183,Radial Velocity,2019,27000.00000000000,,,5794,1.53,1.07
Kepler-511 b,Kepler-511,Transit,2016,296.637865,8.985,,5837,1.698,0.952
Kepler-139 d,Kepler-139,Transit,2023,7.305699922,1.95,,5616,1.2,1.044
Kepler-852 b,Kepler-852,Transit,2016,44.93128,3.5,,6374,1.38,1.18
Kepler-1799 b,Kepler-1799,Transit,2021,11.92960247,,,5540,1.55873,0.97
Kepler-538 b,Kepler-538,Transit,2016,81.73764829,,,5499,0.896703,0.964
TOI-3568 b,TOI-3568,Transit,2024,4.417965,5.3,26.4,4969,0.719,0.78
Kepler-783 c,Kepler-783,Transit,2020,7.053934488,,,5411.49,0.872088,0.94
Kepler-374 c,Kepler-374,Transit,2014,3.282807,1.1,,5977,0.911,
Kepler-26 b,Kepler-26,Transit,2011,12.28299972,2.89,,3887,0.53,0.55
Kepler-343 b,Kepler-343,Transit,2014,8.968520119,,,5750.81,1.2921,1.03
Kepler-1665 b,Kepler-1665,Transit,2020,11.95475266,2.31,,5098,0.787,0.746
Kepler-342 b,Kepler-342,Transit,2014,15.17026921,2.47,,6297,1.369,1.247
Kepler-864 c,Kepler-864,Transit,2023,2.42149592,,,5621,1.33944,1
K2-37 b,K2-37,Transit,2016,4.443774,1.52572113,,5382,0.818403,0.886868
Kepler-85 e,Kepler-85,Transit,2014,25.216751,1.27,,5436,0.893,
HD 74698 c,HD 74698,Radial Velocity,2023,3449,,,5783,1.333,1.039
Kepler-1207 b,Kepler-1207,Transit,2016,13.68237119,1.53,,6102,1.026,1.099
GJ 367 b,GJ 367,Transit,2021,0.3219233,2.66076,,3518,0.46,
Kepler-1353 b,Kepler-1353,Transit,2016,24.75451053,,,4684,0.748377,0.747
Kepler-364 c,Kepler-364,Transit,2014,59.9810586,2.4,,6177,1.38,1.19
Kepler-1188 b,Kepler-1188,Transit,2016,17.1369543,2.17,,6217,1.09,1.098
Kepler-310 c,Kepler-310,Transit,2014,56.47542,3.38,,5797,0.876,
GJ 317 c,GJ 317,Radial Velocity,2018,7500,,,3492.73,0.431834,0.453271
Kepler-126 c,Kepler-126,Transit,2014,21.86967617,1.56,,6239,1.358,1.188
Kepler-650 b,Kepler-650,Transit,2016,3.032145588,3.49,,6042,1.574,1.033
HAT-P-4 b,HAT-P-4,Transit,2007,3.0565259,15.1633,,5981,1.6,
Kepler-113 b,Kepler-113,Transit,2014,4.75400072,2,,4728,0.693,0.768
KOI-351 e,KOI-351,Transit,2013,91.9404603,2.32,,6238,1.054,0.967
Kepler-1596 b,Kepler-1596,Transit,2016,66.373379,2.02,,6139,0.976,1.006
Kepler-1456 b,Kepler-1456,Transit,2016,18.1373788,,,4116,0.653437,0.64
Kepler-383 c,Kepler-383,Transit,2014,31.2009333,1.39,,4710,0.699,0.683
Kepler-369 b,Kepler-369,Transit,2014,2.732756,1.13,,3591,0.471,
K2-289 b,K2-289,Transit,2019,13.15628,3.2,,3809,0.38,
Kepler-1066 b,Kepler-1066,Transit,2016,1.931559839,2.55,,5642,1.05,0.822
Kepler-1899 b,Kepler-1899,Transit,2021,4.09578199,,,4732.81,0.685832,0.76
Kepler-224 e,Kepler-224,Transit,2014,18.64385,2.55,,5210,0.72,0.825
Kepler-1311 b,Kepler-1311,Transit,2016,11.1726994,1.06,,5988,1.236,1.002
K2-119 b,K2-119,Transit,2017,7.727574,2.6,,,0.71,
Kepler-615 b,Kepler-615,Transit,2016,10.35584657,1.74,,4655,0.69,0.73
GJ 3470 b,GJ 3470,Radial Velocity,2012,3.336651063,4.13050781,,3552,0.499698,
K2-348 c,K2-348,Transit,2021,12.550896,2.6,,5220,0.828,
Kepler-378 c,Kepler-378,Transit,2014,,0.84,,4696,0.714,
Kepler-820 b,Kepler-820,Transit,2016,127.8338098,7.57,,6205,1.689,1.084
Kepler-234 b,Kepler-234,Transit,2014,,3.524,,5911,1.216,
EPIC 201595106 b,EPIC 201595106,Transit,2021,0.877214,1.3,,5820,0.93,
Kepler-253 d,Kepler-253,Transit,2014,,3.098,,5081,0.815,
TOI-201 b,TOI-201,Transit,2021,52.97818,11.298672,133.4886,6394,1.317,1.316
GJ 9827 b,GJ 9827,Transit,2017,1.2089749,,,4255,0.651,0.659
Kepler-247 d,Kepler-247,Transit,2014,20.47735749,5.07,,5130,0.8,0.84
Kepler-1527 b,Kepler-1527,Transit,2016,160.129918,4.77,,6224,1.32,1.21
K2-30 b,K2-30,Transit,2016,4.098474093,14.83669218,,5198,1.06395,
HIP 107773 b,HIP 107773,Radial Velocity,2015,144.3,,,4945,11.6,2.42
Kepler-392 c,Kepler-392,Transit,2014,10.42312041,1.31,,6474,1.403,1.104
Kepler-1551 b,Kepler-1551,Transit,2016,24.4972683,,,6256.78,1.12709,1.22
Kepler-1178 b,Kepler-1178,Transit,2016,,1.379,,4734,1.145,
HD 125390 b,HD 125390,Radial Velocity,2019,1758,,10806.16584,4882,,1.6
WASP-107 b,WASP-107,Transit,2017,5.7214742,,30.5,4425,0.67,0.683
Kepler-197 b,Kepler-197,Transit,2014,5.59934848,,,5963.52,1.20944,1.093
K2-266 e,K2-266,Transit,2018,19.4834833,3.54834332,,4362,0.733789,
Kepler-140 c,Kepler-140,Transit,2014,91.3515867,1.63,,6109,1.15,1.15
Kepler-1409 b,Kepler-1409,Transit,2016,0.764864926,1.04,,5160,0.79,0.83
Kepler-483 b,Kepler-483,Transit,2016,30.22935,2.6,,6568,1.18,1.23
Kepler-1172 b,Kepler-1172,Transit,2016,26.0204423,3.26,,5806,0.899,0.996
Kepler-441 b,Kepler-441,Transit,2015,207.248713,,,4021,0.584762,0.575474
TrES-3 b,TrES-3,Transit,2007,1.30619,14.706208,615.95454,5650,0.812,0.915
K2-163 b,K2-163,Transit,2018,6.673117,2.46610713,,4937,0.762201,0.826112
Kepler-586 b,Kepler-586,Transit,2016,2.104722184,2.96,,5705,0.976,1.09
Kepler-397 c,Kepler-397,Transit,2014,135.4977745,5.7,,5114,0.682,0.736
KELT-14 b,KELT-14,Transit,2016,1.71005325,,,,,
Kepler-603 c,Kepler-603,Transit,2016,127.9088327,,,5825,1.54113,1.05
Kepler-1371 c,Kepler-1371,Transit,2016,2.005414293,,,5378.93,0.916461,0.93
Kepler-212 c,Kepler-212,Transit,2014,31.80474045,2.612,,5880,1.448,1.174
Kepler-1093 c,Kepler-1093,Transit,2016,89.72188091,,,6343.61,1.40659,1.26
GJ 9689 b,GJ 9689,Radial Velocity,2020,18.27,,,3836,0.57,0.59
Kepler-228 c,Kepler-228,Transit,2014,4.13443512,,,5675,1.1757,1.01
51 Peg b,51 Peg,Radial Velocity,1995,4.230785,,,5758,1.17561,1.03
Kepler-284 c,Kepler-284,Transit,2014,37.514456,2.61,,5615,0.814,
WASP-19 b,WASP-19,Transit,2009,,,,5503,1.02805,0.97
LP 890-9 b,LP 890-9,Transit,2022,2.729904885,1.35136063,,2887,0.155498,
Kepler-599 b,Kepler-599,Transit,2016,15.65566138,,,5007,0.728343,0.83
Kepler-313 b,Kepler-313,Transit,2014,14.97039854,,,,,
Kepler-76 b,Kepler-76,Orbital Brightness Modulation,2013,1.544928883,13.67,,6308,1.444,1.171
Kepler-221 d,Kepler-221,Transit,2014,10.04156549,,,5284.79,0.74895,0.907
Kepler-1724 b,Kepler-1724,Transit,2021,6.45442931,,,5726,1.08301,1.02
Kepler-373 b,Kepler-373,Transit,2014,5.535364981,,,5553,1.3798,0.98
K2-191 b,K2-191,Transit,2018,2.85847,1.63,,,0.8988,
Kepler-929 b,Kepler-929,Transit,2016,0.921056,1.12,,5822,0.92,0.965
Kepler-535 b,Kepler-535,Transit,2016,,2.361,,6128,1.295,
Kepler-1495 b,Kepler-1495,Transit,2016,85.273256,3.01,,5922,1.057,0.911
Kepler-654 b,Kepler-654,Transit,2016,13.72462702,,,5843,1.66143,1.05
Kepler-58 e,Kepler-58,Transit,2023,4.45815716,1.415,,5776,0.965,1.024
55 Cnc b,55 Cnc,Radial Velocity,1996,14.648,,,5200,,0.85
WASP-104 b,WASP-104,Transit,2014,1.75540644,,,,,
Kepler-493 b,Kepler-493,Transit,2016,3.003876581,11.42,,6299,1.167,1.249
HD 219134 f,HD 219134,Radial Velocity,2015,22.805,,,4913,0.77,0.794
Kepler-347 c,Kepler-347,Transit,2014,27.3214242,3.61,,5592,1.451,1
Kepler-406 c,Kepler-406,Transit,2014,4.62333557,0.74,,5720,0.97,1.03
Kepler-1571 b,Kepler-1571,Transit,2016,3.38555488,1.345,,5638,1.237,0.916
K2-278 b,K2-278,Transit,2018,3.33253,3.63,,,1.766,
Kepler-83 b,Kepler-83,Transit,2012,9.77045194,2.37,,3893,0.52,0.54
Kepler-290 c,Kepler-290,Transit,2014,36.77019,2.53,,5115,0.7,0.798
Kepler-65 c,Kepler-65,Transit,2012,5.859697,2.623,5.4,,1.437,1.248
Kepler-848 b,Kepler-848,Transit,2016,6.911301,1.4,,5894,0.99,0.97
Kepler-664 b,Kepler-664,Transit,2016,2.52560111,,,5583,0.940483,0.99
Kepler-31 d,Kepler-31,Transit,2014,87.6475334,4.06,,6505,1.163,1.185
Kepler-62 e,Kepler-62,Transit,2013,122.3863812,1.873,,4859,0.707,0.697
Qatar-7 b,Qatar-7,Transit,2019,2.032069,,,,,
Kepler-210 b,Kepler-210,Transit,2014,2.453235899,2.91,,4588,0.7,0.77
Kepler-224 c,Kepler-224,Transit,2014,5.924993927,3.15,,5016,0.679,0.743
WASP-58 b,WASP-58,Transit,2012,5.01721434,,,,,
HD 40307 f,HD 40307,Radial Velocity,2013,51.56,,,4977,,0.77
Kepler-582 b,Kepler-582,Transit,2016,,2.986,,5288,0.749,
TOI-4153 b,TOI-4153,Transit,2024,4.617425391,16.66323365,,6411,1.67219,
Kepler-397 b,Kepler-397,Transit,2014,22.250949,2.46,,5307,0.767,
K2-28 b,K2-28,Transit,2016,2.260404,1.52,,,0.184,
Kepler-765 b,Kepler-765,Transit,2016,27.6655226,2.29,,6036,1.017,0.939
OGLE-2019-BLG-0362L b,OGLE-2019-BLG-0362L,Microlensing,2022,,,1036.120607,,,0.42
Kepler-1047 b,Kepler-1047,Transit,2016,,3.579,,5659,1.645,
Kepler-1172 b,Kepler-1172,Transit,2016,26.0204423,3.26,,5806,0.899,0.996
GJ 27.1 b,GJ 27.1,Radial Velocity,2014,15.819,,,3542,,0.53
Kepler-128 b,Kepler-128,Transit,2013,15.0896415,1.42,,6063,1.613,1.092
Kepler-11 f,Kepler-11,Transit,2010,46.68568857,,,5820,1.12955,1.05
Kepler-1430 b,Kepler-1430,Transit,2016,2.46050095,1.03,,4811,0.634,0.62
HAT-P-13 b,HAT-P-13,Transit,2009,2.9162368,,,,,
Kepler-69 b,Kepler-69,Transit,2013,13.72237104,2.29,,5745,0.95,0.94
KOI-2513.01,KOI-2513,Transit,2023,19.00537199,103.23,,6347,1.036,1.032
Kepler-297 c,Kepler-297,Transit,2014,74.920119,7.7,,6138,1.04,1.07
Kepler-294 b,Kepler-294,Transit,2014,,1.675,,5513,0.935,
TOI-5153 b,TOI-5153,Transit,2022,20.9108406,11.3547,,6408,1.38,
Kepler-654 b,Kepler-654,Transit,2016,13.72453369,,,5843,1.66143,1.05
Kepler-259 b,Kepler-259,Transit,2014,,3.209,,5511,0.919,
Kepler-812 b,Kepler-812,Transit,2016,,3.021,,6312,1.762,
K2-21 c,K2-21,Transit,2015,15.50192,2.49,,4222.06,0.646783,0.676023
Qatar-1 b,Qatar-1,Transit,2010,1.420024291,,,,,
Kepler-1031 b,Kepler-1031,Transit,2016,1.226232456,,,6051.81,,
Kepler-1059 b,Kepler-1059,Transit,2016,3.764191048,1.73,,4906,0.72,0.75
L 98-59 c,L 98-59,Transit,2019,3.6904,1.35,2.42,3412,0.314,0.312
Kepler-1977 b,Kepler-1977,Transit,2023,4.53702121,,,4606.75,0.705982,0.73
Kepler-669 b,Kepler-669,Transit,2016,4.125546869,4.46,,6174,1.103,1.162
Kepler-233 c,Kepler-233,Transit,2014,60.4186137,2.72,,5354,0.788,0.884
Kepler-798 b,Kepler-798,Transit,2016,13.71938763,,,5933.64,1.22214,1.08
Kepler-307 b,Kepler-307,Transit,2013,10.416,3.2,3.1,,1.08,0.98
Kepler-770 c,Kepler-770,Transit,2016,1.475322314,0.95,,5513,0.753,0.822
Kepler-936 b,Kepler-936,Transit,2016,10.56136226,,,5172.88,,
Kepler-1245 b,Kepler-1245,Transit,2016,4.35409304,1.44,,5306,0.83,0.86
Kepler-922 b,Kepler-922,Transit,2016,0.938466959,1.58,,5499,1.087,0.906
Kepler-87 b,Kepler-87,Transit,2013,114.73658,12.28,,5597,1.699,0.969
HD 77946 b,HD 77946,Transit,2024,6.527282,2.705,8.38,6046,1.31,1.17
Kepler-173 c,Kepler-173,Transit,2014,8.005815986,,,5629.05,1.14448,1
Kepler-462 c,Kepler-462,Transit,2020,207.62,4,6,7500,1.57,1.59
Kepler-85 d,Kepler-85,Transit,2014,17.9134215,,,5495,0.864111,0.96
Kepler-1587 b,Kepler-1587,Transit,2016,9.4061364,,,5936,1.37592,1.08
TOI-150.01,TOI-150,Transit,2019,5.857487,14.067295,797.7533,6255,1.526,1.351
Kepler-42 d,Kepler-42,Transit,2011,1.865114193,,,3357,0.176562,0.146463
Kepler-1292 b,Kepler-1292,Transit,2016,,1.779,,5814,0.999,
Kepler-11 d,Kepler-11,Transit,2010,22.68714105,3.26,,5657,1.046,0.921
TOI-2295 c,TOI-2295,Radial Velocity,2024,966.5,,,5730,1.459,1.168
Kepler-951 b,Kepler-951,Transit,2016,71.52533237,,,4689,0.72373,0.748
Kepler-250 c,Kepler-250,Transit,2014,,2.238,,5007,0.76,
Kepler-1965 b,Kepler-1965,Transit,2021,41.8681996,1.25,,5852,0.837,0.928
Kepler-279 c,Kepler-279,Transit,2013,35.7355719,5.61,,6488,1.66,1.32
Kepler-1691 b,Kepler-1691,Transit,2020,3.84822189,,,6000,1.13152,1.11
Kepler-1480 b,Kepler-1480,Transit,2016,22.12679948,2.97,,5312,1.445,0.963
Kepler-1987 c,Kepler-1987,Transit,2023,3.64829642,1.47,,4750,0.729,0.778
55 Cnc e,55 Cnc,Radial Velocity,2004,,1.92,8.08,5250,0.963515,0.9
Kepler-24 c,Kepler-24,Transit,2011,12.33340885,4.75,,6038,1.088,0.965
K2-30 b,K2-30,Transit,2016,4.098506,12.3,,5567,0.92,0.93
Kepler-182 b,Kepler-182,Transit,2014,9.82578435,2.94,,6120,1.23,1.16
TOI-421 b,TOI-421,Transit,2020,5.197576,2.64,6.7,5291,0.866,0.833
WASP-72 b,WASP-72,Transit,2012,2.2167421,14.24,491.3763,6250,1.98,1.386
WASP-5 b,WASP-5,Transit,2008,1.62843,,,5700,1.029,0.96
Kepler-33 e,Kepler-33,Transit,2011,31.784,3.5,5.5,,,1.1
CoRoT-13 b,CoRoT-13,Transit,2010,4.03519,14.033668,416.99296,5945,1.274,1.086
HIP 57274 b,HIP 57274,Radial Velocity,2011,8.1352,,,4510,0.78,0.29
Kepler-1937 b,Kepler-1937,Transit,2021,9.6886646,2.846,,5970,1.095,1.088
Kepler-473 b,Kepler-473,Transit,2016,14.55730897,,,5624,1.92735,1
Kepler-1230 b,Kepler-1230,Transit,2016,9.95699,3.3,,6144,1.1,1.06
Kepler-1102 b,Kepler-1102,Transit,2016,51.3285623,3.13,,6119,1.119,1.027
Kepler-599 b,Kepler-599,Transit,2016,15.65563866,2.55,,5185,0.837,0.779
Kepler-65 b,Kepler-65,Transit,2012,,1.452,,6220,1.453,
Kepler-195 c,Kepler-195,Transit,2014,34.0963441,1.71,,5320,0.786,0.882
Kepler-193 c,Kepler-193,Transit,2014,,2.542,,5976,1.035,
K2-57 b,K2-57,Transit,2016,9.0073,2.30905002,,4413,0.671,0.699
Kepler-1676 b,Kepler-1676,Transit,2020,29.92205802,1.88,,6122,0.996,1.07
Kepler-902 b,Kepler-902,Transit,2016,40.1099547,2.49,,5960,0.906,0.983
Kepler-1377 b,Kepler-1377,Transit,2016,0.7409258,1.4,,5613,0.89,0.89
Kepler-803 b,Kepler-803,Transit,2016,50.28635977,3.88,,5900,1.167,1.012
HD 11506 b,HD 11506,Radial Velocity,2007,1622.1,,,6030,1.34,1.24
Kepler-1921 b,Kepler-1921,Transit,2021,20.03479958,2.89459458,,6120,2,1.251
HAT-P-50 b,HAT-P-50,Transit,2015,3.1220109,14.437192,431.93097,6280,1.698,1.273
HATS-24 b,HATS-24,Transit,2017,1.3484954,16.667783,775.5052,6346,1.172,1.212
Kepler-852 b,Kepler-852,Transit,2016,44.9309804,2.78,,6354,1.25,1.019
Kepler-220 e,Kepler-220,Transit,2014,45.90324897,,,4457.96,0.769859,0.699
Kepler-1017 b,Kepler-1017,Transit,2016,7.23400469,2.017,,5400,0.87,0.949
Kepler-760 c,Kepler-760,Transit,2016,2.46697439,2.01,,5423,1.119,0.919
Kepler-753 b,Kepler-753,Transit,2016,5.747719,1.76,,4299,0.562,0.592
Kepler-715 b,Kepler-715,Transit,2016,,3.995,,6074,1.137,
Kepler-786 b,Kepler-786,Transit,2016,53.5292702,,,4568.33,0.815455,0.721
Kepler-360 b,Kepler-360,Transit,2014,3.289722169,1.62,,6052,1.028,1.022
Kepler-366 c,Kepler-366,Transit,2014,12.51616,1.79,,6209,1.048,
KOI-1831 d,Kepler-324,Transit,2021,34.2069395,1.13,,5355,0.803,0.901
Kepler-914 b,Kepler-914,Transit,2016,4.40966548,1.32,,5862,1.149,1.116
Kepler-785 b,Kepler-785,Transit,2016,1.97376051,9.86,,4656,0.618,0.68
HD 180314 b,HD 180314,Radial Velocity,2010,396.03,,,4917,9.2,2.6
HD 67087 c,HD 67087,Radial Velocity,2015,2374,,,6330,1.55,1.36
Kepler-391 c,Kepler-391,Transit,2014,20.4853893,3.6,,4938,3.324,1.136
Kepler-948 b,Kepler-948,Transit,2016,7.76846622,1.85,,5679,0.94,0.96
Kepler-214 c,Kepler-214,Transit,2014,28.7795813,2.947,,6052,1.582,1.137
TrES-2 b,TrES-2,Transit,2006,2.4706132,13.024858,457.6752,5850,0.95,0.94
Kepler-103 b,Kepler-103,Transit,2014,15.96533687,3.257,,5886,1.487,1.134
WASP-18 b,WASP-18,Transit,2009,0.941452422,,,,,
Kepler-393 c,Kepler-393,Transit,2014,14.6136,2.07,,6742,1.7,1.38
Kepler-112 c,Kepler-112,Transit,2014,28.57430911,,,5544.25,0.981539,0.976
Kepler-416 d,Kepler-416,Transit,2023,3.076410055,1.73000002,,5670,1.022,0.949
HAT-P-12 b,HAT-P-12,Transit,2009,,,,4652.87,0.703594,0.74
TOI-1883 b,TOI-1883,Transit,2024,4.50638,5.65,,3477,0.494,0.492
Kepler-179 c,Kepler-179,Transit,2014,6.400147394,2.57,,5475,0.87,0.91
Kepler-882 b,Kepler-882,Transit,2016,3.989539666,0.96,,5208,0.693,0.771
Kepler-769 b,Kepler-769,Transit,2016,7.42608998,2.35,,6225,1.009,1.07
Kepler-875 b,Kepler-875,Transit,2016,27.5071114,,,5882,1.12541,1.07
Kepler-1199 b,Kepler-1199,Transit,2016,15.04488567,,,5801.76,,
HAT-P-13 c,HAT-P-13,Radial Velocity,2009,446.27,,,,,
Kepler-1276 b,Kepler-1276,Transit,2016,12.5722897,1.09,,6084,1.169,1.037
Kepler-1337 b,Kepler-1337,Transit,2016,24.4002549,2.42,,4583,0.674,0.669
Kepler-60 d,Kepler-60,Transit,2012,11.9016171,2.55,,5915,1.5,1.11
Kepler-384 b,Kepler-384,Transit,2014,22.5965999,1.12,,5585,0.91,0.773
K2-344 b,K2-344,Transit,2021,3.35585,1.59,,4374,0.49,0.51
Kepler-325 c,Kepler-325,Transit,2014,12.76224947,2.744,,5541,0.81,0.914
Kepler-1817 b,Kepler-1817,Transit,2021,44.2993483,2.68,,5316,0.915,0.878
Kepler-1591 b,Kepler-1591,Transit,2016,8.18504949,0.95,,5984,0.906,0.993
Kepler-183 c,Kepler-183,Transit,2014,11.637071,2.27,,5888,0.958,
Kepler-386 c,Kepler-386,Transit,2014,25.1933989,1.95,,5009,0.84,0.797
Kepler-169 f,Kepler-169,Transit,2014,87.0905994,3.12,,5173,0.939,0.85
Kepler-748 b,Kepler-748,Transit,2016,7.40742502,2.01,,5922,0.961,1.002
TOI-1694 b,TOI-1694,Transit,2023,3.770129609,5.48002658,,5058,0.81833,
Kepler-1079 b,Kepler-1079,Transit,2016,13.24507215,,,5791.58,1.3873,
Kepler-1917 b,Kepler-1917,Transit,2021,12.90235874,,,5229.22,0.867011,0.89
Kepler-24 c,Kepler-24,Transit,2011,12.33,2.514,9.99,6028,1.099,1.06
Kepler-100 d,Kepler-100,Transit,2014,35.33221177,,,5859,1.5582,1.059
Kepler-1340 b,Kepler-1340,Transit,2016,0.665026916,0.98,,5957,0.937,1.026
Kepler-1978 b,Kepler-1978,Transit,2023,10.84969477,,,5155,0.889672,0.87
Kepler-148 d,Kepler-148,Transit,2016,51.846913,8.1,,5187,0.78,0.777
KMT-2019-BLG-0371L b,KMT-2019-BLG-0371L,Microlensing,2021,,,2447.278734,,,0.09
Kepler-1492 b,Kepler-1492,Transit,2016,16.75255007,3.69,,4807,1.802,0.955
Kepler-1086 b,Kepler-1086,Transit,2016,18.78429232,,,4484.48,0.615523,0.7
HD 189733 b,HD 189733,Radial Velocity,2005,2.219,14.12,365.49,5050,0.76,0.82
NGTS-4 b,NGTS-4,Transit,2019,1.3373508,3.18,20.6,5143,0.84,0.75
Kepler-1037 b,Kepler-1037,Transit,2016,1.063788673,1.61,,5265,1.002,0.919
Kepler-378 b,Kepler-378,Transit,2014,16.09231474,2.38,,4799,1.818,0.971
Kepler-1914 b,Kepler-1914,Transit,2021,30.8278245,,,5664,1.13513,1.01
Kepler-406 b,Kepler-406,Transit,2014,2.426300839,1.32,,5697,0.973,1.058
Kepler-295 c,Kepler-295,Transit,2014,21.52648147,,,5327,2.38169,
Kepler-442 b,Kepler-442,Transit,2015,112.306839,1.56,,4569,0.653,0.641
Kepler-1028 b,Kepler-1028,Transit,2016,2.51462432,1.31,,5679,0.841,0.925
Kepler-283 c,Kepler-283,Transit,2014,92.74935577,,,4250,0.631396,0.664
Kepler-126 b,Kepler-126,Transit,2014,10.495711,1.52,,6239,1.358,
L 98-59 d,L 98-59,Transit,2019,7.4507305,3.04528,,3469,0.31,
Kepler-370 c,Kepler-370,Transit,2014,19.023152,1.91,,5845,0.874,0.968
K2-288 B b,K2-288 B,Transit,2018,31.393463,1.9,,3341,0.32,0.33
Kepler-632 b,Kepler-632,Transit,2016,30.99660733,2.42,,5275,0.918,0.825
HAT-P-43 b,HAT-P-43,Transit,2012,3.332687,14.359,210.395,5645,1.103,1.048
Kepler-1753 b,Kepler-1753,Transit,2021,16.00454026,2.27,,5178,0.777,0.853
HD 106252 b,HD 106252,Radial Velocity,2002,1600,,,5896,1.05,1.03
Kepler-1072 b,Kepler-1072,Transit,2016,1.569066502,1.63,,6004,1.32,1.116
KOI-12 b,KOI-12,Transit,2015,17.855149,13.4,,6635,1.4,1.26
K2-274 b,K2-274,Transit,2018,14.13168,2.18,,,0.7209,
HD 191939 b,HD 191939,Transit,2020,8.88032,,,5348,0.94,0.81
Kepler-906 b,Kepler-906,Transit,2016,41.69831,2.4,,6292,1.06,1.13
Kepler-43 b,Kepler-43,Transit,2011,3.024092548,11.67,,5988,1.3,1.17
Kepler-265 c,Kepler-265,Transit,2014,17.02902105,2.41,,6299,0.983,1.045
Kepler-260 c,Kepler-260,Transit,2014,76.0503,1.69,,5250,0.9,0.9
Kepler-550 b,Kepler-550,Transit,2016,8.600104109,4.42,,5322,0.83,0.87
Kepler-48 d,Kepler-48,Transit,2014,42.89605505,1.98,,,,0.916
OGLE-2011-BLG-0173L b,OGLE-2011-BLG-0173L,Microlensing,2018,,,2100,,,0.43
HD 290327 b,HD 290327,Radial Velocity,2009,2443,,,5505,0.95,0.84
Kepler-554 b,Kepler-554,Transit,2016,1.902208556,3.92,,5438,0.825,0.938
Kepler-544 b,Kepler-544,Transit,2016,21.41664,1.97,,6269,1.04,1.124
Kepler-1895 b,Kepler-1895,Transit,2021,6.070290089,2.11934728,,5076,0.763,0.86
Kepler-193 b,Kepler-193,Transit,2014,11.38840217,3.04,,5876,1.456,1.093
K2-321 b,K2-321,Transit,2020,2.297991508,2.32710652,,3650,0.590525,
Kepler-364 b,Kepler-364,Transit,2014,25.7457529,1.45,,6484,1.173,1.195
Kepler-1072 b,Kepler-1072,Transit,2016,1.569066598,,,5794.96,1.5108,1.04
Kepler-357 c,Kepler-357,Transit,2014,16.85812066,,,4870,0.740322,0.79
Kepler-468 b,Kepler-468,Transit,2016,38.47875707,13.44,,5510,0.879,0.973
WASP-60 b,WASP-60,Transit,2012,4.305007,,,5900,1.14,1.078
K2-277 b,K2-277,Transit,2018,6.3297696,,,5673,0.975383,1.008
Kepler-681 b,Kepler-681,Transit,2016,26.39432897,,,4937,0.807916,0.81
TrES-3 b,TrES-3,Transit,2007,1.30619,14.515655,610.2336,5720,0.802,0.9
Kepler-1605 b,Kepler-1605,Transit,2016,85.7565495,5.18,,5447,4.001,1.658
Kepler-761 b,Kepler-761,Transit,2016,10.12824,2.6,,6149,1.07,1.07
HD 154857 c,HD 154857,Radial Velocity,2014,3452,,,5605,1.76,1.718
Kepler-1060 b,Kepler-1060,Transit,2016,,3.034,,5500,1.149,
Kepler-1219 b,Kepler-1219,Transit,2016,16.10467749,1.32,,6053,1.188,0.991
Kepler-1606 b,Kepler-1606,Transit,2016,196.435224,1.98,,5536,0.816,0.895
Kepler-1293 b,Kepler-1293,Transit,2016,5.57654784,1.314,,6219,1.692,1.325
Kepler-1385 b,Kepler-1385,Transit,2016,,1.067,,5727,1.685,
Kepler-374 d,Kepler-374,Transit,2014,5.028185799,,,5670.31,1.42107,1.01
Kepler-134 c,Kepler-134,Transit,2014,10.105785,1.26,,5983,1.176,
Kepler-1221 b,Kepler-1221,Transit,2016,12.00096042,1.61,,5195,0.69,0.688
Kepler-1132 b,Kepler-1132,Transit,2016,,2.361,,5042,0.807,
Kepler-304 e,Kepler-304,Transit,2016,1.499146953,1.43,,4910,0.892,0.828
Kepler-1475 b,Kepler-1475,Transit,2016,82.177374,2.2,,6247,0.954,1.022
Kepler-68 c,Kepler-68,Transit,2013,9.60503867,0.92,,5793,1.243,1.079
WASP-1 b,WASP-1,Transit,2007,2.51994701,,,,1.517,1.301
HD 32963 b,HD 32963,Radial Velocity,2015,2368,,657.9048025,5727,,1.03
Kepler-367 b,Kepler-367,Transit,2014,37.815724,1.3,,4710,0.695,
Kepler-169 d,Kepler-169,Transit,2014,8.34811,3.76,,5058,1.86,0.918
TOI-6034 b,TOI-6034,Transit,2024,2.57617956,12.14508691,,3628,0.497905,
Kepler-913 b,Kepler-913,Transit,2016,10.29664732,,,5440,0.814025,0.95
Kepler-1061 b,Kepler-1061,Transit,2016,2.75797905,,,6126,0.981999,1.158
Kepler-129 d,Kepler-129,Radial Velocity,2021,1935.571324,,,,,1.235
Kepler-388 c,Kepler-388,Transit,2014,13.29726982,,,,,
Kepler-1038 b,Kepler-1038,Transit,2016,148.4601819,,,5238,0.80043,0.89
HD 13931 b,HD 13931,Radial Velocity,2009,4449,,889.9195396,5829,,1.022
Kepler-1035 b,Kepler-1035,Transit,2016,2.714078374,1.38,,5815,0.992,1.038
WASP-8 b,WASP-8,Transit,2010,8.15872656,,,5600,0.945,1.03
Kepler-504 b,Kepler-504,Transit,2016,,1.767,,3562,0.416,
Kepler-332 c,Kepler-332,Transit,2014,15.9956114,1.3,,5141,0.861,0.801
Kepler-1507 b,Kepler-1507,Transit,2016,16.05044901,,,5327.83,0.808014,0.919
Kepler-1567 b,Kepler-1567,Transit,2016,153.9849874,,,5562,0.935994,0.98
HATS-29 b,HATS-29,Transit,2016,4.6058787,,,5670,1.073,1.032
Kepler-105 c,Kepler-105,Transit,2014,7.12592,1.44,5.6,5933,1.026,0.991
Kepler-1264 b,Kepler-1264,Transit,2016,0.96852,1.25,,5944,0.99,0.992
TOI-3807 b,TOI-3807,Transit,2023,2.8989758,10.0928,,5908,1.47,
Kepler-359 b,Kepler-359,Transit,2014,25.563222,3.53,,6248,1.086,
Kepler-1349 b,Kepler-1349,Transit,2016,2.12823928,0.694,,5970,1.369,1.178
Kepler-1618 b,Kepler-1618,Transit,2016,6.10826019,1.07,,6725,1.385,1.279
Kepler-806 b,Kepler-806,Transit,2016,8.09219642,1.86,,5662,1.922,0.989
Kepler-1200 b,Kepler-1200,Transit,2016,1.118549717,1.06,,4612,0.7,0.74
Kepler-48 c,Kepler-48,Transit,2012,9.67395,2.71,14.61,5194,0.89,0.88
Kepler-471 b,Kepler-471,Transit,2016,5.014234575,10.53,,6475,1.271,1.314
HD 152843 c,HD 152843,Transit,2021,,4.18440826,,6329,1.39619,
Kepler-1328 b,Kepler-1328,Transit,2016,4.521581367,,,5647.55,1.35747,1
Kepler-383 b,Kepler-383,Transit,2014,12.90467523,1.49,,4513,0.722,0.712
TOI-169 b,TOI-169,Transit,2020,2.2554477,12.172974,251.40353,5880,1.288,1.147
WASP-77 A b,WASP-77 A,Transit,2012,1.360028898,,,5500,,
HD 4313 b,HD 4313,Radial Velocity,2009,356,,,5005,4.91,2.47
TOI-969 c,TOI-969,Radial Velocity,2022,1700,,,4435,0.671,0.734
K2-365 b,K2-365,Transit,2022,23.446873,2.89705396,,5869,0.986872,
Kepler-726 b,Kepler-726,Transit,2016,21.80451088,3.26,,5452,0.85,0.88
Kepler-58 d,Kepler-58,Transit,2014,40.10156,,245.343,,0.964,1.024
Kepler-1060 b,Kepler-1060,Transit,2016,46.8776724,2.62,,5504,0.993,0.943
Kepler-324 b,Kepler-324,Transit,2014,4.38536461,1.11,,5355,0.803,0.901
Kepler-149 c,Kepler-149,Transit,2014,55.3285813,1.77,,5377,0.9,0.92
Kepler-75 b,Kepler-75,Transit,2013,8.88492268,10.83,,5206,0.83,0.83
Kepler-467 b,Kepler-467,Transit,2016,24.99324319,2.29,,5718,1.317,0.961
Kepler-1101 b,Kepler-1101,Transit,2016,81.31320034,,,5391.5,0.764821,0.94
Kepler-1065 c,Kepler-1065,Transit,2016,2.3702932,,,5469,0.974806,0.96
Kepler-1221 b,Kepler-1221,Transit,2016,12.00089667,,,,,
Kepler-106 b,Kepler-106,Transit,2014,6.16486,0.82,5.3,5858,1.04,1
Kepler-187 b,Kepler-187,Transit,2014,4.93886507,1.26,,5945,1.099,0.896
Kepler-1605 b,Kepler-1605,Transit,2016,85.7567919,,,5117.19,2.1319,
Kepler-1471 b,Kepler-1471,Transit,2016,3.63899398,1.41,,5660,0.93,0.95
Kepler-332 b,Kepler-332,Transit,2014,7.626324,1.17,,4955,0.72,
Kepler-681 b,Kepler-681,Transit,2016,26.39432897,3.07,,5129,0.763,0.846
Kepler-84 c,Kepler-84,Transit,2012,12.88294333,,,,,
HAT-P-15 b,HAT-P-15,Transit,2010,10.863502,12.016,618.471,5568,1.08,1.013
Wolf 327 b,Wolf 327,Transit,2024,0.5734745,1.24,2.53,3542,0.406,0.405
Kepler-167 d,Kepler-167,Transit,2016,21.803855,1.194,,4890,0.726,0.77
Kepler-1266 b,Kepler-1266,Transit,2016,28.4752,2.1,,5085,0.69,0.89
Kepler-1254 b,Kepler-1254,Transit,2016,9.99115241,1.68,,4838,0.796,0.771
Kepler-749 b,Kepler-749,Transit,2016,17.31716585,2.1,,4719,0.502,0.52
Kepler-301 d,Kepler-301,Transit,2014,13.75134642,1.96,,5814,0.881,0.944
Kepler-394 c,Kepler-394,Transit,2014,12.13109543,,,5977,0.991788,1.1
Kepler-203 d,Kepler-203,Transit,2014,11.32977062,,,5871.24,1.07657,1.06
Kepler-1846 b,Kepler-1846,Transit,2021,14.82009983,1.76378826,,4825,0.732,0.785
Kepler-265 d,Kepler-265,Transit,2014,,2.179,,5871,0.973,
MOA-2009-BLG-266L b,MOA-2009-BLG-266L,Microlensing,2011,2800,,10.4,,,0.56
Kepler-80 d,Kepler-80,Transit,2014,3.072169,1.47,,4613,0.647,0.722
EPIC 212424622 b,EPIC 212424622,Transit,2019,18.0971,2.21,,,1.2247,
Kepler-240 b,Kepler-240,Transit,2014,4.14451656,,,4749,0.808486,0.76
Kepler-62 d,Kepler-62,Transit,2013,18.16407876,2.122,,4859,0.707,0.697
Kepler-825 c,Kepler-825,Transit,2016,8.18182189,1.77,,6224,0.969,0.868
HD 113996 b,HD 113996,Radial Velocity,2017,610.2,,,4181,25.11,1.49
K2-272 b,K2-272,Transit,2018,14.454034,3.2,,5490,0.802,
Kepler-549 b,Kepler-549,Transit,2016,42.9495649,2.66,,5467,0.856,0.839
Kepler-276 b,Kepler-276,Transit,2014,14.12847677,,,5746,0.910298,1.03
TOI-519 b,TOI-519,Transit,2021,1.26523248,11.87031056,166.8599137,3354,0.3578,0.372
Kepler-365 b,Kepler-365,Transit,2014,10.66487537,1.83,,6011,1.03,1.035
Kepler-92 d,Kepler-92,Transit,2015,49.35780383,,,5904.34,1.81719,1.07
Kepler-167 e,Kepler-167,Transit,2016,1071.23228,10.15,,4890,0.726,0.77
Kepler-163 b,Kepler-163,Transit,2014,7.81104673,1.05,,5772,0.901,0.999
Kepler-1928 b,Kepler-1928,Transit,2021,19.57783279,1.96,,5620,0.884,0.971
Kepler-1245 c,Kepler-1245,Transit,2016,2.936587846,,,5235,,
MWC 758 c,MWC 758,Imaging,2023,,,,,,1.5
Kepler-1204 b,Kepler-1204,Transit,2016,85.72950297,,,5639,0.980376,1
HD 134060 c,HD 134060,Radial Velocity,2019,1291.5646,,,5966,,1.095
Kepler-215 e,Kepler-215,Transit,2014,,1.58,,5648,0.905,
K2-110 b,K2-110,Transit,2017,13.86383,2.5,,,0.68,
TOI-700 c,TOI-700,Transit,2020,16.05111,2.65,,3461,0.424,0.415
Kepler-891 b,Kepler-891,Transit,2016,53.44965,5.1,,5796,0.87,0.976
Kepler-248 b,Kepler-248,Transit,2014,6.308205,3.02,,5190,0.831,
TOI-776 b,TOI-776,Transit,2020,8.24663,,,3709,0.538,0.544
Kepler-726 b,Kepler-726,Transit,2016,21.80449556,,,5406,0.789879,0.94
Kepler-585 b,Kepler-585,Transit,2016,2.752359753,2.766,,5542,0.889,0.997
Kepler-549 d,Kepler-549,Transit,2023,24.61482073,3.65,,5467,0.856,0.839
Kepler-1374 b,Kepler-1374,Transit,2016,10.65292573,,,5319,0.770767,0.92
Kepler-223 d,Kepler-223,Transit,2014,14.78769446,3.77,,5825,1.003,0.902
Kepler-444 d,Kepler-444,Transit,2015,6.189,0.5,0.2,,,0.7
Kepler-949 c,Kepler-949,Transit,2023,20.99747771,3.72,,5211,0.895,0.817
Kepler-609 b,Kepler-609,Transit,2016,6.521210666,2.6,,5822,0.898,0.994
K2-88 b,K2-88,Transit,2016,4.61228,2.3,,3624.15,0.459539,0.477046
Kepler-549 b,Kepler-549,Transit,2016,42.94957774,,,5259,0.846751,0.9
Kepler-546 b,Kepler-546,Transit,2016,4.1470198,6.6,,5781,1.16,0.93
Kepler-359 c,Kepler-359,Transit,2014,57.68956952,,,5683,0.923027,1.01
Kepler-626 b,Kepler-626,Transit,2016,14.48585199,2.089,,5721,0.968,0.825
Kepler-1021 b,Kepler-1021,Transit,2016,13.47467339,,,5283,0.856467,0.91
Kepler-390 b,Kepler-390,Transit,2014,6.738055826,,,5174.86,0.829576,0.877
Kepler-1434 b,Kepler-1434,Transit,2016,8.05337912,,,6062.77,2.44642,1.13
Kepler-1275 b,Kepler-1275,Transit,2016,3.65690909,1.32,,6078,1.271,1.162
TOI-3235 b,TOI-3235,Transit,2023,2.59261842,11.39953337,211.3558907,3388.8,0.3697,0.3939
Kepler-703 b,Kepler-703,Transit,2016,4.5835184,5.4,,5796,0.87,0.98
WASP-190 b,WASP-190,Transit,2019,5.367753,,,6400,1.6,1.35
Kepler-1189 b,Kepler-1189,Transit,2016,3.78858982,1.77,,6012,1.16,1.11
WASP-22 b,WASP-22,Transit,2010,3.53273064,13.439591,196.10111,6153,1.255,1.249
Kepler-520 b,Kepler-520,Transit,2016,19.67416124,1.57,,6108,1.03,1.132
KELT-7 b,KELT-7,Transit,2015,2.7347659,17.7592,,6767.9,1.77,
Kepler-357 b,Kepler-357,Transit,2014,6.475341,1.7,,4978,0.72,0.727
Kepler-50 b,Kepler-50,Transit,2012,7.8128584,1.56,,6280,1.59,1.28
Kepler-1596 b,Kepler-1596,Transit,2016,66.373298,,,5679,1.69595,1.01
Kepler-325 d,Kepler-325,Transit,2014,38.7149617,2.62,,5445,0.937,0.919
Kepler-354 b,Kepler-354,Transit,2014,5.47661312,,,4550,0.707392,0.72
HATS-4 b,HATS-4,Transit,2014,2.5167278,,,5403,0.925,1.001
HAT-P-51 b,HAT-P-51,Transit,2015,4.2180226,,,5449,1.041,0.976
Kepler-296 f,Kepler-296,Transit,2014,63.3366606,1.23,,3517,0.37,0.38
Kepler-879 b,Kepler-879,Transit,2016,33.3855938,2.54,,5833,1.022,0.974
Kepler-1369 b,Kepler-1369,Transit,2016,25.87333,2.9,,5987,1.07,1
Kepler-295 d,Kepler-295,Transit,2014,33.88451892,,,5327,2.38169,
Kepler-1183 b,Kepler-1183,Transit,2016,28.5057189,2.82,,5765,0.99,1
Kepler-1251 b,Kepler-1251,Transit,2016,,2.473,,5798,0.913,
Kepler-1478 b,Kepler-1478,Transit,2016,26.0841212,,,5811,1.40031,1.04
Kepler-53 b,Kepler-53,Transit,2012,18.64895,3.1,,6086,0.97,1.065
K2-198 b,K2-198,Transit,2018,17.0428683,4.189,,5212.9,0.757,0.799
Kepler-780 b,Kepler-780,Transit,2016,0.677375164,0.97,,5735,1.099,0.955
Kepler-516 b,Kepler-516,Transit,2016,24.854687,4.8,,6954,1.64,1.41
HD 191939 f,HD 191939,Radial Velocity,2022,2898,,,5348,0.94,0.81
Kepler-265 d,Kepler-265,Transit,2014,43.1312147,2.39,,5839,1.067,0.881
KOI-1783.01,KOI-1783,Transit,2020,134.4785189,10.52,,5791,1.336,0.996
Kepler-260 c,Kepler-260,Transit,2014,,1.917,,5541,0.931,
Kepler-1191 b,Kepler-1191,Transit,2016,5.59979,1.38,,5432,0.78,0.88
Kepler-1979 b,Kepler-1979,Transit,2023,18.5084405,5.28,,5942,0.938,1.028
K2-270 c,K2-270,Transit,2018,4.399739,3.01,,,0.735,
Kepler-1853 b,Kepler-1853,Transit,2021,48.8882668,2.96,,4821,0.788,0.765
Kepler-731 b,Kepler-731,Transit,2016,3.855603916,,,5741,1.05268,1.03
Kepler-241 c,Kepler-241,Transit,2014,36.06587916,2.74,,4759,0.7,0.74
Kepler-985 b,Kepler-985,Transit,2016,116.331901,2.802,,5425,0.792,0.877
TOI-1136 f,TOI-1136,Transit,2022,26.317822,3.73591482,32,5805,0.9573,1.0404
Kepler-1135 b,Kepler-1135,Transit,2016,76.95806106,,,5559.78,1.78259,0.98
GJ 422 b,GJ 422,Radial Velocity,2014,26.161,,,3323,,0.35
Kepler-572 b,Kepler-572,Transit,2016,17.20522898,,,5106.6,0.774921,0.86
Kepler-124 c,Kepler-124,Transit,2014,,2.552,,4960,0.756,
Kepler-638 b,Kepler-638,Transit,2016,6.07972888,1.83,,5382,0.93,0.88
Kepler-877 b,Kepler-877,Transit,2016,18.45849295,,,,,
Kepler-1545 b,Kepler-1545,Transit,2016,163.692336,2.75,,4999,0.843,0.8
Kepler-347 b,Kepler-347,Transit,2014,12.7983044,1.99,,6092,0.998,1.074
Kepler-238 d,Kepler-238,Transit,2014,13.2358,2.3,,5779,0.9,0.97
Kepler-1835 b,Kepler-1835,Transit,2021,11.96712,2.7,,5913,1,0.979
Kepler-292 f,Kepler-292,Transit,2014,20.8342947,2.94,,5513,0.915,0.921
Kepler-1775 b,Kepler-1775,Transit,2021,85.65357334,,,5910.19,1.26615,1.08
Kepler-1254 c,Kepler-1254,Transit,2016,3.600832706,,,4898.13,0.718755,0.8
Kepler-176 c,Kepler-176,Transit,2014,12.759712,2.6,,5232,0.891,
Kepler-858 b,Kepler-858,Transit,2016,76.13655826,,,5576.31,0.940603,0.984
Kepler-651 b,Kepler-651,Transit,2016,21.38521506,2.29,,5655,0.845,0.888
Kepler-479 b,Kepler-479,Transit,2016,12.49341307,2.12,,5247,0.81,0.86
Kepler-1254 d,Kepler-1254,Transit,2016,5.72717226,1.35,,5130,0.756,0.79
Kepler-166 d,Kepler-166,Transit,2016,1.554003928,1.602,,5175,0.771,0.811
Kepler-1946 b,Kepler-1946,Transit,2021,3.035190105,2.48812698,,5505,0.873,0.887
Kepler-62 f,Kepler-62,Transit,2013,267.283301,1.42,,4797,0.653,0.637
Kepler-342 e,Kepler-342,Transit,2016,1.644224613,0.83,,6475,1.178,1.2
HD 221416 b,HD 221416,Transit,2019,14.278122,8.35660775,,5105,2.90324,
Kepler-990 b,Kepler-990,Transit,2016,9.91724268,2.85,,5539,1.207,0.932
Kepler-381 b,Kepler-381,Transit,2014,5.6291146,,,6407.65,1.46624,1.288
Kepler-221 d,Kepler-221,Transit,2014,10.04157503,,,5284.79,0.74895,0.907
24 Sex c,24 Sex,Radial Velocity,2010,883,,,5098,4.9,1.54
Kepler-215 c,Kepler-215,Transit,2014,14.6671927,1.53,,5741,1.008,0.813
WASP-69 b,WASP-69,Transit,2014,3.8681382,11.847913,82.6358,4700,0.813,0.826
KMT-2020-BLG-0414L b,KMT-2020-BLG-0414L,Microlensing,2021,,,1.21,,,0.364
WASP-11 b,WASP-11,Transit,2008,3.72247967,11.09691,156.37236,4900,0.772,0.806
Kepler-357 d,Kepler-357,Transit,2014,49.5004952,3.38,,5033,0.821,0.779
Kepler-342 b,Kepler-342,Transit,2014,15.17026179,2.103,,6272,1.363,1.213
Kepler-1814 c,Kepler-1814,Transit,2023,0.626281378,1.56,,4958,0.754,0.825
Kepler-79 e,Kepler-79,Transit,2014,81.0634942,2.23,,6388,1.037,1.084
Kepler-377 c,Kepler-377,Transit,2014,27.0141783,2.025,,5924,1.172,1.043
WASP-131 b,WASP-131,Transit,2016,5.322023,,,6030,1.53,1.06
TOI-837 b,TOI-837,Transit,2020,8.324917,,,6047,1.022,1.118
Kepler-601 b,Kepler-601,Transit,2016,5.378868441,1.77,,5207,0.725,0.756
K2-180 b,K2-180,Transit,2018,8.8656511,2.52,,5306,0.72,0.72
HD 96063 b,HD 96063,Radial Velocity,2011,362.5,,,5020,4.75,1.37
Kepler-1498 b,Kepler-1498,Transit,2016,48.0506878,,,,,
Kepler-1462 b,Kepler-1462,Transit,2016,,2.325,,5446,0.755,
Kepler-1201 b,Kepler-1201,Transit,2016,15.18725932,1.92,,6136,1.005,0.956
Kepler-301 b,Kepler-301,Transit,2014,2.508554095,1.33,,5814,0.881,0.944
Kepler-920 b,Kepler-920,Transit,2016,6.53192704,2.57,,5638,0.903,1.005
Kepler-263 c,Kepler-263,Transit,2014,47.33465,2.89,,5245,0.77,0.801
Kepler-321 b,Kepler-321,Transit,2014,4.915385793,,,5762.08,0.994273,1.031
Kepler-222 b,Kepler-222,Transit,2014,3.936981,3.16,,5433,0.869,
Kepler-515 b,Kepler-515,Transit,2016,19.96364808,,,,,
MOA-2020-BLG-208L b,MOA-2020-BLG-208L,Microlensing,2023,,,69,,,0.66
Kepler-273 c,Kepler-273,Transit,2014,,1.584,,5217,0.794,
Kepler-347 d,Kepler-347,Transit,2023,85.520888,1.72,,6092,0.998,1.074
Kepler-447 b,Kepler-447,Transit,2015,7.794301316,5.908,,5620,0.85,0.942
TOI-1296 b,TOI-1296,Transit,2021,3.9443715,13.79825524,94.71286529,5603,1.664,1.17
Kepler-1047 c,Kepler-1047,Transit,2016,3.18897601,0.99,,5754,1.13,1.08
Kepler-859 b,Kepler-859,Transit,2016,20.38149618,,,4898,0.731858,0.8
Kepler-1380 b,Kepler-1380,Transit,2016,10.3108245,1.34,,5708,0.893,0.967
Kepler-1271 b,Kepler-1271,Transit,2016,3.02558494,1.62,,6123,1.263,1.066
Kepler-354 d,Kepler-354,Transit,2014,24.21152,1.46,,4612,0.625,0.652
XO-5 b,XO-5,Transit,2008,4.1877558,12.78,378.2,5430,1.13,1.04
Kepler-42 d,Kepler-42,Transit,2011,1.8651086,3.08,,4188,0.681,0.617
TOI-4504 b,TOI-4504,Transit,2024,2.42614,2.691,,5315,0.92,0.89
Kepler-368 b,Kepler-368,Transit,2014,26.8475962,3.2,,5508,1.988,1.136
Kepler-127 b,Kepler-127,Transit,2014,14.43577,1.52,,6066.19,1.4457,1.13
Kepler-56 c,Kepler-56,Transit,2012,21.4054901,11.43,,4911,4.19,1.29
Kepler-1530 d,Kepler-1530,Transit,2021,9.2075634,5.5,,5678,1.303,1.015
Kepler-641 b,Kepler-641,Transit,2016,9.48961571,2.02,,5672,1.204,1.005
Kepler-1100 b,Kepler-1100,Transit,2016,6.42199919,,,5949.92,1.04134,1.09
Kepler-450 c,Kepler-450,Transit,2015,15.41308581,2.49,,6215,1.57,1.346
Kepler-80 e,Kepler-80,Transit,2014,4.645387,1.64,,4613,0.637,
TOI-561 e,TOI-561,Transit,2020,77.23,2.67,16,5455,0.849,0.785
K2-166 b,K2-166,Transit,2018,8.527219,1.82322896,,5922,1.196219,1.072665
HD 106270 b,HD 106270,Radial Velocity,2011,1872,,,,,1.33
Kepler-405 b,Kepler-405,Transit,2014,10.61369479,2.34,,5817,0.87,0.965
Kepler-1797 b,Kepler-1797,Transit,2021,23.3593589,2.98,,6244,1.009,1.069
Kepler-114 d,Kepler-114,Transit,2013,11.77613846,2.71,,4660,0.71,0.77
Kepler-295 c,Kepler-295,Transit,2014,21.5262569,1.2,,5607,0.886,0.8
Kepler-723 b,Kepler-723,Transit,2016,4.082276181,,,,,
Kepler-587 b,Kepler-587,Transit,2016,10.94027841,2.16,,5757,0.872,0.968
WASP-124 b,WASP-124,Transit,2016,3.37265,,,6050,1.02,1.07
Kepler-1497 b,Kepler-1497,Transit,2016,8.74199772,1.69,,5878,0.998,1.003
Kepler-1263 b,Kepler-1263,Transit,2016,4.551392714,,,5157.25,0.777685,0.87
XO-2 N b,XO-2 N,Transit,2007,2.61586178,11.130537,179.89178,,0.99,0.971
Kepler-1465 b,Kepler-1465,Transit,2016,31.8277111,1.74,,4702,0.686,0.67
Kepler-1040 b,Kepler-1040,Transit,2016,201.1206183,,,5689.91,0.978509,1.01
Kepler-524 b,Kepler-524,Transit,2016,,2.756,,5838,1.614,
Kepler-140 b,Kepler-140,Transit,2014,3.254274054,1.485,,6024,1.172,1.044
Kepler-541 b,Kepler-541,Transit,2016,5.08005848,1.92,,6089,1.19,1.024
Kepler-1297 b,Kepler-1297,Transit,2016,1.68189002,0.98,,6214,1.035,0.975
Kepler-1139 b,Kepler-1139,Transit,2016,0.813166357,1.14,,5237,0.887,0.907
Kepler-967 b,Kepler-967,Transit,2016,13.22714056,,,,,
Kepler-1173 b,Kepler-1173,Transit,2016,0.7698536,0.854,,5076,0.771,0.853
Kepler-325 d,Kepler-325,Transit,2014,38.71479726,,,5585.15,0.796602,0.99
Kepler-1062 b,Kepler-1062,Transit,2016,9.30412078,1.64,,4458,0.658,0.645
Kepler-1325 b,Kepler-1325,Transit,2016,,3.053,,5533,0.931,
Kepler-115 c,Kepler-115,Transit,2014,8.99088621,2.78,,5881,1.171,1.032
K2-32 d,K2-32,Transit,2016,31.71922,3.75,35,5315,0.87,0.87
Kepler-1135 b,Kepler-1135,Transit,2016,,3.388,,5876,1.685,
CoRoT-2 b,CoRoT-2,Transit,2008,1.74299609,16.533275,,5575,,
K2-124 b,K2-124,Transit,2017,6.414008,2.9,,3620,0.394,
Kepler-863 b,Kepler-863,Transit,2016,15.5949,2.8,,5880,0.92,0.99
Kepler-882 b,Kepler-882,Transit,2016,3.989539666,0.96,,5208,0.693,0.771
HATS-1 b,HATS-1,Transit,2012,3.4464563,,,5870,1.038,0.986
Kepler-119 c,Kepler-119,Transit,2014,,1.067,,5595,1.001,
Kepler-561 b,Kepler-561,Transit,2016,58.3620495,7.04,,5592,0.953,0.973
Kepler-65 c,Kepler-65,Transit,2012,5.859933,2.36,,6172,1.197,1.205
Kepler-189 c,Kepler-189,Transit,2014,20.13488968,2.81,,5228,0.755,0.836
KELT-8 b,KELT-8,Transit,2015,3.2440788,,,,,
Kepler-1304 b,Kepler-1304,Transit,2016,16.12822,1.9,,5298,0.85,0.79
Kepler-91 b,Kepler-91,Transit,2013,6.24654458,,,4643.39,6.37872,
Kepler-1715 b,Kepler-1715,Transit,2021,35.5969684,,,6033.33,1.47908,1.12
Kepler-1949 b,Kepler-1949,Transit,2021,2.20829412,0.95,,6131,0.989,1.009
Kepler-645 b,Kepler-645,Transit,2016,3.275821982,,,6284.97,1.41768,1.23
Kepler-1392 b,Kepler-1392,Transit,2016,15.1409721,,,,,
Kepler-155 b,Kepler-155,Transit,2014,5.9311924,1.73,,4057,0.529,0.542
Kepler-143 b,Kepler-143,Transit,2014,16.00754,2.22,,6002,1.06,1.008
Kepler-49 d,Kepler-49,Transit,2014,2.57653594,1.51,,3816,0.51,0.54
TrES-5 b,TrES-5,Transit,2011,1.482246865,,,5171,0.866,0.893
Kepler-30 d,Kepler-30,Transit,2012,143.21515,9.37,,5461,0.94,0.969
Kepler-1912 b,Kepler-1912,Transit,2021,6.05919881,,,5641.52,0.988958,1
Kepler-101 c,Kepler-101,Transit,2014,6.02979518,0.99,,5450,1.23,0.98
Kepler-662 b,Kepler-662,Transit,2016,21.67697486,1.54,,4722,0.527,0.536
Kepler-304 b,Kepler-304,Transit,2014,3.295703644,3.8,,4910,0.892,0.828
Kepler-760 c,Kepler-760,Transit,2016,2.46697439,2.01,,5423,1.119,0.919
Kepler-610 b,Kepler-610,Transit,2016,6.996926554,4.19,,5943,1.13,1.1
Kepler-283 b,Kepler-283,Transit,2014,11.00815926,2.69,,4251,0.6,0.63
Kepler-1425 b,Kepler-1425,Transit,2016,14.4541302,0.79,,5559,0.79,0.714
Kepler-1999 b,Kepler-1999,Transit,2023,8.7393272,4282.98,,4403,0.627,0.632
Kepler-476 b,Kepler-476,Transit,2016,14.00640607,2.8,,5883,1.005,1.036
Kepler-1227 b,Kepler-1227,Transit,2016,94.2899,2.13,,5840,0.97,0.957
WASP-145 A b,WASP-145 A,Transit,2018,1.76903814,,,,,
Kepler-915 b,Kepler-915,Transit,2016,4.59489604,1.24,,6432,1.175,1.003
OGLE-2016-BLG-0613L AB b,OGLE-2016-BLG-0613L AB,Microlensing,2017,,,871,,,0.8
Kepler-103 b,Kepler-103,Transit,2014,15.9654,3.37,9.7,5845,1.44,1.09
Kepler-152 b,Kepler-152,Transit,2014,18.207973,2.79,,5088,0.724,
K2-334 b,K2-334,Transit,2021,5.113823,5,,6890,1.409,
Kepler-256 d,Kepler-256,Transit,2014,5.83909761,,,5571,1.00285,0.98
Kepler-20 b,Kepler-20,Transit,2011,3.696119675,2.007,,,,0.942
Kepler-1357 b,Kepler-1357,Transit,2016,3.0091324,1.12,,5834,0.797,0.875
HR 8799 b,HR 8799,Imaging,2008,,6.7254,,7204.58,1.49338,1.61
Kepler-1677 b,Kepler-1677,Transit,2020,22.0640623,2.303,,6000,1.142,1.119
Kepler-605 b,Kepler-605,Transit,2016,3.383538066,1.399,,5350,0.86,0.89
Kepler-595 b,Kepler-595,Transit,2016,25.30292332,3.81,,5247,0.83,0.87
Kepler-888 b,Kepler-888,Transit,2016,70.6979061,1.811,,5739,0.921,0.831
Kepler-1438 b,Kepler-1438,Transit,2016,2.319426,0.88,,5529,0.84,0.88
Kepler-380 b,Kepler-380,Transit,2014,3.93083997,1.2,,6038,1.191,0.995
K2-14 b,K2-14,Transit,2015,8.36779,8.51,,,0.708,
Kepler-262 c,Kepler-262,Transit,2014,,1.648,,5549,0.825,
WASP-181 b,WASP-181,Transit,2019,4.5195064,13.271456,95.03117,5839,0.965,1.04
Kepler-693 b,Kepler-693,Transit,2016,15.37562369,11.01,,4986,0.833,0.793
Kepler-302 b,Kepler-302,Transit,2014,30.18360507,,,5756,1.06452,1.03
Kepler-289 b,Kepler-289,Transit,2014,34.5439452,2.67,,5933,1.115,0.998
Kepler-1033 b,Kepler-1033,Transit,2016,7.56052806,2.51,,5547,0.92,0.94
Kepler-58 b,Kepler-58,Transit,2012,10.21864532,2.33,,6100,1.083,1.017
TOI-2842 b,TOI-2842,Transit,2023,3.5514016,11.8731,,6019,1.26,
Kepler-199 b,Kepler-199,Transit,2014,23.636883,3.8,,5980,1.16,1.003
WASP-47 b,WASP-47,Transit,2012,4.15915035,,,5350,1.15,1.084
Kepler-229 b,Kepler-229,Transit,2014,6.25298062,,,4881,0.752766,0.8
Kepler-1507 b,Kepler-1507,Transit,2016,16.0506213,0.87,,5443,0.911,0.798
Kepler-560 b,Kepler-560,Transit,2016,18.477644,1.47,,3430,0.272,0.269
Kepler-82 b,Kepler-82,Transit,2012,26.444,4,,,0.9,0.85
WASP-167 b,WASP-167,Transit,2017,2.0219596,,,7000,1.79,1.59
Kepler-464 b,Kepler-464,Transit,2016,7.256965224,3.38,,5862,1.586,1.201
Kepler-1724 b,Kepler-1724,Transit,2021,6.45443377,2.45,,6092,0.943,1.016
OGLE-2018-BLG-1126L b,OGLE-2018-BLG-1126L,Microlensing,2022,,,17.79839079,,,0.69
Kepler-1194 b,Kepler-1194,Transit,2016,16.22371307,1.84,,5851,1.115,0.895
KMT-2016-BLG-2321L b,KMT-2016-BLG-2321L,Microlensing,2024,,,298.7587026,,,0.73
Kepler-1365 b,Kepler-1365,Transit,2016,7.69993485,0.79,,5831,0.921,1.016
Kepler-1227 b,Kepler-1227,Transit,2016,94.2887577,2.16,,5799,0.901,0.833
Kepler-684 b,Kepler-684,Transit,2016,6.770302008,3.36,,5493,0.86,0.89
Kepler-1342 b,Kepler-1342,Transit,2016,2.215710358,1.64,,5417,0.901,0.83
HIP 97166 c,HIP 97166,Radial Velocity,2021,16.84,,,5198,0.836,0.898
Kepler-1668 b,Kepler-1668,Transit,2020,15.43400996,4.3,,5900,0.951,1.065
Kepler-393 b,Kepler-393,Transit,2014,9.182417,1.29,,6189,1.382,
KMT-2018-BLG-1976L b,KMT-2018-BLG-1976L,Microlensing,2021,,,705.5790635,,,0.65
Kepler-586 b,Kepler-586,Transit,2016,2.104721971,,,5261.33,1.02322,0.9
WASP-72 b,WASP-72,Transit,2012,2.21673,14.45961,731.009,6250,2.18,2.78
Kepler-262 b,Kepler-262,Transit,2014,13.06076688,1.49,,5830,0.876,0.97
Kepler-897 b,Kepler-897,Transit,2016,8.0472642,1.95,,5835,0.847,0.935
GJ 3470 b,GJ 3470,Radial Velocity,2012,3.3366413,,,3552,0.499698,0.497757
Kepler-1610 b,Kepler-1610,Transit,2016,8.70181574,1.45,,5295,0.8,0.825
Kepler-612 b,Kepler-612,Transit,2016,3.722156413,2.42,,5618,0.811,0.884
CoRoT-2 b,CoRoT-2,Transit,2008,1.7429935,16.36514,1134.6531,5598,0.901,0.997
61 Vir c,61 Vir,Radial Velocity,2009,38.0957,,,5585.57,1.03251,0.914072
Kepler-391 b,Kepler-391,Transit,2014,7.41682,2.16,,5214,2.41,1.172
Kepler-116 b,Kepler-116,Transit,2014,5.968717469,3.43,,6187,1.43,1.21
Kepler-40 b,Kepler-40,Transit,2010,6.8731664,,,6014,2.36468,1.11
TOI-654.01,TOI-654,Transit,2024,1.5275657,2.37126,,3433,0.43,0.531219
55 Cnc f,55 Cnc,Radial Velocity,2007,260.7,,,5250,0.963515,0.9
Kepler-37 d,Kepler-37,Transit,2013,,1.917,,5348,0.787,
Kepler-668 b,Kepler-668,Transit,2016,,2.31,,5593,0.722,
HATS-65 b,HATS-65,Transit,2018,3.105161,16.824709,260.93843,6277,1.31,1.257
Kepler-68 b,Kepler-68,Transit,2013,5.398763,2.31,8.3,5793,1.243,1.079
Kepler-229 d,Kepler-229,Transit,2014,41.19727955,,,4881,0.752766,0.8
HD 35759 b,HD 35759,Radial Velocity,2016,82.467,,,6060,,1.15
Kepler-1949 b,Kepler-1949,Transit,2021,2.20829412,0.95,,6131,0.989,1.009
Kepler-346 b,Kepler-346,Transit,2014,6.51112385,,,5543,0.909664,0.98
Kepler-1387 b,Kepler-1387,Transit,2016,2.279526656,0.93,,5017,0.797,0.76
Kepler-12 b,Kepler-12,Transit,2011,4.43796303,,,5967,1.56966,1.09
Kepler-128 c,Kepler-128,Transit,2013,22.79519,1.13,,6090,1.55,1.198
Kepler-1116 b,Kepler-1116,Transit,2016,41.6981,2.53,,5713,0.85,0.955
Kepler-46 b,Kepler-46,Transit,2012,33.60123371,8.46,,5149,0.93,0.882
Kepler-57 b,Kepler-57,Transit,2012,5.729328624,2.91,,5324,0.791,0.884
Kepler-376 b,Kepler-376,Transit,2014,4.920275259,,,5939.36,1.42392,1.08
CoRoT-7 c,CoRoT-7,Radial Velocity,2009,3.697,,13.289,5250,,0.915
Kepler-1395 b,Kepler-1395,Transit,2016,3.78470649,1.18,,6461,1.95,1.302
K2-131 b,K2-131,Transit,2017,0.3693038,1.69,7.9,5120,0.7595,0.803
Kepler-1227 b,Kepler-1227,Transit,2016,94.289223,,,5604,0.884071,0.99
Kepler-187 c,Kepler-187,Transit,2014,10.64022272,2.88,,6114,1.2,1.11
Kepler-139 e,Kepler-139,Radial Velocity,2023,1904,,378,5630,1.045,1.078
Kepler-132 c,Kepler-132,Transit,2014,6.414842,1.28,,5925,1.03,0.982
HD 37124 d,HD 37124,Radial Velocity,2005,2295,,,,,0.78
K2-389 b,K2-389,Transit,2022,8.583566,2.118,,5782,1.084,0.802
Kepler-1859 b,Kepler-1859,Transit,2021,2.7296036,,,5845.23,1.16465,1.05
Kepler-800 b,Kepler-800,Transit,2016,14.13179,3.2,,5612,0.83,0.923
Kepler-1272 b,Kepler-1272,Transit,2016,51.1309704,2.37,,5926,1.09,1.06
HD 189733 b,HD 189733,Radial Velocity,2005,2.21857519,,,5040,0.756,0.806
Kepler-220 d,Kepler-220,Transit,2014,,0.964,,4665,0.686,
Kepler-58 b,Kepler-58,Transit,2012,10.21866016,3.1,,6100,1.083,1.017
Kepler-379 b,Kepler-379,Transit,2014,20.0984215,1.44,,6273,1.139,1.092
Kepler-352 c,Kepler-352,Transit,2014,16.33269981,1.61,,5208,0.772,0.796
Kepler-184 c,Kepler-184,Transit,2014,20.30302457,2.04,,5783,0.86,0.869
Kepler-289 e,Kepler-289,Transit,2025,330.0716,,17.4,,0.985,1.061
Kepler-33 d,Kepler-33,Transit,2011,21.77568751,4.529,,5947,1.609,1.208
Kepler-1155 b,Kepler-1155,Transit,2016,33.4698571,,,,,
HD 39194 c,HD 39194,Radial Velocity,2021,14.03,,,5205,,0.67
TOI-5720 b,TOI-5720,Transit,2024,1.4344555,1.09,4.3,3325,0.383,0.383
Kepler-1238 b,Kepler-1238,Transit,2016,4.14789051,1.93,,6150,1.417,1.23
Kepler-522 b,Kepler-522,Transit,2016,38.58443238,,,6373.72,1.74231,1.27
Kepler-1789 b,Kepler-1789,Transit,2021,80.23182358,,,5495,0.845417,0.96
WASP-28 b,WASP-28,Transit,2014,3.4088353,,,6150,1.094,1.021
Kepler-388 b,Kepler-388,Transit,2014,3.17323306,0.91,,4500,0.633,0.626
TOI-1452 b,TOI-1452,Transit,2022,11.06201,1.672,4.82,3185,0.275,0.249
Kepler-508 b,Kepler-508,Transit,2016,25.30893566,1.77,,5949,1.292,1.14
Kepler-1346 b,Kepler-1346,Transit,2016,3.401633006,,,5679.72,1.02322,1.01
Kepler-1138 b,Kepler-1138,Transit,2016,3.17059731,1.69,,5431,0.843,0.945
Kepler-1336 b,Kepler-1336,Transit,2016,23.198681,2.618,,5499,1.748,0.985
Kepler-269 b,Kepler-269,Transit,2014,5.326718,2.47,,5847,0.959,
Kepler-203 c,Kepler-203,Transit,2014,5.371,2.09,749.9,,0.937,1.01
Kepler-1408 b,Kepler-1408,Transit,2016,2.99793191,0.84,,6295,1.236,1.068
Kepler-254 c,Kepler-254,Transit,2014,,2.264,,5503,0.931,
Kepler-1624 b,Kepler-1624,Transit,2016,3.29031389,,,3579,0.567309,0.560561
K2-419 A b,K2-419 A,Transit,2024,20.35919,11.3,,,0.55,
Kepler-821 b,Kepler-821,Transit,2016,1.922799706,,,5074,0.850661,0.85
Kepler-1387 b,Kepler-1387,Transit,2016,,0.78,,5019,0.712,
Kepler-98 b,Kepler-98,Transit,2014,1.54167548,,,5506,0.942676,0.966
K2-139 b,K2-139,Transit,2017,28.382071,9.26802368,,5425,0.872288,0.948628
Kepler-1351 b,Kepler-1351,Transit,2016,0.916140768,0.6,,4374,0.614,0.6
Kepler-1013 b,Kepler-1013,Transit,2016,18.93054959,4.7,,5015,1.643,0.955
Kepler-1573 b,Kepler-1573,Transit,2016,2.615753991,,,5737,1.22919,1.02
Kepler-1814 b,Kepler-1814,Transit,2021,2.935359333,2.62,,4922,0.823,0.79
Kepler-1892 b,Kepler-1892,Transit,2021,6.3312784,1.48,,5376,0.758,0.849
Kepler-569 b,Kepler-569,Transit,2016,34.18884323,2.97,,5515,0.925,0.888
Kepler-305 b,Kepler-305,Transit,2013,5.487122425,,,4974,0.827279,0.82
Kepler-9 c,Kepler-9,Transit,2010,38.988,8.65,509.7,,0.956,1.03
HAT-P-13 b,HAT-P-13,Transit,2009,2.9162383,14.358729,280.64389,5653,1.56,1.22
KOI-1599.01,KOI-1599,Transit,2019,20.41724,1.9,,5760,0.92,0.94
K2-29 b,K2-29,Transit,2016,3.25883406,,,5358,0.86,0.94
Kepler-128 c,Kepler-128,Transit,2013,,1.338,,6081,1.675,
Kepler-132 b,Kepler-132,Transit,2014,6.178165,1.22,,5925,1.03,0.982
KELT-6 b,KELT-6,Transit,2014,7.8457,13.372,136.661,6102,1.58,1.085
Kepler-264 b,Kepler-264,Transit,2014,40.8068494,4.86,,6231,2.397,1.316
Kepler-280 c,Kepler-280,Transit,2014,4.807099588,1.84,,5741,0.856,0.934
TOI-1836 b,TOI-1836,Transit,2024,20.380799,8.00321222,38.45723725,6380,1.577,1.307
Kepler-1197 b,Kepler-1197,Transit,2016,2.032318856,,,4552,0.746629,0.718
Kepler-1346 b,Kepler-1346,Transit,2016,3.40165668,1.19,,6177,0.906,0.982
Kepler-107 e,Kepler-107,Transit,2014,14.74913518,3.07,,5851,1.411,1.142
Kepler-222 d,Kepler-222,Transit,2014,28.08185982,,,5154,0.850048,0.87
WASP-11 b,WASP-11,Transit,2008,3.7224747,11.265,154.777,4980,0.79,0.83
Kepler-439 b,Kepler-439,Transit,2015,178.140456,2.33,,5592,0.782,0.856
Kepler-222 c,Kepler-222,Transit,2014,10.08879697,4.81,,5431,0.843,0.945
NY Vir c,NY Vir,Eclipse Timing Variations,2019,8799,,,32780,0.151,0.459
HATS-58 A b,HATS-58 A,Transit,2019,4.2180896,12.273855,327.3649,7175,1.433,1.461
Kepler-30 c,Kepler-30,Transit,2012,60.323105,12.3,640,5498,0.95,0.99
Kepler-85 c,Kepler-85,Transit,2012,12.513,2.14,20.9,,0.872,0.97
HD 39091 b,HD 39091,Radial Velocity,2001,2093.07,,,6037,1.1,1.094
HD 164922 c,HD 164922,Radial Velocity,2016,75.817,,,5393.43,1.001813,0.921146
Kepler-1236 b,Kepler-1236,Transit,2016,31.05739412,,,5207,0.794153,0.89
Kepler-391 c,Kepler-391,Transit,2014,20.4853893,,,5032.18,2.74314,
HIP 107772 b,HIP 107772,Radial Velocity,2020,55.199,,,,,0.63
Kepler-58 c,Kepler-58,Transit,2012,15.574,,,,1.083,1.02
Kepler-1859 c,Kepler-1859,Transit,2023,3.59645081,,,5845.23,1.16465,1.05
K2-3 b,K2-3,Transit,2015,10.0546535,2.078,5.11,3844,0.546,0.549
CoRoT-19 b,CoRoT-19,Transit,2011,3.8971379,,,6090,1.65,1.21
Kepler-114 b,Kepler-114,Transit,2014,5.188561757,1,,3983,0.54,0.56
Kepler-1272 b,Kepler-1272,Transit,2016,51.1309704,2.41,,6071,1.107,1.005
K2-99 b,K2-99,Transit,2016,18.24841,12.48,,,2.71,
Kepler-675 b,Kepler-675,Transit,2016,2.33743801,2.38,,4989,0.727,0.778
Kepler-1118 b,Kepler-1118,Transit,2016,38.6715843,,,5314,1.10046,0.92
Kepler-739 b,Kepler-739,Transit,2016,12.53248465,3.32,,5601,0.9,0.93
Kepler-1254 b,Kepler-1254,Transit,2016,9.99113313,1.54,,5130,0.756,0.79
Kepler-843 b,Kepler-843,Transit,2016,2.053895973,,,5621,0.998644,1
Kepler-33 c,Kepler-33,Transit,2011,13.17562,3.2,,5904,1.82,1.291
Kepler-1771 b,Kepler-1771,Transit,2021,88.6440015,2.51,,5661,0.934,0.941
K2-24 c,K2-24,Transit,2016,42.3633,7.82,27,5743,1.21,1.12
KOI-13 b,KOI-13,Transit,2011,,17.627,,9071,2.494,
K2-133 b,K2-133,Transit,2017,3.07133,1.34,,3655,0.455,0.461
Kepler-1397 b,Kepler-1397,Transit,2016,47.4497134,1.61,,6007,1.126,1.042
HATS-68 b,HATS-68,Transit,2018,3.5862211,,,6147,1.748,1.351
Kepler-292 e,Kepler-292,Transit,2014,11.97884409,,,5193,0.838226,0.88
Kepler-1948 b,Kepler-1948,Transit,2021,15.5714121,,,3932,0.799053,0.611
TOI-421 b,TOI-421,Transit,2020,5.197685836,1.92573459,,5718,0.860124,
Kepler-1984 b,Kepler-1984,Transit,2023,1.992812282,0.69,,3608,0.4,0.417
Kepler-161 b,Kepler-161,Transit,2014,4.9213639,2.14,,5076,0.799,0.827
Kepler-484 b,Kepler-484,Transit,2016,10.04556692,,,5601,0.909065,0.99
BD-17 63 b,BD-17 63,Radial Velocity,2008,655.6,,,4714,0.69,0.74
Kepler-1780 b,Kepler-1780,Transit,2021,109.4453849,,,5385.22,0.895253,0.93
Kepler-507 b,Kepler-507,Transit,2016,3.568096926,1.284,,6030,1.279,1.144
KOI-142 b,KOI-142,Transit,2013,10.91610834,,,5368.85,0.95577,0.93
Kepler-319 c,Kepler-319,Transit,2014,6.941359624,5.22,,5903,1.784,1.349
Kepler-223 d,Kepler-223,Transit,2014,14.78769446,3.77,,5825,1.003,0.902
OGLE-2018-BLG-1700L b,OGLE-2018-BLG-1700L,Microlensing,2020,,,1400,,,0.42
TOI-837 b,TOI-837,Transit,2020,8.324876,,,6047,1.022,1.118
WASP-35 b,WASP-35,Transit,2011,3.161575,14.796,228.828,5990,1.09,1.07
Kepler-56 b,Kepler-56,Transit,2012,10.5007712,,,4819.44,4.21799,
K2-71 b,K2-71,Transit,2016,6.9862794,3.32,,3891,0.57,
Kepler-296 f,Kepler-296,Transit,2014,63.3366606,1.23,,3517,0.37,0.38
Kepler-188 c,Kepler-188,Transit,2014,5.996534997,2.73,,5727,0.96,0.98
Kepler-1282 b,Kepler-1282,Transit,2016,2.131925,1.5,,5599,0.89,1.04
Kepler-197 d,Kepler-197,Transit,2014,15.67750191,1.42,,6003,1.109,0.902
Kepler-1277 b,Kepler-1277,Transit,2016,40.8365012,1.482,,5478,0.855,0.834
WASP-113 b,WASP-113,Transit,2016,4.5421687,,,5890,1.608,1.318
K2-155 d,K2-155,Transit,2018,40.6835,1.64,,3919,0.526,0.54
Kepler-195 c,Kepler-195,Transit,2014,34.0962295,1.72,,5234,0.79,0.83
Kepler-761 b,Kepler-761,Transit,2016,10.12804789,2.24,,6124,1.007,0.959
Kepler-1201 b,Kepler-1201,Transit,2016,15.18727635,,,5912,1.00301,1.08
Kepler-1576 b,Kepler-1576,Transit,2016,6.984710123,,,5674.51,0.96195,1.01
Kepler-443 b,Kepler-443,Transit,2015,177.668663,,,4696,0.787708,0.75
Kepler-1318 b,Kepler-1318,Transit,2016,213.258526,2.72,,4477,0.637,0.659
KELT-9 b,KELT-9,Transit,2017,1.48111874,,,10170,2.362,2.52
HAT-P-18 b,HAT-P-18,Transit,2010,5.508023,11.153,62.61,4803,0.749,0.77
K2-341 b,K2-341,Transit,2021,36.552551,3.21,,5817,1.16,0.98
Kepler-1219 b,Kepler-1219,Transit,2016,16.10474503,,,5799.61,2.87486,1.04
Kepler-1248 b,Kepler-1248,Transit,2016,7.46718958,1.04,,6161,1.169,1.251
HD 219134 h,HD 219134,Radial Velocity,2015,2247,,,4913,0.77,0.794
Kepler-1514 b,Kepler-1514,Transit,2016,217.8317626,22.02,,6382,2.274,1.093
Kepler-524 c,Kepler-524,Transit,2016,1.88897906,1.03,,6049,1.251,1.031
Kepler-1085 c,Kepler-1085,Transit,2020,56.7771,3.26817741,,5816,1.0783,1.05
K2-117 c,K2-117,Transit,2017,5.443984,2.1,,,0.52,
Kepler-1190 b,Kepler-1190,Transit,2016,10.45839865,1.25,,4641,0.747,0.734
Kepler-412 b,Kepler-412,Transit,2014,1.720861324,13.5,,5858,1.21,1.08
Kepler-1121 b,Kepler-1121,Transit,2016,13.15141081,1.91,,6231,1.59,1.29
Kepler-1536 b,Kepler-1536,Transit,2016,364.758031,2.98,,4386,0.63,0.616
Kepler-282 c,Kepler-282,Transit,2014,13.639525,1.26,,5699,0.89,0.9
Kepler-132 b,Kepler-132,Transit,2014,6.17817366,1.22,,5931,1.101,0.929
WASP-47 d,WASP-47,Transit,2015,9.0305419,3.06,,5427,0.86,
Kepler-829 b,Kepler-829,Transit,2016,6.883593,1.87,,5707,0.84,0.952
K2-57 b,K2-57,Transit,2016,9.0063,2.1,,4434,0.621,0.683
HAT-P-4 b,HAT-P-4,Transit,2007,3.05652301,,,5860,1.596,1.248
Kepler-1925 b,Kepler-1925,Transit,2021,46.7169344,1.63,,6003,0.932,1.019
Kepler-80 d,Kepler-80,Transit,2014,3.072146607,,,4613,0.66402,0.731
Kepler-15 b,Kepler-15,Transit,2011,4.942783822,,,5550.93,1.32567,0.98
Kepler-1218 b,Kepler-1218,Transit,2016,22.9221266,1.36,,5897,1.081,0.97
Kepler-259 c,Kepler-259,Transit,2014,36.9250409,3.01,,5926,0.887,0.978
WASP-117 b,WASP-117,Transit,2014,10.0205933,,,6038,1.17,1.129
Kepler-438 b,Kepler-438,Transit,2015,35.2331929,,,3747,0.658853,0.63372
OGLE-2019-BLG-1492L b,OGLE-2019-BLG-1492L,Microlensing,2022,,,37.1,,,0.68
Kepler-1347 b,Kepler-1347,Transit,2016,14.00947528,0.99,,5153,0.767,0.763
Kepler-984 b,Kepler-984,Transit,2016,43.03252,3.14,,5597,1.33,0.898
HAT-P-9 b,HAT-P-9,Transit,2008,3.922814,15.6926,241.86863,6350,1.32,1.28
Kepler-1133 b,Kepler-1133,Transit,2016,11.55559918,,,5368.26,0.908082,0.93
Kepler-893 b,Kepler-893,Transit,2016,6.33855761,3.19,,6108,1.03,1.132
Kepler-1422 b,Kepler-1422,Transit,2016,18.60392687,,,6037,1.52983,1.12
Kepler-319 b,Kepler-319,Transit,2014,4.36273233,1.76,,5527,0.88,0.875
K2-24 c,K2-24,Transit,2016,42.3391,7.5,15.4,5625,1.16,1.07
KOI-984 b,KOI-984,Transit,2022,4.28816271,,,5284.68,,
HD 207496 b,HD 207496,Transit,2023,6.441008,2.25,6.1,4819,0.769,0.8
Kepler-119 c,Kepler-119,Transit,2014,4.12511935,,,5586,1.02364,0.99
WASP-25 b,WASP-25,Transit,2010,3.764873,13.95182,,5703,0.92,
Kepler-1576 b,Kepler-1576,Transit,2016,6.98471973,1.04,,5876,1.06,1.05
Kepler-679 b,Kepler-679,Transit,2016,12.39356589,,,5271,0.803666,0.9
Kepler-178 b,Kepler-178,Transit,2014,9.576715,2.9,,5674,1.05,0.89
Kepler-1499 b,Kepler-1499,Transit,2016,44.2018402,,,4937.39,0.800648,0.812
Kepler-579 b,Kepler-579,Transit,2016,9.66857723,1.7,,5288,0.836,0.884
Kepler-1748 b,Kepler-1748,Transit,2021,5.823445,3.3,,5542,0.91,1.03
Kepler-930 b,Kepler-930,Transit,2016,71.4517775,2.106,,5856,1.361,1.081
Kepler-525 b,Kepler-525,Transit,2016,18.68412217,,,5471,2.03713,0.96
HAT-P-6 b,HAT-P-6,Transit,2007,3.8529998,15.4014,,6893.4,1.57,
Kepler-76 b,Kepler-76,Orbital Brightness Modulation,2013,1.544928884,,,6409,1.32,1.2
Kepler-357 c,Kepler-357,Transit,2014,,2.179,,4935,0.719,
Kepler-745 b,Kepler-745,Transit,2016,9.93143556,1.92,,5880,0.917,1.01
Kepler-251 c,Kepler-251,Transit,2014,16.51408633,,,5536,0.891821,0.97
Kepler-775 b,Kepler-775,Transit,2016,0.974868926,1.192,,5354,0.834,0.864
Kepler-99 b,Kepler-99,Transit,2014,4.603578042,1.81,,4853,0.75,0.81
HD 128311 c,HD 128311,Radial Velocity,2005,917.5,,,4931.94,0.783313,0.837059
Kepler-1237 b,Kepler-1237,Transit,2016,84.5731,2.3,,5271,0.77,0.814
WASP-45 b,WASP-45,Transit,2011,3.126089,10.603714,306.38812,5150,0.855,0.85
KELT-11 b,KELT-11,Transit,2017,4.73592319,13.57525892,,5370,2.78715,
Kepler-246 c,Kepler-246,Transit,2014,11.18719905,1.55,,4986,0.833,0.793
Kepler-1795 b,Kepler-1795,Transit,2021,13.3602644,,,,,
Kepler-1528 b,Kepler-1528,Transit,2016,1.79110997,1.29,,6040,0.999,1.07
Kepler-1991 c,Kepler-1991,Transit,2023,22.79009217,,,5477,0.980207,0.96
GJ 581 b,GJ 581,Radial Velocity,2005,5.3686,,20.5,3500,0.302,0.295
Kepler-818 b,Kepler-818,Transit,2016,10.03538181,4.42,,5813,0.833,0.925
GJ 1061 d,GJ 1061,Radial Velocity,2020,13.031,,,2953,0.156,0.12
HD 17092 b,HD 17092,Radial Velocity,2007,359.89999,,,4326,13.58,6.73
KMT-2021-BLG-1391L b,KMT-2021-BLG-1391L,Microlensing,2022,,,3.57,,,0.23
TOI-1789 b,TOI-1789,Transit,2021,3.208664,16.14093221,222.4798849,5991,2.168,1.507
Kepler-1164 b,Kepler-1164,Transit,2016,3.97599768,1.22,,5211,0.832,0.799
Kepler-712 c,Kepler-712,Transit,2016,,4.553,,4927,0.753,
K2-198 d,K2-198,Transit,2019,7.4500177,2.438,,5212.9,0.757,0.799
Kepler-666 b,Kepler-666,Transit,2016,4.49876092,2.21,,6075,0.969,1.048
Kepler-134 b,Kepler-134,Transit,2014,5.317439375,,,5819.72,1.05464,1.05
Kepler-596 b,Kepler-596,Transit,2016,21.30020491,2.99,,6008,1.168,1.117
Kepler-1099 b,Kepler-1099,Transit,2016,2.168451063,,,5724,0.886589,1.02
Kepler-1513 b,Kepler-1513,Transit,2016,,7.86,,5469,0.902,
Kepler-911 b,Kepler-911,Transit,2016,20.310501,2.53,,6081,1.954,1.294
Kepler-493 b,Kepler-493,Transit,2016,3.003876581,11.42,,6299,1.167,1.249
Kepler-1133 b,Kepler-1133,Transit,2016,11.55562042,,,5368.26,0.908082,0.93
HD 219134 d,HD 219134,Radial Velocity,2015,46.66,,,4699,0.778,0.78
HD 81040 b,HD 81040,Radial Velocity,2005,851,,2510.844415,,,
HAT-P-21 b,HAT-P-21,Transit,2010,4.12448799,,,,,
Kepler-155 b,Kepler-155,Transit,2014,5.931197279,,,4339.18,0.771507,0.678
K2-70 b,K2-70,Transit,2016,13.98746633,,,5064,0.792485,0.846
EPIC 249893012 c,EPIC 249893012,Transit,2020,15.624,3.67,14.67,5430,1.71,1.05
Kepler-1271 b,Kepler-1271,Transit,2016,3.0255955,1.331,,6099,1.147,1.103
Kepler-1036 b,Kepler-1036,Transit,2016,122.8808058,2.86,,5476,0.856,0.959
Kepler-382 b,Kepler-382,Transit,2014,,1.74,,5720,1.166,
Kepler-23 c,Kepler-23,Transit,2011,10.74242766,3.25,,5880,1.57,1.1
Kepler-1570 b,Kepler-1570,Transit,2016,26.5487294,,,5586,1.7202,0.99
OGLE-2012-BLG-0950L b,OGLE-2012-BLG-0950L,Microlensing,2016,,,31,,,0.5
K2-224 c,K2-224,Transit,2018,10.09607,2.5054075,,,,
Kepler-260 b,Kepler-260,Transit,2014,,2.108,,5541,0.931,
Kepler-341 b,Kepler-341,Transit,2014,5.19556758,1.08,,5755,0.99,1
Kepler-319 c,Kepler-319,Transit,2014,6.941359624,5.22,,5903,1.784,1.349
Kepler-995 b,Kepler-995,Transit,2016,,2.469,,5122,0.747,
Kepler-387 c,Kepler-387,Transit,2014,11.8376933,1,,5772,1.003,0.824
Kepler-55 f,Kepler-55,Transit,2014,,1.828,,4503,0.676,
Kepler-915 b,Kepler-915,Transit,2016,,1.985,,6081,1.485,
Kepler-33 f,Kepler-33,Transit,2011,41.02902,4.46,,5904,1.82,1.291
WASP-19 b,WASP-19,Transit,2009,0.788839025,,,,,
Kepler-334 b,Kepler-334,Transit,2014,5.47032469,,,5907.82,1.01761,1.07
K2-24 c,K2-24,Transit,2016,42.3633,7.82,26,5743,1.21,1.12
Kepler-778 b,Kepler-778,Transit,2016,3.75574426,1.68,,5102,0.77,0.81
Kepler-377 b,Kepler-377,Transit,2014,12.50948,1.16,,6207,1.01,1.104
Kepler-335 c,Kepler-335,Transit,2014,67.844689,2.65,,5878,1.812,1.212
Kepler-1088 b,Kepler-1088,Transit,2016,23.12732952,,,5864.52,1.07453,1.06
Kepler-579 b,Kepler-579,Transit,2016,9.66855291,,,5516,0.765477,0.969
Kepler-285 c,Kepler-285,Transit,2014,6.18666218,1.11,,5400,0.801,0.895
OGLE-2012-BLG-0026L b,OGLE-2012-BLG-0026L,Microlensing,2012,,,35,,,0.82
WASP-16 b,WASP-16,Transit,2009,3.118598,,,5700,1.14,1.78
Kepler-1641 b,Kepler-1641,Transit,2016,19.672266,3.11,,6152,1.19,1.12
Kepler-1563 b,Kepler-1563,Transit,2016,3.4327371,0.75,,5757,0.881,0.974
K2-321 b,K2-321,Transit,2020,2.298,1.95,,3855,0.583,0.599
Kepler-767 b,Kepler-767,Transit,2016,161.5280101,6.15,,5870,0.867,0.959
Kepler-374 c,Kepler-374,Transit,2014,3.282784,1.19,,6022,0.97,1.03
Kepler-1178 b,Kepler-1178,Transit,2016,31.80634,0.73,,4729,0.525,0.534
HD 187123 b,HD 187123,Radial Velocity,1998,3.097,,,5830,,1
Kepler-167 b,Kepler-167,Transit,2014,4.393157678,,,4826.67,0.757643,0.783
Kepler-1702 b,Kepler-1702,Transit,2020,18.5010197,1.56,,5243,0.744,0.829
Kepler-1032 b,Kepler-1032,Transit,2016,3.290114076,1.49,,4484,0.594,0.58
Kepler-1443 b,Kepler-1443,Transit,2016,,1.111,,6344,1.617,
HD 75289 b,HD 75289,Radial Velocity,1999,3.50927,,,6117,1.23,1.29
Kepler-323 c,Kepler-323,Transit,2014,3.553829671,1.93,,6277,1.378,1.123
K2-3 b,K2-3,Transit,2015,10.05467,1.45,,,0.371,
Kepler-802 b,Kepler-802,Transit,2016,40.0587473,3.46,,5674,0.872,0.972
Kepler-1266 c,Kepler-1266,Transit,2021,4.86631012,1.68023962,,4996,0.831,0.791
Kepler-1352 b,Kepler-1352,Transit,2016,1.877872,0.84,,6333,1.23,1.14
Kepler-659 b,Kepler-659,Transit,2016,17.6717714,2.44,,4869,0.687,0.767
HD 89307 b,HD 89307,Radial Velocity,2009,2199,,,,,1.03
Kepler-515 b,Kepler-515,Transit,2016,19.96371318,1.75,,5780,1,1
Kepler-357 c,Kepler-357,Transit,2014,16.85837,2.67,,5036,0.834,
Kepler-174 d,Kepler-174,Transit,2014,247.3503,2.22,,4565,0.61,0.602
Kepler-742 b,Kepler-742,Transit,2016,8.36086357,,,4545,0.727321,0.72
Kepler-1962 b,Kepler-1962,Transit,2021,7.99147383,1.21,,5931,0.93,0.931
WASP-94 A b,WASP-94 A,Transit,2014,3.95019,17.71022,158.915,6170,1.48,1.67
Kepler-1589 b,Kepler-1589,Transit,2016,,1.27,,6115,1.323,
WASP-94 A b,WASP-94 A,Transit,2014,3.9501907,19.28,143.653,6153,1.62,1.45
WASP-94 A b,WASP-94 A,Transit,2014,3.9501907,19.27948,144.93048,6153,1.62,1.45
WASP-94 A b,WASP-94 A,Transit,2014,3.9502008,20.5357,,6153,1.71,
WASP-94 A b,WASP-94 A,Transit,2014,3.95020049,,,,,
WASP-94 A b,WASP-94 A,Transit,2014,3.9502001,,,6153,1.62,1.45
WASP-94 B b,WASP-94 B,Radial Velocity,2014,2.00839,,,6040,1.35,1.24
Kepler-671 b,Kepler-671,Transit,2016,4.280958588,2.33,,5641,0.831,0.908
Kepler-326 d,Kepler-326,Transit,2014,6.76689811,2.43,,5192,1.593,0.933
Kepler-1530 b,Kepler-1530,Transit,2016,2.5904434,2.41,,5678,1.303,1.015
Kepler-500 b,Kepler-500,Transit,2016,8.508324398,2.58,,5813,1.03,1.02
Kepler-750 b,Kepler-750,Transit,2016,9.428872,,,6025.52,1.36307,1.12
HATS-46 b,HATS-46,Transit,2018,4.7423719,,,5495,0.853,0.917
Kepler-60 c,Kepler-60,Transit,2012,8.91902447,2.089,,5834,1.433,1
Kepler-910 b,Kepler-910,Transit,2016,2.364369015,0.82,,6230,1.5,1.26
Kepler-712 b,Kepler-712,Transit,2016,,3.082,,4927,0.753,
Kepler-1880 b,Kepler-1880,Transit,2021,6.30922043,,,4483,0.68972,0.7
Kepler-1085 c,Kepler-1085,Transit,2020,56.7769831,,,5816,1.0783,1.05
Kepler-989 b,Kepler-989,Transit,2016,7.964315352,2.56,,5185,0.91,0.831
Kepler-377 c,Kepler-377,Transit,2014,27.01461125,,,5974,1.19923,1.1
Kepler-1854 b,Kepler-1854,Transit,2021,39.83101,3.3,,5178,0.713,0.814
Kepler-1941 b,Kepler-1941,Transit,2021,31.3351094,1.99,,6404,1.142,1.175
Kepler-345 b,Kepler-345,Transit,2014,7.42,1.08,,4722,0.819,0.786
Kepler-1652 b,Kepler-1652,Transit,2017,38.09824,1.39,,3885,0.502,0.52
Kepler-638 b,Kepler-638,Transit,2016,6.07972888,4.306,,5320,2.157,1.082
Kepler-265 b,Kepler-265,Transit,2014,6.84619236,1.67,,5839,1.067,0.881
Kepler-1330 b,Kepler-1330,Transit,2016,10.10762919,,,5470,1.81783,0.96
Kepler-727 b,Kepler-727,Transit,2016,5.15448142,2.94,,5431,0.884,0.816
Kepler-176 d,Kepler-176,Transit,2014,25.75260028,2.602,,5106,0.787,0.86
Kepler-997 b,Kepler-997,Transit,2016,2.707280528,,,6169,1.54906,1.18
HIP 8541 b,HIP 8541,Radial Velocity,2016,1560.2,,,4670,7.83,1.17
K2-52 b,K2-52,Transit,2016,3.535155,16.6,,,2.07,
Kepler-84 e,Kepler-84,Transit,2014,27.4345883,2.3,,6028,1.022,1.005
KOI-94 e,KOI-94,Transit,2013,54.32002,,,6182,1.52,1.277
KMT-2021-BLG-0171L b,KMT-2021-BLG-0171L,Microlensing,2022,,,11.5,5200,,0.78
Kepler-204 b,Kepler-204,Transit,2014,14.40094968,,,5799,1.0253,1.04
Kepler-1052 b,Kepler-1052,Transit,2016,34.8538276,2.45,,5835,0.847,0.935
Kepler-276 d,Kepler-276,Transit,2013,48.6476601,2.58,,6102,1.026,1.099
MOA-2022-BLG-249L b,MOA-2022-BLG-249L,Microlensing,2023,,,4.83,,,0.18
HAT-P-31 b,HAT-P-31,Transit,2011,5.0052704,,,,,
Kepler-1573 b,Kepler-1573,Transit,2016,2.6157554,1.2,,5808,1,1.01
Kepler-61 b,Kepler-61,Transit,2013,59.87793639,,,4148,0.703757,0.649
Kepler-1467 b,Kepler-1467,Transit,2016,47.0568476,2.84,,5288,0.74,0.828
HR 8799 c,HR 8799,Imaging,2008,83255.09000000000,,,,,1.51
Kepler-1513 b,Kepler-1513,Transit,2016,160.884626,,,5442.9,0.924669,0.95
Kepler-1557 b,Kepler-1557,Transit,2016,3.74031708,,,5904.54,1.09641,1.07
Kepler-1930 b,Kepler-1930,Transit,2021,13.0267964,2.08,,5083,0.844,0.844
KOI-12 b,KOI-12,Transit,2015,17.8552197,18.37,,6918,1.91,1.55
55 Cnc f,55 Cnc,Radial Velocity,2007,260.91,,47.0051,5250,0.963515,0.9
Kepler-200 b,Kepler-200,Transit,2014,8.594777,2.54,,6034,1.28,1.042
Kepler-1342 b,Kepler-1342,Transit,2016,2.215710358,1.66,,5527,0.9,0.93
GJ 436 b,GJ 436,Radial Velocity,2004,2.64389751,,,3350,0.464,0.452
Kepler-1693 b,Kepler-1693,Transit,2020,12.10001,1.1,,5677,0.84,0.943
Kepler-1175 b,Kepler-1175,Transit,2016,,2.453,,5865,0.761,
OGLE-2016-BLG-0613L AB b,OGLE-2016-BLG-0613L AB,Microlensing,2017,,,1330,,,0.72
HD 47186 b,HD 47186,Radial Velocity,2008,4.0845,,,,,
Kepler-553 c,Kepler-553,Transit,2016,328.2399546,11.2,,5266,0.85,0.92
Kepler-1593 b,Kepler-1593,Transit,2016,174.5085,2.91,,4745,0.698,0.725
Kepler-1580 b,Kepler-1580,Transit,2016,56.6449279,1.19,,6102,1.201,0.985
Kepler-224 e,Kepler-224,Transit,2014,18.643516,2.02,,5093,0.71,0.78
TOI-2525 b,TOI-2525,Transit,2023,23.2856,8.67575106,26.69758619,5096,0.785,0.849
Kepler-133 b,Kepler-133,Transit,2014,8.13000457,1.87,,5588,1.498,0.998
Kepler-1487 c,Kepler-1487,Transit,2023,35.79949951,8.95899963,,5745,3.955,1.801
HAT-P-54 b,HAT-P-54,Transit,2015,3.7998534,,,4390,0.617,0.645
Kepler-207 b,Kepler-207,Transit,2014,1.611887177,1.641,,5969,1.674,1.313
Kepler-5 b,Kepler-5,Transit,2009,3.548465405,15.45,,6343,1.77,1.36
Kepler-325 c,Kepler-325,Transit,2014,,2.792,,5541,0.823,
Kepler-1120 b,Kepler-1120,Transit,2016,2.949038155,,,4971.16,0.684974,0.82
Kepler-150 d,Kepler-150,Transit,2014,12.56093,2.79,,5560,0.939,
Kepler-730 b,Kepler-730,Transit,2016,6.49168251,,,5638,1.37525,1
Kepler-1176 b,Kepler-1176,Transit,2016,24.1738244,2.21,,5468,0.968,0.913
WASP-80 b,WASP-80,Transit,2012,3.06785952,10.670968,171.6282,4150,0.571,0.57
Kepler-209 c,Kepler-209,Transit,2014,41.74949827,3.4,,5514,1.043,0.876
OGLE-TR-132 b,OGLE-TR-132,Transit,2004,1.689868,13.22662,362.3262,6210,1.34,1.26
Kepler-226 d,Kepler-226,Transit,2014,8.10904807,1.3,,5185,0.91,0.831
Kepler-865 b,Kepler-865,Transit,2016,14.16400071,,,5284,0.847142,0.91
HIP 78530 b,HIP 78530,Imaging,2010,,,7700,10500,,2.5
Kepler-349 b,Kepler-349,Transit,2014,5.92972237,,,5665.19,1.02938,1.01
Kepler-176 c,Kepler-176,Transit,2014,12.75934834,2.64,,5229,0.877,0.826
K2-345 b,K2-345,Transit,2021,10.367437,2.11,,3779,0.52,0.56
GJ 317 b,GJ 317,Radial Velocity,2007,695.36,,,3492.73,0.431834,0.453271
Kepler-23 c,Kepler-23,Transit,2011,10.74242766,3.036,,5823,1.491,0.99
Kepler-169 f,Kepler-169,Transit,2014,87.0905994,3.12,,5173,0.939,0.85
Kepler-957 b,Kepler-957,Transit,2016,,6.256,,4961,0.847,
KOI-351 h,KOI-351,Transit,2013,331.601,11.32109,381.396,6080,1.2,1.2
Kepler-15 b,Kepler-15,Transit,2011,4.942783399,10.77,,5514,0.978,1.003
Kepler-165 b,Kepler-165,Transit,2014,8.180861264,,,5155,0.727855,0.87
Kepler-1091 b,Kepler-1091,Transit,2016,1.434741564,1.09,,5672,0.754,0.81
Kepler-1477 b,Kepler-1477,Transit,2016,11.55530021,1.26,,5149,0.803,0.755
Kepler-1217 b,Kepler-1217,Transit,2016,2.032316638,,,5852,1.07297,1.06
Kepler-1186 b,Kepler-1186,Transit,2016,,2.438,,5975,1.107,
Kepler-436 b,Kepler-436,Transit,2015,64.001151,1.9,,4299,0.511,0.508
K2-104 b,K2-104,Transit,2016,1.9741954,1.79,,3712,0.48,0.51
Kepler-798 b,Kepler-798,Transit,2016,13.71933369,2.1,,6428,1.156,1.16
Kepler-1154 c,Kepler-1154,Transit,2016,,2.424,,6170,1.414,
Kepler-44 b,Kepler-44,Transit,2011,3.246731496,,,5757,1.49959,1.03
Kepler-1789 b,Kepler-1789,Transit,2021,80.23247,3.6,,5656,0.88,0.913
Kepler-275 d,Kepler-275,Transit,2014,,3.328,,6179,1.468,
EPIC 220554210 c,K2-282,Transit,2019,0.70531,1.48,,,,0.94
Kepler-14 b,Kepler-14,Transit,2011,6.790123,12.733,2669.66,6395,2.048,1.512
Kepler-584 b,Kepler-584,Transit,2016,35.1808248,,,6167,1.59413,1.18
Kepler-387 c,Kepler-387,Transit,2014,11.8377261,1.128,,5789,1.124,0.85
WASP-21 b,WASP-21,Transit,2010,4.322513,,,5800,1.136,0.89
Kepler-446 d,Kepler-446,Transit,2015,,1.14,,3359,0.217,
K2-138 f,K2-138,Transit,2017,12.75759,2.81,,5378,0.86,0.93
WASP-72 b,WASP-72,Transit,2012,2.21674331,,,6250,1.98,1.386
Kepler-137 b,Kepler-137,Transit,2014,,1.614,,5237,0.856,
Kepler-203 b,Kepler-203,Transit,2014,3.162691238,2.517,,5887,1.029,1.06
TrES-2 b,TrES-2,Transit,2006,2.47061437,13.775861,398.24099,5795,1.002,1.049
Kepler-1441 b,Kepler-1441,Transit,2016,39.4420781,,,5572.13,1.55943,0.98
Kepler-528 b,Kepler-528,Transit,2016,,2.28,,5724,1.192,
Kepler-244 d,Kepler-244,Transit,2014,20.05040157,2.74,,5273,0.79,0.82
OGLE-2018-BLG-1011L c,OGLE-2018-BLG-1011L,Microlensing,2019,,,890,,,0.18
UZ For c,UZ For,Eclipse Timing Variations,2011,1916.25,,2447.2,,,0.7
Kepler-805 b,Kepler-805,Transit,2016,30.8639476,3.01,,5977,1.571,1.081
HD 184010 d,HD 184010,Radial Velocity,2022,836.4,,,4971,4.86,1.35
Kepler-354 c,Kepler-354,Transit,2014,16.9348104,,,4550,0.707392,0.72
TOI-2193 A b,TOI-2193 A,Transit,2022,2.1225735,19.83989584,298.7587026,5966,1.248,1.082
Kepler-1556 b,Kepler-1556,Transit,2016,8.82713457,2.06,,5812,1.01,0.944
Kepler-309 c,Kepler-309,Transit,2014,105.3564685,,,4714,0.774232,0.75
K2-346 b,K2-346,Transit,2021,26.1956,2.08,,,0.656,
HD 108874 b,HD 108874,Radial Velocity,2002,397.5,,,,,1
Kepler-795 b,Kepler-795,Transit,2016,29.6193421,1.76,,5616,0.988,0.897
Kepler-1215 b,Kepler-1215,Transit,2016,4.767044507,,,5432,0.915914,0.95
Kepler-858 b,Kepler-858,Transit,2016,76.13354,5.26,,5493,0.982,0.918
Kepler-260 b,Kepler-260,Transit,2014,8.18740532,,,5250,1.08729,0.9
OGLE-2015-BLG-0966L b,OGLE-2015-BLG-0966L,Microlensing,2016,,,21,,,0.38
Kepler-282 e,Kepler-282,Transit,2013,44.34738006,,,5848,1.10046,1.06
Kepler-288 b,Kepler-288,Transit,2014,,1.558,,5698,1.07,
HD 154088 b,HD 154088,Radial Velocity,2021,18.56,,,5374,,0.91
Kepler-182 c,Kepler-182,Transit,2014,20.68422311,4.297,,5960,1.334,1.114
Kepler-202 c,Kepler-202,Transit,2014,16.28247625,1.88,,4671,0.68,0.75
K2-37 d,K2-37,Transit,2016,14.090996,2.41175864,,5382,0.818403,0.886868
K2-12 b,K2-12,Transit,2015,8.28176,2.72,,6177,1.31,1.18
Kepler-188 b,Kepler-188,Transit,2014,2.06190864,,,5704,1.06544,1.02
Qatar-2 b,Qatar-2,Transit,2011,1.33711716,,,4645,0.713,0.74
K2-98 b,K2-98,Transit,2016,10.136527,4.5,,,1.39,
Kepler-848 b,Kepler-848,Transit,2016,6.91134416,1.44,,5907,0.99,0.967
Kepler-55 b,Kepler-55,Transit,2012,27.9537959,3.35,,4505,0.658,0.645
Kepler-1015 b,Kepler-1015,Transit,2016,16.00494214,2.6,,6711,1.344,1.254
Kepler-1682 b,Kepler-1682,Transit,2020,14.83340944,2.54,,5570,0.904,0.882
Kepler-1118 b,Kepler-1118,Transit,2016,,2.848,,5411,1.06,
Kepler-1193 b,Kepler-1193,Transit,2016,2.832652134,1.32,,5908,1.21,1.08
Kepler-1990 b,Kepler-1990,Transit,2023,1.735129952,3.91400003,,5751,1.071,1.028
Kepler-597 b,Kepler-597,Transit,2016,13.02365861,2.22,,5870,0.867,0.959
Kepler-199 c,Kepler-199,Transit,2014,,3.655,,5721,0.919,
Kepler-1189 b,Kepler-1189,Transit,2016,3.788599718,,,5572.03,1.12476,0.98
Kepler-141 b,Kepler-141,Transit,2014,3.10763873,16.16,,4173,18.939,0.941
Kepler-293 b,Kepler-293,Transit,2014,19.25404056,,,5412,0.870183,0.94
Kepler-1902 b,Kepler-1902,Transit,2021,3.82222231,1.02,,3854,0.53,0.534
Kepler-1800 b,Kepler-1800,Transit,2021,4.562143,1.59,,5404,1.55,0.909
Kepler-1166 b,Kepler-1166,Transit,2016,33.2406882,1.94,,5605,1.015,0.904
Kepler-1760 b,Kepler-1760,Transit,2021,38.326218,1.83,,5448,0.857,0.977
Kepler-1095 b,Kepler-1095,Transit,2016,4.27103091,1.24,,5984,0.906,0.993
Kepler-905 b,Kepler-905,Transit,2016,5.082746517,1.47,,5569,0.887,1.009
Kepler-736 b,Kepler-736,Transit,2016,3.601465336,,,5093,0.858585,0.85
Kepler-975 b,Kepler-975,Transit,2016,1.970340203,3.97,,4883,1.667,0.951
WASP-158 b,WASP-158,Transit,2018,3.65688,12.8031,,6239,1.53,
Kepler-292 f,Kepler-292,Transit,2014,20.8342947,2.57,,5282,0.81,0.85
K2-114 b,K2-114,Transit,2017,11.391013,10.67,,5044,0.84,0.89
Kepler-1479 b,Kepler-1479,Transit,2016,14.53260546,,,5840,1.1547,1.05
Kepler-251 e,Kepler-251,Transit,2014,99.6409653,3.27,,5622,0.91,0.95
Kepler-51 d,Kepler-51,Transit,2014,130.1781439,,,5770,0.850059,1.03
Kepler-1000 b,Kepler-1000,Transit,2016,120.0183551,4.54,,6469,1.467,1.406
Kepler-6 b,Kepler-6,Transit,2009,3.2346996,14.616536,212.31044,5647,1.391,1.209
Kepler-1365 c,Kepler-1365,Transit,2016,4.77468005,0.8,,5770,1.05,1
Kepler-183 b,Kepler-183,Transit,2014,5.6879831,2.28,,5794,1.01,1
Kepler-1069 b,Kepler-1069,Transit,2016,23.8990296,2.02,,5790,1.203,1.013
Kepler-80 c,Kepler-80,Transit,2012,9.521632,,1.11,,0.685,0.725
HD 81688 b,HD 81688,Radial Velocity,2007,183.93,,,4797,11.13,1.07
Kepler-1362 b,Kepler-1362,Transit,2016,136.205112,,,4654,0.769739,0.74
Kepler-1126 b,Kepler-1126,Transit,2016,108.593329,1.73,,5798,0.93,0.92
Kepler-501 b,Kepler-501,Transit,2016,5.640676975,4.59,,5794,1.216,1.032
Kepler-1284 b,Kepler-1284,Transit,2016,0.664072816,,,4947,0.86373,0.81
Kepler-271 c,Kepler-271,Transit,2014,7.41084314,,,5645.65,0.780963,1
Kepler-612 b,Kepler-612,Transit,2016,,4.367,,5620,1.509,
Kepler-790 b,Kepler-790,Transit,2016,13.73469807,2.14,,5196,0.772,0.726
KOI-94 b,KOI-94,Transit,2013,3.743175556,1.58,,6210,1.32,1.18
Kepler-991 b,Kepler-991,Transit,2016,,2.744,,4318,0.65,
Kepler-1270 b,Kepler-1270,Transit,2016,6.03356196,3.113,,5005,3.009,1.28
CoRoT-12 b,CoRoT-12,Transit,2010,2.828042,16.14,291.438,5675,1.116,1.078
Kepler-364 b,Kepler-364,Transit,2014,25.7461,1.3,,6506,1.17,1.2
Kepler-146 b,Kepler-146,Transit,2014,31.1588249,3.56,,5951,1.155,1.015
Kepler-291 b,Kepler-291,Transit,2014,3.54653414,2.17,,5993,0.986,1.093
Kepler-1341 b,Kepler-1341,Transit,2016,132.9956994,,,4511,0.785642,0.71
Kepler-50 b,Kepler-50,Transit,2012,7.8128315,,,6173,1.6202,1.178
Kepler-1448 b,Kepler-1448,Transit,2016,12.27065865,1.73,,6075,0.969,1.048
Kepler-1766 b,Kepler-1766,Transit,2021,105.0141157,1.89,,5855,1.069,0.917
Kepler-750 b,Kepler-750,Transit,2016,9.42889884,,,6025.52,1.36307,1.12
K2-19 c,K2-19,Transit,2015,11.90691,4.31,,5519,0.81,0.84
HD 178911 B b,HD 178911 B,Radial Velocity,2001,71.484,,,5668,,1.014
Kepler-121 c,Kepler-121,Transit,2014,41.00820122,,,5318,0.682614,0.92
GJ 367 b,GJ 367,Transit,2021,0.3219225,0.699,0.633,3522,0.458,0.455
Kepler-594 b,Kepler-594,Transit,2016,13.64618192,2.18,,5485,0.87,0.91
HD 190360 c,HD 190360,Radial Velocity,2005,17.11704,,,5537.68,1.165616,0.986343
Kepler-132 b,Kepler-132,Transit,2014,6.17828255,1.04,,5921,1.045,0.919
Kepler-1854 b,Kepler-1854,Transit,2021,39.8313153,1.28,,5106,0.647,0.708
Kepler-1728 b,Kepler-1728,Transit,2021,4.783002698,2.5,,5170,0.807,0.891
KOI-94 d,KOI-94,Transit,2013,,10.377,,6181,1.383,
Kepler-239 b,Kepler-239,Transit,2014,11.76305946,2.45,,5007,0.77,0.84
Kepler-920 b,Kepler-920,Transit,2016,6.5319247,,,5340,0.946461,0.92
Kepler-400 b,Kepler-400,Transit,2014,9.024391,1.76,,6062,1.12,1.03
Kepler-65 e,Kepler-65,Radial Velocity,2019,258.8,,260,,1.437,1.248
HR 8799 e,HR 8799,Imaging,2010,20815.60000000000,,,,,1.51
Kepler-1913 b,Kepler-1913,Transit,2021,14.1959621,,,6005,0.867406,1.11
Kepler-1335 b,Kepler-1335,Transit,2016,6.26406846,1.61,,5032,0.817,0.789
Kepler-1460 b,Kepler-1460,Transit,2016,29.9633247,1.89,,4463,0.638,0.624
Kepler-947 b,Kepler-947,Transit,2016,26.96446827,,,5490,1.30237,0.96
HD 104985 b,HD 104985,Radial Velocity,2003,199.68,,,4738,11.12,1.22
Kepler-1510 b,Kepler-1510,Transit,2016,84.70362945,,,6061,1.39983,1.13
HIP 14810 c,HIP 14810,Radial Velocity,2006,147.747,,,5544,1.07,1.01
HD 3167 d,HD 3167,Radial Velocity,2017,8.509,,,5261,0.86,0.86
Kepler-79 c,Kepler-79,Transit,2012,27.402,2.77,,,1.1,1.1
Kepler-371 b,Kepler-371,Transit,2014,34.763278,1.89,,5666,0.992,
Kepler-438 b,Kepler-438,Transit,2015,35.23319,1.12,,3748,0.52,0.544
Kepler-1173 b,Kepler-1173,Transit,2016,,0.879,,5076,0.777,
OGLE-2017-BLG-1522L b,OGLE-2017-BLG-1522L,Microlensing,2018,,,240,,,0.045
Kepler-697 b,Kepler-697,Transit,2016,,4.629,,5726,1.042,
Kepler-1967 b,Kepler-1967,Transit,2021,7.28170196,0.742,,4825,0.724,0.751
Kepler-178 c,Kepler-178,Transit,2014,20.55280311,,,5418,0.893476,0.94
Kepler-976 b,Kepler-976,Transit,2016,105.9567331,,,4960,0.895026,0.82
Kepler-214 b,Kepler-214,Transit,2014,15.660544,2.61,,6169,1.352,
K2-281 b,K2-281,Transit,2018,8.687708,8.1,,,0.75,
K2-275 b,K2-275,Transit,2018,3.281,,,4783.55,0.735345,0.772
Kepler-301 b,Kepler-301,Transit,2014,2.508554095,1.33,,5814,0.881,0.944
Kepler-340 c,Kepler-340,Transit,2014,22.824669,3.37,,6620,1.85,
WASP-12 b,WASP-12,Transit,2008,,,,,,
K2-180 b,K2-180,Transit,2018,8.86638,2.51,,,0.6867,
Kepler-114 b,Kepler-114,Transit,2014,5.18856001,1.18,,3983,0.54,0.56
Kepler-41 b,Kepler-41,Transit,2011,1.8555582,14.46,177.98,5750,1.29,1.15
Kepler-1609 b,Kepler-1609,Transit,2016,114.34219,2.05,,6257,1.186,1.226
Kepler-1389 b,Kepler-1389,Transit,2016,99.2530951,1.77,,5129,0.754,0.756
HD 35843 c,HD 35843,Transit,2025,46.96210526,2.46806953,,5744,0.879321,
Kepler-1286 b,Kepler-1286,Transit,2016,11.25401871,,,5720,1.18024,1.02
Kepler-139 b,Kepler-139,Transit,2014,15.771019,2.63,,5622,1.18,1.084
Kepler-244 c,Kepler-244,Transit,2014,9.767,,,,0.802,0.88
Kepler-49 b,Kepler-49,Transit,2012,7.203850636,2.23,,3816,0.51,0.54
KOI-351 g,KOI-351,Transit,2013,210.6031105,6.86,,6238,1.054,0.967
Kepler-460 c,KIC 5437945,Transit,2016,220.1303357,5.52,,6146,1.26,1.17
Kepler-79 e,Kepler-79,Transit,2014,81.0632,3,,6405,1.1,1.18
Kepler-173 b,Kepler-173,Transit,2014,4.26374378,1.28,,6032,0.935,0.793
Kepler-41 b,Kepler-41,Transit,2011,1.8555577,11.65736,177.9848,5620,1.02,1.12
GJ 328 b,GJ 328,Radial Velocity,2013,3771,,,3897,0.63,0.65
WASP-26 b,WASP-26,Transit,2010,2.756739487,13.80446613,,6034,1.28427,
Kepler-24 d,Kepler-24,Transit,2014,4.24437621,1.72,,5952,1.11,0.98
PSR B1257+12 d,PSR B1257+12,Pulsar Timing,1992,98.2114,,3.9,,,1.4
Kepler-1361 b,Kepler-1361,Transit,2016,3.57551429,0.89,,5213,0.917,0.832
Kepler-891 b,Kepler-891,Transit,2016,53.44945593,6.04,,5919,1,1.114
HD 125390 b,HD 125390,Radial Velocity,2019,1756.2,,,4850,6.47,1.36
TOI-544 c,TOI-544,Radial Velocity,2023,50.089,,,4169,0.623,0.631
Kepler-1419 b,Kepler-1419,Transit,2016,42.5215895,2.86,,5796,1.01,1.01
Kepler-370 b,Kepler-370,Transit,2014,,1.498,,5649,1.058,
Kepler-283 c,Kepler-283,Transit,2014,,2.055,,4141,0.64,
GJ 667 C f,GJ 667 C,Radial Velocity,2013,39.026,,,3350,,0.33
Kepler-1815 b,Kepler-1815,Transit,2021,12.19139957,2.7489262,,5516,0.967,0.856
Kepler-401 b,Kepler-401,Transit,2014,14.3833988,,,6132,1.70021,1.16
Kepler-740 b,Kepler-740,Transit,2016,3.5840842,4.5,,5669,0.83,0.94
K2-3 b,K2-3,Transit,2015,10.05443,1.44,,3841,0.371,0.414
WASP-12 b,WASP-12,Transit,2008,1.091419108,,,,,
Kepler-351 c,Kepler-351,Transit,2014,57.24809,3.19,,5643,0.854,
Kepler-1486 b,Kepler-1486,Transit,2016,54.6495759,2.26,,6112,1.066,1.079
KMT-2021-BLG-2609L b,KMT-2021-BLG-2609L,Microlensing,2024,,,35.59678158,,,0.2
Kepler-197 d,Kepler-197,Transit,2014,15.677,,,,1.12,0.92
HD 18742 b,HD 18742,Radial Velocity,2011,772,,,5021,5.88,2.58
Kepler-330 c,Kepler-330,Transit,2014,15.95545002,2.23,,5033,0.76,0.79
Kepler-656 b,Kepler-656,Transit,2016,1.260259094,3.12,,5281,0.82,0.86
Kepler-1069 b,Kepler-1069,Transit,2016,23.8990296,2.636,,5579,1.572,1.064
Kepler-1061 b,Kepler-1061,Transit,2016,2.758004848,,,6126,0.981999,1.158
TOI-216.02,TOI-216,Transit,2019,17.16073,8,18.75187601,,0.748,0.77
Kepler-1535 b,Kepler-1535,Transit,2016,138.9463728,,,5878,1.16562,1.06
Kepler-723 b,Kepler-723,Transit,2016,4.082275068,10.85,,5649,0.797,0.868
Kepler-192 b,Kepler-192,Transit,2014,9.926722563,,,5500.71,0.987806,0.96
Kepler-432 b,Kepler-432,Transit,2015,52.50101454,,,4981.99,3.96613,
Kepler-769 c,Kepler-769,Transit,2016,15.9870174,1.79,,6186,1.28,1.19
DH Tau b,DH Tau,Imaging,2004,,,3496,,0.27,0.33
Kepler-1995 b,Kepler-1995,Transit,2023,73.7579317,4.23,,5029,0.93,0.847
Kepler-476 b,Kepler-476,Transit,2016,14.006406,2.54,,5817,0.96,0.949
Kepler-319 b,Kepler-319,Transit,2014,4.362744362,3.24,,5903,1.784,1.349
Kepler-20 e,Kepler-20,Transit,2011,6.09855603,0.84,,5465,0.925,0.876
Kepler-268 c,Kepler-268,Transit,2014,83.4463335,2.52,,6322,1.131,1.074
TOI-451 d,TOI-451,Transit,2020,16.364988,4.07,,5550,0.879,0.95
Kepler-83 b,Kepler-83,Transit,2012,9.77058983,2.34,,3893,0.52,0.54
Kepler-148 c,Kepler-148,Transit,2014,4.180049552,3.55,,5271,0.838,0.893
Kepler-735 b,Kepler-735,Transit,2016,11.51515989,,,4929,0.756226,0.81
K2-368 d,K2-368,Transit,2022,20.201085,1.948,,4663,0.663,0.746
Kepler-217 b,Kepler-217,Transit,2014,5.37490067,,,6658.99,1.78903,1.4
HD 125612 d,HD 125612,Radial Velocity,2009,2835,,,5841,1.05,1.11
HD 98649 b,HD 98649,Radial Velocity,2012,5384,,3082.935548,,,0.97
KOI-13 b,KOI-13,Transit,2011,1.763587569,25.8,,9107,3.031,2.466
Kepler-1249 b,Kepler-1249,Transit,2016,24.33445859,,,6023,1.50293,1.12
Kepler-1042 b,Kepler-1042,Transit,2016,10.13206084,,,,,
Kepler-1729 b,Kepler-1729,Transit,2021,4.22096735,,,4414,0.796785,0.69
Kepler-871 b,Kepler-871,Transit,2016,22.0459018,3.14,,5900,0.951,1.065
Kepler-1424 b,Kepler-1424,Transit,2016,29.60913,1.1,,5905,0.9,1.004
Kepler-252 c,Kepler-252,Transit,2014,10.84844155,,,4458,0.678487,0.7
Kepler-304 e,Kepler-304,Transit,2016,1.499144441,,,4677,0.711079,0.75
Kepler-277 c,Kepler-277,Transit,2013,33.0063025,2.853,,6065,1.731,1.263
Kepler-245 c,Kepler-245,Transit,2014,17.46085263,2.53,,5257,0.874,0.804
G 192-15 b,G 192-15,Radial Velocity,2025,2.27476,,,,,0.132
GJ 436 b,GJ 436,Radial Velocity,2004,,,21.676006,,,0.452
Kepler-1906 b,Kepler-1906,Transit,2021,7.362723,2,,5855,0.89,0.992
WASP-34 b,WASP-34,Transit,2010,4.31768,11.209,177.9848,5700,0.91,0.96
Kepler-219 d,Kepler-219,Transit,2014,47.90388093,,,5766.61,1.28163,1.03
TOI-1075 b,TOI-1075,Transit,2022,0.604739241,1.86255873,,4046,0.580337,
YZ Cet b,YZ Cet,Radial Velocity,2017,1.96876,,,3056,0.168,0.13
Kepler-194 b,Kepler-194,Transit,2014,2.092282,1.46,,6107,1.04,1.053
Kepler-1215 b,Kepler-1215,Transit,2016,4.76703963,1.22,,5629,0.937,0.864
Kepler-161 b,Kepler-161,Transit,2014,4.9213639,,2.63,,0.771,0.853
Kepler-252 b,Kepler-252,Transit,2014,6.66836145,,,4458,0.678487,0.7
Kepler-172 e,Kepler-172,Transit,2014,35.1185226,2.47,,5599,1.03,1
Kepler-213 b,Kepler-213,Transit,2014,,1.462,,5658,1.104,
WASP-93 b,WASP-93,Transit,2016,2.7325321,17.900773,467.2101,6700,1.524,1.334
Kepler-913 c,Kepler-913,Transit,2021,5.93919041,3.7,,6068,1.797,1.294
Kepler-730 b,Kepler-730,Transit,2016,6.491684259,10.3,,6116,1.13,1.157
Kepler-1874 b,Kepler-1874,Transit,2021,56.57320023,2.21110724,,4701,0.775,0.758
HAT-P-26 b,HAT-P-26,Transit,2010,4.2345002,,,5079,0.788,0.816
Kepler-531 b,Kepler-531,Transit,2016,29.88485741,2.77,,4883,0.749,0.725
Kepler-832 b,Kepler-832,Transit,2016,7.13968,2.25,,5973,0.92,1.023
Kepler-355 c,Kepler-355,Transit,2014,25.76313,2.82,,5929,1.03,1.09
Kepler-1273 b,Kepler-1273,Transit,2016,28.62574565,,,5437,0.792924,0.95
Kepler-1666 c,Kepler-1666,Transit,2020,40.715561,,,6293,1.14586,1.23
WASP-91 b,WASP-91,Transit,2017,2.798580184,11.95149929,,4920,0.906655,
TOI-2096 b,TOI-2096,Transit,2023,3.1190633,1.243,,3300,0.235,0.231
Kepler-965 b,Kepler-965,Transit,2016,134.2520474,,,6022.29,1.08918,1.12
Kepler-1634 b,Kepler-1634,Transit,2016,374.878133,4.27,,5636,1.354,1.103
CoRoT-28 b,CoRoT-28,Transit,2015,5.20851,10.704595,153.82972,5150,1.78,1.01
K2-187 e,K2-187,Transit,2018,13.609878,2.38,,5484,0.92,0.98
GJ 9827 c,GJ 9827,Transit,2017,3.648096,1.241,1.3,4305,0.602,0.606
Kepler-1310 b,Kepler-1310,Transit,2016,0.679336272,1.25,,5596,0.778,0.852
Kepler-363 c,Kepler-363,Transit,2014,7.54233911,2.35,,5759,2.127,1.284
Kepler-845 b,Kepler-845,Transit,2016,0.92785928,,,4655.78,0.766119,0.74
Kepler-1945 b,Kepler-1945,Transit,2021,6.08004821,1.05,,4991,0.804,0.767
Kepler-256 c,Kepler-256,Transit,2014,3.388012244,2.11,,5553,1.25,0.949
Kepler-822 b,Kepler-822,Transit,2016,3.222969273,1.52,,5823,0.96,0.899
Kepler-465 b,Kepler-465,Transit,2016,9.940672466,2.8,,6522,1.215,1.14
Kepler-112 c,Kepler-112,Transit,2014,28.5742649,2.8,,5763,0.957,0.766
GJ 667 C b,GJ 667 C,Radial Velocity,2012,7.1999,,,3650,,
Kepler-343 b,Kepler-343,Transit,2014,8.96848108,2.27,,5860,1.3,1.08
Kepler-398 c,Kepler-398,Transit,2014,11.41949528,,,4577,0.625149,0.723
Kepler-332 b,Kepler-332,Transit,2014,7.62640248,,,4925,0.701442,0.808
CoRoT-22 b,CoRoT-22,Transit,2014,9.75598,4.88,12.2,5939,1.136,1.099
Kepler-116 c,Kepler-116,Transit,2014,13.071489,1.85,,6484,1.173,1.195
Kepler-341 e,Kepler-341,Transit,2014,42.473269,1.99,,6012,1.024,
Kepler-121 c,Kepler-121,Transit,2014,41.0081183,2.69,,5316,0.719,0.774
EPIC 211945201 b,EPIC 211945201,Transit,2018,19.492132,6,,,1.48,
Kepler-511 c,Kepler-511,Transit,2021,26.62946276,2.94,,5951,1.357,1.121
Kepler-1019 b,Kepler-1019,Transit,2016,1.411230023,,,4205.32,0.744516,0.658
Kepler-597 b,Kepler-597,Transit,2016,13.02347295,,,5652.97,1.00322,1
Kepler-275 b,Kepler-275,Transit,2014,10.300682,2.34,,6165,1.383,
HATS-33 b,HATS-33,Transit,2016,2.5495614,,,5659,1.022,1.062
Kepler-1311 d,Kepler-1311,Transit,2021,197.5111484,,,5719,1.75366,1.02
KMT-2019-BLG-0253L b,KMT-2019-BLG-0253L,Microlensing,2022,,,9.2,,,0.7
Kepler-308 c,Kepler-308,Transit,2014,15.3825394,2.14,,5896,0.914,1
55 Cnc d,55 Cnc,Radial Velocity,2002,5360,,,,,0.95
K2-91 b,K2-91,Transit,2016,1.419604,1.22,,3488.9,0.32067,0.383934
Kepler-227 b,Kepler-227,Transit,2014,9.488102,2.5,,5763,0.99,0.92
Kepler-97 b,Kepler-97,Transit,2014,2.586638081,1.623,,5773,0.98,0.901
Kepler-281 b,Kepler-281,Transit,2014,14.64613,2.2,,5675,0.84,0.943
K2-83 c,K2-83,Transit,2016,9.997442,2.11,,3875.75,0.547001,0.594112
Kepler-954 b,Kepler-954,Transit,2016,16.78175788,2.25,,4925,0.742,0.778
Kepler-462 c,Kepler-462,Transit,2020,207.6035,6.3,,7713,2.52,1.86
Kepler-1488 b,Kepler-1488,Transit,2016,39.818832,,,5757.09,1.97691,1.03
Kepler-1576 b,Kepler-1576,Transit,2016,6.98472143,,,5674.51,0.96195,1.01
HD 111232 b,HD 111232,Radial Velocity,2003,882,,2637.975778,,,
Kepler-5 b,Kepler-5,Transit,2009,3.54846,16.04,671.864,6297,1.793,1.374
KELT-23 A b,KELT-23 A,Transit,2019,2.2552845,14.688,,5787,0.96,
Kepler-159 c,Kepler-159,Transit,2014,43.58642609,2.64,,3894,0.5,0.52
HATS-17 b,HATS-17,Transit,2016,16.254686,,,,,
Kepler-585 b,Kepler-585,Transit,2016,2.752359689,2.54,,5461,0.897,0.926
HD 189733 b,HD 189733,Radial Velocity,2005,2.218555,,,5012.5,0.782719,0.827851
Kepler-259 c,Kepler-259,Transit,2014,36.9249531,2.76,,5578,0.9,0.93
Kepler-1057 b,Kepler-1057,Transit,2016,14.08827448,2.75,,5853,0.895,0.99
Kepler-97 b,Kepler-97,Transit,2014,2.586639524,,,5843,0.948102,1.05
Kepler-1693 c,Kepler-1693,Transit,2021,5.363709927,0.97698289,,5553,1.098,0.941
Kepler-244 b,Kepler-244,Transit,2014,4.311780262,,,5461,0.831792,0.95
WASP-47 e,WASP-47,Transit,2015,0.7895933,1.808,6.77,5552,1.137,1.04
Kepler-147 b,Kepler-147,Transit,2014,12.6109708,1.29,,6010,1.26,1.1
Kepler-151 b,Kepler-151,Transit,2014,15.22894462,,,5303.09,0.806366,0.91
Kepler-766 b,Kepler-766,Transit,2016,6.100292593,,,5658,1.74979,1
Kepler-414 c,Kepler-414,Transit Timing Variations,2014,7.171,3.01,29.9,,0.946,0.89
Kepler-565 b,Kepler-565,Transit,2016,4.243743,3.4,,5905,0.9,1.009
HD 114729 b,HD 114729,Radial Velocity,2002,1135,,,,,0.93
Kepler-358 b,Kepler-358,Transit,2014,34.0607631,2.77,,5571,0.91,0.94
GJ 896 A b,GJ 896 A,Astrometry,2022,284.39,,718.2921998,,,0.43599
Kepler-675 b,Kepler-675,Transit,2016,,2.323,,5007,0.76,
Kepler-1874 b,Kepler-1874,Transit,2021,56.5732318,,,,,
Kepler-979 b,Kepler-979,Transit,2016,8.08801581,,,5186.7,0.857218,0.88
Kepler-291 c,Kepler-291,Transit,2014,5.70071153,2.32,,5637,1.184,1.023
WASP-16 b,WASP-16,Transit,2009,3.1186068,13.652562,264.43456,5630,1.087,0.98
Kepler-62 f,Kepler-62,Transit,2013,267.283301,1.54,,4859,0.707,0.697
Kepler-960 b,Kepler-960,Transit,2016,3.1268651,1.8,,4735,0.7,0.68
Kepler-102 d,Kepler-102,Transit,2014,,1.314,,4909,0.726,
Kepler-1374 b,Kepler-1374,Transit,2016,10.652797,1.7,,5392,0.57,0.92
HD 97658 b,HD 97658,Radial Velocity,2010,9.4897116,2.12,8.3,5212,0.728,0.85
Kepler-767 b,Kepler-767,Transit,2016,,12.134,,5779,1.797,
Kepler-1861 b,Kepler-1861,Transit,2021,40.0311126,,,5783.31,1.40729,1.04
Kepler-444 f,Kepler-444,Transit,2015,9.74048418,0.51,,5032,0.593,0.618
Kepler-50 b,Kepler-50,Transit,2012,7.8128584,1.542,,6162,1.587,1.154
K2-229 b,K2-229,Transit,2018,0.58424,1.2547759,,5231,0.801878,0.85791
TOI-1899 b,TOI-1899,Transit,2020,29.090312,11.09689089,212.9450327,3926,0.607,0.632
Kepler-1993 b,Kepler-1993,Transit,2023,26.6565574,4.05,,5159,3.062,1.373
Kepler-1724 b,Kepler-1724,Transit,2021,6.45443377,2.45,,6092,0.943,1.016
HATS-41 b,HATS-41,Transit,2018,4.193649,,,6424,1.71,1.496
Kepler-1530 b,Kepler-1530,Transit,2016,2.5904434,2.41,,5678,1.303,1.015
Kepler-175 c,Kepler-175,Transit,2014,34.0350559,3.22,,6063,1.001,1.079
HD 159868 b,HD 159868,Radial Velocity,2006,986,,,5534,2.06273,0.97
Kepler-1379 b,Kepler-1379,Transit,2016,0.881841146,1.3,,5188,0.79,0.83
Kepler-1996 b,Kepler-1996,Transit,2023,32.3763405,1.91,,4628,0.707,0.762
Kepler-425 b,Kepler-425,Transit,2014,3.797018259,,,5211.36,0.832631,0.89
HD 142245 b,HD 142245,Radial Velocity,2011,1299,,,4878,5.2,1.69
Kepler-957 b,Kepler-957,Transit,2016,5.907413537,5.5,,4963,0.75,0.81
Kepler-194 d,Kepler-194,Transit,2014,52.81478933,,,5731,1.06547,1.02
HD 102195 b,HD 102195,Radial Velocity,2006,4.11434,,,5330,0.835,0.926
Kepler-886 b,Kepler-886,Transit,2016,6.241481303,,,5815.18,1.0336,1.05
HD 180053 b,HD 180053,Radial Velocity,2018,213.72,,,5131,4.06,1.75
Kepler-11 e,Kepler-11,Transit,2010,31.9954389,,,5820,1.12955,1.05
Kepler-1193 b,Kepler-1193,Transit,2016,2.8326569,,,5856.28,1.45463,1.06
Kepler-366 c,Kepler-366,Transit,2014,12.51618164,1.95,,6007,1.11,1.07
Kepler-161 c,Kepler-161,Transit,2014,7.064252,,3.61,,0.771,0.853
Kepler-1656 b,Kepler-1656,Transit,2018,31.57865122,4.52,,5733,0.99,0.987
HATS-24 b,HATS-24,Transit,2017,1.3484975,17.37395,,6346,1.194,1.218
Kepler-1967 b,Kepler-1967,Transit,2021,7.28171395,2.59,,4970,1.806,0.996
Kepler-412 b,Kepler-412,Transit,2014,1.720861324,12.53,,6195,1.124,1.178
TOI-3235 b,TOI-3235,Transit,2023,2.5926199,11.0137,,3375,0.37,
Kepler-116 b,Kepler-116,Transit,2014,5.968741,2.74,,6495,1.15,1.206
Kepler-1850 b,Kepler-1850,Transit,2021,1.385800004,0.72909663,,4239,0.6,0.611
Kepler-687 b,Kepler-687,Transit,2016,20.50588921,,,4775,0.760961,0.77
Kepler-1079 b,Kepler-1079,Transit,2016,13.24503482,,,5791.58,1.3873,
Kepler-256 e,Kepler-256,Transit,2014,10.68167916,1.8,,5936,0.965,1.075
Kepler-244 c,Kepler-244,Transit,2014,9.76734365,2.135,,5498,0.857,0.933
Kepler-362 b,Kepler-362,Transit,2014,10.32738017,0.84,,5776,0.726,0.807
Kepler-344 c,Kepler-344,Transit,2014,,2.657,,5459,0.88,
Kepler-939 b,Kepler-939,Transit,2016,14.878296,1.75,,5471,0.85,0.88
Kepler-357 d,Kepler-357,Transit,2014,49.50081,2.2,,4978,0.72,0.727
Kepler-23 b,Kepler-23,Transit,2011,7.10694385,1.88,,5880,1.57,1.1
Kepler-1585 b,Kepler-1585,Transit,2016,3.5827463,1.72,,5448,0.872,0.912
Kepler-1229 b,Kepler-1229,Transit,2016,86.8299,1.66,,4013,0.52,0.543
Kepler-463 b,Kepler-463,Transit,2016,8.981016833,4.95,,5613,1.462,0.837
Kepler-584 b,Kepler-584,Transit,2016,35.1810304,4.02,,6466,1.183,1.205
K2-73 b,K2-73,Transit,2016,7.4956613,4.74,,6634,1.77,
Kepler-415 c,Kepler-415,Transit Timing Variations,2014,8.70797904,2.62,,4523,0.643,0.674
Kepler-274 b,Kepler-274,Transit,2014,,2.137,,5684,1.27,
K2-198 b,K2-198,Transit,2018,17.043,,,5183.84,0.781501,0.879
Kepler-23 d,Kepler-23,Transit,2014,15.27438229,2.28,,5828,1.548,1.078
Kepler-523 b,Kepler-523,Transit,2016,5.8359839,,,5411.4,0.82465,0.94
Kepler-517 b,Kepler-517,Transit,2016,60.9292,3.12,,5598,1.03,0.913
EPIC 211945201 b,EPIC 211945201,Transit,2018,19.49213,6.12,27,6025,1.38,1.18
Kepler-1619 b,Kepler-1619,Transit,2016,23.6225913,1.077,,5650,1.429,0.874
Kepler-237 c,Kepler-237,Transit,2014,,2.221,,4897,0.772,
Kepler-281 d,Kepler-281,Transit,2021,148.272013,4.3,,5717,0.884,0.984
Kepler-271 b,Kepler-271,Transit,2014,10.43547031,,,5645.65,0.780963,1
Kepler-363 d,Kepler-363,Transit,2014,11.9320869,2.98,,5759,2.127,1.284
Kepler-462 b,Kepler-462,Transit,2016,84.6877524,3.37,,6688,1.79,1.353
Kepler-223 d,Kepler-223,Transit,2014,14.78869,5.24,8,,1.72,1.125
Kepler-37 b,Kepler-37,Transit,2013,13.3675,0.32,10,5417,0.77,0.8
Kepler-1316 b,Kepler-1316,Transit,2016,87.9724227,3.39,,5837,1.159,0.988
Kepler-196 b,Kepler-196,Transit,2014,20.74011,2.1,,5231,0.83,0.783
Kepler-1182 b,Kepler-1182,Transit,2016,11.17394617,2.05,,5911,0.914,1.006
Kepler-80 e,Kepler-80,Transit,2014,4.64535284,1.6,,4040,0.57,0.59
KMT-2018-BLG-0247L b,KMT-2018-BLG-0247L,Microlensing,2022,,,740.5401883,,,0.35
Kepler-1998 b,Kepler-1998,Transit,2023,3.03266154,0.66,,5606,0.96,0.975
HD 47366 b,HD 47366,Radial Velocity,2016,359.15,,,4914,6.2,2.19
TOI-1135 b,TOI-1135,Transit,2024,8.02773,9.02,51.42,6122,1.16,1.125
Kepler-1719 b,Kepler-1719,Transit,2021,6.149559975,3.95000623,,5687,1.775,1.08
TOI-715 b,TOI-715,Transit,2023,19.288004,1.55,,3075,0.24,0.225
Kepler-246 b,Kepler-246,Transit,2014,4.601816855,2.37,,5202,0.811,0.885
Kepler-324 b,Kepler-324,Transit,2014,4.38536428,,,5214,0.859378,0.89
HATS-1 b,HATS-1,Transit,2012,3.446459,14.594118,556.2025,5870,1.038,0.986
WASP-35 b,WASP-35,Transit,2011,3.16156853,,,5990,1.09,1.07
Kepler-431 c,Kepler-431,Transit,2015,8.70337044,0.92,,6293,1.682,1.1
Kepler-106 e,Kepler-106,Transit,2014,43.84445,2.52,,5865,1.04,1.002
PDS 70 c,PDS 70,Imaging,2019,,22.86636,635.66,3972,,
Kepler-48 b,Kepler-48,Transit,2012,,1.79,,5235,0.846,
Kepler-29 b,Kepler-29,Transit,2011,10.33974,2.55,5,5378,0.732,0.761
Kepler-1092 b,Kepler-1092,Transit,2016,58.60136304,,,5871.16,1.07928,1.06
Kepler-166 c,Kepler-166,Transit,2014,34.25951372,2.73,,5350,0.83,0.88
Kepler-1862 b,Kepler-1862,Transit,2021,16.0573291,2.27,,5644,0.806,0.9
Kepler-343 c,Kepler-343,Transit,2014,23.2218189,1.53,,6122,1.047,1.022
Kepler-589 c,Kepler-589,Transit,2021,3.52468054,1.1,,5372,0.916,0.832
HATS-5 b,HATS-5,Transit,2014,4.763395242,10.2196833,,5258,0.87551,
HATS-43 b,HATS-43,Transit,2018,4.3888499,,,5099,0.812,0.837
Kepler-441 b,Kepler-441,Transit,2015,207.247959,1.93,,4243,0.629,0.617
Kepler-639 b,Kepler-639,Transit,2016,,2.806,,5834,1.629,
Kepler-1045 b,Kepler-1045,Transit,2016,26.41073,2.5,,5482,0.79,0.892
Kepler-220 c,Kepler-220,Transit,2014,9.034199,1.57,,4632,0.666,
Kepler-213 c,Kepler-213,Transit,2014,,2.433,,5658,1.104,
Kepler-1488 b,Kepler-1488,Transit,2016,39.8189932,1.59,,6035,1.135,0.992
Kepler-171 d,Kepler-171,Transit,2014,39.6027551,2.36,,5949,1.09,1.07
Kepler-946 b,Kepler-946,Transit,2016,11.79161234,,,5849,1.13658,1.06
Kepler-1597 b,Kepler-1597,Transit,2016,2.94654179,0.91,,6484,1.173,1.195
Kepler-430 c,Kepler-430,Transit,2015,110.980793,,,5959.75,1.34348,1.09
Kepler-213 b,Kepler-213,Transit,2014,2.462344253,1.33,,5736,1.008,1.087
Kepler-1834 b,Kepler-1834,Transit,2021,4.603098,1.43,,4899,0.691,0.714
Kepler-305 d,Kepler-305,Transit,2014,16.73865956,2.68,,5106,0.803,0.763
Kepler-142 b,Kepler-142,Transit,2014,2.0241346,1.86,,5744,1.14,0.988
Kepler-223 c,Kepler-223,Transit,2014,9.8482024,2.79,,5825,1.003,0.902
LHS 1678 c,LHS 1678,Transit,2021,3.694247,0.982,1.4,3490,0.329,0.345
XO-3 b,XO-3,Transit,2007,3.191525,,,6429,2.13,1.41
TOI-4137 b,TOI-4137,Transit,2022,3.8016122,13.57407563,457.6729061,6202,1.438,1.313
Kepler-750 c,Kepler-750,Transit,2016,4.08897299,,,6025.52,1.36307,1.12
Kepler-169 f,Kepler-169,Transit,2014,87.090195,2.58,,4997,0.763,
Kepler-444 b,Kepler-444,Transit,2015,3.60011712,0.5,,5051,0.721,0.692
Kepler-1542 c,Kepler-1542,Transit,2016,2.89223998,0.7,,5574,1.065,0.933
TOI-1272 c,TOI-1272,Radial Velocity,2022,8.689,,,4985,0.788,0.851
Kepler-25 c,Kepler-25,Transit,2011,12.7204,5.2,24.6,6270,1.31,1.19
Kepler-1837 b,Kepler-1837,Transit,2021,5.90608902,,,5619,0.975451,0.99
Kepler-293 c,Kepler-293,Transit,2014,54.1561078,3.81,,5798,0.941,1.038
Kepler-1392 b,Kepler-1392,Transit,2016,15.1408916,1.93,,5926,0.887,0.978
WASP-106 b,WASP-106,Transit,2014,9.2897099,,,6055,1.31,0.93
Kepler-1382 b,Kepler-1382,Transit,2016,16.35824749,,,6054,1.75667,1.13
WASP-32 b,WASP-32,Transit,2010,2.71866201,,,6100,1.11,1.1
Kepler-22 b,Kepler-22,Transit,2011,289.8638764,,,5594,0.855243,0.989
HD 23472 d,HD 23472,Transit,2022,3.9766833,0.757588,,4813,0.69,
Kepler-242 c,Kepler-242,Transit,2014,14.49672,1.6,,4951,0.71,0.72
Kepler-276 b,Kepler-276,Transit,2014,14.12853811,,,5746,0.910298,1.03
Kepler-1245 b,Kepler-1245,Transit,2016,4.354075,1.8,,5447,0.93,0.82
Kepler-552 b,Kepler-552,Transit,2016,5.2634076,3.5,,6045,1,1.035
Kepler-1906 b,Kepler-1906,Transit,2021,7.36272124,1.86,,5868,0.894,0.987
Kepler-1251 b,Kepler-1251,Transit,2016,45.0910568,,,5558.2,0.904617,0.98
Kepler-1137 b,Kepler-1137,Transit,2016,23.9210791,2.23,,7143,1.785,1.466
TOI-1062 c,TOI-1062,Radial Velocity,2021,7.972,,,5328,0.84,0.94
HD 95338 b,HD 95338,Radial Velocity,2020,55.087,4.36639,,5175,0.87,
Kepler-718 b,Kepler-718,Transit,2016,2.052349884,,,5767,1.16875,1.03
KOI-1599.01,KOI-1599,Transit,2019,20.4415,1.9,4.6,,0.972,1.02
Kepler-1491 b,Kepler-1491,Transit,2016,,2.369,,5623,1.576,
Kepler-549 b,Kepler-549,Transit,2016,42.9495649,2.66,,5467,0.856,0.839
Kepler-909 b,Kepler-909,Transit,2016,13.93291548,1.66,,6026,1.207,1.113
Kepler-1073 b,Kepler-1073,Transit,2016,8.67888113,,,5774,0.987612,1.03
Kepler-1980 b,Kepler-1980,Transit,2023,33.0256807,1.96,,5853,0.83,0.902
Kepler-652 b,Kepler-652,Transit,2016,4.181998367,,,5343,0.855152,0.923
Kepler-124 c,Kepler-124,Transit,2014,13.82139306,2.2,,5196,0.657,0.724
Kepler-913 b,Kepler-913,Transit,2016,10.29672521,2.62,,5412,0.769,0.856
Kepler-1154 c,Kepler-1154,Transit,2016,8.45808312,1.67,,6163,1.022,1.09
HD 45364 b,HD 45364,Radial Velocity,2008,225.79,,,5466,0.89,0.82
Kepler-215 e,Kepler-215,Transit,2014,68.1613598,1.49,,5679,0.85,0.94
Kepler-102 b,Kepler-102,Transit,2014,5.28695437,0.49,,4884,0.74,0.8
HD 95735 c,GJ 411,Radial Velocity,2021,2946,,,3719,0.3685,0.3899
Kepler-782 b,Kepler-782,Transit,2016,158.6853308,3.73,,6126,1.186,0.976
Kepler-248 c,Kepler-248,Transit,2014,16.23946714,4.22,,5130,0.837,0.936
Kepler-292 d,Kepler-292,Transit,2014,7.055679,2.23,,5299,0.826,
GJ 3090 b,GJ 3090,Transit,2022,2.8531016,2.02068,,3703,0.52,
Kepler-1098 b,Kepler-1098,Transit,2016,2.543072855,1.13,,5753,0.88,0.852
Kepler-106 e,Kepler-106,Transit,2014,43.84444353,2.621,,5860,1.046,0.959
Kepler-238 d,Kepler-238,Transit,2014,,3.615,,5800,1.633,
Kepler-251 e,Kepler-251,Transit,2014,99.6409653,3.89,,5883,1.074,0.941
Kepler-189 c,Kepler-189,Transit,2014,20.13491661,,,5073,0.773127,0.85
Kepler-362 b,Kepler-362,Transit,2014,10.32736351,1.25,,5757,1.017,1.016
Kepler-1633 b,Kepler-1633,Transit,2016,186.404271,1.58,,6256,1.32,1.2
Kepler-228 d,Kepler-228,Transit,2014,11.09433661,,,5675,1.1757,1.01
KMT-2018-BLG-1990L b,KMT-2018-BLG-1990L,Microlensing,2019,,,111,,,0.094
Kepler-1137 b,Kepler-1137,Transit,2016,23.92113,2.9,,7115,1.85,1.51
Kepler-1116 b,Kepler-1116,Transit,2016,,2.43,,5743,0.937,
Kepler-690 b,Kepler-690,Transit,2016,7.748094374,5.56,,5918,1.079,1.146
Kepler-153 b,Kepler-153,Transit,2014,18.87021566,2.87,,5402,0.865,0.774
OGLE-2013-BLG-0341L B b,OGLE-2013-BLG-0341L B,Microlensing,2014,,,2.32,,,0.1452
Kepler-222 d,Kepler-222,Transit,2014,28.08194365,3.75,,5431,0.843,0.945
Kepler-265 b,Kepler-265,Transit,2014,6.84619299,1.67,,5883,1.03,0.98
Kepler-1109 b,Kepler-1109,Transit,2016,37.6468519,,,5380.67,1.05454,0.93
Kepler-565 b,Kepler-565,Transit,2016,4.243739501,,,,,
Kepler-443 b,Kepler-443,Transit,2015,177.668663,2.32,,4721,0.701,0.74
Kepler-361 c,Kepler-361,Transit,2014,55.1866213,2.47,,6178,1.267,1.085
Kepler-188 b,Kepler-188,Transit,2014,2.06190864,1.63,,5622,1.089,0.958
Kepler-83 b,Kepler-83,Transit,2012,9.77045194,2.56,,4082,0.56,0.58
Kepler-1437 b,Kepler-1437,Transit,2016,10.9295461,1.32,,5796,0.871,0.966
Kepler-1367 b,Kepler-1367,Transit,2016,1.574090323,0.93,,4313,0.65,0.731
Kepler-347 c,Kepler-347,Transit,2014,27.320871,1.75,,6088,1.005,
Kepler-379 c,Kepler-379,Transit,2014,62.7847,2.22,,6255,1.12,1.11
GJ 649 b,GJ 649,Radial Velocity,2009,598.3,,,3700,,0.54
Kepler-618 b,Kepler-618,Transit,2016,3.595736,2.31,,6086,1.01,1.05
Kepler-1238 b,Kepler-1238,Transit,2016,4.14789051,,,6378,1.60506,1.27
Kepler-173 b,Kepler-173,Transit,2014,,1.512,,5941,1.102,
EPIC 206024342 c,EPIC 206024342,Transit,2021,0.911618,1.16,,,0.823,
Kepler-749 b,Kepler-749,Transit,2016,,3.212,,4704,0.789,
Kepler-1853 b,Kepler-1853,Transit,2021,48.8874292,1.38,,4930,0.732,0.707
Kepler-337 c,Kepler-337,Transit,2014,9.69315023,1.89,,5683,1.472,1.014
Kepler-841 b,Kepler-841,Transit,2016,124.4198398,5.23,,5324,0.81,0.85
Kepler-612 b,Kepler-612,Transit,2016,3.7221562,,,5507,1.56093,0.97
Kepler-1468 c,Kepler-1468,Transit,2016,3.54553021,1.07,,5973,0.976,1.019
Kepler-398 c,Kepler-398,Transit,2014,11.41945387,0.98,,4494,0.659,0.698
OGLE-2017-BLG-1049L b,OGLE-2017-BLG-1049L,Microlensing,2020,,,1760,,,0.55
Kepler-997 b,Kepler-997,Transit,2016,2.70729361,,,6169,1.54906,1.18
TOI-1288 c,TOI-1288,Radial Velocity,2022,416,,,5388,0.9583,0.9552
K2-349 b,K2-349,Transit,2021,9.029,,,5274,0.786068,0.9
Kepler-1547 b,Kepler-1547,Transit,2016,0.692979676,0.82,,6103,1.024,0.981
Kepler-1016 c,Kepler-1016,Transit,2016,105.6551369,3.5,,6060,0.953,1.036
Kepler-206 d,Kepler-206,Transit,2014,23.4432353,0.95,,5762,1.06,0.981
Kepler-304 c,Kepler-304,Transit,2014,5.315954488,,,4677,0.711079,0.75
Kepler-648 b,Kepler-648,Transit,2016,17.4211749,2.85,,5796,0.871,0.966
Kepler-556 b,Kepler-556,Transit,2016,11.72292176,2.13,,5957,0.937,1.026
Kepler-204 c,Kepler-204,Transit,2014,25.6613816,,,5799,1.0253,1.04
WASP-118 b,WASP-118,Transit,2016,4.04605063,,,6410,1.696,1.32
OGLE-2011-BLG-0173L b,OGLE-2011-BLG-0173L,Microlensing,2018,,,2200,,,0.43
Kepler-150 c,Kepler-150,Transit,2014,7.381980206,,,5528,0.905339,0.97
Kepler-978 b,Kepler-978,Transit,2016,49.6221509,2.75,,6264,1.019,1.036
Kepler-1506 b,Kepler-1506,Transit,2016,14.0329154,1.46,,6063,1.001,1.079
Kepler-698 b,Kepler-698,Transit,2016,16.32976218,3.97,,5870,0.983,0.987
Kepler-251 b,Kepler-251,Transit,2014,4.790936,1.33,,5526,0.89,
Kepler-599 b,Kepler-599,Transit,2016,15.65563866,,,5007,0.728343,0.83
Kepler-33 f,Kepler-33,Transit,2011,41.028,4.15,25.2,,1.694,1.1
Kepler-240 c,Kepler-240,Transit,2014,7.954,2.28,102.3,,0.766,0.82
TOI-1062 b,TOI-1062,Transit,2021,4.1150576,2.30057,,5394,0.89,
Kepler-661 b,Kepler-661,Transit,2016,6.029301321,3.14,,4536,0.693,0.767
Kepler-757 b,Kepler-757,Transit,2016,,1.423,,5365,1.274,
HD 178911 B b,HD 178911 B,Radial Velocity,2001,71.487,,,,,0.87
Kepler-351 c,Kepler-351,Transit,2014,57.2486691,3.26,,5646,0.841,0.914
Kepler-968 b,Kepler-968,Transit,2016,3.69298042,,,4442,0.701769,0.696
Kepler-603 c,Kepler-603,Transit,2016,127.905412,8.03,,5751,1.247,1.018
HD 214823 b,HD 214823,Radial Velocity,2016,1854.6,,6451.916662,6215,,1.22
Kepler-770 d,Kepler-770,Transit,2016,4.15246118,,,5493,1.17497,0.96
HATS-24 b,HATS-24,Transit,2017,1.3484963,,,6346,1.172,1.212
Kepler-485 b,Kepler-485,Transit,2016,3.243248768,14.58000642,,5778,1.09304,
WASP-11 b,WASP-11,Transit,2008,3.72247975,,,4980,,
Kepler-77 b,Kepler-77,Transit,2013,3.578780551,10.64,,5628,1,0.99
HD 29021 b,HD 29021,Radial Velocity,2017,1365,,1420.692979,,,0.86
Kepler-342 b,Kepler-342,Transit,2014,15.17026179,1.82,,6475,1.178,1.2
HD 191939 f,HD 191939,Radial Velocity,2022,4450,,,5348,0.94,0.81
Kepler-975 c,Kepler-975,Transit,2023,5.058213203,2.823,,4801,0.786,0.836
Kepler-98 b,Kepler-98,Transit,2014,1.541676628,1.82,,5580,0.886,0.989
Kepler-742 b,Kepler-742,Transit,2016,8.360870704,,,4545,0.727321,0.72
Kepler-826 b,Kepler-826,Transit,2016,4.487548,1.1,,6038,0.95,1.05
Kepler-1199 b,Kepler-1199,Transit,2016,15.0447198,1.298,,5843,1.268,0.851
Kepler-687 b,Kepler-687,Transit,2016,20.50586978,3.62,,4905,0.761,0.739
WASP-16 b,WASP-16,Transit,2009,3.1186068,11.298672,288.58964,5700,0.946,1.022
Kepler-176 c,Kepler-176,Transit,2014,12.75934489,,,5047,0.821202,0.84
HAT-P-31 b,HAT-P-31,Transit,2011,5.005425,11.99,689.98,6065,1.36,1.218
Kepler-1466 b,Kepler-1466,Transit,2016,31.1748311,,,5651.02,1.01632,1
Kepler-1514 c,Kepler-1514,Transit,2020,10.51420148,1.071,,6194,1.266,1.19
HAT-P-68 b,HAT-P-68,Transit,2020,2.29840555,,,4508,0.6701,0.6785
OGLE-2018-BLG-0799L b,OGLE-2018-BLG-0799L,Microlensing,2022,,,120.7747947,,,0.14
WASP-47 b,WASP-47,Transit,2012,4.15917,13.18,,,1.188,
K2-368 b,K2-368,Transit,2022,5.02629,1.322,,,0.577,
Kepler-1093 b,Kepler-1093,Transit,2016,25.08282784,,,6343.61,1.40659,1.26
Kepler-200 b,Kepler-200,Transit,2014,8.59479202,2.19,,5773,0.95,0.98
Kepler-221 e,Kepler-221,Transit,2014,18.36971824,,,5284.79,0.74895,0.907
Kepler-271 b,Kepler-271,Transit,2014,5.217738,0.89,,5524,0.88,
Kepler-1312 b,Kepler-1312,Transit,2016,5.448325286,1.8,,5674,0.782,0.851
Kepler-1096 b,Kepler-1096,Transit,2016,2.892216772,,,4471.04,0.633312,0.701
Kepler-79 c,Kepler-79,Transit,2012,27.40229859,,,6298.14,1.35452,1.24
K2-75 c,K2-75,Transit,2016,18.283257,2.31,,5800,1.01,
OGLE-2017-BLG-1099L b,OGLE-2017-BLG-1099L,Microlensing,2021,,,959.8417891,,,0.45
TOI-1246 d,TOI-1246,Transit,2022,18.65488288,4.38698775,,5141,0.876154,
Kepler-7 b,Kepler-7,Transit,2009,,17.646,,6084,2.023,
Kepler-594 b,Kepler-594,Transit,2016,,2.248,,5566,0.904,
Kepler-726 b,Kepler-726,Transit,2016,21.8051576,,,5406,0.789879,0.94
Kepler-368 c,Kepler-368,Transit,2014,72.381301,1.42,,5501,0.747,0.77
WASP-31 b,WASP-31,Transit,2010,3.405909,17.228233,151.92274,6300,1.241,1.161
Kepler-1381 b,Kepler-1381,Transit,2016,25.3842686,2.41,,6137,0.994,1.067
Kepler-799 b,Kepler-799,Transit,2016,,9.801,,5587,1.393,
Kepler-122 e,Kepler-122,Transit,2014,,2.549,,5917,1.269,
Kepler-595 c,Kepler-595,Transit,2020,12.38605,,3.06,,0.843,0.93
HATS-70 b,HATS-70,Transit,2019,1.8882393,,,,,
Kepler-196 c,Kepler-196,Transit,2014,47.427737,2.24,,5128,0.782,
HATS-3 b,HATS-3,Transit,2013,3.547851,15.479629,340.39593,6351,1.404,1.209
Kepler-369 b,Kepler-369,Transit,2014,2.732786,1.6,,3737,0.6,0.47
Kepler-463 b,Kepler-463,Transit,2016,8.981013182,,,5632.02,1.15038,0.998
Kepler-92 c,Kepler-92,Transit,2013,26.72320347,,,5904.34,1.81719,1.07
Kepler-611 b,Kepler-611,Transit,2016,,2.48,,5571,1.613,
YZ Cet d,YZ Cet,Radial Velocity,2017,4.65627,,,3056,0.168,0.13
Kepler-383 b,Kepler-383,Transit,2014,12.90475463,1.39,,4710,0.699,0.683
Kepler-784 c,Kepler-784,Transit,2023,17.15699959,1.77499998,,5676,1.487,1.016
Kepler-350 c,Kepler-350,Transit,2013,17.848508,,3.8,,1.421,1.111
Kepler-124 d,Kepler-124,Transit,2014,,1.756,,4960,0.756,
Kepler-1077 b,Kepler-1077,Transit,2016,34.3511339,,,5699.38,1.03321,1.02
Kepler-1990 b,Kepler-1990,Transit,2023,1.735136026,3.76,,5731,1.231,1.016
Kepler-391 c,Kepler-391,Transit,2014,20.48624659,,,5032.18,2.74314,
Kepler-538 b,Kepler-538,Transit,2016,81.73780699,2.26,,5650,0.9,0.96
Kepler-773 b,Kepler-773,Transit,2016,3.749092455,,,5665.91,1.15785,1.007
HD 3167 c,HD 3167,Transit,2016,29.83832,2.86,,5528,0.87,0.94
Kepler-913 b,Kepler-913,Transit,2016,10.29672521,2.62,,5412,0.769,0.856
Kepler-358 c,Kepler-358,Transit,2014,83.4886218,3.39,,5910,0.94,1.032
Kepler-100 d,Kepler-100,Transit,2014,35.3330866,1.5,,5825,1.49,1.08
Kepler-1228 b,Kepler-1228,Transit,2016,0.577369579,1.54,,5063,0.74,0.78
Kepler-541 b,Kepler-541,Transit,2016,5.08004339,,,6079.73,2.14985,1.14
Kepler-416 d,Kepler-416,Transit,2023,3.076452083,1.68,,5977,1.075,0.999
Kepler-1859 c,Kepler-1859,Transit,2023,3.59645081,1.66,,5887,1.235,1.09
Kepler-33 e,Kepler-33,Transit,2011,31.78476785,3.66,,5900,1.694,1.1
Kepler-411 c,Kepler-411,Transit,2016,7.8344508,3.76,,4977,0.759,0.825
Kepler-82 b,Kepler-82,Transit,2012,26.44435456,4.7,,5739,0.928,0.966
GJ 9827 c,GJ 9827,Transit,2017,3.648103,1.13,1.86,4236,0.58,0.62
TOI-1347 c,TOI-1347,Transit,2024,4.841968,1.67761121,9,5493,0.8401,0.9279
Kepler-261 c,Kepler-261,Transit,2014,24.57081569,2.1,,5203,0.774,0.865
Kepler-1829 b,Kepler-1829,Transit,2021,5.186737262,,,5055,0.828392,0.84
Kepler-653 b,Kepler-653,Transit,2016,14.70748976,1.75,,5665,1.095,1.076
Kepler-1298 b,Kepler-1298,Transit,2016,7.12815163,1.36,,6311,1.994,1.443
WASP-6 b,WASP-6,Transit,2009,3.36100208,13.78707,154.14755,5375,0.864,0.836
WASP-177 b,WASP-177,Transit,2019,3.07172156,,,,,
Kepler-1370 b,Kepler-1370,Transit,2016,20.2641684,2.035,,6190,1.466,1.271
Kepler-265 e,Kepler-265,Transit,2014,67.8321638,,,5963,0.942897,1.09
Kepler-1892 b,Kepler-1892,Transit,2021,6.33127,1.41,,5379,0.76,0.866
Kepler-12 b,Kepler-12,Transit,2011,4.4379629,19.660586,137.30256,5947,1.483,1.166
Kepler-393 c,Kepler-393,Transit,2014,14.6134251,1.17,,6314,1.34,1.21
PDS 70 b,PDS 70,Imaging,2018,43500.00000000000,14.5717,2542.64,3972,1.26,0.76
Kepler-331 d,Kepler-331,Transit,2014,32.1340014,,,4604.9,0.637412,0.73
HAT-P-16 b,HAT-P-16,Transit,2010,2.77596748,,,6158,1.237,1.218
Kepler-444 d,Kepler-444,Transit,2015,6.18937218,,,5058,0.798764,0.84
Kepler-1014 b,Kepler-1014,Transit,2016,16.57098779,,,5285,0.809677,0.91
K2-188 c,K2-188,Transit,2018,7.80905,2.79,,,1.181,
Kepler-1268 b,Kepler-1268,Transit,2016,40.9903986,2.03,,5904,1.09,1.06
Kepler-401 b,Kepler-401,Transit,2014,14.38345309,,,6132,1.70021,1.16
Kepler-422 b,Kepler-422,Transit,2014,7.8914483,12.89035,155.7367,5972,1.24,1.15
Kepler-989 b,Kepler-989,Transit,2016,7.96431492,,,4966,0.826407,0.82
Kepler-1542 c,Kepler-1542,Transit,2016,2.89223021,0.65,,5564,0.99,0.94
Kepler-1368 b,Kepler-1368,Transit,2016,0.675650404,,,5632,1.11356,1
Kepler-1417 b,Kepler-1417,Transit,2016,20.3504704,,,5750.42,1.58688,1.03
Kepler-473 b,Kepler-473,Transit,2016,14.55731705,4.08,,5816,1.34,1.06
Kepler-1669 c,Kepler-1669,Transit,2021,1.60932168,1.81,,4056,0.56,0.57
Kepler-800 b,Kepler-800,Transit,2016,14.13176026,2.91,,5626,0.824,0.905
Kepler-165 c,Kepler-165,Transit,2014,,2.277,,5100,0.748,
Kepler-1162 b,Kepler-1162,Transit,2016,32.5635249,,,5276,0.825853,0.9
HD 74156 b,HD 74156,Radial Velocity,2003,51.6385,,,5977,1.47932,1.1
WASP-47 d,WASP-47,Transit,2015,9.095,3.71,16.8,5576,1.16,1.11
K2-97 b,K2-97,Transit,2016,8.4061,14.68379,152.5584,4790,4.2,1.16
OGLE-2016-BLG-1093L b,OGLE-2016-BLG-1093L,Microlensing,2022,,,200.2318964,,,0.41
Kepler-371 c,Kepler-371,Transit,2014,67.9687026,1.54,,6038,0.922,1
Kepler-273 c,Kepler-273,Transit,2014,8.014927,1.98,,5626,0.815,
Kepler-554 b,Kepler-554,Transit,2016,,4.617,,5458,0.973,
Kepler-514 b,Kepler-514,Transit,2016,5.65179605,1.49,,6292,1.267,1.098
Kepler-1078 b,Kepler-1078,Transit,2016,3.00725242,1.61,,5674,0.782,0.851
Kepler-79 e,Kepler-79,Transit,2014,81.0634942,2.85,,6223,1.31,1.18
Kepler-168 c,Kepler-168,Transit,2014,13.1932092,2.79,,6251,1.119,1.089
Kepler-725 b,Kepler-725,Transit,2016,,9.94,,5399,0.815,
Kepler-164 c,Kepler-164,Transit,2014,10.94577783,,,6095,1.02132,1.14
Kepler-200 c,Kepler-200,Transit,2014,10.222084,2.9,,6034,1.28,1.042
Kepler-130 d,Kepler-130,Transit,2014,87.517905,1.64,,5884,1.127,
Kepler-130 c,Kepler-130,Transit,2014,27.50868,2.9,,5879,1.17,1
WASP-96 b,WASP-96,Transit,2014,3.4252602,13.45,152.55,5540,1.05,1.06
HD 52265 b,HD 52265,Radial Velocity,2000,118.96,,,,,1.13
HD 52265 b,HD 52265,Radial Velocity,2000,119.6,,,6060,1.1,1.18
Kepler-130 c,Kepler-130,Transit,2014,27.50867519,2.95,,6012,1.18,1.02
Kepler-130 b,Kepler-130,Transit,2014,8.45746707,1.03,,6012,1.18,1.02
Kepler-725 b,Kepler-725,Transit,2016,39.64315092,,,5293,0.829332,0.91
Kepler-130 d,Kepler-130,Transit,2014,87.51756205,,,5958,1.17925,1.091
CoRoT-4 b,CoRoT-4,Transit,2008,9.20205,13.34,228.83,6190,1.17,1.16
HD 52265 b,HD 52265,Radial Velocity,2000,119.29,,,6117,1.32,1.32
Kepler-130 c,Kepler-130,Transit,2014,,3.002,,5887,1.146,
K2-132 b,K2-132,Transit,2017,,14.5717,155.7367,,3.85,1.08
Kepler-130 b,Kepler-130,Transit,2014,8.457343211,,,5958,1.17925,1.091
CoRoT-4 b,CoRoT-4,Transit,2008,9.20205,13.33871,223.43449,6190,1.17,1.16
Kepler-130 d,Kepler-130,Transit,2014,87.51731798,,,5958,1.17925,1.091
K2-132 b,K2-132,Transit,2017,9.1708,12.206601,157.32585,4878,4.11,1.19
Kepler-130 c,Kepler-130,Transit,2014,27.508682,2.81,,5873,1.11,0.965
Kepler-130 d,Kepler-130,Transit,2014,87.5187,1.09,,5873,1.11,0.965
Kepler-725 b,Kepler-725,Transit,2016,39.64317811,10.52,,5552,0.833,0.909
Kepler-130 b,Kepler-130,Transit,2014,8.45746707,1.03,,5884,1.127,0.934
Kepler-130 b,Kepler-130,Transit,2014,8.45744892,1.02,,5903,1.137,0.95
Kepler-130 b,Kepler-130,Transit,2014,8.45746707,1.03,,5884,1.127,0.934
Kepler-130 d,Kepler-130,Transit,2014,87.5174361,1.37,,5884,1.127,0.934
Kepler-725 b,Kepler-725,Transit,2016,39.64317811,10.52,,5552,0.833,0.909
Kepler-130 c,Kepler-130,Transit,2014,27.50867519,2.85,,5884,1.127,0.934
Kepler-130 d,Kepler-130,Transit,2014,87.5174361,1.37,,5884,1.127,0.934
Kepler-130 d,Kepler-130,Transit,2014,87.5177787,,,5958,1.17925,1.091
TOI-411 b,HD 22946,Transit,2022,4.040301,1.72,,6040,1.157,1.104
WASP-3 b,WASP-3,Transit,2007,1.846835146,,,,,
Kepler-346 c,Kepler-346,Transit,2014,23.85163032,2.871,,5511,0.87,0.943
HD 4203 b,HD 4203,Radial Velocity,2001,431.88,,,5596,1.42,1.25
Kepler-229 b,Kepler-229,Transit,2014,6.252964898,2.41,,5126,0.742,0.827
Kepler-532 b,Kepler-532,Transit,2016,12.92493305,,,5028,0.777886,0.836
HAT-P-3 b,HAT-P-3,Transit,2007,2.89973815,,,5185,0.833,0.928
Kepler-79 e,Kepler-79,Transit,2014,81.0637895,3.01,,6198,1.324,1.101
Kepler-407 b,Kepler-407,Transit,2014,0.6693356,1.23,,5476,0.996,1.015
Kepler-446 b,Kepler-446,Transit,2015,1.565412847,2.16,,3446,0.38,0.4
Kepler-905 b,Kepler-905,Transit,2016,5.082709,1.6,,5578,0.938,1.018
OGLE-2017-BLG-0364L b,OGLE-2017-BLG-0364L,Microlensing,2024,,,256,,,0.55
Kepler-190 c,Kepler-190,Transit,2014,3.763042361,1.397,,5138,0.75,0.834
Kepler-152 c,Kepler-152,Transit,2014,88.2553544,2.56,,5262,0.761,0.846
Kepler-1987 d,Kepler-1987,Transit,2023,5.644915227,2.95,,4750,0.729,0.778
Kepler-986 b,Kepler-986,Transit,2016,56.4349938,2.09,,5734,0.883,0.982
Kepler-1177 b,Kepler-1177,Transit,2016,106.247882,2.01,,5679,0.972,0.938
TOI-481 b,TOI-481,Transit,2020,10.33111,11.09691,486.2799,5735,1.66,1.14
Kepler-422 b,Kepler-422,Transit,2014,7.8914483,12.89,136.66,5972,1.24,1.15
WASP-87 b,WASP-87,Transit,2016,1.68279426,,,,,
Kepler-279 d,Kepler-279,Transit,2013,54.4205407,,,6689.45,1.35292,1.42
Kepler-1541 b,Kepler-1541,Transit,2016,8.40691199,2.15,,5365,1.533,0.899
HD 13167 b,HD 13167,Radial Velocity,2018,2613,,,5671,2.39,1.35
Kepler-495 b,Kepler-495,Transit,2016,,5.286,,5378,0.867,
Kepler-740 b,Kepler-740,Transit,2016,3.584101216,4.87,,5739,0.922,1.021
HD 20782 b,HD 20782,Radial Velocity,2006,597.0643,,,5782.13,1.12681,1.04
GJ 3293 d,GJ 3293,Radial Velocity,2017,48.1345,,,3466,0.404,0.42
Kepler-411 d,Kepler-411,Transit,2018,58.0192007,3.51,,4987,0.768,0.829
Kepler-1353 b,Kepler-1353,Transit,2016,24.7543966,2.03,,4852,0.804,0.778
Kepler-614 b,Kepler-614,Transit,2016,14.03491514,2.35,,5258,0.785,0.731
Kepler-310 d,Kepler-310,Transit,2014,92.874,2.1,7,,,1
Kepler-376 c,Kepler-376,Transit,2014,14.17220432,1.72,,5906,1.073,0.95
Kepler-1376 b,Kepler-1376,Transit,2016,5.30880656,1.07,,5914,0.955,1.011
HD 106315 b,HD 106315,Transit,2017,9.5521,2.23,,6290,1.18,1.07
Kepler-60 d,Kepler-60,Transit,2012,11.9,2.511,4.4,6024,1.434,1.131
Kepler-1080 b,Kepler-1080,Transit,2016,77.2550726,,,6578.02,2.07388,1.37
Kepler-206 c,Kepler-206,Transit,2014,13.13745719,1.57,,5762,1.06,0.981
TOI-2285 b,TOI-2285,Transit,2021,27.26720158,1.57811359,,3546,0.460014,
bet Pic b,bet Pic,Imaging,2008,,16.8,6356,8038.68,1.54416,1.95
HAT-P-12 b,HAT-P-12,Transit,2009,3.2130579,10.637341,67.06213,4650,0.701,0.733
Kepler-224 d,Kepler-224,Transit,2014,11.34933733,2.56,,5195,0.699,0.768
Kepler-1714 b,Kepler-1714,Transit,2021,10.27531708,3.17,,6174,2.114,1.49
Kepler-1286 b,Kepler-1286,Transit,2016,11.25383712,,,5720,1.18024,1.02
MOA-2008-BLG-310L b,MOA-2008-BLG-310L,Microlensing,2009,,,74,,,0.67
Kepler-359 b,Kepler-359,Transit,2014,25.56294,2.8,,5999,0.81,1.06
Kepler-325 d,Kepler-325,Transit,2014,,2.306,,5541,0.823,
Kepler-372 d,Kepler-372,Transit,2014,30.0904877,2.618,,6121,1.249,1.037
Kepler-191 d,Kepler-191,Transit,2016,5.945041017,2.166,,5191,0.755,0.857
Kepler-246 c,Kepler-246,Transit,2014,11.18714042,1.56,,5202,0.811,0.885
Kepler-1437 b,Kepler-1437,Transit,2016,10.9294815,1.21,,5792,0.864,0.959
Kepler-1010 b,Kepler-1010,Transit,2016,34.26873173,,,5123,0.790287,0.86
Kepler-110 c,Kepler-110,Transit,2014,31.71987,3.59,,5899,1.58,1.067
HD 94771 b,HD 94771,Radial Velocity,2023,2164,,,5631,1.903,1.2
HAT-P-57 b,HAT-P-57,Transit,2015,2.4653,19.50366,448.1403,6330,1.85,2.77
Kepler-1179 b,Kepler-1179,Transit,2016,2.685057492,1.196,,5133,0.737,0.791
Kepler-1914 b,Kepler-1914,Transit,2021,30.8278245,2.42,,5982,0.96,1.047
Kepler-1504 b,Kepler-1504,Transit,2016,82.30962532,,,5507.61,1.8831,0.97
WASP-79 b,WASP-79,Transit,2012,3.6623866,23.43,286.03,6600,1.91,1.52
OGLE-2019-BLG-0468L b,OGLE-2019-BLG-0468L,Microlensing,2022,,,1020.229186,,,0.92
Kepler-1111 b,Kepler-1111,Transit,2016,8.79638238,,,5793.45,0.894596,1.04
KOI-351 h,KOI-351,Transit,2013,331.5972732,10.89,,5970,1.2,1.089
Kepler-394 b,Kepler-394,Transit,2014,8.00505342,1.84,,6122,1.21,1.13
Kepler-1262 b,Kepler-1262,Transit,2016,17.35848,1.8,,6114,1.06,1.05
Kepler-539 b,Kepler-539,Transit,2016,125.6283791,,,5672.02,0.965916,1.008
Kepler-530 b,Kepler-530,Transit,2016,39.30941057,,,5685.71,0.884809,1.01
KOI-1783.02,KOI-1783,Transit,2020,284.060953,5.253,,5923,1.143,1.076
HAT-P-16 b,HAT-P-16,Transit,2010,2.77596,14.45961,1332.66119,6158,,1.2
Kepler-852 b,Kepler-852,Transit,2016,44.9306706,2.49,,6121,1.164,1.233
Kepler-883 b,Kepler-883,Transit,2016,12.98495573,2.018,,5954,1.25,0.86
Kepler-108 b,Kepler-108,Transit,2014,49.18394185,,,5584.26,,
Kepler-82 c,Kepler-82,Transit,2012,51.54,5.34,13.9,,0.898,0.91
Kepler-1425 b,Kepler-1425,Transit,2016,14.4541302,0.79,,5559,0.79,0.714
Kepler-26 e,Kepler-26,Transit,2014,46.82766965,,,4486,0.460589,0.7
OGLE-2018-BLG-1119L b,OGLE-2018-BLG-1119L,Microlensing,2022,,,273.33243,,,0.48
OGLE-2019-BLG-1492L b,OGLE-2019-BLG-1492L,Microlensing,2022,,,37.1,,,0.68
Kepler-529 d,Kepler-529,Transit,2021,35.8657306,1.61,,6248,0.886,0.977
K2-174 b,K2-174,Transit,2018,19.5661401,,,4246.81,0.758892,0.66
HD 164922 e,HD 164922,Radial Velocity,2021,41.763,,,5393.43,1.001813,0.921146
Kepler-929 b,Kepler-929,Transit,2016,0.921032135,1.641,,5988,1.572,1.224
Kepler-360 c,Kepler-360,Transit,2014,7.1864526,2.11,,6052,1.028,1.022
Kepler-1907 c,Kepler-1907,Transit,2021,14.86398,1.59,,5142,0.78,0.759
GJ 581 e,GJ 581,Radial Velocity,2009,3.14867,,,,0.29,0.31
Kepler-623 b,Kepler-623,Transit,2016,9.07098194,,,5297,0.823163,0.91
K2-219 c,K2-219,Transit,2018,6.66767,1.43839723,,5753,1.189232,1.021545
HAT-P-37 b,HAT-P-37,Transit,2011,2.797436,13.204,371.528,5500,0.877,0.929
HAT-P-16 b,HAT-P-16,Transit,2010,2.7759677,,,6158,1.237,1.218
HD 17156 b,HD 17156,Radial Velocity,2007,21.2164414,,,,,
Kepler-1337 b,Kepler-1337,Transit,2016,24.40020529,,,4415,0.727252,0.69
Kepler-1029 b,Kepler-1029,Transit,2016,4.417696479,1.2,,4911,0.724,0.7
Kepler-328 b,Kepler-328,Transit,2013,34.921,2.3,28.5,,1.06,1.15
K2-274 b,K2-274,Transit,2018,14.133427,2.32120418,,5098,0.747608,
Kepler-134 b,Kepler-134,Transit,2014,5.317435416,2.58,,6068,1.533,1.263
Kepler-1602 b,Kepler-1602,Transit,2016,,1.06,,6044,1.095,
Kepler-310 b,Kepler-310,Transit,2014,13.930698,1.19,,5797,0.876,
Kepler-220 c,Kepler-220,Transit,2014,9.034195469,1.63,,4709,0.685,0.731
Kepler-311 b,Kepler-311,Transit,2014,9.17613539,1.57,,5897,1.081,0.97
TOI-1694 c,TOI-1694,Radial Velocity,2023,393.1,,,5058,0.8036,0.853
Kepler-422 b,Kepler-422,Transit,2014,7.891427124,12.92999416,,5883,1.27992,
Kepler-495 c,Kepler-495,Transit,2021,5.8966109,0.8,,5332,0.714,0.766
Kepler-211 c,Kepler-211,Transit,2014,6.04045,1.29,,5123,0.816,
Kepler-467 b,Kepler-467,Transit,2016,24.99324193,2.28,,5747,1.357,1.023
KMT-2021-BLG-1253L b,KMT-2021-BLG-1253L,Microlensing,2022,,,22.23,,,0.29
Kepler-1812 b,Kepler-1812,Transit,2021,7.165187,2.8,,6093,0.98,1.06
Kepler-241 c,Kepler-241,Transit,2014,36.06586088,,,4524.51,,
WASP-93 b,WASP-93,Transit,2016,2.7325375,,,,,
Kepler-460 c,KIC 5437945,Transit,2016,220.1303357,8.184,,6054,1.868,1.175
Kepler-775 b,Kepler-775,Transit,2016,0.974868926,1.19,,5487,0.832,0.924
Kepler-1610 c,Kepler-1610,Transit,2023,44.9851885,2.09,,5295,0.8,0.825
HATS-39 b,HATS-39,Transit,2018,4.5776375,,,,,
Kepler-1204 b,Kepler-1204,Transit,2016,85.7350285,3.05,,5825,1.03,1.03
Kepler-322 c,Kepler-322,Transit,2014,4.337224039,1.549,,5414,0.805,0.908
Kepler-255 b,Kepler-255,Transit,2014,,1.622,,5332,0.926,
Kepler-396 c,Kepler-396,Transit,2013,88.5127,,,5651,0.95,0.97
K2-360 c,EPIC 201595106,Radial Velocity,2024,9.79692,,,5679,0.98,0.958
Kepler-415 c,Kepler-415,Transit Timing Variations,2014,8.70778,1.9,,4350,0.61,0.64
Kepler-1902 b,Kepler-1902,Transit,2021,3.82222231,1.02,,3854,0.53,0.534
TOI-5634 A b,TOI-5634 A,Transit,2024,2.2054776,9.6722,,3770,0.53,
Kepler-215 e,Kepler-215,Transit,2014,68.1613598,1.75,,5741,1.008,0.813
Kepler-139 c,Kepler-139,Transit,2014,157.0647257,,,5550,1.10169,0.98
MOA-2007-BLG-400L b,MOA-2007-BLG-400L,Microlensing,2008,,,540.3082919,,,0.69
Kepler-192 d,Kepler-192,Transit,2016,6.47027579,1.07,,5527,0.981,1.028
Kepler-302 b,Kepler-302,Transit,2014,30.1837021,,,5756,1.06452,1.03
EPIC 201238110 b,EPIC 201238110,Transit,2019,28.1656,1.87,,,,0.41
TOI-3976 A b,TOI-3976 A,Transit,2023,6.607662,12.27383387,55.61997123,5975,1.501,1.254
Kepler-1245 c,Kepler-1245,Transit,2016,2.936584681,1.64,,5455,0.909,0.795
Kepler-51 c,Kepler-51,Transit,2012,85.3139,8.98,4.43,5670,0.881,0.985
Kepler-1415 b,Kepler-1415,Transit,2016,0.636424848,,,5100,0.909856,0.86
WASP-25 b,WASP-25,Transit,2010,3.7648327,13.977623,190.06234,5736,0.924,1.053
Kepler-1849 b,Kepler-1849,Transit,2021,57.29290009,2.38685349,,4806,0.729,0.709
Kepler-939 b,Kepler-939,Transit,2016,14.87712,1.77,,5841,0.88,0.988
HD 117207 b,HD 117207,Radial Velocity,2004,2606,,669.3466251,5732,,1.053
Kepler-92 b,Kepler-92,Transit,2013,13.749,3.51,64.3,,1.7,1.21
HAT-P-3 b,HAT-P-3,Transit,2007,2.8997379,,,,,
TOI-216.01,TOI-216,Transit,2019,34.525528,10.1,177.9839079,,0.748,0.77
Kepler-238 e,Kepler-238,Transit,2013,23.653694,,69,,1.551,1.229
K2-197 b,K2-197,Transit,2018,8.357441,2.5,,,0.96,
HD 191939 e,HD 191939,Radial Velocity,2022,101.12,,,5348,0.94,0.81
Kepler-126 b,Kepler-126,Transit,2014,10.495702,1.66,,6164,1.26,1.11
Kepler-773 b,Kepler-773,Transit,2016,3.749105745,,,5665.91,1.15785,1.007
Kepler-697 b,Kepler-697,Transit,2016,3.709870645,3.96,,5576,0.852,0.953
Kepler-394 b,Kepler-394,Transit,2014,8.00504749,,,5977,0.991788,1.1
KOI-4777.01,KOI-4777,Transit,2022,0.412,0.51,99.2,3515,0.4,0.41
HAT-P-20 b,HAT-P-20,Transit,2010,2.875317,9.718,2302.899,4595,0.694,0.756
Kepler-1221 b,Kepler-1221,Transit,2016,12.00089667,1.47,,5195,0.69,0.688
Kepler-1500 b,Kepler-1500,Transit,2016,15.0330105,1.08,,6033,0.917,0.837
Kepler-1279 b,Kepler-1279,Transit,2016,23.47729412,,,6044,2.02492,1.12
WASP-7 b,WASP-7,Transit,2008,4.9546416,15.277867,344.20989,6400,1.466,1.285
Kepler-317 c,Kepler-317,Transit,2014,8.77514,1.7,,5372,0.86,0.816
K2-126 b,K2-126,Transit,2017,7.38795716,,,4259,0.668695,0.666
Kepler-1747 b,Kepler-1747,Transit,2021,6.230227,3.2,,5363,0.76,0.862
70 Vir b,70 Vir,Radial Velocity,1996,116.69335,,,5481.86,1.921943,1.06055
Kepler-1295 b,Kepler-1295,Transit,2016,3.81371974,1.5,,5561,0.836,0.919
WASP-78 b,WASP-78,Transit,2012,2.1751847,,,,,
GJ 2030 b,GJ 2030,Radial Velocity,2022,2.38129,,,,,0.96
Kepler-65 d,Kepler-65,Transit,2012,8.13123,1.52,,6211,1.41,1.25
Kepler-214 c,Kepler-214,Transit,2014,28.7798,2.13,,6169,1.352,
Kepler-866 b,Kepler-866,Transit,2016,2.617028373,,,4664,0.680331,0.74
Kepler-663 b,Kepler-663,Transit,2016,,2.777,,5343,0.847,
2MASS J21252752-8138278 b,2MASS J21252752-8138278,Imaging,2024,,,3813.940884,,,
TOI-286 c,TOI-286,Transit,2024,39.361947,1.84555,,5245,0.79,
TOI-2537 b,TOI-2537,Transit,2024,94.1022,11.25381662,415.401728,4870,0.771,0.771
Kepler-381 c,Kepler-381,Transit,2014,13.39152873,0.992,,6346,1.449,1.144
KMT-2021-BLG-2294L b,KMT-2021-BLG-2294L,Microlensing,2022,,,22.24798849,,,0.14
Kepler-724 b,Kepler-724,Transit,2016,3.3149455,,,5283.54,0.922747,0.91
Kepler-1980 b,Kepler-1980,Transit,2023,33.02645384,,,5671,1.34066,1.01
KMT-2021-BLG-1077L c,KMT-2021-BLG-1077L,Microlensing,2022,,,79.45710175,,,0.14
Kepler-1026 b,Kepler-1026,Transit,2016,36.5157639,,,4844,0.697921,0.79
Kepler-69 c,Kepler-69,Transit,2013,242.46712,1.74,,5637,0.943,0.813
Kepler-8 b,Kepler-8,Transit,2010,3.522498573,15.704,,6181,1.536,1.145
HATS-1 b,HATS-1,Transit,2012,3.4464553,,,5870,1.038,0.986
Kepler-105 b,Kepler-105,Transit,2013,5.41220713,3.28,,6391,1.332,1.085
WASP-6 b,WASP-6,Transit,2009,,,,5380.72,0.817705,0.93
Kepler-949 b,Kepler-949,Transit,2016,8.689307296,3.03,,5211,0.895,0.817
Kepler-1633 b,Kepler-1633,Transit,2016,186.404271,1.06,,6351,0.921,1.008
Kepler-1121 b,Kepler-1121,Transit,2016,13.15141081,1.7,,6331,1.442,1.185
HAT-P-67 b,HAT-P-67,Transit,2017,4.8101025,23.370765,108.0622,6406,2.546,1.642
Kepler-157 c,Kepler-157,Transit,2014,13.54057461,,,5727.26,1.12809,1.02
Kepler-423 b,Kepler-423,Transit,2014,2.6843285,13.361,189.101,5560,0.95,0.85
GJ 15 A c,GJ 15 A,Radial Velocity,2018,7600,,,3607,0.38,0.38
Kepler-965 b,Kepler-965,Transit,2016,134.2527298,2.42,,5973,0.826,0.907
Kepler-82 e,Kepler-82,Transit,2014,5.902246921,2.55,,5739,0.928,0.966
HD 110113 b,HD 110113,Transit,2021,2.541,2.05,4.55,5732,0.968,0.997
Kepler-445 d,Kepler-445,Transit,2015,8.15275,1.25,,3157,0.21,0.18
Kepler-118 b,Kepler-118,Transit,2014,7.51854537,1.42,,5064,0.864,0.811
Kepler-107 c,Kepler-107,Transit,2014,4.901452,1.597,10,5854,1.447,1.238
Kepler-1054 b,Kepler-1054,Transit,2016,4.30655689,1.99,,6108,1.03,1.132
Kepler-99 b,Kepler-99,Transit,2014,4.60358,1.48,6.15,4782,0.73,0.79
Kepler-251 d,Kepler-251,Transit,2014,30.13254,3.8,,5870,1.09,0.96
Kepler-403 d,Kepler-403,Transit,2016,13.61159129,1.764,,6094,1.803,1.299
Kepler-656 c,Kepler-656,Transit,2023,5.25448795,1.31,,5546,0.956,1.042
K2-155 c,K2-155,Transit,2018,13.85,2.6,,4258,0.58,0.65
Kepler-63 b,Kepler-63,Transit,2013,9.434151089,5.57,,5650,0.876,0.993
K2-119 b,K2-119,Transit,2017,7.727283,2.53,,4740,0.71,0.76
Kepler-870 b,Kepler-870,Transit,2016,21.3588236,,,5725.95,1.06759,1.02
TOI-1273 b,TOI-1273,Transit,2024,4.631296,11.09689089,70.55790635,5690,1.06,1.06
Kepler-100 c,Kepler-100,Transit,2014,12.81588378,2.29,,5884,1.5,1.1
Kepler-39 b,Kepler-39,Transit,2011,21.08719422,14.77,,6266,1.522,1.066
Kepler-128 c,Kepler-128,Transit,2013,22.80303,,8.4,,1.653,1.155
Kepler-255 d,Kepler-255,Transit,2016,1.045622658,1.37,,5569,0.887,1.009
Kepler-610 c,Kepler-610,Transit,2016,,2.34,,5716,0.866,
Kepler-1287 b,Kepler-1287,Transit,2016,11.47685263,1.58,,5550,1.032,0.941
Kepler-1532 b,Kepler-1532,Transit,2016,1.093663559,1.35,,5835,0.869,0.963
Kepler-651 b,Kepler-651,Transit,2016,21.3845,2.16,,5658,0.87,0.918
Kepler-1952 b,Kepler-1952,Transit,2021,27.2106807,,,5908.74,,
Kepler-153 c,Kepler-153,Transit,2014,46.9025112,2.5,,5402,0.865,0.774
Kepler-258 b,Kepler-258,Transit,2014,13.19722,4.06,,4942,0.915,
WASP-73 b,WASP-73,Transit,2014,4.0872977,,,6030,2.55,2.52
GJ 740 b,GJ 740,Radial Velocity,2021,2.37756,,,3913,0.56,0.58
Kepler-479 b,Kepler-479,Transit,2016,12.49341307,2.01,,5193,0.758,0.767
Kepler-610 b,Kepler-610,Transit,2016,6.996926554,3.28,,5713,0.893,1.01
Kepler-480 b,Kepler-480,Transit,2016,4.919583795,2.78,,6322,1.34,1.25
Kepler-1640 b,Kepler-1640,Transit,2016,7.5844241,5.83,,6264,1.651,1.352
Kepler-1194 b,Kepler-1194,Transit,2016,16.22391,1.9,,5862,1.15,0.96
Kepler-1231 b,Kepler-1231,Transit,2016,10.41736773,,,5572,1.10189,0.98
Kepler-697 b,Kepler-697,Transit,2016,3.70986822,,,5546,1.0519,0.98
Kepler-339 b,Kepler-339,Transit,2014,4.97761996,1.68,,5571,0.9,0.93
Kepler-1775 b,Kepler-1775,Transit,2021,85.6542476,,,5910.19,1.26615,1.08
Kepler-149 d,Kepler-149,Transit,2014,160.0172,7.31,,5363,1.58,0.909
Kepler-210 b,Kepler-210,Transit,2014,2.453236139,2.26,,3912,0.533,0.556
Kepler-127 d,Kepler-127,Transit,2014,48.63038976,2.54,,6106,1.359,1.24
Kepler-1477 b,Kepler-1477,Transit,2016,11.55532445,1.7,,5149,0.803,0.755
Kepler-427 b,Kepler-427,Transit,2014,10.2909988,10.1,,6195,1.03,1.1
Kepler-250 b,Kepler-250,Transit,2014,4.14810719,,,5015,0.78265,0.83
Kepler-1299 b,Kepler-1299,Transit,2016,19.9399,2.45,,5658,0.83,0.938
TOI-1518 b,TOI-1518,Transit,2021,1.902603,21.01683881,731.0053361,7300,1.95,1.79
Kepler-922 b,Kepler-922,Transit,2016,0.9384704,1.53,,5885,0.98,0.972
Kepler-107 d,Kepler-107,Transit,2014,7.95825328,,,5805,1.50416,1.04
Kepler-224 e,Kepler-224,Transit,2014,18.64353935,,,5049,0.722794,0.84
Kepler-1148 b,Kepler-1148,Transit,2016,1.104462871,,,4938,0.741351,0.81
Kepler-49 d,Kepler-49,Transit,2014,2.576569689,1.54,,3816,0.51,0.54
Kepler-683 b,Kepler-683,Transit,2016,2.539183179,1.97,,5996,0.956,1.027
HD 11506 b,HD 11506,Radial Velocity,2007,1405,,,6183,1.24,1.51
Kepler-1165 c,Kepler-1165,Transit,2021,29.9686205,,,6019,1.73525,1.11
TOI-3688 A b,TOI-3688 A,Transit,2023,3.246208009,13.2996429,,6088,1.34548,
Kepler-828 b,Kepler-828,Transit,2016,0.567856484,1.55,,5073,0.853,0.806
Kepler-667 b,Kepler-667,Transit,2016,41.43958662,,,5107,2.37029,
Kepler-539 b,Kepler-539,Transit,2016,125.63064,8.52,,5872,0.97,1.055
Kepler-1666 c,Kepler-1666,Transit,2020,40.71652,3,,6317,1.07,1.14
Kepler-136 b,Kepler-136,Transit,2014,11.5789,2.05,,6165,1.355,
K2-155 b,K2-155,Transit,2018,6.342,1.8,,4258,0.58,0.65
Kepler-679 b,Kepler-679,Transit,2016,12.39358604,2.69,,5557,0.752,0.811
K2-102 b,K2-102,Transit,2016,9.9147,,,4638,0.768432,0.736
K2-187 e,K2-187,Transit,2018,13.606629,1.9,,5438,0.83,
TOI-1298 b,TOI-1298,Transit,2021,4.5371453,,,5889,1.412,1.44
Kepler-831 b,Kepler-831,Transit,2016,5.62154483,,,5750.35,1.02145,1.03
55 Cnc d,55 Cnc,Radial Velocity,2002,4825,,1232.493,,,0.95
Kepler-79 e,Kepler-79,Transit,2014,81.063633,3.414,6.3,,1.283,1.244
HD 216520 b,HD 216520,Radial Velocity,2020,35.466,,,5160.01,0.782767,0.791263
Kepler-992 b,Kepler-992,Transit,2016,20.1603454,,,4773.36,0.758943,0.769
TOI-849 b,TOI-849,Transit,2020,0.765548,3.64,41.8,5257,0.97,0.97
WASP-41 b,WASP-41,Transit,2012,3.05240175,,,5450,0.9,0.93
Kepler-92 c,Kepler-92,Transit,2013,26.72320599,2.39,,5830,1.69,1.17
Kepler-938 b,Kepler-938,Transit,2016,52.6298417,2.08,,5614,0.827,0.908
Kepler-342 d,Kepler-342,Transit,2014,39.45718702,,,6139.09,1.48994,1.16
Kepler-99 b,Kepler-99,Transit,2014,4.603578042,1.88,,4723,0.765,0.748
Kepler-1131 b,Kepler-1131,Transit,2016,3.53232429,,,5789.33,0.962681,1.04
HD 168746 b,HD 168746,Radial Velocity,2002,6.404,,,5564,,0.93
Kepler-911 b,Kepler-911,Transit,2016,20.310501,2.532,,6080,1.953,1.224
Kepler-368 c,Kepler-368,Transit,2014,72.379334,3.88,,5502,2.019,
Kepler-221 b,Kepler-221,Transit,2014,2.79590004,,,5284.79,0.74895,0.907
Kepler-1658 b,Kepler-1658,Transit,2019,3.849371501,13.1,,6244,2.992,1.482
Kepler-1290 b,Kepler-1290,Transit,2016,4.69500134,1.42,,5660,0.93,0.95
Kepler-169 c,Kepler-169,Transit,2014,6.19543693,1.137,,5046,0.727,0.825
Kepler-8 b,Kepler-8,Transit,2010,3.522498573,15.31,,6258,1.49,1.23
Kepler-5 b,Kepler-5,Transit,2009,3.548465888,,,6295,1.78185,1.23
Kepler-450 b,Kepler-450,Transit,2015,,6.29,,6298,1.628,
Kepler-978 b,Kepler-978,Transit,2016,49.6220669,,,6136.37,1.08918,
WASP-149 b,WASP-149,Transit,2025,1.332813,15.24421375,314.9679513,5750,1.08,1.05
Kepler-134 c,Kepler-134,Transit,2014,10.10575303,1.63,,6068,1.533,1.263
GJ 9714 b,GJ 9714,Radial Velocity,2022,19240.75467000000,,2988.540511,,,0.67
Kepler-238 f,Kepler-238,Transit,2013,50.4473156,2.81,,5732,1.26,1.06
Kepler-783 b,Kepler-783,Transit,2016,,0.677,,5381,0.856,
Kepler-24 e,Kepler-24,Transit,2014,18.99,2.46,,6028,1.099,1.06
Kepler-11 g,Kepler-11,Transit,2010,118.378379,3.588,,5763,1.086,0.986
Kepler-826 b,Kepler-826,Transit,2016,4.48758907,1.25,,6079,1.15,1.05
HAT-P-11 b,HAT-P-11,Transit,2008,4.8878049,,,,,
Kepler-215 d,Kepler-215,Transit,2014,30.864,2.34,23.6,,1.008,0.81
Kepler-966 b,Kepler-966,Transit,2016,99.747622,3.93,,5620,0.974,0.797
KIC 8540376 b,KOI-7892,Transit,2015,31.8099,4.1,,6474,1.26,1.04
Kepler-600 b,Kepler-600,Transit,2016,23.67513153,,,5238,0.821693,0.89
Kepler-282 d,Kepler-282,Transit,2013,24.806,2.46,61,,0.89,0.97
Kepler-1479 b,Kepler-1479,Transit,2016,,2.161,,5714,1.19,
CoRoT-1 b,CoRoT-1,Transit,2008,1.5089682,19.223435,390.9309,6298,1.23,1.22
Kepler-118 c,Kepler-118,Transit,2014,20.17202387,5.94,,5234,0.81,0.85
Kepler-1139 b,Kepler-1139,Transit,2016,0.813166719,1.19,,5550,0.91,0.94
Kepler-1797 b,Kepler-1797,Transit,2021,23.3594822,2.95,,6244,1.009,1.069
Kepler-271 c,Kepler-271,Transit,2014,7.410919541,,,5645.65,0.780963,1
Kepler-210 c,Kepler-210,Transit,2014,7.972510087,3.22,,3912,0.533,0.556
Kepler-1446 b,Kepler-1446,Transit,2016,0.689967832,1.86,,4854,1.749,0.97
Kepler-39 b,Kepler-39,Transit,2011,21.08718888,,,6404.12,1.20976,1.29
HD 187123 c,HD 187123,Radial Velocity,2008,3380,,,,,1.037
KOI-351 c,KOI-351,Transit,2013,8.71989,1.36,,6330,1.07,1.14
Kepler-612 b,Kepler-612,Transit,2016,3.722156413,2.84,,5693,0.96,0.98
Kepler-583 b,Kepler-583,Transit,2016,6.51004048,,,5329,1.04488,0.92
Kepler-141 c,Kepler-141,Transit,2014,7.01062916,,,4847.2,0.848294,0.788
Kepler-1535 b,Kepler-1535,Transit,2016,138.9442,1.97,,6049,0.845,0.928
WASP-69 b,WASP-69,Transit,2014,3.8681382,9.113,82.632,4715,0.813,0.826
Kepler-783 c,Kepler-783,Transit,2020,7.053936122,2.55,,5775,1.114,0.839
Kepler-1090 b,Kepler-1090,Transit,2016,198.680179,2.25,,5321,0.82,0.86
TOI-3785 b,TOI-3785,Transit,2023,4.6747218,4.73219,,3502,0.5,
Kepler-1053 b,Kepler-1053,Transit,2016,2.414351654,0.78,,4182,0.542,0.531
Kepler-1613 b,Kepler-1613,Transit,2016,1.51852186,,,6014,1.91961,1.11
Kepler-204 c,Kepler-204,Transit,2014,25.6595,1.47,,6098,1.07,1.05
Kepler-811 b,Kepler-811,Transit,2016,23.58447697,3.182,,5639,1.439,0.965
Kepler-447 b,Kepler-447,Transit,2015,7.794301316,6.06,,5555,0.872,0.764
Kepler-1067 c,Kepler-1067,Transit,2021,5.42587228,1.439,,5584,0.898,1.012
Kepler-385 b,Kepler-385,Transit,2014,10.04377084,3.21,,6091,1.19,1.12
WASP-96 b,WASP-96,Transit,2014,3.4252565,,,5540,1.05,1.06
WASP-96 b,WASP-96,Transit,2014,3.4252577,,,5540,1.05,1.06
CoRoT-32 b,CoRoT-32,Transit,2018,6.7183678,,,5970,0.79,1.08
CoRoT-4 b,CoRoT-4,Transit,2008,9.201649642,13.43739593,,6190,1.12271,
WASP-96 b,WASP-96,Transit,2014,3.425256313,14.37529211,,5540,1.11655,
TOI-1117 b,TOI-1117,Transit,2025,2.2281625,2.56778,,5731,1.02,
TOI-2407 b,TOI-2407,Transit,2025,2.702918675,3.79423915,,3596,0.524573,
K2-132 b,K2-132,Transit,2017,9.1720535,9.02881,,4933,3.79,
WASP-96 b,WASP-96,Transit,2014,3.4252563,,,,,
TIC 393818343 b,TIC 393818343,Transit,2024,,3.83240115,,5657,1.09993,
K2-132 b,K2-132,Transit,2017,9.172616,,,4840,3.85,1.08
Kepler-130 c,Kepler-130,Transit,2014,27.50867519,2.877,,,,0.927
Luhman 16 b,Luhman 16 A,Imaging,2017,10001.00000000000,,8867.412555,,,0.0326
TIC 393818343 b,TIC 393818343,Transit,2024,16.24921,12.18416202,1379.375286,5756,1.086,1.082
TIC 393818343 b,TIC 393818343,Transit,2024,,,,,,
Kepler-130 c,Kepler-130,Transit,2014,27.50867519,2.877,,5887,1.138,0.927
Kepler-130 b,Kepler-130,Transit,2014,8.45746707,1.04,,5887,1.138,0.927
Kepler-130 d,Kepler-130,Transit,2014,87.5174361,1.379,,5887,1.138,0.927
TOI-1117 c,TOI-1117,Radial Velocity,2025,4.579,,,5635,1.05,0.97
TOI-1117 d,TOI-1117,Radial Velocity,2025,8.665,,,5635,1.05,0.97
TOI-2407 b,TOI-2407,Transit,2025,2.702969,4.26,,3530,0.567,0.548
Kepler-725 b,Kepler-725,Transit,2016,39.64372,10.8,,5395,0.88,0.95
Kepler-725 c,Kepler-725,Transit Timing Variations,2025,207.541,,9.7,5395,0.88,0.95
WASP-96 b,WASP-96,Transit,2014,3.4252565,14.00337959,,,,
Kepler-1170 b,Kepler-1170,Transit,2016,9.98970266,2.48,,5265,0.81,0.91
WASP-61 b,WASP-61,Transit,2012,3.85589659,,,6320,1.36,1.22
YZ Cet d,YZ Cet,Radial Velocity,2017,4.6568,,,,0.169,0.13
Kepler-144 c,Kepler-144,Transit,2014,10.10463505,1.265,,6182,1.169,1.053
Kepler-814 b,Kepler-814,Transit,2016,6.1469956,2.04,,6110,1.296,1.185
K2-406 b,K2-406,Transit,2022,22.549406,4.602,,5784,0.961,0.798
EPIC 220674823 b,EPIC 220674823,Transit,2016,0.571292,1.725,8.21,5532,0.988,0.95
HD 219134 d,HD 219134,Radial Velocity,2015,46.859,1.61,16.17,4699,0.778,0.81
MOA-2011-BLG-291L b,MOA-2011-BLG-291L,Microlensing,2018,,,18,,,0.15
CoRoT-9 b,CoRoT-9,Transit,2009,95.272656,11.948794,266.9772,5625,0.96,0.96
Kepler-33 c,Kepler-33,Transit,2011,13.17555999,,,5904,1.71415,1.07
K2-381 c,K2-381,Transit,2022,16.0343,2.05,,,0.616,
Kepler-1057 b,Kepler-1057,Transit,2016,14.08827448,2.75,,5853,0.895,0.99
Kepler-1039 b,Kepler-1039,Transit,2016,0.9348918,1.1,,4674,0.6,0.67
Kepler-687 b,Kepler-687,Transit,2016,20.50586602,,,4775,0.760961,0.77
Kepler-462 b,Kepler-462,Transit,2016,84.6879808,3.77,,7070,2.04,1.59
Kepler-396 c,Kepler-396,Transit,2013,88.5122014,,,5509.61,0.939951,0.967
Kepler-603 d,Kepler-603,Transit,2016,6.2171292,1.22,,5960,0.906,0.983
Kepler-377 b,Kepler-377,Transit,2014,12.5094525,1.5,,5978,1.14,1.07
Kepler-1420 b,Kepler-1420,Transit,2016,6.69958851,1.24,,5296,0.799,0.901
Kepler-31 c,Kepler-31,Transit,2011,42.6318,5.3,1493.7,6340,1.22,1.21
OGLE-2013-BLG-0911L b,OGLE-2013-BLG-0911L,Microlensing,2019,,,,,,
Kepler-1752 b,Kepler-1752,Transit,2021,56.3592236,5.26,,5446,0.821,0.824
TOI-5803 b,TOI-5803,Transit,2023,5.38305,3.2732,,5134,0.7625,0.87
WASP-98 b,WASP-98,Transit,2014,2.96264,12.3299,269.51984,5550,0.7,0.69
K2-49 b,K2-49,Transit,2016,2.770522,3.19,,,0.696,
K2-220 b,K2-220,Transit,2018,13.683256,2.39,,5660,1.02,0.96
Kepler-1638 b,Kepler-1638,Transit,2016,259.33683,1.7,,5906,0.85,0.773
Kepler-917 b,Kepler-917,Transit,2016,2.970414375,1.85,,5079,0.751,0.821
Kepler-1390 b,Kepler-1390,Transit,2016,6.480178,1.1,,5697,0.84,0.948
Kepler-384 c,Kepler-384,Transit,2014,45.3485277,1.2,,5585,0.91,0.773
Kepler-1952 b,Kepler-1952,Transit,2021,27.21080017,1.23923346,,5973,1.305,0.922
TrES-2 b,TrES-2,Transit,2006,,13.67498,380.76034,5850,1,0.98
Kepler-519 b,Kepler-519,Transit,2016,,2.163,,5347,0.829,
Kepler-693 b,Kepler-693,Transit,2016,15.37563332,10.45,,4985,0.744,0.716
PH2 b,PH2,Transit,2013,282.5254856,11.24,,6007,1.124,1.007
GJ 1148 c,GJ 1148,Radial Velocity,2017,532.58,,,3287,0.358519,0.344045
Kepler-18 c,Kepler-18,Transit,2011,7.641567589,,,5359,0.951815,0.927
Kepler-1042 b,Kepler-1042,Transit,2016,10.13202575,1.73,,4777,0.561,0.561
Kepler-316 b,Kepler-316,Transit,2014,2.240486391,1.19,,4132,0.554,0.561
Kepler-248 c,Kepler-248,Transit,2014,16.23946261,,,5175,0.768535,0.88
GJ 504 b,GJ 504,Imaging,2013,,,1271.3,6234,,1.22
Kepler-1159 b,Kepler-1159,Transit,2016,22.70801,2,,6168,1,1.09
Kepler-1493 b,Kepler-1493,Transit,2016,15.0217983,0.84,,5619,0.796,0.713
Kepler-223 c,Kepler-223,Transit,2014,9.846964538,,,5803,1.51701,1.04
Kepler-865 b,Kepler-865,Transit,2016,,2.166,,5428,0.815,
Kepler-378 b,Kepler-378,Transit,2014,16.09231474,2.38,,4799,1.818,0.971
Kepler-357 c,Kepler-357,Transit,2014,16.85808,2.4,,4978,0.72,0.727
Kepler-385 d,Kepler-385,Transit,2020,56.41468367,,,5829,1.157,1.05
Kepler-1178 b,Kepler-1178,Transit,2016,31.80634,0.73,,4729,0.525,0.534
Kepler-291 b,Kepler-291,Transit,2014,3.546531809,2.18,,5993,0.986,1.093
HD 457 b,HD 457,Radial Velocity,2022,20324.58153000000,,8445.336431,,,1.15
K2-148 c,K2-148,Transit,2018,6.92251,0.9,,,0.371,
XO-5 b,XO-5,Transit,2008,4.18775581,12.430781,332.45018,5370,1.08,0.88
Kepler-364 b,Kepler-364,Transit,2014,25.74634493,,,6199.63,1.29885,1.19
HD 42813 b,HD 42813,Transit,2023,13.6308205,3.41,9.1,5289,0.98,0.901
Kepler-335 b,Kepler-335,Transit,2014,6.56226483,,,5928.73,1.84315,1.08
Kepler-376 c,Kepler-376,Transit,2014,14.17232169,,,5939.36,1.42392,1.08
Kepler-1718 b,Kepler-1718,Transit,2021,135.1880555,,,5839.24,0.933238,1.053
Kepler-923 b,Kepler-923,Transit,2016,6.93366476,1.28,,6194,1.129,1.208
Kepler-1770 b,Kepler-1770,Transit,2021,16.84183355,3.08,,5602,1.009,0.941
Kepler-126 b,Kepler-126,Transit,2014,10.49566303,,,6221,1.44854,1.2
Kepler-405 c,Kepler-405,Transit,2014,29.7272142,3.81,,5817,0.87,0.965
HATS-50 b,HATS-50,Transit,2017,3.8297015,12.66617,123.9537,5990,1.117,1.168
Kepler-1745 b,Kepler-1745,Transit,2021,3.016148,1.5,,6013,0.98,1.03
Kepler-356 b,Kepler-356,Transit,2014,4.6126736,,,6018.64,1.56422,1.11
K2-25 b,K2-25,Transit,2015,3.484552,3.43,,3180,0.295,0.294
HD 86226 c,HD 86226,Transit,2020,3.9846589,2.12827,,5903,1.03,
Kepler-82 d,Kepler-82,Transit,2014,,1.712,,5401,0.854,
Kepler-805 b,Kepler-805,Transit,2016,30.86392,3,,5873,1.92,1.111
Kepler-1538 b,Kepler-1538,Transit,2016,175.13892,3.06,,5497,1.241,0.981
Kepler-30 d,Kepler-30,Transit,2012,143.2063518,9.29,,5452,0.86,0.95
Kepler-1394 b,Kepler-1394,Transit,2016,,1.003,,6422,2.02,
Kepler-758 c,Kepler-758,Transit,2016,4.75793986,1.857,,6360,1.518,1.13
Kepler-407 c,Kepler-407,Radial Velocity,2014,2091.749385,,,,,1.067
Kepler-480 b,Kepler-480,Transit,2016,,2.984,,6231,1.437,
Kepler-1588 b,Kepler-1588,Transit,2016,7.849312456,,,5697.81,1.48384,1.01
Kepler-1372 b,Kepler-1372,Transit,2016,1.311555568,1.27,,5677,0.97,0.98
Kepler-257 c,Kepler-257,Transit,2014,6.581478842,4.77,,5188,0.973,0.868
Kepler-850 b,Kepler-850,Transit,2016,7.193016595,,,5797,1.21024,1.04
Kepler-1011 b,Kepler-1011,Transit,2016,5.75321539,,,5146,0.816069,0.87
Kepler-277 b,Kepler-277,Transit,2013,17.32417247,2.73,,6061,1.57,1.21
KMT-2019-BLG-1367L b,KMT-2019-BLG-1367L,Microlensing,2023,,,4.08,,,0.25
K2-108 b,K2-108,Transit,2017,4.73401,5.28,59.4,5474,1.75,1.121
Kepler-1038 b,Kepler-1038,Transit,2016,148.4601819,3.61,,5159,0.821,0.868
Kepler-493 b,Kepler-493,Transit,2016,3.0038752,11.3,,6215,1.01,1.1
HD 55696 b,HD 55696,Radial Velocity,2018,1827,,,6012,1.52,1.29
Kepler-260 b,Kepler-260,Transit,2014,8.1874109,2.09,,5523,0.832,0.933
K2-14 b,K2-14,Transit,2015,8.36802,4.81,,3789,0.45,0.47
K2-156 b,K2-156,Transit,2018,0.813143,1.1,,4460,0.62,
Kepler-925 b,Kepler-925,Transit,2016,33.8677783,,,4427.4,0.773259,0.69
Kepler-1643 b,Kepler-1643,Transit,2016,5.34264507,2.3,,5508,0.88,0.92
K2-271 b,K2-271,Transit,2018,8.562421,7.28,,5644,0.99,0.83
Kepler-385 b,Kepler-385,Transit,2014,10.044,2.79,12.8,,1.153,1.09
Kepler-167 c,Kepler-167,Transit,2014,7.406106,1.674,,4884,0.749,0.777
Kepler-530 b,Kepler-530,Transit,2016,39.30941904,3.58,,5957,1.051,0.901
Kepler-637 b,Kepler-637,Transit,2016,23.20582052,,,6102.5,1.38958,1.15
Kepler-362 c,Kepler-362,Transit,2014,37.8658982,1.68,,5776,0.726,0.807
Kepler-184 b,Kepler-184,Transit,2014,10.68757871,,,5437.21,0.869668,0.95
Kepler-1558 b,Kepler-1558,Transit,2016,3.50470358,0.79,,5115,0.854,0.798
Kepler-382 c,Kepler-382,Transit,2014,12.16281552,2.053,,5720,1.146,1.002
Kepler-11 f,Kepler-11,Transit,2010,46.6888,2.49,2,5663,1.065,0.961
Kepler-1165 b,Kepler-1165,Transit,2016,9.47829613,,,6019,1.73525,1.11
Kepler-154 b,Kepler-154,Transit,2014,33.0405635,1.97,,5937,0.832,0.916
Kepler-279 d,Kepler-279,Transit,2013,54.41605504,,,6689.45,1.35292,1.42
Kepler-213 c,Kepler-213,Transit,2014,4.822969318,,,5712,1.12221,1.018
Kepler-1156 b,Kepler-1156,Transit,2016,11.89520511,1.25,,6061,0.945,1.012
Kepler-201 c,Kepler-201,Transit,2014,,2.652,,6152,1.268,
Kepler-1778 b,Kepler-1778,Transit,2021,10.08746035,2.92,,6343,1.137,1.213
Kepler-662 b,Kepler-662,Transit,2016,21.67697486,1.54,,4722,0.527,0.536
Kepler-1336 c,Kepler-1336,Transit,2016,5.77721211,1.03,,5717,0.864,0.958
Kepler-344 b,Kepler-344,Transit,2014,21.963945,2.61,,5774,0.976,
HD 86264 b,HD 86264,Radial Velocity,2009,1480,,3909.289406,6210,,1.42
Kepler-189 b,Kepler-189,Transit,2014,10.39990194,1.33,,5228,0.755,0.836
K2-115 b,K2-115,Transit,2017,20.273034,12.498035,266.9772,5560,0.881,0.831
TOI-451 d,TOI-451,Transit,2020,16.364909,,,5550,0.879,0.95
Kepler-321 b,Kepler-321,Transit,2014,4.915387067,1.78,,5881,1.067,1.061
Kepler-20 f,Kepler-20,Transit,2011,19.57758478,1.003,,5495,0.9639,0.948
Kepler-168 b,Kepler-168,Transit,2014,4.42535097,,,6031,1.38749,1.12
Kepler-1208 b,Kepler-1208,Transit,2016,11.08507637,2.42,,5080,0.793,0.792
Kepler-247 b,Kepler-247,Transit,2014,3.336125104,1.65,,5094,0.791,0.884
Kepler-241 b,Kepler-241,Transit,2014,12.718092,2.33,,4699,0.668,
Kepler-398 d,Kepler-398,Transit,2016,6.83440674,1.01,,4498,0.635,0.698
Kepler-598 c,Kepler-598,Transit,2020,86.4945,3.02420941,,5245,0.900316,0.9
Kepler-731 b,Kepler-731,Transit,2016,3.855603551,13.88,,5849,1.06,1.03
Kepler-661 b,Kepler-661,Transit,2016,6.029301321,3.14,,4536,0.693,0.767
Kepler-1156 b,Kepler-1156,Transit,2016,11.89520436,,,5823,0.908548,1.05
HD 151450 c,HD 151450,Radial Velocity,2022,18144.76236000000,,1636.180639,,,1.14
PH1 b,PH1,Transit,2012,138.317,6.18,169,6407,1.734,1.528
Kepler-677 b,Kepler-677,Transit,2016,6.57531657,,,5640,1.64026,1
KMT-2017-BLG-1194L b,KMT-2017-BLG-1194L,Microlensing,2023,,,3.54,,,0.41
WASP-81 b,WASP-81,Transit,2017,2.71648416,,,5870,1.283,1.08
TOI-837 b,TOI-837,Transit,2020,8.3249113,9.16894621,120.4569663,5995,1.052,1.142
Kepler-482 b,Kepler-482,Transit,2016,56.35407916,2.59,,4802,0.701,0.686
DP Leo b,DP Leo,Eclipse Timing Variations,2009,10220.00000000000,,,,,0.69
TOI-4860 b,TOI-4860,Transit,2023,1.5227591,8.7,86.7,3260,0.358,0.34
Kepler-260 b,Kepler-260,Transit,2014,8.187369804,,,5250,1.08729,0.9
Kepler-283 b,Kepler-283,Transit,2014,11.00815926,3.25,,5189,0.72,0.76
Kepler-877 b,Kepler-877,Transit,2016,18.45847097,2.3,,5413,0.865,0.865
Kepler-763 c,Kepler-763,Transit,2023,4.096729,1.23,,5194,0.73,0.813
Kepler-1460 b,Kepler-1460,Transit,2016,29.96310912,,,4353,0.665334,0.68
Kepler-1962 b,Kepler-1962,Transit,2021,7.99144696,,,5766,0.870793,1.03
Kepler-1181 b,Kepler-1181,Transit,2016,4.893489,1.41,,6333,1.248,1.235
NGTS-3 A b,NGTS-3 A,Transit,2018,1.6753728,16.58932,756.4354,5600,0.93,1.017
Kepler-31 d,Kepler-31,Transit,2014,87.6476068,4,,6035,1.257,0.958
Kepler-299 e,Kepler-299,Transit,2014,38.2856338,1.78,,5650,0.96,0.95
TOI-1249 b,TOI-1249,Transit,2024,13.0791581,3.25485,,5453,1,
K2-282 b,K2-282,Transit,2018,4.169836,2.82,,5523,0.94,0.95
Kepler-207 d,Kepler-207,Transit,2014,,3.96,,5969,1.709,
K2-113 b,K2-113,Transit,2017,5.817649,12.55,,,1.288,
HD 5608 b,HD 5608,Radial Velocity,2012,792.59998,,,4929,5.09,1.98
Kepler-49 c,Kepler-49,Transit,2012,10.912741,,4.95,,0.625,0.541
Kepler-1880 b,Kepler-1880,Transit,2021,6.309219837,2.11686218,,4380,0.53,0.524
Kepler-256 e,Kepler-256,Transit,2014,10.68164811,,,5571,1.00285,0.98
Kepler-632 b,Kepler-632,Transit,2016,30.99644,2.44,,5264,0.894,0.875
PSR B1257+12 c,PSR B1257+12,Pulsar Timing,1992,66.5419,,4.3,,,1.4
Kepler-763 d,Kepler-763,Transit,2023,6.50323791,1.58,,5258,0.793,0.879
Kepler-351 d,Kepler-351,Transit,2016,142.544247,2.95,,5646,0.841,0.914
Kepler-1222 b,Kepler-1222,Transit,2016,1.916944254,0.69,,5166,0.678,0.752
HAT-P-6 b,HAT-P-6,Transit,2007,3.85298,16.58932,419.5356,6570,1.62,1.79
Kepler-223 c,Kepler-223,Transit,2014,9.8482024,2.63,,5746,0.98,0.98
WASP-18 b,WASP-18,Transit,2009,0.94145,13.4508,3635.9752,6431,1.29,1.46
CoRoT-7 b,CoRoT-7,Transit,2009,0.853585,,4.8,5256,0.864273,0.899
WASP-101 b,WASP-101,Transit,2014,3.585722,15.8,158.91,6400,1.29,1.34
K2-166 b,K2-166,Transit,2018,8.52695,2.19,,5960,1.61,1.16
Kepler-989 b,Kepler-989,Transit,2016,7.96431492,2.44,,5185,0.91,0.831
Kepler-181 c,Kepler-181,Transit,2014,4.302139338,,,5153.84,0.810966,0.87
Kepler-222 d,Kepler-222,Transit,2014,28.08194365,3.75,,5431,0.843,0.945
Kepler-135 b,Kepler-135,Transit,2014,6.002548291,,,5990.67,1.55505,1.1
Kepler-191 b,Kepler-191,Transit,2014,9.93967857,1.34,,5275,0.787,0.883
K2-239 c,K2-239,Transit,2018,7.775,1,,3420,0.36,0.4
Kepler-1077 b,Kepler-1077,Transit,2016,34.35173,2.5,,6074,0.97,1.058
TIC 257060897 b,TIC 257060897,Transit,2021,3.660033,,,,1.82,1.32
TOI-5110 b,TOI-5110,Transit,2024,30.158577,11.98240037,921.7023803,6160,2.333,1.469
Kepler-641 b,Kepler-641,Transit,2016,,2.961,,5605,1.649,
Kepler-275 b,Kepler-275,Transit,2014,10.30065512,2.25,,6535,1.283,1.339
TrES-3 b,TrES-3,Transit,2007,1.306187,14.68379,603.55917,5650,0.8235,0.921
Kepler-189 c,Kepler-189,Transit,2014,20.13488968,2.95,,5169,0.8,0.83
Kepler-763 c,Kepler-763,Transit,2023,4.09666758,1.39,,5258,0.793,0.879
K2-32 b,K2-32,Transit,2016,8.99218,5.38,21.1,5315,0.87,0.87
Kepler-556 b,Kepler-556,Transit,2016,11.72291963,,,5618.34,0.998874,0.99
Kepler-1882 b,Kepler-1882,Transit,2021,13.7872576,1.169,,5704,1.319,1.104
Kepler-1008 b,Kepler-1008,Transit,2016,12.43931193,2.83,,5108,1.726,0.911
Kepler-1461 b,Kepler-1461,Transit,2016,,1.917,,4988,0.686,
Kepler-1303 b,Kepler-1303,Transit,2016,7.56127224,1.42,,5771,1,1.01
EPIC 201615463 c,K2-166,Transit,2019,3.80464,1.22,,,,1.073
Wendelstein-1 b,Wendelstein-1,Transit,2020,2.663416,11.5609626,188.15536,4251,0.61,0.65
HD 140901 c,HD 140901,Radial Velocity,2022,14386.00000000000,,572.0911326,,,1.06
TrES-2 b,TrES-2,Transit,2006,2.470621,13.67498,380.76034,,1,0.98
Kepler-197 c,Kepler-197,Transit,2014,10.349678,1.4,,5877,1.18,0.864
Kepler-1370 b,Kepler-1370,Transit,2016,20.2641684,1.77,,6292,1.276,1.245
Kepler-1092 b,Kepler-1092,Transit,2016,58.6017925,2.15,,6250,1.019,1.038
Kepler-277 c,Kepler-277,Transit,2013,33.0063025,2.79,,5941,1.692,1.125
Kepler-350 c,Kepler-350,Transit,2013,,3.191,,6186,1.421,
Kepler-147 c,Kepler-147,Transit,2014,33.4160034,2.63,,6010,1.26,1.1
Kepler-331 c,Kepler-331,Transit,2014,17.2811521,2.76,,4631,0.7,0.74
Kepler-615 b,Kepler-615,Transit,2016,10.35586478,1.92,,4646,0.778,0.764
OGLE-2018-BLG-1269L b,OGLE-2018-BLG-1269L,Microlensing,2020,,,240,,,1.18
Kepler-97 b,Kepler-97,Transit,2014,2.586638081,1.6,,5802,0.966,0.906
Kepler-897 b,Kepler-897,Transit,2016,8.0472642,1.95,,5835,0.847,0.935
Kepler-1233 b,Kepler-1233,Transit,2016,45.1263042,2.36,,6505,1.163,1.185
Kepler-68 c,Kepler-68,Transit,2013,9.605027382,,,5875.23,1.25931,1.064
Kepler-1823 b,Kepler-1823,Transit,2021,21.1033014,1.56,,6000,1.126,1.068
Kepler-1213 b,Kepler-1213,Transit,2016,5.34982412,0.92,,6204,0.984,0.997
Kepler-1557 b,Kepler-1557,Transit,2016,3.740325107,,,5904.54,1.09641,1.07
HD 21693 b,HD 21693,Radial Velocity,2019,22.6786,,,5430,,0.8
Kepler-1860 b,Kepler-1860,Transit,2021,12.7372371,0.87,,5420,0.868,0.874
Kepler-296 c,Kepler-296,Transit,2014,5.842,0.84,,3424,0.22,0.211
Kepler-333 b,Kepler-333,Transit,2014,12.55109333,1.46,,4159,0.583,0.589
WASP-14 b,WASP-14,Transit,2008,2.2437669,,,,,
Kepler-1021 b,Kepler-1021,Transit,2016,13.47472742,,,5283,0.856467,0.91
Kepler-372 c,Kepler-372,Transit,2014,20.0545077,2.47,,6517,1.159,1.181
K2-62 b,K2-62,Transit,2016,6.6717686,2.18,,4500,0.69,
TOI-2019 b,TOI-2019,Transit,2024,15.3468182,3.99579,,5588,1.8,
Kepler-550 b,Kepler-550,Transit,2016,8.600104109,4.28,,5246,0.805,0.748
TOI-733 b,TOI-733,Transit,2023,4.884765,1.992,5.72,5585,0.949,0.956
Kepler-1907 b,Kepler-1907,Transit,2021,5.652450085,0.86973029,,5159,0.8,0.752
Kepler-1253 b,Kepler-1253,Transit,2016,68.88621944,,,5670.58,1.54097,1.01
Kepler-244 b,Kepler-244,Transit,2014,4.311779906,2.83,,5273,0.79,0.82
KMT-2017-BLG-0673L b,KMT-2017-BLG-0673L,Microlensing,2022,,,1166.430254,,,0.63
Kepler-184 b,Kepler-184,Transit,2014,10.68758769,,,5437.21,0.869668,0.95
Kepler-120 b,Kepler-120,Transit,2014,6.312504,2.26,,4533,0.592,0.654
Kepler-1175 b,Kepler-1175,Transit,2016,37.94563,3.01,,5870,0.867,0.959
Kepler-169 f,Kepler-169,Transit,2014,87.0912594,,,4930,0.774293,0.81
Kepler-219 d,Kepler-219,Transit,2014,47.904,2.51,19.1,,1.332,1.15
Kepler-751 b,Kepler-751,Transit,2016,17.44490636,2.81,,5568,0.966,0.882
Kepler-270 b,Kepler-270,Transit,2014,11.4761013,1.92,,6127,1.35,1.17
Kepler-1341 b,Kepler-1341,Transit,2016,132.9955,1.93,,4535,0.586,0.663
Kepler-1542 d,Kepler-1542,Transit,2016,5.99273738,0.87,,5564,0.99,0.94
Kepler-963 b,Kepler-963,Transit,2016,9.97683705,2.89,,5500,0.928,0.821
Kepler-18 d,Kepler-18,Transit,2011,14.85891269,5.112,,,,0.983
HIP 8152 b,HIP 8152,Transit,2023,10.75101,2.56,7.8,5530,0.95,0.91
Kepler-1149 b,Kepler-1149,Transit,2016,3.73091716,,,5604.94,1.28305,0.99
K2-146 c,K2-146,Transit,2019,3.9663,2.59,7.1,3385,0.35,0.358
Kepler-620 b,Kepler-620,Transit,2016,12.91384,2.75,,6293,1.1,1.122
Kepler-56 c,Kepler-56,Transit,2012,21.4054901,10.89,,4912,4.063,1.672
K2-338 b,K2-338,Transit,2021,3.85064,1.073,,,0.51,
K2-62 b,K2-62,Transit,2016,6.67010938,,,4555,0.695645,0.718
Kepler-384 c,Kepler-384,Transit,2014,45.3485277,1.2,,5585,0.91,0.773
Kepler-55 c,Kepler-55,Transit,2012,42.1406089,1.85,,4500,0.646,0.71
Kepler-859 b,Kepler-859,Transit,2016,20.38177573,2.87,,5100,0.714,0.785
HIP 90988 b,HIP 90988,Radial Velocity,2021,455.73816,,,,,1.613
Kepler-1058 b,Kepler-1058,Transit,2016,110.96546,2.12,,4441,0.546,0.538
WASP-91 b,WASP-91,Transit,2017,2.798579,,,4920,0.86,0.84
Kepler-359 d,Kepler-359,Transit,2014,77.095691,4.01,,6248,1.086,
Kepler-570 b,Kepler-570,Transit,2016,4.301662003,2.36,,5480,0.865,0.881
LP 714-47 b,LP 714-47,Transit,2020,4.052037,4.7,30.8,3950,0.584,0.59
Kepler-306 d,Kepler-306,Transit,2014,17.32683114,,,4948,0.792763,0.81
Kepler-191 d,Kepler-191,Transit,2016,5.94504203,,,5144.15,0.781226,0.87
Kepler-91 b,Kepler-91,Transit,2013,6.24667547,,,4643.39,6.37872,
Kepler-100 d,Kepler-100,Transit,2014,35.3330866,1.536,,5854,1.526,1.097
Kepler-1305 b,Kepler-1305,Transit,2016,13.5630972,1.88,,5701,0.96,0.97
Kepler-895 b,Kepler-895,Transit,2016,2.806243488,,,4195,0.708507,0.66
Kepler-48 d,Kepler-48,Transit,2014,42.89605505,2.06,,5160,0.896858,0.873
HD 145377 b,HD 145377,Radial Velocity,2008,103.95,,,6014,1.05,1.2
Kepler-155 b,Kepler-155,Transit,2014,5.931192939,1.95,,3985,0.54,0.56
Kepler-26 c,Kepler-26,Transit,2011,17.25,3.11,7.48,4124,0.595,0.593
Kepler-133 b,Kepler-133,Transit,2014,8.129858,2.14,,5600,1.34,1.02
Kepler-1614 b,Kepler-1614,Transit,2016,3.94660745,1.4,,5376,0.806,0.897
Kepler-406 b,Kepler-406,Transit,2014,2.426300839,1.32,,5697,0.973,1.058
Kepler-140 b,Kepler-140,Transit,2014,3.254261551,,,6108.41,1.19153,1.15
Kepler-626 b,Kepler-626,Transit,2016,,2.596,,5721,0.979,
Kepler-127 c,Kepler-127,Transit,2014,29.39326982,2.459,,6125,1.383,1.248
Kepler-1359 b,Kepler-1359,Transit,2016,59.4970952,3.24,,4817,0.833,0.8
Kepler-1397 b,Kepler-1397,Transit,2016,,2.528,,6123,1.766,
Kepler-1163 b,Kepler-1163,Transit,2016,6.117982,0.97,,6437,1.12,1.184
WASP-165 b,WASP-165,Transit,2018,3.4655055,,,,,
Kepler-127 b,Kepler-127,Transit,2014,14.43602503,,,6066.19,1.4457,1.13
Kepler-107 c,Kepler-107,Transit,2014,4.90143807,1.84,,5851,1.411,1.142
Kepler-306 c,Kepler-306,Transit,2014,7.24022418,2.14,,4955,0.721,0.774
K2-347 b,K2-347,Transit,2021,7.187,,,4391,0.617099,0.687
Kepler-148 c,Kepler-148,Transit,2014,4.180043,3.6,,5272,0.851,
Kepler-270 c,Kepler-270,Transit,2014,25.2630268,1.5,,6432,1.3,1.155
Kepler-1526 b,Kepler-1526,Transit,2016,3.90863457,,,4549,0.713621,0.72
Kepler-209 b,Kepler-209,Transit,2014,16.08783387,,,5463.31,0.962384,0.96
Kepler-18 d,Kepler-18,Transit,2011,14.859,6.63,15.7,,1.055,0.88
Kepler-1046 b,Kepler-1046,Transit,2016,14.37508542,,,6020.67,1.15287,
XO-5 b,XO-5,Transit,2008,4.187732,12.89035,365.5045,5510,1.11,1
Kepler-1204 b,Kepler-1204,Transit,2016,,2.519,,6098,0.922,
Kepler-232 b,Kepler-232,Transit,2014,4.431242593,3.07,,5841,0.931,1.047
Kepler-197 e,Kepler-197,Transit,2014,25.2099845,0.927,,,,0.857
K2-105 b,K2-105,Transit,2017,8.26679,3.40690334,,5475,0.908831,0.964948
XO-5 b,XO-5,Transit,2008,4.18775631,,,5510,1.11,1
Kepler-462 b,Kepler-462,Transit,2016,84.6879808,5.01,,7717,2.641,1.965
Kepler-511 c,Kepler-511,Transit,2021,26.62946276,2.94,,5951,1.357,1.121
TOI-561 d,TOI-561,Transit,2020,25.7124,2.82,12.15,5326,0.832,0.805
Kepler-770 c,Kepler-770,Transit,2016,1.475322314,1.2,,5598,0.92,0.94
Kepler-300 c,Kepler-300,Transit,2014,,3.502,,5986,1.404,
Kepler-265 b,Kepler-265,Transit,2014,6.846113,1.62,,6315,1.07,1.15
Kepler-1431 b,Kepler-1431,Transit,2016,5.86601526,1.46,,6020,1.04,1.051
TOI-444 b,TOI-444,Transit,2023,17.96350827,3.29701974,,5229,0.794471,
WASP-71 b,WASP-71,Transit,2012,2.9036693,,,6050,1.82,0.76
Kepler-293 b,Kepler-293,Transit,2014,19.2540693,,,5412,0.870183,0.94
TrES-1 b,TrES-1,Transit,2004,3.03006973,11.960003,221.52751,5230,0.807,0.878
TrES-2 b,TrES-2,Transit,2006,2.470613377,13.04,,5820,0.964,0.971
KMT-2021-BLG-2294L b,KMT-2021-BLG-2294L,Microlensing,2022,,,22.24798849,,,0.11
WASP-26 b,WASP-26,Transit,2010,2.7566,13.56289,270.1555,6034,1.22,0.86
Kepler-1715 b,Kepler-1715,Transit,2021,35.59713982,2.98,,6210,1.1,1.106
Kepler-1304 b,Kepler-1304,Transit,2016,16.1289679,,,5154,2.65923,
Kepler-199 b,Kepler-199,Transit,2014,23.6421965,2.9,,5750,0.882,0.98
Kepler-1007 b,Kepler-1007,Transit,2016,5.185002073,1.17,,4325,0.56,0.547
Kepler-1198 b,Kepler-1198,Transit,2016,,1.439,,5346,0.889,
Kepler-81 c,Kepler-81,Transit,2012,12.04,2.37,,,0.59,0.64
Kepler-111 c,Kepler-111,Transit,2014,,6.978,,5905,1.123,
HD 20794 f,HD 20794,Radial Velocity,2025,647.6,,,5368,0.93,0.79
Kepler-1778 b,Kepler-1778,Transit,2021,10.08744556,3.15,,6310,1.095,1.143
Kepler-1939 b,Kepler-1939,Transit,2021,2.790643481,0.99,,4353,0.603,0.648
Kepler-106 d,Kepler-106,Transit,2014,23.9800854,1.31,,5854,1.012,0.951
WASP-1 b,WASP-1,Transit,2007,2.51994713,,,,1.517,1.301
KOI-7913 b,KOI-7913 A,Transit,2022,24.2783801,,,4225,0.770972,0.66
Kepler-385 b,Kepler-385,Transit,2014,10.043686,2.73,,6326,1.126,
K2-16 c,K2-16,Transit,2015,19.077,2.19,,4800,0.67,0.69
Kepler-142 d,Kepler-142,Transit,2014,41.80925,1.58,,5744,1.14,0.988
Kepler-1401 b,Kepler-1401,Transit,2016,11.20066445,1.37,,6038,0.898,0.982
K2-115 b,K2-115,Transit,2017,20.2729861,,,5560,0.881,0.831
Kepler-1792 b,Kepler-1792,Transit,2021,4.195775379,3.03,,5229,1.005,0.878
Kepler-1672 b,Kepler-1672,Transit,2020,150.8783198,,,6131.95,1.08841,1.16
Kepler-323 c,Kepler-323,Transit,2014,,1.649,,5935,1.101,
Kepler-42 c,Kepler-42,Transit,2011,,0.887,,3204,0.174,
K2-272 b,K2-272,Transit,2018,14.453533,2.91,,5419,0.81,0.81
Kepler-265 d,Kepler-265,Transit,2014,43.13042,2.57,,6315,1.07,1.15
Kepler-11 d,Kepler-11,Transit,2010,22.68714251,,,5820,1.12955,1.05
Kepler-1114 b,Kepler-1114,Transit,2016,14.97435694,1.5,,5470,0.919,0.798
Kepler-418 c,Kepler-418,Transit,2021,12.21829987,5.22108654,,5822,1.081,0.957
Kepler-1541 b,Kepler-1541,Transit,2016,8.40691199,1.166,,5210,0.83,0.813
51 Eri b,51 Eri,Imaging,2015,11688.00000000000,,,7295,1.48726,1.65
Kepler-590 b,Kepler-590,Transit,2016,5.85296257,3.51,,6050,1.013,1.05
Kepler-1258 b,Kepler-1258,Transit,2016,,1,,5627,1.116,
Kepler-241 b,Kepler-241,Transit,2014,12.71810317,2.35,,4702,0.686,0.67
GJ 3929 b,GJ 3929,Transit,2022,2.616276872,1.09728674,,3352,0.325635,
Kepler-1314 b,Kepler-1314,Transit,2016,5.424749281,5.2,,4141,0.592,0.581
K2-268 d,K2-268,Transit,2021,4.528598,1.49,,5106,0.78,0.84
WASP-74 b,WASP-74,Transit,2015,2.13775,15.24424,228.8376,5990,1.42,0.98
Kepler-736 b,Kepler-736,Transit,2016,3.60147201,2.9,,5335,0.81,0.908
Kepler-380 b,Kepler-380,Transit,2014,3.930871,1.07,,6043,1.097,0.987
Kepler-18 b,Kepler-18,Transit,2011,3.504691252,,,5359,0.951815,0.927
HIP 70849 b,HIP 70849,Radial Velocity,2009,17337.50000000000,,,4105,,0.63
Kepler-1293 b,Kepler-1293,Transit,2016,5.57654782,,,6259.72,1.70401,1.22
Kepler-1627 b,Kepler-1627,Transit,2016,7.20283653,3.15,,5388,0.717,0.681
TOI-1422 b,TOI-1422,Transit,2022,12.9967,3.93681551,12.1,5811,1.0235,0.9903
24 Sex b,24 Sex,Radial Velocity,2010,452.8,,,5098,4.9,1.54
Kepler-12 b,Kepler-12,Transit,2011,4.4379637,18.999255,137.62039,5950,1.483,1.166
Kepler-627 b,Kepler-627,Transit,2016,40.69944,3.1,,6457,1.5,1.24
HD 148427 b,HD 148427,Radial Velocity,2009,331.5,,,5052,3.22,1.45
Kepler-156 b,Kepler-156,Transit,2014,,2.491,,5078,0.806,
Kepler-305 b,Kepler-305,Transit,2013,5.48711079,3.5,,5106,0.803,0.763
Kepler-1040 b,Kepler-1040,Transit,2016,201.1214,2.08,,5694,0.96,0.98
Kepler-224 d,Kepler-224,Transit,2014,11.34934848,,,5049,0.722794,0.84
Kepler-337 b,Kepler-337,Transit,2014,3.29276965,1.3,,5684,1.415,0.975
HD 25171 b,HD 25171,Radial Velocity,2010,1802.29,,,6125,1.23,1.076
Kepler-561 b,Kepler-561,Transit,2016,58.3620495,6.96,,5646,0.94,0.96
KOI-1783.02,KOI-1783,Transit,2020,284.0631,,2.23203,,1.138,1.076
Kepler-864 b,Kepler-864,Transit,2016,5.83376197,,,5621,1.33944,1
V1298 Tau d,V1298 Tau,Transit,2019,12.4032,6.41,,,1.345,1.101
Kepler-513 b,Kepler-513,Transit,2016,28.86235584,2.19,,6084,1.04,0.987
Kepler-15 b,Kepler-15,Transit,2011,4.942782,14.448401,221.20968,5595,1.253,1.08
Kepler-246 b,Kepler-246,Transit,2014,4.601811819,2.35,,4986,0.833,0.793
Kepler-216 b,Kepler-216,Transit,2014,7.69363627,,,6093.45,1.62969,1.14
Kepler-53 c,Kepler-53,Transit,2012,38.55760865,,,5653,1.08614,1
WASP-14 b,WASP-14,Transit,2008,2.2438471,14.2892,,6458,1.33,
Kepler-118 b,Kepler-118,Transit,2014,,1.343,,5057,0.817,
KELT-17 b,KELT-17,Transit,2016,3.0801735,,,,,
Kepler-1304 b,Kepler-1304,Transit,2016,16.1288853,2.31,,5295,0.821,0.756
Kepler-131 c,Kepler-131,Transit,2014,25.5172744,0.83,,5680,1.016,0.978
Kepler-324 e,Kepler-324,Transit,2021,13.97946091,,,5214,0.859378,0.89
Kepler-894 b,Kepler-894,Transit,2016,9.803224,3.23,,6170,0.992,1.063
Kepler-868 b,Kepler-868,Transit,2016,,3.072,,5968,1.101,
Kepler-1052 c,Kepler-1052,Transit,2023,180.921729,,,5720,0.964799,1.02
Kepler-1518 b,Kepler-1518,Transit,2016,5.11177904,2.25,,6432,1.345,1.06
Kepler-253 b,Kepler-253,Transit,2014,3.78402867,1.7,,5196,0.775,0.869
Kepler-315 c,Kepler-315,Transit,2014,265.47847,4.2,,5792,1.005,0.875
Kepler-14 b,Kepler-14,Transit,2011,6.790123,12.621334,2440.9344,6395,2.09,1.318
Kepler-625 c,Kepler-625,Transit,2016,,1.552,,6042,1.418,
Kepler-1091 b,Kepler-1091,Transit,2016,,1.465,,5806,1.041,
K2-107 b,K2-107,Transit,2017,3.31392,16.14096,266.9772,6030,1.78,1.3
Kepler-919 b,Kepler-919,Transit,2016,11.04603384,1.93,,6093,1.025,1.025
Kepler-229 d,Kepler-229,Transit,2014,41.1970874,3.62,,5126,0.742,0.827
Kepler-51 b,Kepler-51,Transit,2012,45.15530074,8.51,,5921,1.05,1.05
Kepler-1944 b,Kepler-1944,Transit,2021,9.84262076,2.41,,5585,0.972,1.064
Kepler-48 c,Kepler-48,Transit,2012,9.673958488,2.63,,5192,0.873,0.856
HD 108236 c,HD 108236,Transit,2020,6.203449,2.071,,5660,0.877,0.869
Kepler-526 b,Kepler-526,Transit,2016,5.45849914,1.91,,5914,1.135,1.172
Kepler-124 c,Kepler-124,Transit,2014,13.82139306,2.502,,4960,0.748,0.706
Kepler-1836 b,Kepler-1836,Transit,2021,5.25419736,2.15,,6123,0.987,1.053
Kepler-1726 b,Kepler-1726,Transit,2021,18.39626843,,,5338,0.763872,0.92
Kepler-578 b,Kepler-578,Transit,2016,1.616883696,2.54,,5417,1.066,0.877
Kepler-149 d,Kepler-149,Transit,2014,160.0192407,,,5380.49,1.00315,0.93
Kepler-1354 b,Kepler-1354,Transit,2016,76.6139446,,,5843.03,1.3817,1.05
TOI-1130 c,TOI-1130,Transit,2020,8.3501898,13,336,4360,0.697,0.745
Kepler-1640 b,Kepler-1640,Transit,2016,7.5844126,5.49,,6266,1.63,1.345
Kepler-1408 b,Kepler-1408,Transit,2016,2.99793191,0.89,,6170,1.35,1.21
Kepler-297 d,Kepler-297,Transit,2023,150.0190609,13.54,,6150,1.04,1.04
OGLE-TR-111 b,OGLE-TR-111,Transit,2004,4.0144463,11.421971,,,0.83,
Kepler-362 b,Kepler-362,Transit,2014,10.32732564,,,5745.22,1.2835,1.03
Kepler-1348 b,Kepler-1348,Transit,2016,27.5722742,1.48,,5977,0.801,0.887
WASP-184 b,WASP-184,Transit,2019,5.1817,14.90797,181.1631,6000,1.65,1.23
K2-138 c,K2-138,Transit,2017,3.56015,2.26,,5283,0.839,0.916
HD 18143 c,HD 18143,Radial Velocity,2022,28982.41764000000,,3177.648413,,,0.85
Kepler-290 d,Kepler-290,Transit,2023,0.764020072,0.817,,4962,0.696,0.756
K2-95 b,K2-95,Transit,2016,10.13389,3.47,,3471,0.402,0.361
K2-346 b,K2-346,Transit,2021,26.197022,2.36213049,,4789,0.692258,
Kepler-1425 b,Kepler-1425,Transit,2016,14.4540329,0.72,,5559,0.79,0.714
Kepler-49 b,Kepler-49,Transit,2012,,2.609,,3838,0.625,
Kepler-1879 b,Kepler-1879,Transit,2021,10.61345333,1.77,,5865,1.388,1.023
Kepler-675 b,Kepler-675,Transit,2016,2.337432544,,,4750.2,0.823922,0.76
TOI-677 b,TOI-677,Transit,2020,11.236697,,,6295,1.28,1.181
Kepler-1434 b,Kepler-1434,Transit,2016,8.05333618,0.86,,6350,1.439,1.064
Kepler-1947 b,Kepler-1947,Transit,2021,6.96355103,1.44,,6040,1.686,0.984
Kepler-197 e,Kepler-197,Transit,2014,25.21031419,,,5963.52,1.20944,1.093
K2-170 c,K2-170,Transit,2018,12.400731,1.92,,5749,0.98,
LHS 1678 d,LHS 1678,Transit,2024,4.9652229,0.981,,3490,0.329,0.345
Kepler-297 c,Kepler-297,Transit,2014,74.92771752,7.54,,6150,1.04,1.04
Kepler-11 f,Kepler-11,Transit,2010,46.68707,,1.98,5820,1.12955,1.05
Kepler-1740 b,Kepler-1740,Transit,2021,8.17242644,,,5714.58,0.931052,1.02
Kepler-933 b,Kepler-933,Transit,2016,14.20443009,2.02,,5362,0.69,0.74
Kepler-728 b,Kepler-728,Transit,2016,5.743469797,3.13,,5897,0.891,0.983
Kepler-1963 b,Kepler-1963,Transit,2021,1.96227924,0.83,,5726,0.979,0.915
HD 42618 b,HD 42618,Radial Velocity,2016,149.61,,,5727,0.999,1.015
TOI-1685 b,TOI-1685,Transit,2021,0.6691403,1.7,3.78,3434,0.492,0.495
Kepler-265 b,Kepler-265,Transit,2014,6.846262,1.86,,5835,1.103,
Kepler-203 d,Kepler-203,Transit,2014,11.32972,1.44,,5821,1.114,
KMT-2018-BLG-0087L b,KMT-2018-BLG-0087L,Microlensing,2022,,,73.10053361,,,0.1
Kepler-594 b,Kepler-594,Transit,2016,13.64618192,2.13,,5575,0.834,0.917
Kepler-207 c,Kepler-207,Transit,2014,3.071545396,1.46,,5989,1.49,1.2
Kepler-781 b,Kepler-781,Transit,2016,13.2140732,2.89,,5162,0.78,0.81
Kepler-307 c,Kepler-307,Transit,2013,13.084,2.8,1.5,,1.08,0.98
K2-3 c,K2-3,Transit,2015,24.64745,1.56,,3951,0.52,0.53
Kepler-1633 b,Kepler-1633,Transit,2016,62.134919,,,6168.72,1.84201,1.18
Kepler-483 b,Kepler-483,Transit,2016,30.229104,2.867,,6319,1.327,1.076
Kepler-711 b,Kepler-711,Transit,2016,23.58920791,,,4907,0.778615,0.8
Kepler-8 b,Kepler-8,Transit,2010,,15.789,,6181,1.57,
Kepler-1834 c,Kepler-1834,Transit,2023,0.766689534,1.134,,4835,0.719,0.746
GJ 667 C b,GJ 667 C,Radial Velocity,2012,7.20066,,,,,
Kepler-918 b,Kepler-918,Transit,2016,4.85386933,1.44,,6061,0.97,1.05
K2-398 b,K2-398,Transit,2022,6.393025,2.274,,5946,1.239,0.945
Kepler-108 b,Kepler-108,Transit,2014,49.18394185,8.2,,5626,2.057,1.247
WASP-38 b,WASP-38,Transit,2010,,,859.73015,,,1.23
OGLE-2017-BLG-1691L b,OGLE-2017-BLG-1691L,Microlensing,2022,,,,,,
Kepler-11 f,Kepler-11,Transit,2010,,2.643,,5763,1.098,
Kepler-1552 b,Kepler-1552,Transit,2016,184.77271,,,4871.52,1.11332,0.79
Kepler-1956 b,Kepler-1956,Transit,2021,5.94373492,,,4191,0.56945,0.656
WASP-23 b,WASP-23,Transit,2010,2.9444276,,,,,
Kepler-1122 b,Kepler-1122,Transit,2016,42.19301,2.04,,5639,0.82,0.93
Kepler-791 b,Kepler-791,Transit,2016,14.55403948,,,6306.47,1.33182,1.24
Kepler-881 b,Kepler-881,Transit,2016,4.44448017,1.65,,6210,1.033,1.093
TOI-700 e,TOI-700,Transit,2023,27.80978,0.953,,3459,0.421,0.415
Kepler-861 b,Kepler-861,Transit,2016,3.949633,2.1,,5078,0.75,0.747
Kepler-1907 b,Kepler-1907,Transit,2021,5.65245733,1.05,,5159,0.8,0.752
Kepler-355 b,Kepler-355,Transit,2014,,1.648,,5769,1.212,
Kepler-24 d,Kepler-24,Transit,2014,4.24437621,1.61,,6038,1.088,0.965
Kepler-1562 b,Kepler-1562,Transit,2016,,6.407,,6345,1.546,
HATS-56 b,HATS-56,Transit,2019,4.3247708,17.0257,,6457,2.13,
Kepler-172 d,Kepler-172,Transit,2014,14.62698952,2.25,,5599,1.03,1
Kepler-119 b,Kepler-119,Transit,2014,2.422084188,3.55,,5598,0.83,0.928
Kepler-658 b,Kepler-658,Transit,2016,,1.784,,3733,0.674,
Kepler-510 b,Kepler-510,Transit,2016,19.55659418,2.53,,5622,1.406,0.884
Kepler-220 b,Kepler-220,Transit,2014,4.159816554,0.86,,4499,0.639,0.643
Kepler-366 b,Kepler-366,Transit,2014,3.28192091,1.48,,6210,1.033,1.093
Kepler-79 d,Kepler-79,Transit,2014,52.0911,6.1,,6405,1.1,1.18
HATS-10 b,HATS-10,Transit,2015,3.312846,10.861521,167.17858,5880,1.105,1.101
Kepler-207 d,Kepler-207,Transit,2014,5.868068017,3.09,,5989,1.49,1.2
Kepler-1948 b,Kepler-1948,Transit,2021,15.57131611,0.7,,3842,0.526,0.531
Kepler-907 b,Kepler-907,Transit,2016,15.86624787,,,6082.73,,
Kepler-304 c,Kepler-304,Transit,2014,5.315953474,2.8,,4910,0.892,0.828
K2-73 b,K2-73,Transit,2016,7.495692,2.62539115,,5844,1.051008,1.043192
Kepler-1195 b,Kepler-1195,Transit,2016,8.49642241,2.08,,4965,0.71,0.74
Kepler-597 b,Kepler-597,Transit,2016,13.02365861,2.22,,5870,0.867,0.959
Kepler-720 b,Kepler-720,Transit,2016,4.708326451,,,5490,1.14715,0.96
K2-90 c,K2-90,Transit,2016,2.90022,1.36,,,0.646,
Kepler-65 d,Kepler-65,Transit,2012,8.13121389,,,6149,1.5092,1.167
WASP-97 b,WASP-97,Transit,2014,2.07275965,,,5640,1.06,1.12
AU Mic b,AU Mic,Transit,2020,8.46308,3.95677019,,3678,0.744,0.51
Kepler-191 d,Kepler-191,Transit,2016,5.945041017,2.26,,5275,0.787,0.883
Kepler-217 d,Kepler-217,Transit,2016,3.88689525,1.14,,6765,1.439,1.426
GJ 463 b,GJ 463,Radial Velocity,2022,3448,,,3540,0.49,0.49
Kepler-414 c,Kepler-414,Transit Timing Variations,2014,7.170732075,2.98,,5580,0.94,0.95
Kepler-405 b,Kepler-405,Transit,2014,10.613839,2.08,,5818,0.893,
HD 63935 c,HD 63935,Radial Velocity,2021,21.4023,2.9,11.1,5534,0.959,0.933
Kepler-94 b,Kepler-94,Transit,2014,2.508057352,2.49,,4238,0.61,0.64
HD 120084 b,HD 120084,Radial Velocity,2013,2085.10024,,1831.327281,,,2.504
Kepler-605 c,Kepler-605,Transit,2016,2.359002,0.74,,5390,0.77,0.868
Kepler-890 b,Kepler-890,Transit,2016,52.75875577,9.04,,6244,1.154,1.225
HD 104067 b,HD 104067,Radial Velocity,2009,55.806,,,4969,,0.791
Kepler-63 b,Kepler-63,Transit,2013,9.4341505,6.11,120,5576,0.901,0.984
Kepler-302 b,Kepler-302,Transit,2014,,3.336,,5703,1.08,
WASP-93 b,WASP-93,Transit,2016,2.73253774,,,6700,1.524,1.334
OGLE-2014-BLG-0319L b,OGLE-2014-BLG-0319L,Microlensing,2022,,,181.162192,,,0.52
Kepler-1488 c,Kepler-1488,Transit,2021,6.15827512,0.87,,6035,1.135,0.992
Kepler-790 b,Kepler-790,Transit,2016,13.73469807,2.14,,5196,0.772,0.726
Kepler-177 b,Kepler-177,Transit,2013,36.8568008,3.32,,5778,0.98,1
TOI-2076 e,TOI-2076,Transit,2025,3.0223445,1.355,,5192,0.796,0.8557
Kepler-227 c,Kepler-227,Transit,2014,54.418464,3.1,,5850,1.04,1.051
NGTS-27 b,NGTS-27,Transit,2024,3.3704313,13.6938,,5765,1.85,
Kepler-1181 b,Kepler-1181,Transit,2016,4.893327356,,,6495.28,1.36041,1.33
Kepler-466 b,Kepler-466,Transit,2016,51.07926307,2.523,,5805,0.936,0.979
Kepler-33 c,Kepler-33,Transit,2011,13.17555999,2.82,,5900,1.694,1.1
Kepler-1199 b,Kepler-1199,Transit,2016,15.04463,1.44,,6170,1.22,1.08
Kepler-143 c,Kepler-143,Transit,2014,27.08245399,,,5836.51,1.37139,1.052
Kepler-311 c,Kepler-311,Transit,2014,19.7383913,1.48,,6009,1.13,1.08
Kepler-1542 b,Kepler-1542,Transit,2016,3.95116882,0.95,,5731,1.19,0.866
Kepler-74 b,Kepler-74,Transit,2013,7.340714746,14.19,,6068,1.48,1.26
Kepler-835 b,Kepler-835,Transit,2016,11.41904,2.37,,6188,1.01,1.098
Kepler-1441 b,Kepler-1441,Transit,2016,39.4419839,1.31,,5802,1,1
EPIC 201833600 c,K2-50,Transit,2019,3.96151,1,,,,0.611
Kepler-1072 b,Kepler-1072,Transit,2016,1.569066502,1.4,,6343,1.137,1.213
Kepler-990 b,Kepler-990,Transit,2016,9.91723428,2.25,,5953,0.926,0.957
XO-3 b,XO-3,Transit,2007,3.19154,15.80469,2316.9807,6429,1.54,0.58
Kepler-1400 b,Kepler-1400,Transit,2016,9.06687613,,,4912,0.710105,0.8
Kepler-6 b,Kepler-6,Transit,2009,3.234699312,13.41,,5640,1.291,1.047
Kepler-36 c,Kepler-36,Transit,2012,16.2318713,3.692,9.61,,1.629,1.034
Kepler-237 b,Kepler-237,Transit,2014,4.71510365,1.5,,4861,0.732,0.733
Kepler-304 c,Kepler-304,Transit,2014,,2.222,,4843,0.658,
Kepler-663 b,Kepler-663,Transit,2016,4.99678284,2.7,,5339,0.847,0.931
Kepler-519 b,Kepler-519,Transit,2016,24.307983,2.29,,5407,0.871,0.937
Kepler-245 e,Kepler-245,Transit,2016,,1.708,,5105,0.794,
Kepler-1276 b,Kepler-1276,Transit,2016,12.5720095,1.19,,6188,1.21,1.14
Kepler-1211 b,Kepler-1211,Transit,2016,11.01796683,,,5769,1.16863,1.03
Kepler-1434 b,Kepler-1434,Transit,2016,8.05333618,0.86,,6350,1.439,1.064
Kepler-56 b,Kepler-56,Transit,2012,10.5007334,4.96,,4840,4.23,1.32
Kepler-414 c,Kepler-414,Transit Timing Variations,2014,,2.557,,5567,0.881,
HATS-49 b,HATS-49,Transit,2020,4.147035923,8.62854045,,4247,0.775548,
HAT-P-25 b,HAT-P-25,Transit,2010,3.652836,13.33871,180.20961,5500,0.959,1.01
HATS-22 b,HATS-22,Transit,2017,4.72281727,,,4803,0.689,0.759
Kepler-128 c,Kepler-128,Transit,2013,22.804,1.34,0.9,,1.61,1.09
Kepler-1083 b,Kepler-1083,Transit,2016,33.4177993,3.36,,5049,0.77,0.81
Kepler-1067 b,Kepler-1067,Transit,2016,0.762129261,0.7,,5614,0.827,0.908
Kepler-932 b,Kepler-932,Transit,2016,1.9214304,1.32,,5213,0.81,0.78
Kepler-1925 b,Kepler-1925,Transit,2021,46.7162336,,,5731,1.54405,1.02
Kepler-549 b,Kepler-549,Transit,2016,42.94953671,,,5259,0.846751,0.9
Kepler-394 d,Kepler-394,Transit,2021,5.61357653,,,5977,0.991788,1.1
Kepler-992 b,Kepler-992,Transit,2016,20.16034462,1.62,,4944,0.74,0.8
Kepler-991 b,Kepler-991,Transit,2016,82.5342519,2.29,,4237,0.558,0.564
Kepler-106 b,Kepler-106,Transit,2014,,0.823,,5860,1.049,
Kepler-60 c,Kepler-60,Transit,2012,8.91901228,,,5883,1.47227,1.07
MOA-2010-BLG-353L b,MOA-2010-BLG-353L,Microlensing,2015,,,86,,,0.18
Kepler-629 b,Kepler-629,Transit,2016,,1.33,,5406,0.826,
Kepler-76 b,Kepler-76,Orbital Brightness Modulation,2013,1.544928892,,,6136.25,1.4874,1.16
Kepler-76 b,Kepler-76,Orbital Brightness Modulation,2013,1.544928892,13.43,,6309,1.412,1.15
AU Mic b,AU Mic,Transit,2020,8.463,,11.7,3700,0.75,0.5
HD 209458 b,HD 209458,Radial Velocity,1999,3.5246,,,,,
Kepler-1243 b,Kepler-1243,Transit,2016,16.83203175,,,5492.85,0.834193,0.96
K2-224 b,K2-224,Transit,2018,4.47904,1.56,,5620,0.84,0.91
Kepler-1080 b,Kepler-1080,Transit,2016,77.2548396,4.02,,6549,1.438,1.23
Kepler-306 e,Kepler-306,Transit,2014,44.8418,2.81,,5027,0.88,0.93
Kepler-333 c,Kepler-333,Transit,2014,24.08838547,,,4470.56,0.621735,0.701
Kepler-955 b,Kepler-955,Transit,2016,14.53244172,3.19,,5345,0.86,0.802
Kepler-171 d,Kepler-171,Transit,2014,,2.204,,5529,0.937,
Kepler-466 c,Kepler-466,Transit,2016,3.709213846,1.24,,5803,1.073,0.943
Kepler-1816 b,Kepler-1816,Transit,2021,91.50080202,,,4906,0.750709,0.803
Kepler-339 c,Kepler-339,Transit,2014,6.98802652,,,5495.56,0.769161,0.96
Kepler-563 b,Kepler-563,Transit,2016,22.184312,3.4,,5129,0.77,0.758
Kepler-351 d,Kepler-351,Transit,2016,142.545,2.52,,5642,0.846,0.91
Kepler-423 b,Kepler-423,Transit,2014,2.6843285,13.361128,192.60498,5560,0.95,0.85
K2-139 b,K2-139,Transit,2017,28.382206,9.5,,,0.93,
Kepler-246 c,Kepler-246,Transit,2014,11.18714,1.46,,5122,0.76,0.759
LHS 1678 c,LHS 1678,Transit,2021,3.694260409,1.0428407,,3450,0.33819,
K2-347 b,K2-347,Transit,2021,7.18662,2.58,,,0.584,
Kepler-263 c,Kepler-263,Transit,2014,47.3330262,2.62,,5388,0.85,0.89
Kepler-743 b,Kepler-743,Transit,2016,,1.292,,5509,0.916,
Kepler-1079 b,Kepler-1079,Transit,2016,13.24503482,1.77,,5636,1.39,0.988
OGLE-2017-BLG-1806L b,OGLE-2017-BLG-1806L,Microlensing,2023,,,2.68,,,0.48
Kepler-68 b,Kepler-68,Transit,2013,5.398753927,2.309,,5789,1.252,1.042
Kepler-1136 b,Kepler-1136,Transit,2016,2.361724329,1.54,,4478,0.651,0.637
Kepler-364 c,Kepler-364,Transit,2014,59.980627,2.15,,6108,1.284,
K2-332 b,K2-332,Transit,2021,17.703,,,3266,0.289676,0.264883
HATS-11 b,HATS-11,Transit,2016,3.6191613,16.92559,270.1555,6060,1.444,1
WASP-47 b,WASP-47,Transit,2012,4.1591492,12.64,363.6,5552,1.137,1.04
Kepler-1323 b,Kepler-1323,Transit,2016,0.929906166,1.48,,6039,1.413,1.075
K2-6 b,K2-6,Transit,2015,30.94191,2.5,,5850,0.96,0.97
HAT-P-8 b,HAT-P-8,Transit,2008,3.07634347,,,6200,1.58,1.28
K2-348 b,K2-348,Transit,2021,4.688625,3.8,,5220,0.828,
Kepler-23 d,Kepler-23,Transit,2014,15.27429,2.235,,5861.98,1.53278,1.06
Kepler-538 b,Kepler-538,Transit,2016,81.737872,,,5499,0.896703,0.964
Kepler-595 c,Kepler-595,Transit,2020,12.3860474,,,5138.5,0.845548,0.87
Kepler-937 c,Kepler-937,Transit,2016,153.348739,2.14,,6127,1.08,0.964
Kepler-1651 b,Kepler-1651,Transit,2017,9.8786838,2.10831886,,3759.27,0.460619,
Kepler-171 b,Kepler-171,Transit,2014,4.166969607,,,5521,0.997769,0.97
HATS-23 b,HATS-23,Transit,2017,2.1605156,20.84874,467.2101,5780,1.199,1.121
Kepler-772 b,Kepler-772,Transit,2016,12.99207337,1.96,,5721,1.212,0.928
TOI-5238 b,TOI-5238,Transit,2022,4.872171,5.22,,5631,1.02283,1
Kepler-1297 b,Kepler-1297,Transit,2016,1.68189051,1.27,,5827,1.374,1.068
Kepler-1431 b,Kepler-1431,Transit,2016,5.86601526,1.46,,6020,1.04,1.051
Kepler-1163 b,Kepler-1163,Transit,2016,6.11784972,,,6263.03,1.34049,1.219
HD 108874 c,HD 108874,Radial Velocity,2005,1605.8,,,,,0.99
Kepler-989 b,Kepler-989,Transit,2016,,2.106,,5183,0.786,
Kepler-1031 b,Kepler-1031,Transit,2016,1.22621732,0.78,,6095,0.991,1.059
Kepler-271 c,Kepler-271,Transit,2014,7.410935,1,,5524,0.88,
Kepler-1820 b,Kepler-1820,Transit,2021,31.032699,2.7,,5841,0.931,1.047
Kepler-502 b,Kepler-502,Transit,2016,,5.318,,6236,1.346,
Kepler-806 b,Kepler-806,Transit,2016,,1.623,,5737,1.575,
TOI-1410.01,TOI-1410,Transit,2024,1.21687,3.10083009,12.5,4635,0.7558,0.7941
TOI-561 d,TOI-561,Transit,2020,25.62,2.53,11.95,5455,0.849,0.785
HD 110067 g,HD 110067,Transit,2023,54.76992,2.607,8.4,5266,0.788,0.798
K2-114 b,K2-114,Transit,2017,11.3909311,10.44677001,638.8350981,4920,0.824,0.86
Kepler-1433 b,Kepler-1433,Transit,2016,4.13592271,1.56,,6097,1.19,1.14
Kepler-1370 b,Kepler-1370,Transit,2016,20.2642023,2.12,,5937,1.291,1.084
Kepler-1797 b,Kepler-1797,Transit,2021,23.3593589,,,5709.57,1.09739,1.02
Kepler-1129 c,Kepler-1129,Transit,2016,,2.438,,5707,0.957,
HD 38283 b,HD 38283,Radial Velocity,2010,363.2,,,5998,,1.085
Kepler-1435 b,Kepler-1435,Transit,2016,4.45343281,0.94,,6664,1.339,1.236
Kepler-148 c,Kepler-148,Transit,2014,4.180049552,3.46,,5172,0.81,0.86
Kepler-342 e,Kepler-342,Transit,2016,1.644224613,0.83,,6475,1.178,1.2
Kepler-733 b,Kepler-733,Transit,2016,20.83426731,2.74,,5537,0.88,0.999
Kepler-49 d,Kepler-49,Transit,2014,2.576569689,1.54,,3816,0.51,0.54
TOI-1759 b,TOI-1759,Transit,2022,18.85019,3.14,10.8,4065,0.597,0.606
K2-272 b,K2-272,Transit,2018,14.45182127,,,5363.56,0.817851,0.93
HD 152843 c,HD 152843,Transit,2021,24.38,5.83,27.5,6310,1.43,1.15
Kepler-62 f,Kepler-62,Transit,2013,267.291,1.41,35,4925,0.64,0.69
HAT-P-22 b,HAT-P-22,Transit,2010,3.2122302,13.0356,,5357.7,1.04,
Kepler-1247 b,Kepler-1247,Transit,2016,13.71220213,2.33,,5303,0.82,0.86
Kepler-1921 c,Kepler-1921,Transit,2023,3.15721824,1.44,,6120,2,1.251
WASP-26 b,WASP-26,Transit,2010,2.7565972,13.630144,324.1866,6015,1.284,1.095
Kepler-22 b,Kepler-22,Transit,2011,289.8623,2.38,36,5518,0.979,0.97
HD 97048 b,HD 97048,Disk Kinematics,2019,,,794.575,10000,2.25,2.4
Kepler-1543 b,Kepler-1543,Transit,2016,6.967406978,,,6620.14,1.33155,1.39
K2-28 b,K2-28,Transit,2016,2.260438,2.45,,3290,0.28,0.201
Kepler-1055 b,Kepler-1055,Transit,2016,2.295036233,1.09,,5750,0.835,0.851
GJ 806 b,GJ 806,Transit,2023,0.9263237,1.67823,,3573,0.43,
HD 183263 b,HD 183263,Radial Velocity,2004,625.09,,,5875.99,1.293337,1.170583
Kepler-1360 b,Kepler-1360,Transit,2016,40.5286413,3.4,,6778,1.83,1.51
Kepler-1664 b,Kepler-1664,Transit,2020,14.3868,3.03320653,,5735.81,,
HIP 94235 b,HIP 94235,Transit,2022,7.712120841,3.00403804,,5985.4,1.08958,
WASP-77 A b,WASP-77 A,Transit,2012,1.3600309,13.56,559.36,5500,0.955,1.002
Kepler-794 b,Kepler-794,Transit,2016,11.13127159,2.06,,5800,1.435,1.195
Kepler-279 b,Kepler-279,Transit,2014,12.3097136,2.47,,6781,1.067,1.097
Kepler-575 b,Kepler-575,Transit,2016,,2.436,,5685,0.969,
Kepler-1369 b,Kepler-1369,Transit,2016,25.873148,2.99,,6036,1.093,1.048
XO-4 b,XO-4,Transit,2010,4.1250823,15.02006,512.34196,6400,1.56,1.32
Kepler-345 c,Kepler-345,Transit,2014,9.38742889,1.22,,4386,0.63,0.616
Kepler-84 f,Kepler-84,Transit,2014,44.5518416,2.08,,6028,1.022,1.005
Kepler-1487 c,Kepler-1487,Transit,2023,35.8007112,7.97,,5745,3.955,1.801
Kepler-1697 b,Kepler-1697,Transit,2020,33.4969115,2.97,,4928,1.688,0.962
HD 208897 b,HD 208897,Radial Velocity,2017,358.27,,,4860,4.98,1.25
Kepler-1416 b,Kepler-1416,Transit,2016,,1.379,,5634,1.393,
WASP-113 b,WASP-113,Transit,2016,4.54216695,,,5890,1.608,1.318
TOI-1279 b,TOI-1279,Transit,2024,9.61419,2.66146528,10.6,5457,0.8426,0.8784
HAT-P-9 b,HAT-P-9,Transit,2008,3.9228042,15.8493,,6193,1.3,
Kepler-388 b,Kepler-388,Transit,2014,3.17323306,0.98,,4584,0.69,0.73
Kepler-243 b,Kepler-243,Transit,2014,5.71542485,2.493,,5149,0.815,0.904
Kepler-123 b,Kepler-123,Transit,2014,17.23229,2.5,,6274,1.05,1.13
Kepler-1721 b,Kepler-1721,Transit,2021,4.592390839,2.57,,5361,0.799,0.889
LTT 1445 A b,LTT 1445 A,Transit,2019,5.35882,1.38,2.2,3337,0.276,0.256
Kepler-10 b,Kepler-10,Transit,2011,0.837,1.489,3.57,5708,1.075,0.905
Kepler-314 c,Kepler-314,Transit,2014,5.9604,2.65,,5501,0.951,1.024
Kepler-10 c,Kepler-10,Transit,2011,45.29406,2.19,,5627,1,0.905
Kepler-96 b,Kepler-96,Transit,2014,16.238465,2.65,,5692,1.017,0.995
Kepler-96 b,Kepler-96,Transit,2014,16.23846777,2.27,,5763,0.904,1.002
Kepler-318 b,Kepler-318,Transit,2014,4.662719058,5.89,,5903,1.47,1.113
Kepler-40 b,Kepler-40,Transit,2010,6.873165232,13.8,,6490,2.179,1.516
Kepler-10 c,Kepler-10,Transit,2011,45.29431717,2.28,,5627,1.056,0.895
Kepler-314 c,Kepler-314,Transit,2014,5.96040108,2.87,,5497,0.909,1.028
Kepler-314 b,Kepler-314,Transit,2014,2.46106655,0.81,,5497,0.909,1.028
Kepler-318 b,Kepler-318,Transit,2014,4.662719058,5.89,,5903,1.47,1.113
Kepler-318 c,Kepler-318,Transit,2014,11.8150013,4.59,,5903,1.47,1.113
Kepler-96 b,Kepler-96,Transit,2014,16.23846777,2.27,,5763,0.904,1.002
Kepler-318 b,Kepler-318,Transit,2014,4.66271902,3.86,,5729,0.939,1.051
Kepler-96 b,Kepler-96,Transit,2014,16.23847733,2.76,,5683,0.993,0.951
Kepler-40 b,Kepler-40,Transit,2010,6.873165232,13.8,,6490,2.179,1.516
TOI-132 b,TOI-132,Transit,2020,2.109680461,3.63967252,,5673,0.940806,
TOI-125 c,TOI-125,Transit,2019,9.1549418,2.62011,,5154,0.85,
TOI-178 g,TOI-178,Transit,2021,20.708504,3.751004,,4111,0.701202,
TOI-132 b,TOI-132,Transit,2020,2.1097019,3.42,22.4,5397,0.9,0.97
KELT-11 b,KELT-11,Transit,2017,4.7362083,,,5326,2.78715,
WASP-127 b,WASP-127,Transit,2016,4.17806203,14.694999,52.346601,,1.333,0.95
Kepler-286 c,Kepler-286,Transit,2014,3.468095,1.37,,5580,0.863,
Kepler-1587 b,Kepler-1587,Transit,2016,,1.263,,5774,1.403,
Kepler-87 b,Kepler-87,Transit,2013,114.73635,13.49,324.2,5600,1.82,1.1
Kepler-1500 b,Kepler-1500,Transit,2016,15.0330105,1.08,,6033,0.917,0.837
DMPP-1 e,DMPP-1,Radial Velocity,2019,5.516,,,6196,1.26,1.21
Kepler-600 b,Kepler-600,Transit,2016,,2.89,,5308,0.817,
Kepler-1851 b,Kepler-1851,Transit,2021,12.02298773,18.49,,5982,0.879,0.967
NGTS-5 b,NGTS-5,Transit,2019,3.3575477,12.6518,,5013,0.75,
Kepler-999 b,Kepler-999,Transit,2016,5.991849,2.5,,6347,1.87,1.33
Kepler-11 b,Kepler-11,Transit,2010,10.30400497,1.85,,5657,1.046,0.921
Kepler-33 f,Kepler-33,Transit,2011,41.0280637,4.14,,5900,1.694,1.1
Kepler-374 b,Kepler-374,Transit,2014,1.897834018,1.04,,5975,0.9,0.891
Kepler-783 c,Kepler-783,Transit,2020,7.053936122,2.55,,5775,1.114,0.839
K2-156 b,K2-156,Transit,2018,0.813149,1.14414279,,4460,0.615543,0.642263
Kepler-263 c,Kepler-263,Transit,2014,47.3330262,2.4,,5265,0.781,0.829
HAT-P-26 b,HAT-P-26,Transit,2010,4.2345026,,,,,
Kepler-1452 b,Kepler-1452,Transit,2016,42.913751,1.63,,6148,1.217,1.07
TOI-3071 b,TOI-3071,Transit,2024,1.266938,7.16,68.2,6177,1.31,1.29
Kepler-167 e,Kepler-167,Transit,2016,1071.232624,9.27,,4799,0.692,0.776
Kepler-55 e,Kepler-55,Transit,2014,4.61746693,1.51,,4505,0.658,0.645
Kepler-26 d,Kepler-26,Transit,2014,3.544,0.98,,3853,0.447,0.466
Kepler-1543 b,Kepler-1543,Transit,2016,6.96710269,2.22,,6602,1.397,1.425
Kepler-958 b,Kepler-958,Transit,2016,9.7678805,2.51,,5568,1.034,0.91
Kepler-374 c,Kepler-374,Transit,2014,3.282823123,,,5670.31,1.42107,1.01
Kepler-985 b,Kepler-985,Transit,2016,116.331901,3.53,,5733,0.997,0.981
K2-110 b,K2-110,Transit,2017,13.8636,2.55,,,0.686,
WASP-107 b,WASP-107,Transit,2017,5.72226,12.8433,,4233.2,0.73,
Kepler-1235 b,Kepler-1235,Transit,2016,,0.807,,5327,0.941,
Kepler-1315 b,Kepler-1315,Transit,2016,0.843379985,1.7,,4818,0.856,0.809
Kepler-1167 b,Kepler-1167,Transit,2016,1.003933739,1.7,,4949,0.741,0.715
Kepler-1940 b,Kepler-1940,Transit,2021,4.95062352,1.4,,5435,0.725,0.782
Kepler-217 d,Kepler-217,Transit,2016,3.88689525,1.14,,6765,1.439,1.426
Kepler-1316 b,Kepler-1316,Transit,2016,87.9732136,3.54,,5884,1.12,1.04
K2-136 c,K2-136,Transit,2017,17.3077,3.03,,4364,0.71,0.71
K2-171 b,K2-171,Transit,2018,5.628466,2.68657205,,5250,1.717458,0.891587
Kepler-599 b,Kepler-599,Transit,2016,15.65562652,2.97,,5185,0.837,0.779
Kepler-578 b,Kepler-578,Transit,2016,,2.086,,4833,0.847,
Kepler-278 b,Kepler-278,Transit,2014,30.15856,4.59,,4904.79,2.97435,
Kepler-339 b,Kepler-339,Transit,2014,4.97760699,,,5495.56,0.769161,0.96
KOI-3503 b,KOI-3503,Transit,2021,21.1875846,0.77,,6338,0.847,0.918
Kepler-194 c,Kepler-194,Transit,2014,17.30801526,,,5731,1.06547,1.02
Kepler-1778 b,Kepler-1778,Transit,2021,10.087508,3.6,,6303,1.05,1.13
Kepler-1391 b,Kepler-1391,Transit,2016,54.40946555,,,5579.13,1.77507,0.98
Kepler-116 b,Kepler-116,Transit,2014,,3.191,,6220,1.409,
Kepler-546 b,Kepler-546,Transit,2016,4.147020258,7.43,,5818,1.205,0.977
Kepler-279 d,Kepler-279,Transit,2013,54.4205407,3.2,,6781,1.067,1.097
Kepler-174 d,Kepler-174,Transit,2014,247.3545,,,4724,0.774168,0.76
HD 183263 b,HD 183263,Radial Velocity,2004,624.87404,,,,,1.06
K2-387 b,K2-387,Transit,2022,28.7342,8.22,,,0.664,
LP 791-18 c,LP 791-18,Transit,2019,4.989963,2.31,,2960,0.171,0.139
WASP-47 c,WASP-47,Radial Velocity,2015,588.8,,,5552,1.137,1.04
Kepler-282 d,Kepler-282,Transit,2013,24.80446,2.46,,6144,0.99,1.082
Kepler-37 c,Kepler-37,Transit,2013,21.302,0.75,12,5417,0.77,0.8
Kepler-742 b,Kepler-742,Transit,2016,8.360868238,3.73,,4743,0.81,0.786
Kepler-1768 b,Kepler-1768,Transit,2021,15.13591895,2.54,,6047,1.559,1.202
KOI-217 b,KOI-217,Transit,2010,3.9050824,,,5381,0.947475,0.93
Kepler-781 b,Kepler-781,Transit,2016,13.2140732,2.72,,5330,0.726,0.806
Kepler-428 b,Kepler-428,Transit,2014,3.525632539,11.58,,5150,0.793,0.855
Kepler-560 b,Kepler-560,Transit,2016,18.4776196,1.93,,3502,0.378,0.381
KMT-2019-BLG-1216L b,KMT-2019-BLG-1216L,Microlensing,2023,,,32.73632592,,,0.422
HATS-47 b,HATS-47,Transit,2020,3.9228038,,,4512,0.6564,0.674
HD 77338 b,HD 77338,Radial Velocity,2012,5.7361,,15.9,5370,0.88,0.93
Kepler-141 c,Kepler-141,Transit,2014,7.01062745,38.6,,4173,18.939,0.941
TOI-286 b,TOI-286,Transit,2024,4.5117221,1.40246,,5245,0.79,
Kepler-367 b,Kepler-367,Transit,2014,37.81526,1.1,,4739,0.654,0.677
Kepler-1184 b,Kepler-1184,Transit,2016,53.5991044,2.57,,6319,1.032,1.084
Kepler-101 b,Kepler-101,Transit,2014,3.487689428,4.36,,5761,1.208,1.125
Kepler-506 b,Kepler-506,Transit,2016,6.88341278,,,6133.77,1.23303,1.16
Kepler-1053 b,Kepler-1053,Transit,2016,2.41434868,,,4405.22,0.612574,0.689
K2-44 b,K2-44,Transit,2016,5.65688,2.72,,5912,1.58,1.15
K2-395 b,K2-395,Transit,2022,4.803352,2.597,,5007,0.783,0.952
Kepler-802 b,Kepler-802,Transit,2016,40.05488,3.5,,5639,0.83,0.933
Kepler-649 b,Kepler-649,Transit,2016,,2.243,,5694,0.932,
Kepler-1809 b,Kepler-1809,Transit,2021,3.757291599,1.17,,5003,0.738,0.788
Kepler-1964 b,Kepler-1964,Transit,2021,2.440829992,1.7810587,,4803,0.698,0.752
Kepler-169 c,Kepler-169,Transit,2014,6.19543693,1.19,,5070,0.78,0.84
Kepler-1857 b,Kepler-1857,Transit,2021,8.94337724,,,6147,1.11667,1.17
Kepler-157 d,Kepler-157,Transit,2016,7.0257409,1.56,,5767,1.014,0.918
Kepler-1200 b,Kepler-1200,Transit,2016,1.118549717,1.05,,4493,0.672,0.72
Kepler-408 b,Kepler-408,Transit,2014,2.46502,0.82,5,6104,1.23,1.08
Kepler-365 b,Kepler-365,Transit,2014,10.6648896,,,5744.35,,
Kepler-499 b,Kepler-499,Transit,2016,5.632528453,2.1,,5210,0.801,0.895
Kepler-1713 b,Kepler-1713,Transit,2021,18.01162316,,,6334.8,1.4527,1.25
Kepler-377 b,Kepler-377,Transit,2014,12.50945798,,,5974,1.19923,1.1
HAT-P-54 b,HAT-P-54,Transit,2015,3.799853582,13.26706229,,4133.4,0.759375,
Kepler-1926 b,Kepler-1926,Transit,2021,42.87749034,,,4991,0.634802,0.83
OGLE-2014-BLG-1722L c,OGLE-2014-BLG-1722L,Microlensing,2018,,,83.7,,,0.4
HD 117618 b,HD 117618,Radial Velocity,2004,25.8,,,5855,,1.05
Kepler-44 b,Kepler-44,Transit,2011,3.250965679,12.82971612,,5757,1.49959,
Kepler-641 b,Kepler-641,Transit,2016,9.48966441,,,5476.78,1.74026,0.96
Kepler-450 c,Kepler-450,Transit,2015,15.41308581,2.49,,6215,1.57,1.346
Kepler-1015 b,Kepler-1015,Transit,2016,16.0049078,,,6390.1,1.55262,1.28
Kepler-1165 b,Kepler-1165,Transit,2016,9.478522,1.43,,6224,1.083,1.092
HAT-P-2 b,HAT-P-2,Transit,2007,5.6,12.3,2828.6,6300,,
Kepler-10 c,Kepler-10,Transit,2011,45.294292,2.323,,5706,1.08974,1.017
Kepler-1348 b,Kepler-1348,Transit,2016,,2.193,,5911,1.235,
TOI-431 c,TOI-431,Radial Velocity,2021,4.8494,,,4850,0.731,0.78
Kepler-314 c,Kepler-314,Transit,2014,5.960392,2.9,,5378,0.95,
Kepler-318 b,Kepler-318,Transit,2014,4.662715,4.71,,5746,1.189,
Kepler-314 b,Kepler-314,Transit,2014,2.461069,0.83,,5378,0.95,
HAT-P-2 b,HAT-P-2,Transit,2007,5.63341,11.007238,2873.1832,6290,1.474,1.298
HAT-P-2 b,HAT-P-2,Transit,2007,5.63341,10.659759,2739.6946,,1.416,1.298
Kepler-40 b,Kepler-40,Transit,2010,6.87349,13.11,699.2,6510,2.13,1.48
Kepler-10 c,Kepler-10,Transit,2011,45.29427,2.32,,5643,1.065,0.913
Kepler-10 b,Kepler-10,Transit,2011,0.837491,1.4807089,4.608535,5627,1.065,0.913
Kepler-10 c,Kepler-10,Transit,2011,45.294314,,,5706,1.08974,1.017
Kepler-40 b,Kepler-40,Transit,2010,6.8731697,16.14096,686.5128,6510,2.48,1.46
Kepler-96 b,Kepler-96,Transit,2014,16.23846777,2.55,,5825,1.02,1.03
Kepler-10 b,Kepler-10,Transit,2011,,,,5706,1.08974,1.017
Kepler-40 b,Kepler-40,Transit,2010,6.873165232,13.62,,6354,2.15,1.49
Kepler-10 b,Kepler-10,Transit,2011,0.83749128,,,5706,1.08974,1.017
Kepler-314 c,Kepler-314,Transit,2014,5.96040324,,,5219.54,0.943064,0.889
Kepler-318 c,Kepler-318,Transit,2014,11.8150005,,,5940.12,0.948492,1.085
Kepler-40 b,Kepler-40,Transit,2010,6.87316326,,,6014,2.36468,1.11
Kepler-318 b,Kepler-318,Transit,2014,4.66271775,,,5940.12,0.948492,1.085
LHS 1140 b,LHS 1140,Transit,2017,24.73712,1.43,6.65,3131,0.186,0.146
KELT-11 b,KELT-11,Transit,2017,4.736529,15.35633,61.97685,5370,2.72,1.438
WASP-127 b,WASP-127,Transit,2016,4.178062,,,5828.01,1.34736,1.05
Kepler-10 b,Kepler-10,Transit,2011,0.837501,,3.24,5706,1.08974,1.017
Kepler-10 c,Kepler-10,Transit,2011,45.2946,,7.37,5706,1.08974,1.017
Kepler-10 c,Kepler-10,Transit,2011,,2.351,,5599,1.087,
Kepler-40 b,Kepler-40,Transit,2010,,13.612,,6510,2.207,
Kepler-314 c,Kepler-314,Transit,2014,,2.834,,5440,0.882,
HAT-P-2 b,HAT-P-2,Transit,2007,5.63347,13.4508,3632.7969,6412,1.71,1.93
Kepler-314 b,Kepler-314,Transit,2014,,0.835,,5440,0.882,
Kepler-318 c,Kepler-318,Transit,2014,,3.639,,5873,0.982,
HAT-P-2 b,HAT-P-2,Transit,2007,5.6335158,,,6380,1.39,1.33
KELT-11 b,KELT-11,Transit,2017,4.7361,15.13215,54.34893,5375,2.69,1.44
GJ 357 c,GJ 357,Radial Velocity,2019,9.1247,,,3505,0.337,0.342
Kepler-1922 b,Kepler-1922,Transit,2021,13.2226208,1.47,,5933,0.861,0.95
Kepler-247 b,Kepler-247,Transit,2014,3.33611851,,,4929,0.843936,0.81
KIC 3526061 b,KIC 3526061,Radial Velocity,2022,3552,,,4829,5.86,1.42
HD 204313 b,HD 204313,Radial Velocity,2010,1931,,,5767,,1.045
HD 25463 b,HD 25463,Transit,2023,7.049160841,2.84649412,,6337.87,1.42717,
Kepler-1629 b,Kepler-1629,Transit,2016,3.87594316,0.68,,5713,0.893,1.01
pi Men c,HD 39091,Transit,2018,6.2678293,,,5870,1.1,1.02
Kepler-394 b,Kepler-394,Transit,2014,8.00504749,1.52,,6398,1.101,1.141
Kepler-1474 b,Kepler-1474,Transit,2016,36.4337867,2.2,,5566,1.099,0.938
WASP-13 b,WASP-13,Transit,2009,4.353011,15.569,151.599,,1.559,1.09
Kepler-773 b,Kepler-773,Transit,2016,3.749100061,1.52,,5735,1.114,0.949
Kepler-27 d,Kepler-27,Transit,2021,6.54626058,2.83,,5325,0.863,0.981
HD 86226 c,HD 86226,Transit,2020,3.9846654,,,5863,1.053,1.019
Kepler-487 c,Kepler-487,Transit,2016,,2.172,,5456,0.931,
Kepler-1343 b,Kepler-1343,Transit,2016,,2.318,,6212,1.242,
Kepler-475 b,Kepler-475,Transit,2016,3.105508189,2.66,,4938,0.842,0.804
Kepler-300 c,Kepler-300,Transit,2014,40.714955,2.25,,5986,0.9,
Kepler-526 b,Kepler-526,Transit,2016,5.458498316,2.18,,5716,1.259,1.126
Kepler-36 b,Kepler-36,Transit,2012,13.849039,1.582,5.56,,1.629,1.034
Kepler-779 b,Kepler-779,Transit,2016,7.09714223,0.92,,3804,0.44,0.46
Kepler-485 b,Kepler-485,Transit,2016,3.243259796,13.63,,6109,1.029,1.099
Kepler-1223 b,Kepler-1223,Transit,2016,16.301259,1.31,,4875,0.795,0.838
GJ 687 c,GJ 687,Radial Velocity,2020,727.562,,,,,0.4
OGLE-2018-BLG-0799L b,OGLE-2018-BLG-0799L,Microlensing,2022,,,524.4168716,,,0.6
WASP-77 A b,WASP-77 A,Transit,2012,1.4,13.5,572.1,5500,,
Kepler-1988 b,Kepler-1988,Transit,2023,11.49499722,2.59,,6036,3.132,1.502
Kepler-413 b,Kepler-413,Transit,2014,66.262,4.347,67,4700,0.7761,0.82
Kepler-948 b,Kepler-948,Transit,2016,7.7684356,,,5501.23,0.970605,0.96
Kepler-213 b,Kepler-213,Transit,2014,2.46236,1.62,,5696,1.195,
Kepler-916 b,Kepler-916,Transit,2016,32.2968798,1.84,,5412,0.843,0.945
Kepler-6 b,Kepler-6,Transit,2009,3.234694397,13.31600225,,5613,1.31474,
K2-121 b,K2-121,Transit,2017,5.185743,7.7,,,0.71,
MOA-2016-BLG-227L b,MOA-2016-BLG-227L,Microlensing,2017,,,1500,,,0.5
Kepler-317 b,Kepler-317,Transit,2014,5.524,2.08,109.8,,0.936,0.98
Kepler-10 b,Kepler-10,Transit,2011,0.837491225,1.43,,5676,1.044,0.884
Kepler-10 c,Kepler-10,Transit,2011,45.29422297,2.26,,5676,1.044,0.884
Kepler-1307 b,Kepler-1307,Transit,2016,18.01630092,,,5603.11,0.838135,0.99
K2-122 b,K2-122,Transit,2017,2.2193023,1.16,,4009,0.59,0.63
TOI-178 b,TOI-178,Transit,2021,1.914558,1.152,1.5,4316,0.651,0.65
TOI-178 c,TOI-178,Transit,2021,3.23845,1.669,4.77,4316,0.651,0.65
TOI-178 e,TOI-178,Transit,2021,9.961881,2.207,3.86,4316,0.651,0.65
TOI-178 f,TOI-178,Transit,2021,15.231915,2.287,7.72,4316,0.651,0.65
TOI-178 g,TOI-178,Transit,2021,20.7095,2.87,3.94,4316,0.651,0.65
Kepler-314 b,Kepler-314,Transit,2014,2.461040528,,,5219.54,0.943064,0.889
Kepler-314 c,Kepler-314,Transit,2014,5.960400011,,,5219.54,0.943064,0.889
Kepler-314 b,Kepler-314,Transit,2014,2.46106962,,,5219.54,0.943064,0.889
LHS 1140 c,LHS 1140,Transit,2018,3.777941752,1.56599372,,3131,0.215535,
LTT 1445 A b,LTT 1445 A,Transit,2019,5.3587657,1.305,2.87,3340,0.265,0.257
TOI-2184 b,TOI-2184,Transit,2022,6.906786841,13.41760283,,5731.8,3.15138,
KELT-11 b,KELT-11,Transit,2017,4.736099,,,5375,2.69,1.44
HATS-55 b,HATS-55,Transit,2019,4.2042001,,,6214,1.126,1.1955
WASP-127 b,WASP-127,Transit,2016,4.178063714,14.69526062,,5620,1.34736,
TOI-913 b,TOI-913,Transit,2023,11.09934795,2.48270736,,4948,0.732535,
TOI-244 b,TOI-244,Transit,2023,7.397215984,1.27111313,,3342,0.407103,
TOI-2207 b,TOI-2207,Transit,2022,8.001968,11.1529358,203.4101805,6101,1.564,1.296
TOI-5300 b,TOI-5300,Transit,2025,2.2623535,11.9692,,4219,0.73,
TOI-2969 b,TOI-2969,Transit,2025,1.8237148,12.3326,,4581,0.78,
HAT-P-2 b,HAT-P-2,Transit,2007,5.63346961,,,,,
KELT-11 b,KELT-11,Transit,2017,4.7362034,,,,,
TOI-1468 c,TOI-1468,Transit,2022,15.532482,2.064,6.64,3496,0.344,0.339
TOI-1468 b,TOI-1468,Transit,2022,1.8805136,1.28,3.21,3496,0.344,0.339
Kepler-10 b,Kepler-10,Transit,2011,0.8374907,1.47,3.26,5708,1.065,0.91
Kepler-10 c,Kepler-10,Transit,2011,45.294301,2.355,11.4,5708,1.065,0.91
TOI-244 b,TOI-244,Transit,2023,7.397225,1.52,2.68,3433,0.426,0.428
TOI-913 b,TOI-913,Transit,2023,11.098644,2.4528,,4969,0.7325,0.82
LTT 1445 A b,LTT 1445 A,Transit,2019,5.35876,1.18,,3340,0.265,0.257
GJ 357 b,GJ 357,Transit,2019,3.9306,1.2,,3505,0.337,0.342
HAT-P-2 b,HAT-P-2,Transit,2007,5.63346964,,2866.812231,,,1.33
WASP-127 b,WASP-127,Transit,2016,4.1780619,,,,,
HATS-36 b,HATS-36,Transit,2018,4.175186,12.92,,5950,1.1,1.1
Kepler-341 d,Kepler-341,Transit,2014,27.66496,2.06,,6000,1.01,1.012
Kepler-745 b,Kepler-745,Transit,2016,9.93143556,1.92,,5880,0.917,1.01
Kepler-1804 b,Kepler-1804,Transit,2021,12.28850922,3.14,,5109,1.671,0.929
Kepler-730 c,Kepler-730,Transit,2018,2.85188338,1.23,,6123,1.107,1.159
Kepler-396 c,Kepler-396,Transit,2013,88.5112563,5.142,,5656,0.897,1.005
Kepler-1122 b,Kepler-1122,Transit,2016,42.1917357,2.01,,5674,0.857,0.951
Kepler-305 d,Kepler-305,Transit,2014,16.738661,2.71,,5100,0.794,
Kepler-1132 b,Kepler-1132,Transit,2016,62.89270326,,,5179,0.803719,0.88
Kepler-51 b,Kepler-51,Transit,2012,45.15530074,7.88,,6046,0.972,1.053
Kepler-216 b,Kepler-216,Transit,2014,7.69364042,1.91,,6277,1.031,1.085
Kepler-920 c,Kepler-920,Transit,2016,100.8274113,4.05,,5638,0.903,1.005
Kepler-1128 b,Kepler-1128,Transit,2016,61.6178167,3.65,,5543,0.91,0.94
Kepler-1144 b,Kepler-1144,Transit,2016,17.14624,1.82,,5710,0.91,1.05
Kepler-778 b,Kepler-778,Transit,2016,3.75574426,1.72,,5311,0.788,0.884
Kepler-120 c,Kepler-120,Transit,2014,12.79455062,1.64,,4096,0.57,0.59
Kepler-524 c,Kepler-524,Transit,2016,1.88899036,0.83,,5973,1.081,1.036
EPIC 212624936 c,EPIC 212624936,Transit,2021,11.811437,2.3,,5765,0.93,
Kepler-1025 b,Kepler-1025,Transit,2016,37.3229493,2.261,,6031,1.278,0.965
Kepler-564 b,Kepler-564,Transit,2016,3.750832285,4.74,,5776,0.95,1.068
Kepler-716 b,Kepler-716,Transit,2016,,2.671,,5064,0.741,
Kepler-310 c,Kepler-310,Transit,2014,56.476167,3.273,,5451,0.839,0.854
Kepler-1410 b,Kepler-1410,Transit,2016,60.866168,1.56,,3903,0.523,0.541
Kepler-916 b,Kepler-916,Transit,2016,32.2964275,,,5175,0.902819,0.88
Kepler-1315 b,Kepler-1315,Transit,2016,0.8433802,1.3,,4703,0.65,0.67
HD 190360 b,HD 190360,Radial Velocity,2003,2915.03687,,,5552,1.14,0.99
Kepler-136 b,Kepler-136,Transit,2014,,2.302,,6248,1.458,
Kepler-24 b,Kepler-24,Transit,2011,8.14511872,3.11,,6038,1.088,0.965
Kepler-1959 b,Kepler-1959,Transit,2021,6.3867289,1.2,,5071,0.811,0.768
Kepler-232 c,Kepler-232,Transit,2014,11.37938071,3.79,,5654,0.95,0.97
Kepler-714 b,Kepler-714,Transit,2016,,13.16,,6217,1.581,
Kepler-969 c,Kepler-969,Transit,2016,1.682934604,0.99,,5214,0.82,0.92
K2-261 b,K2-261,Transit,2018,11.633478,9.50521563,67.69745069,5503,1.641,1.266
Kepler-149 b,Kepler-149,Transit,2014,29.19895464,,,5380.49,1.00315,0.93
Kepler-634 b,Kepler-634,Transit,2016,5.16950177,1.61,,6458,1.089,1.028
TOI-1420 b,TOI-1420,Transit,2023,6.956113367,12.09082297,,5387,0.940037,
K2-183 c,K2-183,Transit,2018,10.793471,2.51134498,,5482,0.873283,0.942219
Kepler-1154 b,Kepler-1154,Transit,2016,5.18560081,,,6388,1.37338,1.28
Kepler-298 b,Kepler-298,Transit,2014,10.47548084,,,4549,0.692471,0.72
Kepler-713 b,Kepler-713,Transit,2016,7.41113177,2.45,,5849,0.919,1.014
KOI-94 d,KOI-94,Transit,2013,22.34296959,9.77,,6098,1.297,1.081
Kepler-356 b,Kepler-356,Transit,2014,4.61268045,1.665,,6140,1.417,1.163
Kepler-805 b,Kepler-805,Transit,2016,30.86390273,,,6099.13,1.66924,1.15
Kepler-501 b,Kepler-501,Transit,2016,5.640676975,,,6115,1.14298,1.15
Kepler-1894 b,Kepler-1894,Transit,2021,2.76263462,1.26,,5772,0.901,0.999
Kepler-431 b,Kepler-431,Transit,2015,6.803,0.764,,6004,1.092,1.071
Kepler-126 d,Kepler-126,Transit,2014,100.2830675,2.51,,6214,1.297,1.059
K2-401 b,K2-401,Transit,2022,6.293099,2.262,,4213,0.675,0.87
HD 18015 b,HD 18015,Radial Velocity,2018,2240,,1048.833743,5643,,1.5
Kepler-1017 b,Kepler-1017,Transit,2016,7.23400469,1.99,,5473,0.87,0.93
Kepler-616 d,Kepler-616,Transit,2021,51.0672495,2.62,,6004,0.977,1.061
K2-115 b,K2-115,Transit,2017,20.27362337,,,5742,0.85554,1.026
Kepler-229 c,Kepler-229,Transit,2014,16.06863063,,,4881,0.752766,0.8
K2-350 c,K2-350,Transit,2016,19.991944,2.74,,5789,1.04,0.98
Kepler-1065 b,Kepler-1065,Transit,2016,3.609313059,3.26,,5668,0.868,0.963
Kepler-1669 b,Kepler-1669,Transit,2020,9.51221128,2.4,,4056,0.56,0.57
TOI-519 b,TOI-519,Transit,2021,1.2652328,11.99363,4449.62,3350,0.373,0.369
Kepler-1679 b,Kepler-1679,Transit,2020,9.75374033,1.87,,5806,0.899,0.996
Kepler-1261 b,Kepler-1261,Transit,2016,48.4313003,2.78,,4891,0.805,0.776
KMT-2017-BLG-1038L b,KMT-2017-BLG-1038L,Microlensing,2019,,,760,,,0.43
HD 60532 b,HD 60532,Radial Velocity,2008,201.9,,,6245,2.57,1.5
Kepler-59 b,Kepler-59,Transit,2012,11.8691507,1.353,,5884,1.338,0.93
Kepler-27 b,Kepler-27,Transit,2011,15.33525912,4.94,,5325,0.863,0.981
Kepler-872 b,Kepler-872,Transit,2016,,1.648,,5744,0.861,
Kepler-314 b,Kepler-314,Transit,2014,2.46106655,0.78,,5440,0.876,0.99
Kepler-318 b,Kepler-318,Transit,2014,4.662719058,3.893,,5873,0.972,1.073
KELT-11 b,KELT-11,Transit,2017,4.7362006,,,5370,2.72,1.438
LHS 1140 b,LHS 1140,Transit,2017,24.73721,,,3131,0.186,0.146
LHS 1140 c,LHS 1140,Transit,2018,3.7779329,,,3216,0.2139,0.179
LTT 1445 A b,LTT 1445 A,Transit,2019,5.358777,,,3337,0.276,0.256
MASCARA-4 b,MASCARA-4,Transit,2020,2.8240759,,,7800,1.92,1.75
WASP-127 b,WASP-127,Transit,2016,4.17806513,,,5620,1.39,1.08
Kepler-10 b,Kepler-10,Transit,2011,0.837491331,1.489,,,,0.871
Kepler-10 c,Kepler-10,Transit,2011,45.29431717,2.34,,,,0.871
Kepler-96 b,Kepler-96,Transit,2014,16.23846777,2.373,,,,1.013
Kepler-314 b,Kepler-314,Transit,2014,2.46106655,0.78,,,,0.99
LHS 1140 b,LHS 1140,Transit,2017,24.73723,1.73,5.6,3096,0.2159,0.1844
LHS 1140 c,LHS 1140,Transit,2018,3.77794,1.272,1.91,3096,0.2159,0.1844
LTT 1445 A b,LTT 1445 A,Transit,2019,5.3587635,1.34,2.73,,0.271,0.257
LTT 1445 A c,LTT 1445 A,Transit,2022,3.1238994,1.07,1.37,,0.271,0.257
Kepler-10 b,Kepler-10,Transit,2011,0.837491331,1.489,,5599,1.083,0.871
Kepler-96 b,Kepler-96,Transit,2014,16.23846777,2.373,,5751,0.943,1.013
LTT 1445 A b,LTT 1445 A,Transit,2019,5.358765,1.43,2.32,,0.276,0.249
LTT 1445 A c,LTT 1445 A,Transit,2022,3.123898,1.6,1,,0.276,0.249
TOI-2969 b,TOI-2969,Transit,2025,1.8237146,12.32987877,368.6809521,4738,0.7,0.71
TOI-2989 b,TOI-2989,Transit,2025,3.122832,12.55405838,953.485221,4672,0.76,0.77
TOI-5300 b,TOI-5300,Transit,2025,2.262196,9.86390302,190.6970442,4610,0.65,0.67
MASCARA-4 b,MASCARA-4,Transit,2020,2.8240932,16.98160576,532.3625817,7800,1.79,1.75
TOI-1468 b,TOI-1468,Transit,2022,1.8805201,1.401,3.04,3376,0.3714,0.3527
TOI-1468 c,TOI-1468,Transit,2022,15.532477,2.126,4.1,3376,0.3714,0.3527
WASP-127 b,WASP-127,Transit,2016,4.178062,,,5620,1.39,1.08
Kepler-10 b,Kepler-10,Transit,2011,0.8374907,1.47,3.24,5708,1.065,0.91
Kepler-10 c,Kepler-10,Transit,2011,45.294301,2.355,11.29,5708,1.065,0.91
Kepler-10 d,Kepler-10,Radial Velocity,2023,151.06,,,5708,1.065,0.91
TOI-178 f,TOI-178,Transit,2021,15.23218428,2.61967665,,4111,0.660806,
Kepler-40 b,Kepler-40,Transit,2010,6.873376807,14.61618085,,6014,2.36468,
Kepler-96 b,Kepler-96,Transit,2014,16.23852463,2.51211244,,5740,0.952085,
Kepler-314 c,Kepler-314,Transit,2014,5.960554232,2.96467298,,5219.54,0.943064,
Kepler-701 b,Kepler-701,Transit,2016,10.35533177,2.84,,5343,0.84,0.88
Kepler-1280 b,Kepler-1280,Transit,2016,66.5576728,4.96,,5734,3.405,1.648
Kepler-387 c,Kepler-387,Transit,2014,11.8376933,,,5835.36,1.14606,1.05
HD 30856 b,HD 30856,Radial Velocity,2011,912,,,4982,4.2,1.35
NGTS-26 b,NGTS-26,Transit,2024,4.5199279,14.88552637,92.80589484,5550,1.16,0.96
Kepler-938 b,Kepler-938,Transit,2016,52.6298417,2.08,,5614,0.827,0.908
Kepler-1009 b,Kepler-1009,Transit,2016,11.35010642,,,3940,0.688629,0.655379
Kepler-999 b,Kepler-999,Transit,2016,5.99185827,,,6106.64,1.65996,1.15
Kepler-57 c,Kepler-57,Transit,2012,11.60914938,,,5170.32,0.840262,0.88
Kepler-112 b,Kepler-112,Transit,2014,8.408876951,2.43,,5630,0.86,0.89
WASP-35 b,WASP-35,Transit,2011,3.1615699,,,5990,1.09,1.07
K2-36 b,K2-36,Transit,2016,1.422614,1.43,3.9,4916,0.718,0.79
Kepler-1551 b,Kepler-1551,Transit,2016,24.4973698,2.56,,6362,1.144,1.221
Kepler-597 b,Kepler-597,Transit,2016,,2.309,,5695,0.95,
K2-111 b,K2-111,Transit,2017,5.3518,1.82,5.29,5775,1.25,0.84
Kepler-511 c,Kepler-511,Transit,2021,26.62949944,4.20964327,,5866,1.417,0.958
Kepler-1406 b,Kepler-1406,Transit,2016,11.629096,1.36,,6071,1.12,1.034
K2-62 c,K2-62,Transit,2016,16.1966,2.14,,4880,0.73,0.77
Kepler-401 d,Kepler-401,Transit,2016,184.256405,2.36,,6347,1.373,1.051
TOI-470 b,TOI-470,Transit,2023,12.19148,4.34,,5190,0.831,0.87
Kepler-256 e,Kepler-256,Transit,2014,10.68167916,1.8,,5936,0.965,1.075
Kepler-51 d,Kepler-51,Transit,2014,130.1845,9.46,5.7,5670,0.881,0.985
Kepler-416 c,Kepler-416,Transit Timing Variations,2014,12.20945351,2.45,,5758,1.02,1.01
Kepler-466 c,Kepler-466,Transit,2016,3.709213846,1.24,,5803,1.073,0.943
Kepler-221 b,Kepler-221,Transit,2014,2.795894073,1.49,,5280,0.751,0.72
Kepler-1380 b,Kepler-1380,Transit,2016,10.3108232,,,5324,2.02521,0.92
Kepler-1700 b,Kepler-1700,Transit,2020,234.2423166,,,6031,1.0937,1.12
Kepler-1115 b,Kepler-1115,Transit,2016,23.5540725,1.7,,8480,1.73,1.6
Kepler-53 d,Kepler-53,Transit,2014,9.75193182,2.44,,6079,0.945,1.019
Kepler-1073 d,Kepler-1073,Transit,2021,2.50475882,1.16,,5741,0.833,0.91
WASP-4 b,WASP-4,Transit,2007,1.338231624,14.90797,371.8611,5436,0.92,0.89
Kepler-1201 b,Kepler-1201,Transit,2016,15.18727049,1.94,,6136,1.005,0.956
Kepler-1642 b,Kepler-1642,Transit,2016,12.2057513,5.83,,5254,1.514,0.937
Kepler-312 c,Kepler-312,Transit,2014,19.74733983,,,6158.44,1.7477,1.17
Kepler-1265 b,Kepler-1265,Transit,2016,6.49441289,1.47,,4769,0.742,0.724
Kepler-446 b,Kepler-446,Transit,2015,,8.488,,3359,0.288,0.27
Kepler-1748 b,Kepler-1748,Transit,2021,5.82349237,2.71,,5774,0.864,0.916
WASP-47 c,WASP-47,Radial Velocity,2015,588.8,,,5552,1.137,1.04
Kepler-85 e,Kepler-85,Transit,2014,25.2149143,1.19,,5435,0.873,0.87
Kepler-520 c,Kepler-520,Transit,2016,5.21104597,,,5919.59,,
TOI-4600 b,TOI-4600,Transit,2023,82.6869,6.8,959.8417891,5170,0.81,0.89
LP 791-18 d,LP 791-18,Transit,2023,2.753436,1.032,0.9,2960,0.182,0.139
Kepler-100 b,Kepler-100,Transit,2014,6.887037,1.305,,5859,1.5582,1.059
Kepler-1142 b,Kepler-1142,Transit,2016,,2.633,,5530,1.782,
TOI-5319 b,TOI-5319,Transit,2024,4.07853,2.83,,3580,0.485,0.5
Kepler-597 b,Kepler-597,Transit,2016,13.02363236,,,5652.97,1.00322,1
Kepler-720 b,Kepler-720,Transit,2016,4.708035279,11.54036047,,5490,1.14715,
Kepler-559 b,Kepler-559,Transit,2016,17.58751692,4.03,,5433,1.107,0.896
Kepler-1386 b,Kepler-1386,Transit,2016,6.73972381,1.24,,5733,1.03,1.02
K2-250 b,K2-250,Transit,2018,4.01392,2.71257333,,5003,0.797,0.809
Kepler-1090 c,Kepler-1090,Transit,2021,42.42548,2.8,,5379,0.9,0.811
Kepler-665 b,Kepler-665,Transit,2016,,2.604,,5013,0.694,
Kepler-625 c,Kepler-625,Transit,2016,4.16536757,1,,5604,0.912,1.004
Kepler-927 b,Kepler-927,Transit,2016,9.11501356,,,5554,0.978421,0.98
HD 45652 b,HD 45652,Radial Velocity,2008,43.6,,,5312,,0.83
Kepler-1693 b,Kepler-1693,Transit,2020,12.0999065,,,5432.34,0.878295,0.95
HD 191939 g,HD 191939,Radial Velocity,2022,288.6,,,5348,0.94,0.81
Kepler-25 d,Kepler-25,Radial Velocity,2014,123,,89.9,6270,1.31,1.19
Kepler-747 b,Kepler-747,Transit,2016,35.61760587,5.26,,5123,0.779,0.737
Kepler-774 b,Kepler-774,Transit,2016,11.08956602,3.51,,6353,2.867,1.497
Kepler-1375 b,Kepler-1375,Transit,2016,3.3004192,1.21,,6277,1.207,1.073
L 98-59 d,L 98-59,Transit,2019,7.4512,1.57,2.31,3412,0.314,0.312
Kepler-1523 b,Kepler-1523,Transit,2016,0.938750221,1.46,,5497,0.886,0.964
Kepler-1751 b,Kepler-1751,Transit,2021,7.01734994,1.56,,6052,0.967,0.974
HD 190228 b,HD 190228,Radial Velocity,2022,1146.6,,1938.753283,5360,,1.22
WASP-20 b,WASP-20,Transit,2015,4.8996284,16.387558,98.84513,5940,1.392,1.2
Kepler-1847 b,Kepler-1847,Transit,2021,11.12968583,2.13,,6122,0.964,1.041
Kepler-245 d,Kepler-245,Transit,2014,,3.058,,5105,0.794,
Kepler-334 b,Kepler-334,Transit,2014,5.47033089,,,5907.82,1.01761,1.07
Kepler-162 b,Kepler-162,Transit,2014,6.91986988,1.39,,5815,0.954,0.875
HD 30562 b,HD 30562,Radial Velocity,2009,1153,,467.2077583,5861,,1.219
Kepler-1504 b,Kepler-1504,Transit,2016,82.303914,4.47,,5602,1.425,0.997
K2-229 b,K2-229,Transit,2018,0.584216,1,,5315,0.79,
Kepler-1052 c,Kepler-1052,Transit,2023,180.92477,2.24,,5835,0.847,0.935
K2-376 b,K2-376,Transit,2022,5.776475,1.736,,5937,1.149,0.908
Kepler-577 b,Kepler-577,Transit,2016,25.69578251,1.68,,3789,0.48,0.5
WASP-101 b,WASP-101,Transit,2014,3.585707,,,6400,1.29,1.34
Kepler-487 b,Kepler-487,Transit,2016,15.3587684,11.31,,5700,0.87,0.903
Kepler-1133 b,Kepler-1133,Transit,2016,11.55558875,,,5368.26,0.908082,0.93
Kepler-1246 b,Kepler-1246,Transit,2016,11.32269749,1.51,,4563,0.642,0.634
Kepler-107 d,Kepler-107,Transit,2014,7.958203,1.07,,5851,1.411,
Kepler-58 c,Kepler-58,Transit,2012,15.57387465,,,5707,1.01795,1.02
Kepler-33 e,Kepler-33,Transit,2011,31.785,3.74,12.8,,1.694,1.1
Kepler-31 b,Kepler-31,Transit,2011,,5.509,,6088,1.259,
Kepler-626 b,Kepler-626,Transit,2016,14.48585199,2.17,,5741,1.008,0.813
HD 196067 b,HD 196067,Radial Velocity,2012,3609,,3972.855088,,,1.26
K2-183 d,K2-183,Transit,2018,22.634594,17.4,,,0.92,
Kepler-105 c,Kepler-105,Transit,2014,7.125944,,6.71,,1.023,0.991
Kepler-245 b,Kepler-245,Transit,2014,7.49017229,2.98,,5257,0.874,0.804
Kepler-247 d,Kepler-247,Transit,2014,20.47748843,,,4929,0.843936,0.81
Kepler-376 c,Kepler-376,Transit,2014,14.17222858,,,5939.36,1.42392,1.08
K2-16 b,K2-16,Transit,2015,7.62067,2.13,,4761,0.64,0.67
Kepler-1604 b,Kepler-1604,Transit,2016,0.341842017,1.72,,5016,0.747,0.817
Kepler-1294 b,Kepler-1294,Transit,2016,115.6862258,3.02,,6032,0.929,1.014
OGLE-2012-BLG-0950L b,OGLE-2012-BLG-0950L,Microlensing,2016,,,30,,,0.47
Kepler-1542 b,Kepler-1542,Transit,2016,3.95116882,0.935,,5545,1.174,0.923
K2-121 b,K2-121,Transit,2017,5.185758,7.44,,,0.637,
K2-141 b,K2-141,Transit,2018,0.28,1.493,5.16,4599,0.6862,0.706
Kepler-1033 b,Kepler-1033,Transit,2016,7.56052209,,,5465,0.965108,0.96
SPECULOOS-3 b,SPECULOOS-3,Transit,2024,0.71912603,0.977,,2800,0.123,0.1009
Kepler-666 b,Kepler-666,Transit,2016,4.498722121,,,5783,1.2279,1.04
Kepler-214 b,Kepler-214,Transit,2014,15.66073726,,,6036.57,1.64616,1.12
Kepler-183 b,Kepler-183,Transit,2014,5.688083573,,,5670.06,1.06777,1.01